n,p,k,temperature,humidity,ph,rainfall,label,npk_total,n_to_p_ratio,n_to_k_ratio,p_to_k_ratio,npk_balance,moisture_index,heat_stress,gdd_proxy,is_low_rainfall,is_high_rainfall,is_very_high_rainfall,is_cool,is_hot,is_very_hot,temperature_squared,rainfall_squared,ph_deviation,is_acidic,is_alkaline,is_very_acidic,is_very_alkaline,is_extreme_acidic,ph_deviation_squared,ph_n_interaction,ph_p_interaction
90,42,43,20.87974371,82.00274423,6.502985292000001,202.9355362,rice,175,2.1428570918367362,2.0930232071389954,0.9767441633315311,27.42869543622761,16.64127087018651,0.15832972560918696,42.37241985507428,1,0,0,0,0,0,435.96369739528456,41182.83185278151,0.002985292000000861,0,0,0,0,0,8.91196832526914e-06,585.26867628,273.12538226400005
85,58,41,21.77046169,80.31964408,7.038096361,226.6555374,rice,184,1.4655172161117722,2.073170681142179,1.4146341118381924,22.188585654190156,18.20489209272913,0.34843316201924723,49.34395693793063,1,0,0,0,0,0,473.95300219575773,51372.73263408279,0.538096361,0,0,0,0,0,0.28954769372144235,598.238190685,408.209588938
60,55,44,23.00445915,82.3207629,7.840207144,263.9642476,rice,159,1.0909090710743805,1.3636363326446288,1.2499999715909098,8.18535277187245,21.729738240756497,0.5311654567011442,60.72354750974686,1,0,0,0,0,0,529.2051407840187,69677.12401103412,1.3402071439999999,0,1,0,0,0,1.7961551888286362,470.41242864,431.21139292
74,35,40,26.49109635,80.15836264,6.980400905,242.8640342,rice,149,2.1142856538775527,1.8499999537500014,0.8749999781250006,21.221058723196006,19.467583325616964,1.2879397984551957,64.33734529941894,1,0,0,0,0,0,701.7781858249833,58982.93910789877,0.48040090499999977,0,0,0,0,0,0.2307850295248188,516.54966697,244.314031675
78,42,42,20.13017482,81.60487287,7.628472891,262.7173405,rice,162,1.8571428129251712,1.8571428129251712,0.9999999761904769,20.784609690826528,21.439015172247,0.02394582363024878,52.88545992510466,1,0,0,0,0,0,405.22393828376204,69020.40099939292,1.1284728910000004,0,1,0,0,0,1.2734510657218987,595.020885498,320.395861422
69,37,42,23.05804872,83.37011772,7.073453503,251.0549998,rice,148,1.8648648144631133,1.6428571037414976,0.8809523599773248,17.21433511156714,20.930484887520574,0.5085499022010467,57.88838416787989,1,0,0,0,0,0,531.6736107738935,63028.612924577996,0.5734535029999996,0,0,0,0,0,0.3288489201029706,488.06829170699996,261.71777961099997
69,55,38,22.70883798,82.63941394,5.70080568,271.3248604,rice,162,1.2545454317355376,1.8157894259002785,1.44736838296399,15.524174696260024,22.42212745080831,0.47027014874386536,61.614722947697175,1,0,0,0,0,0,515.6913224018904,73617.17987107948,0.7991943199999998,1,0,0,0,0,0.6387115611202621,393.35559192,313.5443124
94,53,40,20.27774362,82.89408619,5.718627177999999,241.9741949,rice,187,1.773584872196512,2.3499999412500014,1.324999966875001,28.18391976523729,20.058229767796455,0.04751058424997376,49.06690686838111,1,0,0,0,0,0,411.18688631845066,58551.51099750318,0.7813728220000007,1,0,0,0,0,0.6105434869602447,537.5509547319999,303.08724043399997
89,54,38,24.51588066,83.53521629999999,6.685346424,230.4462359,rice,181,1.6481481176268868,2.3421052015235473,1.4210525941828265,26.08320021265284,19.250376161427326,0.743529982819133,56.49592417870608,1,0,0,0,0,0,601.028404535362,53105.46764047845,0.18534642399999957,0,0,0,0,0,0.03435329688958762,594.995831736,361.008706896
68,58,38,23.22397386,83.03322691,6.336253525,221.2091958,rice,164,1.1724137728894177,1.789473637119115,1.5263157493074804,15.275252316519467,18.36771334944002,0.5470043293071146,51.37356580850822,1,0,0,0,0,0,539.3529618499633,48933.50830648274,0.16374647499999995,0,0,0,0,0,0.026812908074925607,430.8652397,367.50270445
91,53,40,26.52723513,81.41753846,5.386167788,264.6148697,rice,184,1.716981099679602,2.2749999431250014,1.324999966875001,26.501572280401277,21.54429133088764,1.212920957657619,70.19500867426213,1,0,0,0,0,0,703.6942036423062,70021.02926634798,1.1138322120000002,1,0,1,0,0,1.2406221964888133,490.141268708,285.46689276399997
90,46,42,23.97898217,81.45061596,7.50283396,250.0832336,rice,178,1.9565216965973544,2.1428570918367362,1.0952380691609984,26.633312473917574,20.369433417988567,0.7380766835964256,59.96741399510344,1,0,0,0,0,0,574.9915859091778,62541.62372783217,1.0028339600000002,0,1,0,0,0,1.0056759513292821,675.2550564000001,345.13036216
78,58,44,26.80079604,80.88684822,5.108681786,284.4364567,rice,180,1.3448275630202144,1.7727272324380174,1.3181817882231412,17.08800749063506,23.007168501327506,1.2998464693734295,76.23123462356992,1,0,0,0,0,0,718.2826683776798,80904.09790005098,1.391318214,1,0,1,0,0,1.9357663726081498,398.477179308,296.303543588
93,56,36,24.01497622,82.05687182,6.98435366,185.2773389,rice,185,1.660714256058674,2.5833332615740763,1.5555555123456803,28.919428302325294,15.203278849267999,0.7204123295511191,44.49430887788381,1,0,0,0,0,0,576.7190828471655,34327.69230986545,0.48435366,0,0,0,0,0,0.23459846795539563,649.54489038,391.12380496000003
94,50,37,25.66585205,80.66385045,6.94801983,209.5869708,rice,181,1.8799999624000008,2.540540471877285,1.351351314828343,29.871948937646057,16.906092068879715,1.0955576256697412,53.7922818416047,1,0,0,0,0,0,658.7359614524893,43926.698329120045,0.4480198299999998,0,0,0,0,0,0.2007217680732287,653.1138640199999,347.4009915
60,48,39,24.28209415,80.30025587,7.042299068999999,231.0863347,rice,147,1.2499999739583338,1.538461499013808,1.2307691992110463,10.535653752852738,18.55629180447046,0.843561590955698,56.11260135963812,1,0,0,0,0,0,589.6200963094642,53400.89408508043,0.5422990689999994,0,0,0,0,0,0.29408828023826605,422.53794414,338.030355312
85,38,41,21.58711777,82.7883708,6.2490506560000005,276.65524589999995,rice,164,2.236842046398894,2.073170681142179,0.9268292456870916,26.312227829154512,22.903837081334377,0.2731688255397087,59.72189374931609,1,0,0,0,0,0,466.0036536158497,76538.12508398943,0.25094934399999946,0,0,0,0,0,0.06297557325403007,531.16930576,237.463924928
91,35,39,23.79391957,80.41817957,6.970859754,206.2611855,rice,165,2.599999925714288,2.3333332735042753,0.8974358744247213,31.240998703626616,16.58714905386008,0.7429185174560279,49.07762058199851,1,0,0,0,0,0,566.150608503629,42543.676643865416,0.47085975400000013,0,0,0,0,0,0.22170890793694065,634.348237614,243.98009139
77,38,36,21.8652524,80.1923008,5.953933276,224.55501690000003,rice,151,2.026315736149586,2.1388888294753103,1.0555555262345688,23.115651263447745,18.007583461393885,0.3694635847127807,49.09952122204766,1,0,0,0,0,0,478.08926251570574,50424.9556149593,0.5460667240000001,1,0,0,0,0,0.2981888670600923,458.452862252,226.249464488
88,35,40,23.57943626,83.58760316,5.85393208,291.2986618000001,rice,163,2.5142856424489817,2.1999999450000014,0.8749999781250006,29.26317367158479,24.348956943577463,0.5874712836260544,68.686582285364,1,0,0,0,0,0,555.9898143394029,84854.91036647084,0.6460679200000001,1,0,0,0,0,0.41740375725312656,515.14602304,204.8876228
89,45,36,21.32504158,80.47476396,6.442475375,185.4974732,rice,170,1.9777777338271616,2.4722221535493847,1.249999965277779,28.36077102854105,14.927865370946426,0.2587174961231455,39.557413289749356,1,0,0,0,0,0,454.7573983887289,34409.31256358472,0.05752462500000011,0,0,0,0,0,0.0033090824813906375,573.380308375,289.911391875
76,40,43,25.15745531,83.11713476,5.070175667,231.3843163,rice,159,1.8999999525000013,1.7674418193618182,0.9302325365062202,19.974984355438178,19.232001399257562,0.8707262298005242,58.210405967521545,1,0,0,0,0,0,632.8975576746471,53538.70182961844,1.429824333,1,0,1,0,0,2.0443976232388947,385.333350692,202.80702668
67,59,41,21.94766735,80.97384195,6.012632591,213.3560921,rice,167,1.1355932010916407,1.634146301606188,1.4390243551457476,13.316656236958785,17.276262480775042,0.37056626829924677,46.82668536506763,1,0,0,0,0,0,481.700102106256,45520.82203618369,0.487367409,0,0,0,0,0,0.23752699135537325,402.846383597,354.745322869
83,41,43,21.0525355,82.67839517,6.254028451,233.1075816,rice,167,2.0243901945270686,1.9302325132504068,0.9534883499188757,23.692474191889147,19.27296074864782,0.18231604000546484,49.075056369531474,1,0,0,0,0,0,443.2092509787603,54339.14459940066,0.24597154900000007,0,0,0,0,0,0.060502002917459434,519.084361433,256.415166491
98,47,37,23.48381344,81.33265073,7.375482851,224.0581164,rice,182,2.085106338614759,2.648648577063552,1.2702702359386424,32.715949219506584,18.223240524382884,0.6503356227600017,52.617390052554036,1,0,0,0,0,0,551.4894936847246,50202.03952471595,0.8754828510000001,0,0,0,0,0,0.7664702223950884,722.797319398,346.64769399700003
66,53,41,25.0756354,80.52389148,7.778915154,257.0038865,rice,160,1.245282995372019,1.6097560582986328,1.2926828953004172,12.503332889007368,20.69495306646424,0.9885362585835358,64.44535754256982,1,0,0,0,0,0,628.7874907137332,66050.99767610489,1.2789151539999999,0,1,0,0,0,1.6356239711308433,513.408400164,412.282503162
97,59,43,26.35927159,84.04403589,6.2865001760000006,271.35861370000003,rice,199,1.6440677687446141,2.255813901027584,1.3720929913466746,27.73685875028629,22.80607306886345,1.0146830925578258,71.52815396804195,1,0,0,0,0,0,694.811198755381,73635.49722918584,0.21349982399999945,0,0,0,0,0,0.04558217484803074,609.7905170720001,370.903510384
97,50,41,24.52922681,80.54498576,7.070959995,260.2634026,rice,188,1.939999961200001,2.365853600832839,1.219512165377752,30.072135496724094,20.96291205626615,0.8811617208473977,63.84060032717744,1,0,0,0,0,0,601.6829678964228,67737.0387329297,0.5709599949999999,0,0,0,0,0,0.3259953158904,685.883119515,353.54799975
60,49,44,20.77576147,84.49774397,6.244841491,240.0810647,rice,153,1.2244897709287803,1.3636363326446288,1.113636338326447,8.18535277187245,20.286308337065606,0.12026052926149149,49.87866933670837,1,0,0,0,0,0,431.6322646583365,57638.91762748559,0.25515850900000014,0,0,0,0,0,0.06510586471510316,374.69048946,305.997233059
84,51,35,22.30157427,80.64416466,6.043304899,197.9791215,rice,170,1.6470587912341415,2.3999999314285736,1.4571428155102053,24.98666310921355,15.965860873488145,0.4454889259290069,44.15246082041604,1,0,0,0,0,0,497.36021492032603,39195.73254991176,0.4566951010000002,0,0,0,0,0,0.2085704152774004,507.637611516,308.208549849
73,57,41,21.44653958,84.94375962,5.824709117,272.2017204,rice,171,1.2807017319175136,1.7804877614515182,1.3902438685306375,16.0,23.12183750580805,0.21779447635664245,58.37784970302693,1,0,0,0,0,0,459.95405995650657,74093.77658871977,0.6752908829999997,1,0,0,0,0,0.4560177766629193,425.203765541,332.00841966900003
92,35,40,22.17931888,80.33127223,6.3573893660000005,200.0882787,rice,167,2.62857135346939,2.2999999425000017,0.8749999781250006,31.564748269760262,16.073345986281808,0.4286442977474131,44.37821737437612,1,0,0,0,0,0,491.92218598072446,40035.31927312887,0.14261063399999951,0,0,0,0,0,0.020337792929881818,584.879821672,222.50862781
85,37,39,24.52783742,82.73685569,6.364134967999999,224.67572310000003,rice,161,2.297297235208183,2.1794871236028945,0.9487179243918481,27.15388247255507,18.5889628791711,0.7816471079367809,55.1080960841774,1,0,0,0,0,0,601.6148085019523,50479.18055050789,0.13586503200000077,0,0,0,0,0,0.018459306920361233,540.95147228,235.47299381599998
98,53,38,20.26707606,81.63895217,5.01450727,270.4417274,rice,189,1.8490565688857252,2.5789473005540184,1.3947368054016631,31.22498999199199,22.078579247980777,0.04903796311907966,54.81063059013586,1,0,0,0,0,0,410.75437202182513,73138.72791909591,1.4854927299999998,1,0,1,0,0,2.2066886508828523,491.42171246000004,265.76888531000003
88,54,44,25.7354293,83.88266234,6.149410611,233.1321372,rice,186,1.6296295994513037,1.9999999545454556,1.227272699380166,23.065125189341593,19.555744345350153,0.9243985065315746,59.997556344685,1,0,0,0,0,0,662.3123212552985,54350.59339543962,0.3505893889999996,0,0,0,0,0,0.12291291967939302,541.148133768,332.068172994
95,55,42,26.79533926,82.1480873,5.950660556,193.3473987,rice,192,1.7272726958677693,2.261904708049888,1.309523778344672,27.622454633866266,15.883118987635507,1.2130980323640257,51.808091432049835,1,0,0,0,0,0,717.9902060584973,37383.21658405677,0.5493394440000001,1,0,0,0,0,0.30177382473422926,565.31275282,327.28633057999997
99,57,35,26.75754171,81.17734011,5.960370061,272.29990560000005,rice,191,1.7368420747922444,2.8285713477551044,1.6285713820408179,32.516662395352526,22.104582048812098,1.2719490929981903,72.86076081721063,1,0,0,0,0,0,715.9660383623898,74147.23858976894,0.5396299390000001,1,0,0,0,0,0.29120047106514385,590.0766360389999,339.741093477
95,39,36,23.86330467,83.15250801,5.561398642,285.2493645,rice,170,2.435897373438529,2.638888815586422,1.0833333032407417,33.231511150312336,23.719200066433665,0.650869944827546,68.06992491987383,1,0,0,0,0,0,569.4573097732439,81367.19994765386,0.9386013579999997,1,0,0,0,0,0.8809725092394435,528.3328709900001,216.894547038
60,43,44,21.01944696,82.95221726,7.416245107000001,298.40184710000005,rice,147,1.39534880475933,1.3636363326446288,0.977272705061984,9.539392014169456,24.753094851424507,0.1737931028903347,62.7224179788448,1,0,0,0,0,0,441.8171505042532,89043.66235269181,0.9162451070000008,0,0,0,0,0,0.839505096101443,444.9747064200001,318.89853960100004
63,44,41,24.17298839,83.7287574,5.583370042,257.0343554,rice,148,1.4318181492768602,1.5365853283759676,1.0731707055324218,11.930353445448853,21.52116718675198,0.678997064606734,62.13288488915334,1,0,0,0,0,0,584.3333677030748,66066.6598558935,0.9166299579999997,1,0,0,0,0,0.8402104799030812,351.752312646,245.66828184800002
62,42,36,22.78133816,82.06719137,6.430010215,248.7183228,rice,140,1.4761904410430848,1.7222221743827175,1.1666666342592602,13.613718571108091,20.411614194453037,0.4987720495859632,56.66136218294839,1,0,0,0,0,0,518.9893683602722,61860.804096445005,0.06998978499999975,0,0,0,0,0,0.00489857000434619,398.66063333,270.06042903
64,45,43,25.62980105,83.52842314,5.534878156,209.9001977,rice,152,1.4222221906172847,1.4883720584099522,1.0465116035694977,11.590225767142472,17.532632530655256,0.9273170070158372,53.79700307406668,1,0,0,0,0,0,656.8867018625812,44058.092994499086,0.9651218439999996,1,0,0,0,0,0.9314601737659595,354.232201984,249.06951702
83,60,36,25.59704938,80.14509262,6.903985986,200.834898,rice,179,1.3833333102777783,2.3055554915123477,1.6666666203703717,23.501772982763093,16.095931501538253,1.1112889704118645,51.40780801333264,1,0,0,0,0,0,655.2089369621584,40334.65625467041,0.40398598600000035,0,0,0,0,0,0.16320467688439247,573.030836838,414.23915916000004
82,40,40,23.83067496,84.81360127,6.271478837999999,298.5601175,rice,162,2.0499999487500014,2.0499999487500014,0.9999999750000007,24.24871130596428,25.321958760769352,0.5817415734758677,71.14889116161908,1,0,0,0,0,0,567.9010690491709,89138.1437616138,0.22852116200000072,0,0,0,0,0,0.05222192148183057,514.2612647159999,250.85915351999998
85,52,45,26.31355498,82.36698992,7.224285503,265.5355937,rice,182,1.6346153531804741,1.8888888469135814,1.1555555298765439,21.361959960016154,21.871367569689117,1.1132697860297422,69.8718544397189,1,0,0,0,0,0,692.4031756854828,70509.15152161148,0.7242855029999999,0,0,0,0,0,0.5245894898559629,614.064267755,375.662846156
91,35,38,24.8972823,80.52586088,6.13428721,183.6793207,rice,164,2.599999925714288,2.3947367790858745,0.9210526073407209,31.50132272355136,14.790935425221104,0.953703568201136,45.73115900140134,1,0,0,0,0,0,619.8746659258933,33738.092852813454,0.3657127899999999,0,0,0,0,0,0.13374584476958404,558.22013611,214.70005235
76,49,42,24.958779,84.47963372,5.206373153,196.95600080000003,rice,167,1.5510203765097883,1.8095237664399104,1.1666666388888896,17.95364401266031,16.63877080654003,0.7696206638157215,49.15781296691024,1,0,0,0,0,0,622.940649170841,38791.66625112961,1.2936268469999996,1,0,1,0,0,1.6734704192791605,395.68435962800004,255.11228449700002
74,39,38,23.24113501,84.59201843,7.782051312999999,233.0453455,rice,151,1.8974358487836962,1.9473683698060957,1.0263157624653747,20.502032419575706,19.713776161561718,0.4993934849996179,54.16238338217596,1,0,0,0,0,0,540.1503565530477,54310.13305921437,1.2820513129999993,0,1,0,0,0,1.643655569165022,575.8717971619999,303.50000120699997
79,43,39,21.66628296,80.70960551,7.062779015,210.8142087,rice,161,1.8372092595997849,2.0256409737015137,1.102564074293229,22.03028218914441,17.014731620079807,0.3214325563036489,45.67560297682694,1,0,0,0,0,0,469.42781730278637,44442.63058980715,0.5627790150000003,0,0,0,0,0,0.31672021972437053,557.959542185,303.699497645
88,55,45,24.63544858,80.41363018,7.730367824,253.7202781,rice,188,1.5999999709090915,1.9555555120987664,1.2222221950617291,22.50185177565023,20.402568612300154,0.9079161016947382,62.50512864835849,1,0,0,0,0,0,606.905326737824,64373.97951914134,1.230367824,0,1,0,0,0,1.513804982334495,680.272368512,425.17023032
60,36,43,23.43121862,83.06310136,5.286203711000001,219.9048349,rice,139,1.6666666203703717,1.39534880475933,0.8372092828555981,12.342339054382412,18.265977590852767,0.5811420197862065,51.52638262136906,1,0,0,0,0,0,549.0220060182347,48358.136412396256,1.2137962889999994,1,0,1,0,0,1.47330143119017,317.17222266000005,190.30333359600002
76,60,39,20.0454142,80.3477562,6.766240045,208.5810155,rice,175,1.266666645555556,1.9487178987508231,1.538461499013808,18.556220879622373,16.759016581342426,0.008924909303819546,41.810928499541205,1,0,0,0,0,0,401.8186304495616,43506.040027011244,0.266240045,0,0,0,0,0,0.07088376156160202,514.23424342,405.9744027
93,56,42,23.85724032,82.22572988,7.382762603,195.0948311,rice,191,1.660714256058674,2.2142856615646274,1.3333333015873023,26.350205565295564,16.041814883012822,0.6855963136543521,46.54424270742509,1,0,0,0,0,0,569.1679156862336,38061.99312193752,0.8827626029999998,0,0,0,0,0,0.7792698132553352,686.596922079,413.43470576799996
65,60,43,21.97199397,81.89918197,5.658169482000001,227.3637009,rice,168,1.0833333152777782,1.5116278718226077,1.39534880475933,11.532562594670797,18.620901113381752,0.35694704007227274,49.956338651716834,1,0,0,0,0,0,482.76851901771636,51694.25248694466,0.8418305179999992,1,0,0,0,0,0.708678621036147,367.78101633000006,339.49016892000003
95,52,36,26.22916897,83.83625819,5.543360237999999,286.5083725,rice,183,1.8269230417899416,2.638888815586422,1.444444404320989,30.512292604784715,24.019789890506694,1.0068667892194367,75.14876513622202,1,0,0,0,0,0,687.9693048568108,82087.04751259876,0.9566397620000009,1,0,0,0,0,0.9151596342394184,526.61922261,288.25473237599994
75,38,39,23.44676801,84.79352417,6.215109715,283.9338466,rice,152,1.973684158587259,1.9230768737672597,0.9743589493754116,21.07921567168317,24.07575148435817,0.524131944356822,66.57331031417127,1,0,0,0,0,0,549.7509301147593,80618.42924507232,0.28489028500000035,0,0,0,0,0,0.08116247448738143,466.13322862499996,236.17416917
74,54,38,25.65553461,83.47021081,7.120272972,217.3788583,rice,166,1.370370344993142,1.9473683698060957,1.4210525941828265,18.036999011291577,18.144659127938116,0.9348479486004888,55.76970822597936,1,0,0,0,0,0,658.2064561249078,47253.56803581148,0.6202729720000004,0,0,0,0,0,0.3847385597937133,526.900199928,384.49474048800005
91,36,45,24.44345477,82.45432595,5.950647577000001,267.97619480000003,rice,172,2.5277777075617305,2.0222221772839517,0.7999999822222227,29.501412395567325,22.095796512879897,0.7796340905033771,65.5026399703051,1,0,0,0,0,0,597.4824810930357,71811.24097948756,0.5493524229999993,1,0,0,0,0,0.3017880846559702,541.5089295070001,214.223312772
71,46,40,20.2801937,82.1235421,7.236705436,191.9535738,rice,157,1.5434782273156908,1.7749999556250011,1.1499999712500009,16.441816606851365,15.763907399209755,0.05008870881895261,38.92855658071245,1,0,0,0,0,0,411.2862565095198,36846.17449459204,0.7367054360000003,0,0,0,0,0,0.5427348994319505,513.8060859560001,332.888450056
99,55,35,21.7238313,80.2389895,6.501697816,277.9626192,rice,189,1.799999967272728,2.8285713477551044,1.5714285265306136,32.7414110874898,22.3034396833813,0.3406464841952866,60.38413047206941,1,0,0,0,0,0,471.9248463508597,77263.21767252422,0.0016978160000000742,0,0,0,0,0,2.882579169856252e-06,643.668083784,357.59337988
72,40,38,20.41447029,82.20802629,7.592490617,245.1511304,rice,150,1.7999999550000012,1.8947367922437688,1.0526315512465383,19.078784028338912,20.15339057294642,0.07374244503256083,50.04630468110716,1,0,0,0,0,0,416.7505972212927,60099.0767363978,1.0924906170000002,0,1,0,0,0,1.193535748233041,546.659324424,303.69962468
83,58,45,25.75528612,83.51827127,5.875345751,245.6626799,rice,186,1.431034458085613,1.844444403456791,1.2888888602469142,19.313207915827967,20.51732234080338,0.9485706459337425,63.271126098304734,1,0,0,0,0,0,663.3347631230647,60350.15229564987,0.6246542489999998,1,0,0,0,0,0.3901929307937537,487.653697333,340.77005355800003
93,58,38,20.61521424,83.77345559,6.932400225,279.5451717,rice,189,1.6034482482164096,2.447368356648201,1.5263157493074804,27.83882181415011,23.418465026808878,0.09982801187024404,57.62883604353085,1,0,0,0,0,0,424.9870581610988,78145.50302078249,0.4324002250000003,0,0,0,0,0,0.1869699545800509,644.713220925,402.07921305
70,36,42,21.84106875,80.72886384,6.9462098810000015,202.3838319,rice,148,1.9444443904321005,1.666666626984128,0.8571428367346944,18.147543451754935,16.33821680887255,0.3547948656117103,44.20279186416343,1,0,0,0,0,0,477.0322841422266,40959.215414527454,0.4462098810000015,0,0,0,0,0,0.19910325790203548,486.2346916700001,250.06355571600005
76,47,42,20.08369642,83.29114712,5.739175027000001,263.6372176,rice,165,1.6170212421910375,1.8095237664399104,1.1190475924036287,18.35755975068582,21.958646277429054,0.013984711683626723,52.948098432918805,1,0,0,0,0,0,403.35486189072077,69504.58250386974,0.7608249729999992,1,0,0,0,0,0.5788546395404495,436.1773020520001,269.74122626900004
99,41,36,24.45802087,82.74835604,6.738652179,182.5616319,rice,176,2.4146340874479493,2.7499999236111132,1.1388888572530873,35.019042438840806,15.106674915704623,0.769081888154894,44.65096203071458,1,0,0,0,0,0,598.1947848773555,33328.7494419911,0.2386521789999998,0,0,0,0,0,0.056954862541447944,667.126565721,276.284739339
99,54,37,21.14347496,80.33502926,5.5948196260000005,198.6730942,rice,190,1.8333332993827167,2.6756756033601192,1.4594594200146103,32.036437588054845,15.960408835731736,0.2248640163032265,42.00639592443421,1,0,0,0,0,0,447.046533384147,39470.99835900208,0.9051803739999995,1,0,0,0,0,0.819351509474779,553.8871429740001,302.120259804
86,59,35,25.78720567,82.11124033,6.946636369,243.5120414,rice,180,1.4576270939385239,2.457142786938778,1.685714237551022,25.514701644346147,19.995075754644308,1.0352593139149129,62.79495094703354,1,0,0,0,0,0,664.97997626688,59298.11430679531,0.44663636900000014,0,0,0,0,0,0.1994840461135043,597.410727734,409.851545771
69,46,41,23.64124821,80.28597873,5.012139669,263.1103304,rice,156,1.4999999673913051,1.682926788221298,1.121951192147532,14.933184523068078,21.12407039013767,0.7178364466128945,62.202566276015084,1,0,0,0,0,0,558.9086169268282,69227.04596319718,1.4878603310000003,1,0,1,0,0,2.2137283645634303,345.837637161,230.558424774
91,56,37,23.43191632,80.56887849,6.363472207999999,269.5039162,rice,184,1.6249999709821434,2.459459392987584,1.5135134726077442,27.392213005402343,21.713628276896944,0.6668598302607203,63.14993212310692,1,0,0,0,0,0,549.0547024274823,72632.36084713662,0.13652779200000076,0,0,0,0,0,0.018639837988395472,579.075970928,356.354443648
61,52,41,24.97669518,83.891805,6.880431223,204.8001847,rice,154,1.173076900517752,1.4878048417608576,1.2682926519928621,10.016652800877813,17.181057158816383,0.8016557641500007,51.15231786059599,1,0,0,0,0,0,623.8353021146353,41943.11565315411,0.38043122300000043,0,0,0,0,0,0.14472791543327607,419.70630460300004,357.782423596
67,45,38,22.72791041,82.17068809999998,7.300410836,260.8875056,rice,150,1.48888885580247,1.7631578483379515,1.1842104951523555,15.132745950421556,21.4373058518446,0.48636765535146936,59.294278543651735,1,0,0,0,0,0,516.5579116049863,68062.29057819003,0.8004108360000002,0,0,0,0,0,0.6406575063862192,489.12752601200003,328.51848762000003
79,42,37,24.87300744,82.84022551,6.587918707999999,295.6094492000001,rice,158,1.8809523361678016,2.135135077428782,1.135135104455808,22.94195574342635,24.488353434614897,0.836197087584922,73.52696029285904,1,0,0,0,0,0,618.6664991102953,87384.94645632744,0.08791870799999923,0,0,0,0,0,0.007729699216389129,520.445577932,276.69258573599996
78,43,42,21.32376327,83.00320459,7.283736617000001,192.3197536,rice,163,1.8139534461871292,1.8571428129251712,1.0238094994331073,20.502032419575706,15.963155854759188,0.22499733471462605,41.009808979111305,1,0,0,0,0,0,454.7028799950011,36986.88762476472,0.7837366170000006,0,0,0,0,0,0.6142430848266057,568.1314561260001,313.200674531
75,54,36,26.29465461,84.56919326,7.023936392,257.4914906,rice,165,1.3888888631687248,2.0833332754629645,1.4999999583333345,19.519221295943137,21.775847631356875,0.9713159878196,67.70649810341062,1,0,0,0,0,0,691.4088610591941,66301.8677314099,0.5239363920000004,0,0,0,0,0,0.2745093428619781,526.7952294,379.292565168
97,36,45,22.2286982,81.85872947,6.939083505,278.0791793,rice,178,2.694444369598768,2.1555555076543222,0.7999999822222227,32.929217016706204,22.763208309558326,0.4043141697592405,61.81338152363388,1,0,0,0,0,0,494.11502366668327,77328.02996016156,0.43908350500000015,0,0,0,0,0,0.19279432436308516,673.091099985,249.80700618
67,47,44,26.73072391,81.78596776,7.868474653,280.4044392,rice,158,1.4255318845631515,1.5227272381198356,1.0681817939049594,12.503332889007368,22.93314842417208,1.225936222952788,74.95413647393582,1,0,0,0,0,0,714.5316007526455,78626.6495230665,1.3684746529999998,0,1,0,0,0,1.87272287590347,527.1878017509999,369.81830869099997
73,35,38,24.88921174,81.97927117,5.005306977,185.9461429,rice,146,2.085714226122451,1.9210525810249321,0.9210526073407209,21.1266025033211,15.243729271814672,0.8810715895899246,46.28052922874398,1,0,0,0,0,0,619.4728610385539,34575.968059387225,1.494693023,1,0,1,0,0,2.2341072330048783,365.387409321,175.185744195
77,36,37,26.88444878,81.46033732,6.136131869,194.5766559,rice,150,2.1388888294753103,2.081081024835648,0.9729729466764069,23.388031127053,15.850280024211566,1.2763535811893756,52.31086139327235,1,0,0,0,0,0,722.7735862044435,37860.075021227,0.36386813100000026,0,0,0,0,0,0.13240001675743335,472.482153913,220.90074728399998
81,41,38,22.67846116,83.72874389,7.5240800760000015,200.9133156,rice,160,1.9756097079119586,2.13157889127424,1.0789473400277017,24.00694344004112,16.822219545963144,0.43581927515047697,45.564048243614224,1,0,0,0,0,0,514.3126005856286,40366.16038538521,1.0240800760000015,0,1,0,0,0,1.048740002060169,609.4504861560001,308.48728311600007
68,57,43,26.08867875,80.37979919,5.706943251,182.9043504,rice,168,1.1929824352108345,1.5813953120605742,1.3255813645213637,12.529964086141668,14.701814956129395,1.1946109974257977,47.71732839563034,1,0,0,0,0,0,680.6191589207016,33454.00139524598,0.7930567489999998,1,0,0,0,0,0.6289390071344486,388.072141068,325.295765307
72,45,35,25.42977518,82.94682591,5.758506323,195.3574542,rice,152,1.5999999644444454,2.057142798367349,1.285714248979593,19.139836293274122,16.2042807437482,0.9259490141410107,49.67896140043147,1,0,0,0,0,0,646.673465705344,38164.5349115051,0.7414936770000002,1,0,0,0,0,0.5498128730309807,414.612455256,259.132784535
61,53,43,26.40323239,81.05635517,6.349606327,223.3671883,rice,157,1.1509433745105024,1.4186046181719858,1.2325581108707417,9.018499505645789,18.10533014816907,1.2130056016011201,58.976157809857895,1,0,0,0,0,0,697.1306806403451,49892.900809047664,0.15039367299999995,0,0,0,0,0,0.022618256878430915,387.325985947,336.529135331
67,43,39,26.04371967,84.96907151,5.9999690260000005,186.7536773,rice,149,1.5581394986479187,1.7179486738987522,1.102564074293229,15.14375558880073,15.868286561259165,0.9084271817337638,48.63760418942843,1,0,0,0,0,0,678.275334249545,34876.93598507253,0.5000309739999995,1,0,0,0,0,0.2500309749593882,401.997924742,257.998668118
67,58,39,25.2827223,80.54372813,5.453592032,220.1156708,rice,164,1.155172393876338,1.7179486738987522,1.487179449046681,14.29452109492771,17.72893674606778,1.0278208128251167,55.65123378714618,1,0,0,0,0,0,639.2160468989173,48450.90853173398,1.0464079679999996,1,0,1,0,0,1.094969635493888,365.390666144,316.30833785600004
66,60,38,22.08576562,83.47038318,6.372576327000001,231.7364957,rice,164,1.099999981666667,1.736842059556788,1.5789473268698073,14.742229591663987,19.343134092869423,0.34476906474929736,51.18077929630338,1,0,0,0,0,0,487.78104302157396,53701.80343931612,0.12742367299999913,0,0,0,0,0,0.016236792440810707,420.59003758200004,382.35457962000004
82,43,38,23.28617173,81.43321641,5.105588355,242.3170629,rice,163,1.9069766998377513,2.1578946800554033,1.1315789175900286,24.090108620206205,19.732657822971284,0.610136393504859,56.42636739798611,1,0,0,0,0,0,542.2457938390512,58717.558972482555,1.394411645,1,0,1,0,0,1.944383835711606,418.65824511,219.54029926500002
84,50,44,25.48591986,81.40633547,5.9353444060000005,182.6549356,rice,178,1.6799999664000007,1.9090908657024805,1.1363636105371908,21.571586249817916,14.869268962704846,1.0200335351530454,46.55129050735061,1,0,0,0,0,0,649.5321111103424,33362.82549904014,0.5646555939999995,1,0,0,0,0,0.3188359398354923,498.56893010400006,296.7672203
81,53,42,23.67575393,81.03569343,5.17782304,233.7034975,rice,176,1.5283018579565688,1.9285713826530624,1.2619047318594112,20.108041509140897,18.93832497692877,0.6970812440440233,55.3310649939037,1,0,0,0,0,0,560.5413241539104,54617.324743732504,1.3221769600000002,1,0,1,0,0,1.748151913554842,419.40366624,274.42462112
91,50,40,20.82477109,84.1341879,6.462391607000001,230.22422230000004,rice,181,1.8199999636000008,2.2749999431250014,1.249999968750001,27.024680078279065,19.36972797811957,0.13085663139452167,47.94366728770774,1,0,0,0,0,0,433.6710909508997,53003.192533639834,0.037608392999999296,0,0,0,0,0,0.001414391224042396,588.0776362370001,323.11958035000004
93,53,38,26.92995077,81.91411159,7.069172227,290.67937830000005,rice,184,1.7547169480242086,2.447368356648201,1.3947368054016631,28.431203515386635,23.810743030978028,1.2533431631301357,78.27981347473208,1,0,0,0,0,0,725.2222484746237,84494.50096887455,0.5691722270000001,0,0,0,0,0,0.3239570239881397,657.433017111,374.666128031
90,44,38,23.83509503,83.88387074,7.473134377,241.20135130000003,rice,172,2.045454498966943,2.368420990304711,1.157894706371192,28.448784391135824,20.232902974762535,0.6180688722786357,57.49057129599915,1,0,0,0,0,0,568.1117550891307,58178.09186894602,0.973134377,0,0,0,0,0,0.9469905156991782,672.58209393,328.817912588
81,45,35,26.52872817,80.12267476,6.158376967000001,218.9163567,rice,161,1.799999960000001,2.3142856481632674,1.285714248979593,24.193663082165404,17.540164047518246,1.2977365323864007,58.07572518861058,1,0,0,0,0,0,703.7734183177516,47924.37123080163,0.3416230329999994,0,0,0,0,0,0.11670629667611869,498.82853432700006,277.126963515
78,40,38,26.46428311,83.85642678,7.549873681,248.2256491,rice,156,1.9499999512500013,2.0526315249307494,1.0526315512465383,22.538855339169288,20.815315968672124,1.0435662770109426,65.69113852945917,1,0,0,0,0,0,700.3582805262313,61615.97287111633,1.0498736810000002,0,1,0,0,0,1.1022347460564903,588.8901471180001,301.99494724
60,51,36,22.69657794,82.81088865,6.028321557999999,256.9964761,rice,147,1.1764705651672438,1.6666666203703717,1.416666627314816,12.12435565298214,21.282106565759484,0.4635177847461365,58.32940550108998,1,0,0,0,0,0,515.1346501864947,66047.18872781786,0.47167844200000086,0,0,0,0,0,0.22248055264754818,361.69929347999994,307.44439945799996
88,46,42,22.68319059,83.46358271,6.604993475,194.2651719,rice,176,1.913043436672969,2.095238045351475,1.0952380691609984,25.482019804821856,16.21406724254802,0.4437035926484129,44.06553919206813,1,0,0,0,0,0,514.5271353422645,37738.957013336556,0.10499347499999967,0,0,0,0,0,0.011023629792575556,581.2394257999999,303.82969985
93,47,37,21.53346343,82.14004101,6.500343222000001,295.9248796,rice,177,1.9787233621548221,2.5135134455807178,1.2702702359386424,29.866369046136157,24.307281746223314,0.2738759397246475,63.72287572893753,1,0,0,0,0,0,463.69004729114744,87571.5343662745,0.000343222000000587,0,0,0,0,0,1.1780134128440295e-07,604.531919646,305.51613143400004
60,55,45,21.40865769,83.32931909999998,5.935745417000001,287.5766935000001,rice,160,1.0909090710743805,1.3333333037037045,1.2222221950617291,7.637626158259733,23.9635700583844,0.23483282847321124,61.56630990763549,1,0,0,0,0,0,458.33062408759605,82700.354644393,0.5642545829999994,1,0,0,0,0,0.31838323443650324,356.14472502,326.465997935
78,35,44,26.54348085,84.67353597,7.072655622,183.6222657,rice,157,2.2285713648979613,1.7727272324380174,0.7954545273760335,22.678918257565403,15.54794651964185,1.0028842387851882,48.73974093241563,1,0,0,0,0,0,704.5563756343169,33717.136460801405,0.5726556220000001,0,0,0,0,0,0.327934461408207,551.667138516,247.54294677000001
65,37,40,23.35905428,83.59512273,5.333322606,188.413665,rice,142,1.756756709276846,1.624999959375001,0.9249999768750007,15.37313674346694,15.750463449684107,0.5510487320666819,44.01165027828736,1,0,0,0,0,0,545.6454168559862,35499.70915873223,1.1666773939999997,1,0,1,0,0,1.3611361416706305,346.66596939000004,197.33293642200002
71,54,16,22.61359953,63.69070564,5.7499144210000015,87.75953857,maize,141,1.314814790466393,4.437499722656267,3.374999789062513,28.160255680657446,5.589466938164097,0.948979546739276,19.84559060159569,1,0,0,0,0,0,511.37488370321614,7701.7366100193185,0.7500855789999985,1,0,0,0,0,0.562628375823763,408.2439238910001,310.4953787340001
61,44,17,26.10018422,71.57476937,6.931756557999999,102.2662445,maize,122,1.3863636048553727,3.588235083044995,2.588235141868521,22.18858565419016,7.319682864423531,1.7339914333898665,26.691678209375617,1,0,0,0,0,0,681.2196163179369,10458.38476413378,0.4317565579999991,0,0,0,0,0,0.18641372537600662,422.83715003799995,304.997288552
80,43,16,23.55882094,71.59351368,6.657964753,66.71995467,maize,139,1.8604650730124404,4.999999687500019,2.68749983203126,32.129944496269104,4.776715987395625,1.0109359834743956,15.71843465195447,1,0,0,0,0,0,555.0180440829826,4451.552351166856,0.1579647529999999,0,0,0,0,0,0.024952863190350977,532.63718024,286.292484379
73,58,21,19.97215954,57.68272924,6.596060648,60.65171481,maize,152,1.2586206679548162,3.476190310657604,2.7619046303854935,26.764404221527766,3.4985564433269283,0.0,12.113457245599008,1,0,0,1,0,0,398.887156691213,3678.6305093935734,0.09606064799999992,0,0,0,0,0,0.009227648094179888,481.51242730399997,382.571517584
61,38,20,18.47891261,62.69503871,5.970458434,65.43835393,maize,119,1.6052631156509707,3.0499998475000076,1.8999999050000047,20.55075018906447,4.102660132760031,0.0,12.0922962361472,1,0,0,1,0,0,341.47021124801694,4282.178165067947,0.5295415659999998,1,0,0,0,0,0.28041427012173215,364.197964474,226.877420492
68,41,16,21.77689322,57.80840636,6.158830619,102.0861694,maize,125,1.6585365449137428,4.249999734375017,2.5624998398437597,26.006409466386035,5.901438764410997,0.7496995667991119,22.231196102626317,1,0,0,0,0,0,474.23307831528206,10421.585982765497,0.34116938100000027,0,0,0,0,0,0.11639654653192334,418.800482092,252.512055379
93,41,17,25.6217169,66.50415474,6.047906679,105.4654703,maize,151,2.268292627602619,5.470587913494828,2.411764564013849,38.85013942488924,7.0138919565580755,1.8830415937792686,27.022064227519582,1,0,0,0,0,0,656.4723769037456,11122.965425600183,0.45209332100000044,0,0,0,0,0,0.20438837089280942,562.455321147,247.96417383899998
89,60,19,25.19192419,66.69029010000001,5.913664501,78.06639649,maize,168,1.4833333086111116,4.684210279778406,3.1578945706371275,35.17101079013795,5.2062706289797225,1.7294148859169247,19.666427421625624,1,0,0,0,0,0,634.6330443947072,6094.3622609338845,0.5863354989999996,1,0,0,0,0,0.3437893173875785,526.316140589,354.81987006
76,44,17,20.41683147,62.55424820000001,5.855442401,65.27798457,maize,137,1.72727268801653,4.470587972318354,2.588235141868521,29.53528962670475,4.083415248787551,0.15608567768049209,13.327696096669506,1,0,0,0,0,0,416.8470072743824,4261.215269521158,0.6445575989999996,1,0,0,0,0,0.41545449842864435,445.013622476,257.63946564400004
67,60,25,24.92162194,66.78627406,5.750254943,109.2162279,maize,152,1.1166666480555558,2.679999892800004,2.399999904000004,22.501851775650227,7.2941449283288184,1.634654022954512,27.218455414366804,1,0,0,0,0,0,621.0872401202894,11928.18443670474,0.7497450570000002,1,0,0,0,0,0.5621176504959335,385.267081181,345.01529658
70,44,19,23.31689124,73.4541537,5.852607099,94.29712821,maize,133,1.590909054752067,3.6842103324099824,2.3157893518005603,25.501633934580216,6.926515749005946,0.880496850508564,21.98715882716906,1,0,0,0,0,0,543.6774170979887,8891.948388653178,0.6473929009999999,1,0,0,0,0,0.4191175682651957,409.68249693,257.514712356
90,49,21,24.84016732,68.3584573,6.4725232870000005,74.05474936,maize,160,1.8367346563931704,4.285714081632663,2.3333332222222274,34.70350606687073,5.062268421987762,1.5315036093092453,18.39532364943063,1,0,0,0,0,0,617.0339124855959,5484.10590277242,0.027476712999999542,0,0,0,0,0,0.0007549697572843438,582.52709583,317.153641063
62,52,16,22.27526694,58.84015925,6.9670577620000005,63.87020584,maize,130,1.1923076693786987,3.874999757812515,3.2499997968750125,24.193663082165404,3.75813308295588,0.9364962491413987,14.22725884598747,1,0,0,0,0,0,496.18751724825705,4079.4031940439695,0.4670577620000005,0,0,0,0,0,0.2181429530444491,431.95758124400004,362.287003624
92,44,16,18.87751445,65.76816093,6.082973754,94.76189431,maize,152,2.090909043388431,5.749999640625022,2.7499998281250106,38.4360941477322,6.232315515011731,0.0,17.888690291463977,1,0,0,1,0,0,356.3605518099588,8979.816613219611,0.4170262459999998,0,0,0,0,0,0.17391088985285236,559.633585368,267.650845176
66,54,21,25.19008683,60.200168700000006,5.919045532,72.12375573,maize,141,1.2222221995884779,3.142856993197286,2.5714284489795975,23.302360395462088,4.341862262223592,2.065645802663517,18.168036693444098,1,0,0,0,0,0,634.5404745029393,5201.836140600708,0.5809544679999998,1,0,0,0,0,0.3375080938891628,390.65700511200004,319.628458728
63,58,22,18.25405352,55.28220433,6.204747652999999,63.72358154,maize,143,1.0862068778240195,2.8636362334710803,2.636363516528931,22.368132093076824,3.522780055333696,0.0,11.63213667917244,1,0,0,1,0,0,333.21046991102435,4060.6948442850285,0.2952523470000008,0,0,0,0,0,0.08717394840900888,390.8991021389999,359.87536387399996
70,47,17,24.612911800000006,70.4162444,6.600827017,104.1626147,maize,134,1.4893616704391135,4.11764681660901,2.764705719723193,26.57693235370353,7.334740134058233,1.3646725529555628,25.63745248468484,1,0,0,0,0,0,605.7954272745795,10849.850301140657,0.1008270170000003,0,0,0,0,0,0.01016608735711835,462.05789119,310.238869799
61,41,17,25.1420613,65.26185135,6.021902237000001,76.68456006,maize,119,1.4878048417608576,3.588235083044995,2.411764564013849,22.03028218914441,5.004576359475866,1.7862568980681228,19.280079097920517,1,0,0,0,0,0,632.1232464129578,5880.5217515957465,0.4780977629999992,0,0,0,0,0,0.22857747098560338,367.33603645700003,246.89799171700002
66,53,19,23.09348056,60.11593810000001,6.033550195,65.49730729,maize,138,1.245282995372019,3.4736840277008403,2.7894735373961295,24.269322199023193,3.9374320707623194,1.2338057014148662,15.125607926339612,1,0,0,0,0,0,533.3088443750979,4289.897262240686,0.4664498049999999,0,0,0,0,0,0.2175754205845379,398.21431287,319.778160335
74,55,19,18.05033737,62.89366992,6.28886807,84.23613484,maize,148,1.3454545209917361,3.894736637119124,2.8947366897507005,27.934447074057744,5.297919659963572,0.0,15.204906526068111,1,0,0,1,0,0,325.8146791708186,7095.726412782663,0.21113192999999963,0,0,0,0,0,0.044576691865524744,465.37623718000003,345.88774385
77,57,21,24.9321581,73.80435276,6.550563822999999,79.74078719,maize,155,1.3508771692828567,3.6666664920635004,2.7142855850340197,28.37839553839035,5.885217187130849,1.292010737195086,19.88109913239535,1,0,0,0,0,0,621.6125075233955,6358.593141680869,0.050563822999999175,0,0,0,0,0,0.002556700196375246,504.39341437099995,373.382137911
99,50,15,18.14710054,71.09445342,5.573286437,88.07753741,maize,164,1.979999960400001,6.59999956000003,3.333333111111126,42.19399641339196,6.261824380743552,0.0,15.983519266948813,1,0,0,1,0,0,329.3172580088683,7757.65259620995,0.9267135629999999,1,0,0,0,0,0.8587980278481547,551.7553572630001,278.66432185
74,56,22,18.28362235,66.65952796,6.829199275,80.97573281,maize,152,1.3214285478316332,3.3636362107438083,2.545454429752071,26.407069760451144,5.397804125329684,0.0,14.805297182125443,1,0,0,1,0,0,334.2908462374196,6557.06930411651,0.3291992749999997,0,0,0,0,0,0.10837216266052542,505.36074635,382.4351594
83,45,21,18.83344471,58.75082029,5.716222912,79.75328959999999,maize,149,1.844444403456791,3.9523807641723443,2.1428570408163314,31.262330900515614,4.685571184825926,0.0,15.020291701222177,1,0,0,1,0,0,354.69863964462695,6360.5872020214665,0.7837770879999999,1,0,0,0,0,0.6143065236737596,474.446501696,257.23003104000003
100,48,16,25.71895816,67.22190688,5.54990242,74.51490791,maize,164,2.0833332899305566,6.249999609375024,2.9999998125000116,42.39496825489239,5.009034200697796,1.8745654311786382,19.164457988335432,1,0,0,0,0,0,661.4648088358306,5552.471500835782,0.9500975800000004,1,0,0,0,0,0.9026854115218572,554.990242,266.39531616
79,51,16,25.33797709,68.49835977,6.586244581,96.46380213,maize,146,1.5490195774702045,4.937499691406269,3.187499800781262,31.56474826976026,6.607612223082833,1.6815503384516233,24.441976083842334,1,0,0,0,0,0,642.0130830133648,9305.265121375793,0.08624458099999988,0,0,0,0,0,0.0074381277518655396,520.313321899,335.898473631
94,39,18,23.89114571,57.48775781,5.893093135,102.8301942,maize,151,2.4102563484549657,5.2222219320987815,2.166666546296303,39.24708057083142,5.911477299724867,1.6542132882009952,24.567311530197966,1,0,0,0,0,0,570.7868433364514,10574.048839209712,0.606906865,1,0,0,0,0,0.36833594278412823,553.95075469,229.830632265
75,49,15,21.53574127,71.50905983,5.918263801,102.4852929,maize,139,1.5306122136609752,4.999999666666689,3.2666664488889037,30.088757590391353,7.328626941681175,0.4375471264016979,22.07096751874568,1,0,0,0,0,0,463.78815204838116,10503.23526079879,0.5817361989999998,1,0,0,0,0,0.33841700522696744,443.86978507500004,289.994926249
78,48,22,23.08974909,63.10459626,5.588650585,70.43473609,maize,148,1.624999966145834,3.545454384297528,2.1818180826446323,28.0237994093116,4.444755583639101,1.1399754013084766,16.263203835384676,1,0,0,0,0,0,533.136513039156,4961.052048067949,0.9113494150000001,1,0,0,0,0,0.8305577562208424,435.91474562999997,268.25522808
87,54,20,25.61707368,63.4711755,6.576418207000001,108.8303762,maize,161,1.6111110812757208,4.349999782500011,2.6999998650000068,33.50124375800596,6.9075919075212235,2.051850986602892,27.879157657375185,1,0,0,0,0,0,656.2344639265488,11844.050783833527,0.07641820700000057,0,0,0,0,0,0.005839742361094936,572.1483840090001,355.12658317800003
87,35,25,21.44526922,63.1621551,6.178056304,65.88951188,maize,147,2.4857142146938798,3.4799998608000053,1.3999999440000022,33.28663395418648,4.161723568827853,0.5324060336510399,14.130183210409884,1,0,0,0,0,0,459.89957191827943,4341.427775784661,0.32194369599999995,0,0,0,0,0,0.10364774339414039,537.490898448,216.23197064000001
63,43,19,18.51816776,55.53128131,6.641906353,90.988051,maize,125,1.4651162449972968,3.315789299168984,2.263157775623275,22.03028218914441,5.052683055929627,0.0,16.849319925734356,1,0,0,1,0,0,342.92253718750345,8278.8254247786,0.14190635300000043,0,0,0,0,0,0.020137413021760732,418.440100239,285.601973179
84,57,25,22.53510514,67.99257471,6.489040367,64.40866039,maize,166,1.4736841846722073,3.359999865600005,2.2799999088000034,29.53528962670475,4.379310653538092,0.8114218837084495,14.514559338152033,1,0,0,0,0,0,507.8309636708544,4148.475533234354,0.010959632999999691,0,0,0,0,0,0.00012011355549468223,545.079390828,369.87530091900004
64,35,23,23.02038334,61.89472002,5.680361037999999,63.03843397,maize,122,1.8285713763265323,2.7826085746691924,1.5217390642722146,21.07921567168317,3.901746221072407,1.1509255281762747,14.51168915142678,1,0,0,0,0,0,529.9380491205495,3973.84415739005,0.8196389620000009,1,0,0,0,0,0.6718080280284389,363.54310643199995,198.81263632999998
60,46,22,24.89364635,65.61418761,6.625404347999999,87.9298085,maize,128,1.3043477977315696,2.727272603305791,2.090908995867773,19.2180470738661,5.769442951430372,1.682720052941083,21.888935564222237,1,0,0,0,0,0,619.6936285988684,7731.651222846671,0.1254043479999991,0,0,0,0,0,0.015726250497304882,397.52426087999993,304.76860000799996
98,44,21,25.77175115,74.089114,6.524478032,107.4931917,maize,163,2.227272676652894,4.666666444444455,2.0952379954648572,39.5263625107767,7.964075334085154,1.4955118606801892,27.702877868116452,1,0,0,0,0,0,664.1831573375264,11554.786261852949,0.024478032000000205,0,0,0,0,0,0.0005991740505930341,639.398847136,287.07703340800003
75,56,18,19.39851734,62.35750641,5.696205468,60.95197486,maize,149,1.3392856903698984,4.166666435185197,3.1111109382716142,29.022979401386987,3.8008131630346087,0.0,11.823779412289541,1,0,0,1,0,0,376.30247499028076,3715.143239334072,0.8037945320000004,1,0,0,0,0,0.6460856496730997,427.2154101,318.98750620799996
86,55,21,21.54156232,59.64024162,6.803931519,109.7515385,maize,162,1.563636335206612,4.095237900226766,2.6190474943310718,32.51153641401772,6.545608274306732,0.6221708276291227,23.642196063136293,1,0,0,0,0,0,464.0389071864438,12045.400203116982,0.3039315189999998,0,0,0,0,0,0.09237436824164726,585.138110634,374.21623354499997
98,35,18,23.79746068,74.82913698,6.252797547999999,91.76337172,maize,151,2.7999999200000025,5.444444141975326,1.944444336419759,42.146569650842686,6.866573912182538,0.9558536260011605,21.83735230370924,1,0,0,0,0,0,566.3191348161461,8420.516389422895,0.24720245200000068,0,0,0,0,0,0.06110905227481264,612.7741597039999,218.84791417999998
76,57,18,18.9802729,74.52600826,6.092725883,94.26249353,maize,151,1.333333309941521,4.222221987654334,3.1666664907407505,29.56912804486012,7.0250073714249766,0.0,17.891278514338843,1,0,0,1,0,0,360.2507593584744,8885.417686493292,0.40727411700000005,0,0,0,0,0,0.16587220637812972,463.047167108,347.285375331
99,56,17,24.10859207,73.13112261,6.234330356,71.07562236,maize,172,1.767857111288266,5.823529069204172,3.2941174532872086,41.01625693957621,5.197840053391218,1.1039325657435628,17.135331855986106,1,0,0,0,0,0,581.2242115976669,5051.744093861332,0.2656696439999999,0,0,0,0,0,0.0705803597430867,617.198705244,349.122499936
60,44,23,24.7947077,70.04556743,5.722579819,76.72860067,maize,127,1.3636363326446288,2.6086955387523676,1.9130433950850696,18.556220879622373,5.374498372040029,1.4362274849250978,19.02463225842674,1,0,0,0,0,0,614.7775299284393,5887.278160776325,0.7774201810000001,1,0,0,0,0,0.6043821378260729,343.35478914,251.79351203599998
74,48,17,21.63162756,60.27766379,6.430616465,69.21803098,maize,139,1.5416666345486119,4.352940920415239,2.82352924567475,28.53652630109932,4.172301199618244,0.6481205850782189,14.972986665959015,1,0,0,0,0,0,467.92731089455145,4791.135812748239,0.06938353500000005,0,0,0,0,0,0.004814074929096232,475.86561841,308.66959032
89,60,17,25.37548751,57.21025565,5.983952675,101.7004306,maize,166,1.4833333086111116,5.235293809688599,3.5294115570934377,36.22614157391501,5.818307634341083,2.3001573630951806,25.806980064519216,1,0,0,0,0,0,643.915366370166,10342.977584225417,0.5160473249999997,1,0,0,0,0,0.26630484163965534,532.571788075,359.0371605
69,51,23,22.21738222,72.85462807,6.80163854,106.6213157,maize,143,1.3529411499423305,2.999999869565223,2.2173912079395124,23.18045153428495,7.767856299657552,0.601916650728691,23.68846523706187,1,0,0,0,0,0,493.6120727095722,11368.104961599065,0.3016385399999999,0,0,0,0,0,0.09098580881333154,469.31305926,346.88356554
96,46,22,20.58314011,69.00128641,6.499936446,66.29390357,maize,164,2.0869564763705113,4.363636165289265,2.090908995867773,37.753587026047384,4.574364627470492,0.18076593252731052,13.645367056201389,1,0,0,0,0,0,423.6656567878908,4394.881650548458,6.355399999957712e-05,0,0,0,0,0,4.039110915946248e-09,623.9938988160001,298.997076516
61,60,15,24.87502824,68.74248334,6.265564338,91.26056654,maize,136,1.0166666497222225,4.066666395555574,3.9999997333333512,26.27419519858474,6.273477974974912,1.5238127642977042,22.70109169880899,1,0,0,0,0,0,618.7670299407974,8328.491005201768,0.2344356620000001,0,0,0,0,0,0.05496007961737829,382.19942461799997,375.93386028
74,58,18,20.03728219,56.35606753,6.727303282,109.024141,maize,150,1.2758620469678958,4.111110882716062,3.2222220432098863,28.844410203711913,6.144171852596242,0.0162714138269367,21.845474787393485,1,0,0,0,0,0,401.49267756169115,11886.26332078788,0.22730328200000027,0,0,0,0,0,0.051666782007971646,497.82044286800004,390.183590356
74,43,23,25.95263264,61.89082199,6.325235159,99.57981207,maize,140,1.7209301925365073,3.2173911644612536,1.8695651361058636,25.69695182961071,6.163076422622024,2.268499369058963,25.843582810129483,1,0,0,0,0,0,673.5391409467934,9916.138971896518,0.174764841,0,0,0,0,0,0.030542749649755282,468.067401766,271.985111837
63,43,17,19.28889933,65.47050802,6.807487794,71.3195307,maize,123,1.4651162449972968,3.7058821349481095,2.5294116159169637,23.065125189341593,4.669325906676986,0.0,13.756752479351444,1,0,0,1,0,0,372.0616373628744,5086.475459268243,0.30748779400000004,0,0,0,0,0,0.09454874345898646,428.871731022,292.721975142
99,36,20,20.57981887,65.34583901,6.671085817000001,78.34604471,maize,155,2.7499999236111132,4.949999752500013,1.7999999100000044,41.76521678781679,5.119588024689922,0.20093136466019892,16.123474093127218,1,0,0,0,0,0,423.5289447220081,6138.102721701319,0.1710858170000007,0,0,0,0,0,0.029270356778557726,660.4374958830001,240.15908941200001
77,36,23,24.71417533,56.73426469,6.648725327,88.45361858,maize,136,2.1388888294753103,3.347825941398872,1.5652173232514206,28.18391976523729,5.018351009306023,2.0396226203271186,21.860582381590657,1,0,0,0,0,0,610.7904622419805,7824.042639896121,0.14872532700000018,0,0,0,0,0,0.022119222891256982,511.951850179,239.354111772
87,60,23,20.27317074,63.91281869,6.439071996,62.50351892,maize,170,1.4499999758333337,3.782608531190933,2.6086955387523676,32.129944496269104,3.9947760722209447,0.09857962022966912,12.671445109159803,1,0,0,0,0,0,411.0014518531922,3906.6898773827975,0.06092800399999998,0,0,0,0,0,0.0037122216714240135,560.199263652,386.34431976
60,38,17,18.41932981,64.23580251,6.474476516,76.41312437,maize,115,1.5789473268698073,3.5294115570934377,2.235293986159177,21.501937897160182,4.908458366203388,0.0,14.074785395835786,1,0,0,1,0,0,339.2717106495547,5838.965575985088,0.02552348399999982,0,0,0,0,0,0.0006514482354982468,388.46859096000003,246.030107608
94,54,17,23.39128187,61.74427165,5.871647806,107.3198135,maize,165,1.7407407085048017,5.529411439446386,3.1764704013840936,38.50973902793941,6.626383718171337,1.2973595797700002,25.10348007814331,1,0,0,0,0,0,547.1520675217907,11517.542369674782,0.6283521939999996,1,0,0,0,0,0.3948264797046132,551.934893764,317.06898152400004
95,38,22,19.84939404,61.24500053,5.730617109,100.7689246,maize,155,2.4999999342105284,4.318181621900835,1.727272648760334,38.37099599089569,6.17159284053453,0.0,20.002020913724497,1,0,0,1,0,0,393.9984437551875,10154.376165040487,0.7693828910000002,1,0,0,0,0,0.5919500329635182,544.408625355,217.76345014199998
84,44,21,21.869274,61.91044947,5.850439831,107.2681929,maize,149,1.9090908657024805,3.9999998095238185,2.0952379954648572,31.879983270593687,6.641022036273664,0.7119980647741524,23.458775020149545,1,0,0,0,0,0,478.26514528707605,11506.465208031612,0.6495601689999999,1,0,0,0,0,0.42192841315130847,491.436945804,257.419352564
77,58,19,22.8056033,56.50768935,5.791649933,101.5952794,maize,154,1.3275861840071348,4.0526313656509805,3.052631418282557,29.56912804486012,5.740914487761654,1.220221702842652,23.16941639149062,1,0,0,0,0,0,520.095541876971,10321.600796364064,0.7083500669999996,1,0,0,0,0,0.5017598174189039,445.957044841,335.915696114
66,44,20,19.0781471,69.02298571,6.740000687999999,80.72515943,maize,130,1.4999999659090917,3.299999835000008,2.1999998900000053,23.007245235649865,5.571891525774362,0.0,15.400864662764922,1,0,0,1,0,0,363.97569676923837,6516.551364998919,0.2400006879999994,0,0,0,0,0,0.057600330240473056,444.840045408,296.56003027199995
63,35,16,22.02720976,65.35549924,6.272417541,83.73280082,maize,114,1.7999999485714302,3.9374997539062653,2.1874998632812583,23.643180835073778,5.4723990003545815,0.7023167007099947,18.4439996745444,1,0,0,0,0,0,485.19796981103934,7011.181933161792,0.22758245899999974,0,0,0,0,0,0.05179377564448656,395.16230508300004,219.534613935
79,45,20,23.80546189,59.24537979,5.715208817000001,89.96220140000001,maize,144,1.7555555165432108,3.9499998025000096,2.2499998875000053,29.614185789921695,5.3298447886874705,1.550901540505788,21.41591756968205,1,0,0,0,0,0,566.7000157962424,8093.197680734164,0.7847911829999994,1,0,0,0,0,0.6158972009145386,451.50149654300003,257.18439676500003
72,60,25,18.52510753,69.0276233,5.773454729,88.10234397,maize,157,1.1999999800000003,2.8799998848000046,2.399999904000004,24.419937209856485,6.081495411408188,0.0,16.32105395689297,1,0,0,1,0,0,343.1796089980627,7762.023013008196,0.726545271,1,0,0,0,0,0.5278680308124635,415.688740488,346.40728374
67,51,24,23.50297882,61.32026065,5.584171461,64.77791424,maize,142,1.3137254644367558,2.791666550347227,2.124999911458337,21.73323108360405,3.972198585560147,1.3549430770617052,15.224739463864964,1,0,0,0,0,0,552.3900134133686,4196.178173284795,0.9158285389999996,1,0,0,0,0,0.8387419128468738,374.13948788700003,284.792744511
86,36,24,26.54986394,72.89187265,5.787268394,73.33636055,maize,146,2.388888822530866,3.583333184027784,1.4999999375000026,32.88363321370273,5.345624653825084,1.775545458106928,19.470703944572836,1,0,0,0,0,0,704.8952752325124,5378.221778719596,0.7127316060000002,1,0,0,0,0,0.5079863421913395,497.705081884,208.341662184
76,48,18,19.29563411,69.63481219,5.77597783,83.21030571,maize,142,1.583333300347223,4.222221987654334,2.6666665185185265,29.005746557076122,5.794334010388335,0.0,16.05595613161404,1,0,0,1,0,0,372.32149570699556,6923.954976351659,0.7240221699999996,1,0,0,0,0,0.5242081026515083,438.97431508000005,277.24693584
75,53,18,20.68899915,59.4375337,6.864793607,103.651438,maize,146,1.415094312922749,4.166666435185197,2.9444442808642064,28.746014216467184,6.160785839178462,0.27947504802603673,21.444445126782774,1,0,0,0,0,0,428.03468582870073,10743.620599467844,0.3647936070000002,0,0,0,0,0,0.1330743757080706,514.859520525,363.83406117100003
81,45,23,19.32666088,68.03449300000001,6.192360002999999,84.22969177,maize,149,1.799999960000001,3.5217389773156964,1.9565216540642758,29.280255007997,5.7305243751182235,0.0,16.27878688865717,1,0,0,1,0,0,373.5198207705223,7094.6409756692065,0.3076399970000008,0,0,0,0,0,0.09464236775416049,501.58116024299994,278.65620013499995
73,45,21,24.60532218,73.58868502,6.636803222999999,96.59195302,maize,139,1.6222221861728403,3.476190310657604,2.1428570408163314,26.025628394590846,7.108074806255418,1.216326146803603,23.76676124052524,1,0,0,0,0,0,605.4218795816,9330.005388217889,0.13680322299999936,0,0,0,0,0,0.018715121823187554,484.4866352789999,298.65614503499995
71,35,24,22.27373646,59.52193158,5.826426917,67.96704792,maize,130,2.0285713706122466,2.9583332100694495,1.458333272569447,24.583192089989726,4.0455299759888215,0.9203645999692853,15.13880113334271,1,0,0,0,0,0,496.11933588953326,4619.519602959576,0.673573083,1,0,0,0,0,0.4537006981421248,413.676311107,203.924942095
96,54,22,25.70196694,61.33450447,6.960358276,83.20711308,maize,172,1.7777777448559677,4.363636165289265,2.4545453429752118,37.112441759244746,5.103467049141055,2.204693772307777,21.385864695550012,1,0,0,0,0,0,660.5911045848529,6923.423667107907,0.460358276,0,0,0,0,0,0.21192974228169217,668.194394496,375.859346904
99,39,18,19.20129357,68.30578978,6.11275104,87.85092352,maize,156,2.538461473372783,5.499999694444461,2.166666546296303,42.035699113967404,6.000726713935977,0.0,16.868513729031378,1,0,0,1,0,0,368.6896747613234,7717.7847633168885,0.38724896,0,0,0,0,0,0.14996175702108158,605.16235296,238.39729056
62,48,20,21.70181447,60.47470519,6.708446922,95.71388473,maize,130,1.2916666397569452,3.0999998450000077,2.399999880000006,21.385353243127255,5.788268961636393,0.6726471863867384,20.77164968613426,1,0,0,0,0,0,470.9687512903013,9161.147730107728,0.20844692200000026,0,0,0,0,0,0.04345011929127419,415.923709164,322.005452256
86,37,16,20.51716779,59.21235483,5.561510732,67.61013737,maize,139,2.3243242615047497,5.37499966406252,2.312499855468759,35.92121007612819,4.003355444057483,0.2109405631187301,13.871685327252393,1,0,0,0,0,0,420.95417412301344,4571.130675190271,0.9384892679999997,1,0,0,0,0,0.8807621061511752,478.28992295200004,205.775897084
94,50,19,23.30355338,73.62548442,5.873242491,97.59081274,maize,163,1.8799999624000008,4.947368160664833,2.631578808864273,37.687309977409285,7.185170862924008,0.8712962009017164,22.74212714084174,1,0,0,0,0,0,543.0556001345094,9523.966731253748,0.6267575089999999,1,0,0,0,0,0.392824975087885,552.084794154,293.66212455
76,39,24,24.2547451,55.64709899,6.995843776,64.23845455,maize,139,1.9487178987508231,3.1666665347222276,1.6249999322916695,26.764404221527766,3.5746836393084664,1.8871028824308258,15.580873407281853,1,0,0,0,0,0,588.2926598659741,4126.579042972416,0.49584377600000007,0,0,0,0,0,0.24586105019793825,531.684126976,272.837907264
77,52,17,24.86374934,65.7420046,5.714799723,75.82270467,maize,146,1.4807692022929,4.529411498269911,3.058823349480979,30.13856886670854,4.984736599199581,1.6662230251647296,18.85236723195727,1,0,0,0,0,0,618.2060312423504,5749.082543474039,0.7852002770000004,1,0,0,0,0,0.6165394750008774,440.03957867099996,297.169585596
74,39,23,22.6265115,65.77472881,6.78073637,88.17251033,maize,136,1.8974358487836962,3.2173911644612536,1.695652100189039,26.08320021265284,5.799522955452673,0.8989306837115367,19.950363189656137,1,0,0,0,0,0,511.95902265963224,7774.391577893955,0.2807363699999996,0,0,0,0,0,0.0788129094407767,501.77449138,264.44871843
81,49,20,18.04185513,60.61494304,5.513697923,104.2321615,maize,150,1.6530611907538533,4.04999979750001,2.449999877500006,30.512292604784715,6.318026532258581,0.0,18.805415576697634,1,0,0,1,0,0,325.5085365319073,10864.343490962083,0.9863020770000004,1,0,0,0,0,0.9727917870945147,446.60953176299995,270.171198227
63,42,21,23.26237612,72.33125523,5.798423907999999,67.10225139,maize,126,1.4999999642857151,2.9999998571428637,1.9999999047619093,21.0,4.853590071797713,0.9026585220802288,15.60957810332973,1,0,0,0,0,0,541.1381427483462,4502.7121416067575,0.7015760920000007,1,0,0,0,0,0.49220901286599344,365.30070620399994,243.53380413599996
99,38,21,22.88330922,71.59722446,6.352471866,67.72777298,maize,158,2.6052630893351822,4.7142854897959285,1.809523723356013,41.0162569395762,4.849120564224983,0.8189398458807249,15.49835571883301,1,0,0,0,0,0,523.645840858137,4587.051232830418,0.14752813399999987,0,0,0,0,0,0.021764550321521917,628.894714734,241.39393090800002
90,52,25,25.97482359,69.36385721,6.822586546,103.2234212,maize,167,1.7307691974852077,3.5999998560000055,2.0799999168000034,32.65475973473596,7.159974648844488,1.8304554864830038,26.81210156026266,1,0,0,0,0,0,674.6914605316205,10655.07468423261,0.32258654600000014,0,0,0,0,0,0.10406207966021021,614.03278914,354.774500392
68,40,19,26.14384005,66.20569924,6.655426355,107.2361366,maize,127,1.699999957500001,3.5789471800554113,2.1052630470914186,24.583192089989723,7.099643407399156,2.0762677847103346,28.03564402850351,1,0,0,0,0,0,683.500372559984,11499.588992893858,0.15542635500000035,0,0,0,0,0,0.024157351828586134,452.56899214000003,266.2170542
60,57,24,18.66116213,61.55327249,6.1212940410000005,75.03247667,maize,141,1.0526315604801482,2.4999998958333376,2.3749999010416705,19.974984355438178,4.618494482068078,0.0,14.001932121543126,1,0,0,1,0,0,348.2389720421462,5629.872555234094,0.3787059589999995,0,0,0,0,0,0.14341820338210928,367.27764246000004,348.91376033700004
71,52,18,25.10787449,55.97732754,5.790770202999999,78.16077693,maize,141,1.3653845891272196,3.944444225308654,2.8888887283950706,26.851443164195103,4.375231410991485,2.248622856400596,19.624509771993274,1,0,0,0,0,0,630.4053614055928,6109.10705030122,0.7092297970000008,1,0,0,0,0,0.5030069049526623,411.14468441299994,301.12005055599997
61,59,17,23.33844615,59.24580604,6.47444292,105.0083144,maize,137,1.033898287561046,3.588235083044995,3.4705880311418804,24.846193538112296,6.221302227529739,1.3605568192211523,24.507308909266694,1,0,0,0,0,0,544.6830686964498,11026.746093129248,0.025557079999999566,0,0,0,0,0,0.0006531643381263778,394.94101812,381.99213228
88,38,15,25.08239719,65.92195844,6.455116637000001,62.49190812,maize,141,2.315789412742384,5.866666275555582,2.5333331644444557,37.322915213043046,4.119588969922939,1.7319814266524716,15.67446860626826,1,0,0,0,0,0,629.1266487969198,3905.2385804785217,0.0448833629999994,0,0,0,0,0,0.002014516274189715,568.0502640560001,245.294432206
65,60,22,25.36768364,72.52054555,6.6069840860000015,107.9124111,maize,147,1.0833333152777782,2.9545453202479397,2.727272603305791,23.515952032609693,7.825866924587874,1.475010180873902,27.37487905614424,1,0,0,0,0,0,643.5193732591237,11645.088469415403,0.10698408600000153,0,0,0,0,0,0.011445594657255724,429.4539655900001,396.4190451600001
78,37,22,25.34217103,63.31801994,6.330554389,74.52082026,maize,137,2.108108051132215,3.545454384297528,1.6818181053719041,28.988503468329185,4.718510783167835,1.9596141119956965,18.88519372324809,1,0,0,0,0,0,642.2256325137712,5553.352652223226,0.16944561100000044,0,0,0,0,0,0.02871181508716347,493.783242342,234.23051239299997
78,58,15,25.00933355,67.816568,6.5286312660000005,62.91359494,maize,151,1.3448275630202144,5.199999653333356,3.8666664088889062,32.19213154380016,4.266584089372967,1.612175456717436,15.734270806840522,1,0,0,0,0,0,625.4667646151556,3958.120428274394,0.028631266000000544,0,0,0,0,0,0.0008197493927627872,509.233238748,378.66061342800003
92,60,23,18.66746724,71.516474,5.721667141,69.93293255,maize,175,1.5333333077777782,3.999999826086964,2.6086955387523676,34.530180036213736,5.00135675245583,0.0,13.054707273742547,1,0,0,1,0,0,348.4743331564732,4890.61505504285,0.7783328589999998,1,0,0,0,0,0.6058020393991136,526.393376972,343.30002846
79,59,17,20.37999665,63.73849998,6.644205485,108.5054416,maize,155,1.33898302815283,4.647058550173027,3.4705880311418804,31.643851430148846,6.915974087251492,0.13779248531574895,22.113405363147702,1,0,0,0,0,0,415.3442634540112,11773.43085681101,0.14420548499999963,0,0,0,0,0,0.02079522190408512,524.892233315,392.008123615
91,55,15,18.09300227,72.61024172,6.376651091,78.96159541,maize,161,1.6545454244628106,6.06666626222225,3.6666664222222387,38.01753981168868,5.733420529316943,0.0,14.286523249959517,1,0,0,1,0,0,327.35673114222516,6234.933549692533,0.12334890899999973,0,0,0,0,0,0.015214953351490213,580.275249281,350.71581000500004
76,51,18,26.16985907,71.96246617,6.247040422,79.84925393,maize,145,1.4901960492118422,4.222221987654334,2.8333331759259344,29.091808698211484,5.746149234637365,1.7298763240145738,20.89643722192744,1,0,0,0,0,0,684.8615237436613,6375.903353177621,0.2529595779999996,0,0,0,0,0,0.06398854810193787,474.77507207200006,318.599061522
87,48,25,18.65396672,61.37879671,6.656730007999999,93.62039175,maize,160,1.8124999622395843,3.4799998608000053,1.919999923200003,31.34219732777735,5.746306993133811,0.0,17.463916720178624,1,0,0,1,0,0,347.97047439086754,8764.777751423468,0.15673000799999937,0,0,0,0,0,0.024564295407679865,579.135510696,319.52304038399996
71,60,22,26.07470121,59.37147589,6.2048017,85.75692395,maize,153,1.1833333136111115,3.2272725805785187,2.727272603305791,25.709920264364882,5.091515142697988,2.4680614457153123,22.36086168684943,1,0,0,0,0,0,679.8900431907755,7354.250005366083,0.2951983,0,0,0,0,0,0.08714203632289001,440.5409207,372.288102
90,57,24,18.92851916,72.80086137,6.158860284,82.34162918,maize,171,1.5789473407202221,3.749999843750006,2.3749999010416705,33.0,5.994541530913128,0.0,15.58605105599245,1,0,0,1,0,0,358.2888375904871,6780.143896016627,0.3411397159999998,0,0,0,0,0,0.11637630583256053,554.29742556,351.05503618800003
67,35,22,23.30546753,63.24648023,6.385684213999999,108.7603001,maize,124,1.9142856595918385,3.0454544070247995,1.5909090185950445,23.158871590242327,6.878706170083517,1.2148756621294812,25.34709642533606,1,0,0,0,0,0,543.1448167918844,11828.80287784206,0.11431578600000059,0,0,0,0,0,0.01306809892879793,427.84084233799996,223.49894748999998
60,54,19,18.74826712,62.49878458,6.417820493,70.23401597,maize,133,1.11111109053498,3.1578945706371275,2.8421051135734148,22.143471573656498,4.38954063429731,0.0,13.16766092315906,1,0,0,1,0,0,351.49752000287316,4932.816999274215,0.08217950700000021,0,0,0,0,0,0.006753471370763083,385.06922958,346.562306622
83,58,23,19.74213321,59.66263104,6.381201909,65.50861389,maize,164,1.431034458085613,3.608695495274109,2.5217390207939556,30.13856886670854,3.9084162604608896,0.0,12.932797818188362,1,0,0,1,0,0,389.75182368138485,4291.378493789101,0.11879809100000038,0,0,0,0,0,0.014112986425244372,529.639758447,370.109710722
83,57,19,25.73044432,70.74739256,6.877869005,98.73771338,maize,159,1.4561403253308716,4.368420822714693,2.999999842105271,32.18695387886216,6.985435768971624,1.676304381497378,25.405652364082087,1,0,0,0,0,0,662.0557649046202,9749.136043511031,0.377869005,0,0,0,0,0,0.14278498493969,570.863127415,392.03853328499997
40,72,77,17.02498456,16.98861173,7.485996067,88.55123143,chickpea,189,0.5555555478395063,0.5194805127340193,0.9350649229212348,20.074859899884732,1.5043624889776426,0.0,15.075833478647366,1,0,0,1,0,0,289.8500992682384,7841.32058776942,0.9859960670000003,0,0,0,0,0,0.9721882441394691,299.43984268,538.991716824
23,72,84,19.02061277,17.13159126,6.920251378,79.92698081,chickpea,179,0.3194444400077161,0.27380952054988666,0.8571428469387756,32.31614663497697,1.369276365882784,0.0,15.20260151862231,1,0,0,1,0,0,361.78371014628704,6388.322261402109,0.4202513779999997,0,0,0,0,0,0.1766112207108986,159.165781694,498.258099216
39,58,85,17.88776475,15.40589717,5.9969320370000005,68.54932919,chickpea,182,0.6724137815101072,0.4588235240138409,0.6823529331487891,23.115651263447745,1.0560639165736192,0.0,12.261942743210279,1,0,0,1,0,0,319.9721277513425,4699.010532398986,0.5030679629999995,1,0,0,0,0,0.25307737539696884,233.88034944300003,347.822058146
22,72,85,18.86805647,15.65809214,6.391173589,88.51048983,chickpea,179,0.30555555131172846,0.2588235263667821,0.847058813564014,33.26158945891392,1.3859054051146729,0.0,16.700209202998007,1,0,0,1,0,0,356.0035549551088,7834.106809946533,0.1088264109999999,0,0,0,0,0,0.0118431877311409,140.60581895800001,460.164498408
36,67,77,18.36952567,19.56381041,7.152811172000001,79.26357665,chickpea,180,0.5373134248162176,0.4675324614606174,0.8701298588294823,21.37755832643195,1.550697585999103,0.0,14.560343059681877,1,0,0,1,0,0,337.439473340789,6282.7145833504255,0.6528111720000007,0,0,0,0,0,0.42616242628801454,257.50120219200005,479.23834852400006
32,73,81,20.45078582,15.40312102,5.988992796000002,92.68373702,chickpea,186,0.4383561583786828,0.39506172351775654,0.9012345567748821,26.28687885618983,1.427618817904914,0.3813507346044008,18.95455254793225,1,0,0,0,0,0,418.2346406555131,8590.275107992518,0.5110072039999984,1,0,0,0,0,0.261128362539896,191.64776947200005,437.19647410800013
58,70,84,20.6543203,16.60820843,6.231049027999999,74.6631118,chickpea,212,0.828571416734694,0.690476182256236,0.8333333234126985,13.012814197295423,1.2400205228067926,0.5456494207761974,15.421158257119094,1,0,0,0,0,0,426.60094705499205,5574.580263659299,0.26895097200000073,0,0,0,0,0,0.07233462533974518,361.40084362399995,436.17343195999996
59,70,84,17.3348681,18.74926979,7.550808267000001,82.61734721,chickpea,213,0.8428571308163267,0.7023809440192745,0.8333333234126985,12.529964086141668,1.5490149321743938,0.0,14.321608166572533,1,0,0,1,0,0,300.4976520443977,6825.626060017696,1.0508082670000007,0,1,0,0,0,1.1041980139955447,445.49768775300004,528.55657869
42,62,75,18.17912258,18.90426935,7.010570541,81.84997529,chickpea,179,0.6774193439125913,0.5599999925333334,0.8266666556444446,16.623276853055575,1.5473139791730044,0.0,14.879607339668812,1,0,0,1,0,0,330.4804977786659,6699.418454973611,0.5105705409999999,0,0,0,0,0,0.26068227733703253,294.443962722,434.655373542
28,74,81,18.01272266,18.30968112,8.753795334,81.98568791,chickpea,183,0.3783783732651571,0.345679008078037,0.9135802356348119,28.792360097775937,1.5011318020359392,0.0,14.767854584121451,1,0,0,1,0,0,324.45817762607754,6721.65302207592,2.2537953339999994,0,1,0,1,0,5.079593407560169,245.10626935199997,647.7808547159999
58,66,79,20.99373558,19.33470387,8.718192847000001,93.55280105,chickpea,203,0.8787878654729112,0.734177205896491,0.8354430273994554,10.598742063723098,1.808815704510775,0.8015997483561723,19.640227680120464,1,0,0,0,0,0,440.7369336029579,8752.12658430088,2.218192847000001,0,1,0,1,0,4.92037950648197,505.65518512600005,575.4007279020001
43,66,79,19.46233971,15.22538951,7.976607593,74.58565097,chickpea,188,0.65151514164371,0.544303790578433,0.8354430273994554,18.230011885167087,1.1355955878751594,0.0,14.51611276669631,1,0,0,1,0,0,378.78266698744284,5563.019330618662,1.4766075929999998,0,1,0,0,0,2.180369983705253,342.994126499,526.456101138
58,63,81,19.81344531,14.69765308,6.515499548999999,78.96514709,chickpea,202,0.9206349060216682,0.7160493738759337,0.7777777681755831,12.096831541082704,1.1606023373399916,0.0,15.645716232638206,1,0,0,1,0,0,392.57261505236096,6235.494454945336,0.01549954899999939,0,0,0,0,0,0.0002402360192033821,377.898973842,410.47647158699993
23,62,85,18.97424756,19.5161216,8.490127142,80.7108745,chickpea,170,0.3709677359521333,0.2705882321107267,0.7294117561245675,31.34219732777735,1.5751632411843393,0.0,15.314281135470912,1,0,0,1,0,0,360.0220704681659,6514.24526255475,1.9901271420000004,0,1,0,1,0,3.96060604132509,195.27292426600002,526.387882804
27,62,77,18.19737048,14.71070537,6.576415562,70.18185181,chickpea,166,0.43548386394380867,0.35064934609546305,0.8051947947377299,25.658007197234422,1.0324245442979112,0.0,12.771251583590285,1,0,0,1,0,0,331.1442923863754,4925.4923234808,0.07641556200000021,0,0,0,0,0,0.005839338115775877,177.563220174,407.737764844
28,72,84,18.72963144,19.18197264,6.481783042999999,71.58010169,chickpea,184,0.38888888348765444,0.3333333293650794,0.8571428469387756,29.484459183327978,1.373047552185998,0.0,13.406689230914212,1,0,0,1,0,0,350.7990938782364,5123.710957950741,0.01821695700000081,0,0,0,0,0,0.00033185752233987856,181.48992520399997,466.68837909599995
50,56,76,20.99502153,19.8601304,7.966605025,73.50734019,chickpea,182,0.8928571269132657,0.6578947281855957,0.7368420955678672,13.613718571108091,1.4598653615305606,0.797408956633924,15.43288189902084,1,0,0,0,0,0,440.7909290451635,5403.329061808388,1.4666050249999998,0,1,0,0,0,2.15093029935525,398.33025125,446.1298814
39,71,84,20.28155898,16.39535215,8.140825437,82.52339655,chickpea,194,0.5492957669113272,0.4642857087585035,0.8452380851757371,23.15887159024233,1.3530001470513453,0.23539639371905174,16.737031343587535,1,0,0,0,0,0,411.34163465921864,6810.110978148552,1.6408254370000002,0,1,0,1,0,2.6923081147062415,317.492192043,577.998606027
25,78,76,17.48042641,15.7559405,7.228963452,66.96980581,chickpea,179,0.32051281640368184,0.32894736409279784,1.0263157759695294,30.038863715748857,1.0551722756389141,0.0,11.706607621536953,1,0,0,1,0,0,305.56530747542547,4484.954890229109,0.7289634520000003,0,0,0,0,0,0.5313877143517568,180.7240863,563.859149256
31,70,77,20.88818675,14.32313811,6.492546046,90.46228334,chickpea,178,0.44285713653061237,0.40259739736886496,0.9090908972845338,24.78574859336174,1.2957037780247722,0.7609705351227788,18.895930682373336,1,0,0,0,0,0,436.31634570287554,8183.424707086441,0.007453953999999818,0,0,0,0,0,5.5561430234113295e-05,201.268927426,454.47822322
26,80,83,17.08498521,16.14565756,7.528599957000001,71.31007253,chickpea,189,0.32499999593750006,0.31325300827406016,0.9638554100740312,32.07802986469088,1.1513480116481427,0.0,12.183315344990772,1,0,0,1,0,0,291.8967196259187,5085.126444233861,1.0285999570000008,0,1,0,0,0,1.0580178715404036,195.74359888200001,602.28799656
25,68,77,20.09340593,15.11279612,7.701446446,85.74904898,chickpea,170,0.3676470534169551,0.3246753204587621,0.8831168716478328,27.79088579612628,1.295907894718634,0.0792896822351096,17.229904492665923,1,0,0,0,0,0,403.7449618677591,7352.899400974438,1.2014464460000003,0,1,0,0,0,1.4434735626060315,192.53616115,523.698358328
31,78,76,17.57212145,14.99927489,8.519975748,89.31050665,chickpea,185,0.3974358923405655,0.4078947314750693,1.0263157759695294,26.57693235370353,1.339592839808523,0.0,15.693750696148326,1,0,0,1,0,0,308.7794522535501,7976.366598079693,2.0199757480000002,0,1,0,1,0,4.08030202250816,264.11924818800003,664.5581083440001
60,68,83,19.12065218,18.43475844,6.620900869,85.52950164,chickpea,211,0.8823529282006922,0.7228915575555235,0.8192770985629265,11.67618659209133,1.576715702226984,0.0,16.3537985198718,1,0,0,1,0,0,365.59933978853877,7315.295650786764,0.12090086899999974,0,0,0,0,0,0.0146170201249551,397.25405214,450.22125909199997
59,62,83,18.57665902,19.22008229,8.104396057999999,72.94940441,chickpea,204,0.9516128878772115,0.710843364929598,0.7469879428073742,13.076696830622021,1.402093555766689,0.0,13.551562114366543,1,0,0,1,0,0,345.0922603453474,5321.615603773727,1.604396057999999,0,1,0,1,0,2.574086710925936,478.15936742199995,502.47255559599995
22,67,78,17.16606398,14.42457525,6.204090835,72.32667516,chickpea,167,0.3283582040543552,0.28205127843524,0.8589743479618673,29.670411748631555,1.0432815684277257,0.0,12.415643332572367,1,0,0,1,0,0,294.67375256545347,5231.14793970016,0.2959091650000003,0,0,0,0,0,0.08756223393099741,136.48999837,415.674085945
36,65,80,18.2872007,16.67921616,6.051091339,74.87445574,chickpea,181,0.553846145325444,0.4499999943750001,0.8124999898437502,22.36813209307682,1.2488472321498127,0.0,13.692441994206469,1,0,0,1,0,0,334.4217094420805,5606.184122361219,0.44890866099999993,0,0,0,0,0,0.20151898592081285,217.839288204,393.320937035
59,60,84,19.03025305,18.66725565,7.690962337999999,94.70992037,chickpea,203,0.9833333169444448,0.7023809440192745,0.7142857057823131,14.153915830374762,1.767974296137933,0.0,18.023537509864497,1,0,0,1,0,0,362.15053114703426,8969.969016491743,1.1909623379999994,0,1,0,0,0,1.418391290534425,453.766777942,461.45774027999994
54,77,85,17.141861399999996,17.0662427,7.8292111439999985,83.74606679,chickpea,216,0.7012986921909261,0.6352941101730105,0.9058823422837372,16.09347693943108,1.4292307010085499,0.0,14.355634697093226,1,0,0,1,0,0,293.8434122568098,7013.403702795141,1.3292111439999985,0,1,0,0,0,1.7668022653337847,422.7774017759999,602.8492580879999
43,68,81,17.47809436,17.93253975,6.761599706,78.92060234,chickpea,192,0.6323529318771628,0.5308641909769853,0.8395061624752326,19.313207915827967,1.415246838555993,0.0,13.793817346465568,1,0,0,1,0,0,305.4837824570638,6228.461473708414,0.26159970600000015,0,0,0,0,0,0.06843440617928652,290.748787358,459.788780008
28,76,82,20.56601874,14.25803981,6.654425315,83.75937135,chickpea,186,0.3684210477839336,0.34146341046995843,0.9268292569898872,29.597297173897484,1.1942444511688735,0.48531556271874005,17.22596800834719,1,0,0,0,0,0,422.9611268140312,7015.6322889472,0.15442531500000012,0,0,0,0,0,0.023847177912849262,186.32390882,505.73632394000003
42,79,85,17.22385224,15.82069268,6.129533877,76.57580954,chickpea,206,0.5316455628905625,0.4941176412456748,0.9294117537716264,23.28805129961142,1.2114823494545521,0.0,13.189304286753423,1,0,0,1,0,0,296.661085985353,5863.854606706354,0.3704661229999999,0,0,0,0,0,0.13724514829065107,257.440422834,484.23317628300003
32,60,83,19.69141713,19.44225438,8.829273328,91.76071648,chickpea,175,0.5333333244444446,0.3855421640296125,0.7228915575555235,25.540817005987364,1.7840351918952182,0.0,18.068985443553455,1,0,0,1,0,0,387.7519085876575,8420.029088922944,2.3292733279999993,0,1,0,1,0,5.425514236532193,282.536746496,529.75639968
22,78,76,17.84851658,19.09172907,8.621662982,76.32470713,chickpea,176,0.28205127843524,0.2894736804016621,1.0263157759695294,31.77000681985028,1.4571706298730571,0.0,13.622828006734489,1,0,0,1,0,0,318.56954410653486,5825.460918480272,2.121662982,0,1,0,1,0,4.501453809189133,189.676585604,672.489712596
31,79,75,18.8202251,16.1074793,8.204862075,89.73119396,chickpea,185,0.3924050583239866,0.4133333278222223,1.0533333192888892,26.633312473917574,1.445343349274985,0.0,16.887612688189602,1,0,0,1,0,0,354.20087281466994,8051.687169487141,1.7048620749999994,0,1,0,1,0,2.9065546947733036,254.350724325,648.1841039249999
28,58,81,17.47500984,16.54314829,6.18042747,93.35034262,chickpea,167,0.48275861236623085,0.345679008078037,0.7160493738759337,26.57693235370353,1.5443085608849674,0.0,16.312981558518715,1,0,0,1,0,0,305.37596890809675,8714.28646727139,0.3195725300000003,0,0,0,0,0,0.1021266019306011,173.05196916,358.46479325999996
57,58,77,18.72649425,17.58406365,7.978996755,81.20176515,chickpea,192,0.9827586037455414,0.7402597306459775,0.7532467434643281,11.269427669584644,1.4278570068899519,0.0,15.206243881713254,1,0,0,1,0,0,350.681586895283,6593.726663475754,1.4789967549999998,0,1,0,0,0,2.1874314013005294,454.802815035,462.78181179
49,55,78,18.65580107,16.17772668,7.863113671,81.70769297,chickpea,182,0.8909090747107441,0.6282051201512164,0.7051281960881001,15.307950004273378,1.3218447245220173,0.0,15.243224659369574,1,0,0,1,0,0,348.03891356341313,6676.147090479787,1.3631136709999998,0,1,0,0,0,1.8580788800670958,385.292569879,432.471251905
46,76,77,18.2356751,19.68538502,6.967843048,83.74879344,chickpea,199,0.605263149930748,0.5974025896441222,0.9870129741946367,17.616280348965084,1.64862724382685,0.0,15.272157871888515,1,0,0,1,0,0,332.5398463527601,7013.860402655787,0.46784304799999976,0,0,0,0,0,0.21887711756193007,320.52078020799996,529.5560716479999
54,61,77,18.81198127,15.21618225,6.206582192999999,77.54294240000002,chickpea,192,0.8852458871271166,0.7012986921909261,0.7922077819193795,11.789826122551595,1.1799075437596525,0.0,14.587363800494892,1,0,0,1,0,0,353.89063930283083,6012.90791604972,0.29341780700000086,0,0,0,0,0,0.08609400946468976,335.155438422,378.60151377299997
38,60,76,18.65054116,17.80852431,8.868741443,77.92798682,chickpea,174,0.633333322777778,0.4999999934210527,0.7894736738227148,19.078784028338912,1.3877824477133294,0.0,14.533991257023475,1,0,0,1,0,0,347.84268556085414,6072.771129818094,2.3687414429999993,0,1,0,1,0,5.610936023785719,337.01217483399995,532.1244865799999
59,55,79,20.36720401,16.89574311,8.766128654,82.2545577,chickpea,193,1.0727272532231409,0.7468354335843617,0.6962025228328795,12.858201014657274,1.3897518765258725,0.30516216378077987,16.752953574282163,1,0,0,0,0,0,414.82299918496,6765.812262422631,2.266128653999999,0,1,0,1,0,5.135339076479848,517.201590586,482.13707596999996
36,76,75,18.38120357,16.63805158,8.736337905,70.52056697,chickpea,187,0.4736842042936289,0.4799999936000001,1.0133333198222225,22.810816147900834,1.1733248306977044,0.0,12.962528973473882,1,0,0,1,0,0,337.8686446817808,4973.150365770256,2.236337904999999,0,1,0,1,0,5.001207225339785,314.50816457999997,663.9616807799999
57,68,81,17.17012591,17.30457712,8.081095263,72.78624223,chickpea,206,0.8382352817906576,0.7037036950160038,0.8395061624752326,12.013880860626733,1.2595351419440357,0.0,12.49748943604859,1,0,0,1,0,0,294.8132237652533,5297.837057964235,1.581095263,0,1,0,1,0,2.499862230681039,460.622429991,549.514477884
35,66,81,19.37101121,15.77458129,6.138243973,85.24819851,chickpea,182,0.5303030222681361,0.43209876009754616,0.8148148047553728,23.45918441321721,1.3447546372220518,0.0,16.51343808969515,1,0,0,1,0,0,375.2360752979456,7267.255349200365,0.3617560270000002,0,0,0,0,0,0.13086742307082488,214.83853905499998,405.12410221799996
35,64,78,17.92845928,14.27327988,7.496645259,85.37378769,chickpea,177,0.5468749914550782,0.4487179429651546,0.8205128099934256,21.93171219946131,1.2185639661150687,0.0,15.306204761795302,1,0,0,1,0,0,321.42965215461805,7288.683624537196,0.9966452590000001,0,0,0,0,0,0.9933017722871773,262.382584065,479.785296576
52,60,79,19.45339934,18.23490739,8.380185271,75.6317566,chickpea,191,0.8666666522222225,0.6582278397692679,0.7594936612722322,13.868429375143146,1.3791380773440214,0.0,14.712947639254807,1,0,0,1,0,0,378.43474588151247,5720.162606401644,1.8801852710000002,0,1,0,1,0,3.5350966532853443,435.769634092,502.81111626
27,76,83,19.12829388,14.92241479,6.289614016,89.61857826,chickpea,186,0.3552631532202217,0.32530120089998554,0.9156626395703297,30.512292604784715,1.3373255976857965,0.0,17.142505020650592,1,0,0,1,0,0,365.8916267596455,8031.489569343746,0.2103859840000002,0,0,0,0,0,0.044262262263648336,169.819578432,478.010665216
57,60,84,19.1034283,17.26184541,6.586777189,75.49101167,chickpea,201,0.949999984166667,0.6785714204931974,0.7142857057823131,14.798648586948742,1.303114173292046,0.0,14.421371287323083,1,0,0,1,0,0,364.94097281324093,5698.892842960077,0.0867771890000002,0,0,0,0,0,0.0075302805307417555,375.446299773,395.20663134
52,68,78,17.48504075,16.96070581,6.89655198,86.05078037,chickpea,198,0.7647058711072666,0.6666666581196582,0.8717948606180146,13.114877048604,1.459481970576493,0.0,15.0460140133875,1,0,0,1,0,0,305.72665002916057,7404.736802285977,0.3965519799999999,0,0,0,0,0,0.15725347284192034,358.62070296,468.96553464
43,79,79,19.40751744,18.98030507,7.8067476560000015,80.25064637,chickpea,201,0.544303790578433,0.544303790578433,0.9999999873417723,20.784609690826528,1.5231817501672882,0.0,15.574658189970476,1,0,0,1,0,0,376.6517331839041,6440.166242802794,1.3067476560000015,0,1,0,0,0,1.7075894364614983,335.6901492080001,616.7330648240002
44,74,85,20.18649426,19.63719995,7.150681303,78.26039559,chickpea,203,0.5945945865595327,0.5176470527335642,0.8705882250519033,21.22105872319601,1.5368150363669282,0.14987200926852706,15.798030263628643,1,0,0,0,0,0,407.4945505090129,6124.689517903292,0.6506813029999998,0,0,0,0,0,0.42338615807377755,314.629977332,529.150416422
24,55,78,17.30287885,15.15405941,6.64919573,75.57790384,chickpea,157,0.43636362842975224,0.3076923037475346,0.7051281960881001,27.098585448936873,1.1453120448746272,0.0,13.077153138804697,1,0,0,1,0,0,299.3896164977773,5712.019548848288,0.14919572999999975,0,0,0,0,0,0.022259365850232825,159.58069752,365.70576515
29,77,75,17.50361137,15.48083156,7.778591617999999,72.9446671,chickpea,181,0.37662337173216404,0.3866666615111112,1.026666652977778,27.15388247255507,1.1292441045753738,0.0,12.767951044324253,1,0,0,1,0,0,306.37641099199334,5320.924458329823,1.2785916179999992,0,1,0,0,0,1.634796525619856,225.57915692199998,598.9515545859999
20,60,78,18.17234999,14.70085967,6.358740355,90.7760707,chickpea,158,0.3333333277777779,0.25641025312294546,0.7692307593688364,29.687258770949757,1.3344862767546988,0.0,16.496145274773845,1,0,0,1,0,0,330.234304159053,8240.2950117314,0.14125964499999988,0,0,0,0,0,0.01995428730552599,127.17480710000001,381.52442130000003
56,67,78,17.57445618,16.71826572,8.255450758,77.81891424,chickpea,201,0.8358208830474495,0.7179487087442473,0.8589743479618673,11.0,1.3009972863062118,0.0,13.676250982860578,1,0,0,1,0,0,308.86151002274016,6055.783413492474,1.7554507580000003,0,1,0,1,0,3.0816073637627754,462.305242448,553.1152007860001
37,66,85,20.93175255,18.91295403,6.456148474,78.06910795,chickpea,188,0.5606060521120295,0.4352941125259516,0.7764705791003461,24.172987679087857,1.476517449821458,0.7555306185451462,16.341232494086377,1,0,0,0,0,0,438.13826481443147,6094.785616108754,0.043851526000000085,0,0,0,0,0,0.0019229563325286834,238.877493538,426.105799284
49,71,76,19.71098332,17.63879418,6.613072145,85.57925437,chickpea,196,0.6901408353501292,0.6447368336218838,0.9342105140235459,14.364307617610162,1.5095148539102956,0.0,16.868512554251073,1,0,0,1,0,0,388.52286344131824,7323.808778525165,0.11307214500000029,0,0,0,0,0,0.01278530997490109,324.040535105,469.528122295
59,69,80,19.07937684,17.86754927,8.165359297,69.40619137,chickpea,208,0.8550724513757616,0.7374999907812502,0.8624999892187502,10.503967504392488,1.2401185439465239,0.0,13.242268801773857,1,0,0,1,0,0,364.0226206027283,4817.2194004890625,1.6653592970000002,0,1,0,1,0,2.773421588104335,481.756198523,563.4097914930001
20,79,77,18.54988627,16.02542689,7.64867466,76.32565249,chickpea,176,0.2531645537574107,0.25974025636700965,1.0259740126496881,33.50124375800596,1.2231511638100412,0.0,14.158321731730421,1,0,0,1,0,0,344.09828062993444,5825.605228024243,1.1486746600000002,0,1,0,0,0,1.319453474526116,152.9734932,604.24529814
24,56,85,18.19903647,17.41333199,6.545888558,80.6405403,chickpea,165,0.42857142091836753,0.2823529378546713,0.6588235216608997,30.512292604784715,1.4042205000968742,0.0,14.675801338802046,1,0,0,1,0,0,331.20492843639005,6502.896739875924,0.04588855799999969,0,0,0,0,0,0.0021057597553193357,157.10132539199998,366.56975924799997
51,72,75,18.88852533,14.99451145,7.1042247970000005,80.11133840000002,chickpea,198,0.7083333234953705,0.6799999909333335,0.9599999872000002,13.076696830622021,1.2012303809136249,0.0,15.131850445886021,1,0,0,1,0,0,356.77638914205164,6417.826540239318,0.6042247970000005,0,0,0,0,0,0.36508760530969186,362.315464647,511.50418538400004
57,73,85,18.49311205,14.72115044,7.358099622,91.94595352,chickpea,215,0.7808219071120287,0.6705882274048444,0.8588235193079586,14.047538337136986,1.3535502141171676,0.0,17.00366820989452,1,0,0,1,0,0,341.9951932938552,8454.058368702,0.8580996220000001,0,0,0,0,0,0.7363349612765431,419.411678454,537.141272406
22,64,82,19.48974337,17.17260319,6.4740245000000005,87.51312796,chickpea,168,0.3437499946289064,0.26829267965496734,0.780487795359905,30.789608636681304,1.5028282203727743,0.0,17.056084054463717,1,0,0,1,0,0,379.8500966284589,7658.547565343335,0.025975499999999485,0,0,0,0,0,0.0006747266002499733,142.428539,414.33756800000003
52,73,79,17.25769499,18.74943955,7.840339388999999,94.00287214,chickpea,204,0.7123287573653595,0.6582278397692679,0.9240506212145492,14.177446878757825,1.7625011687153092,0.0,16.222728955760886,1,0,0,1,0,0,297.8280363678711,8836.539970569187,1.3403393889999986,0,1,0,0,0,1.7965096777048897,407.69764822799993,572.3447753969999
29,75,75,19.62416326,18.71483156,7.064790365,88.4585692,chickpea,179,0.3866666615111112,0.3866666615111112,0.9999999866666669,26.558112382722783,1.655487222616604,0.0,17.359254037268077,1,0,0,1,0,0,385.1077836551338,7824.9184649111885,0.5647903650000003,0,0,0,0,0,0.31898815639683364,204.878920585,529.859277375
44,59,78,20.67526473,19.85388984,7.599033472,84.78344008,chickpea,181,0.7457626992243611,0.56410255687048,0.7564102467126892,17.03917055884274,1.683281079604561,0.5411984143774254,17.529200683740925,1,0,0,0,0,0,427.4665716555819,7188.231711798951,1.0990334720000003,0,1,0,0,0,1.2078745725763755,334.35747276800004,448.34297484800004
41,69,82,20.02381489,16.63294455,6.715587232000001,68.97806542,chickpea,192,0.5942028899390885,0.4999999939024391,0.8414634043723975,20.952326839756964,1.1473083372971324,0.019853772551656993,13.812040134403901,1,0,0,0,0,0,400.95316274898573,4757.9735090857985,0.21558723200000074,0,0,0,0,0,0.04647785460142214,275.339076512,463.375519008
52,56,85,20.118744600000007,14.44228303,6.81712422,88.68168643,chickpea,193,0.9285714119897962,0.6117646986851212,0.6588235216608997,18.0092568789868,1.2807660149997704,0.10159516878516421,17.841641999824564,1,0,0,0,0,0,404.7638842800294,7864.441508068846,0.3171242200000002,0,0,0,0,0,0.10056777091060852,354.49045944,381.75895632000004
34,76,80,20.65691793,15.84572566,7.985417393,65.23811143,chickpea,190,0.44736841516620507,0.4249999946875001,0.9499999881250002,25.482019804821856,1.0337452162962901,0.5528245170008481,13.476183137177049,1,0,0,0,0,0,426.70825836675544,4256.011182953097,1.4854173929999996,0,1,0,0,0,2.2064648314269153,271.504191362,606.891721868
42,74,83,19.2582557,14.2804191,7.545258424,65.78042032,chickpea,199,0.5675675598977357,0.5060240902888664,0.8915662543184789,21.548395145191982,0.9393719707437561,0.0,12.66816154576036,1,0,0,1,0,0,370.88041260658247,4327.06369747587,1.045258424,0,1,0,0,0,1.0925651729429637,316.900853808,558.349123376
34,71,79,17.927806,15.85622899,7.728998197,74.63872762,chickpea,184,0.47887323269192633,0.4303797413875982,0.898734165838808,24.00694344004112,1.1834887566649577,0.0,13.381086288582017,1,0,0,1,0,0,321.406227973636,5570.939660732551,1.2289981970000001,0,1,0,0,0,1.510436568229251,262.785938698,548.758871987
27,73,79,19.16288268,15.83500655,7.354973451,82.69766829,chickpea,179,0.3698630086320136,0.34177214757250446,0.9240506212145492,28.448784391135824,1.309518119041877,0.0,15.84725715350826,1,0,0,1,0,0,367.21607260744395,6838.90434060287,0.8549734510000002,0,0,0,0,0,0.7309796019148498,198.584283177,536.913061923
30,70,79,20.26942271,19.96978871,7.313122235,69.64449182,chickpea,179,0.4285714224489797,0.3797468306361161,0.8860759381509375,26.083200212652844,1.3907857864607234,0.21561956407624444,14.116536441227172,1,0,0,0,0,0,410.8494969966638,4850.355240866047,0.8131222349999998,0,0,0,0,0,0.661167769051395,219.39366705,511.91855645
57,57,75,17.09104223,18.25142068,7.785039076,87.27444866,chickpea,189,0.9999999824561407,0.7599999898666668,0.7599999898666668,10.392304845413264,1.5928826771087221,0.0,14.91611287648027,1,0,0,1,0,0,292.10372450764334,7616.829388906976,1.2850390760000003,0,1,0,0,0,1.6513254268469346,443.747227332,443.747227332
27,79,82,17.06579293,17.54024066,6.307004922999999,70.87150577,chickpea,188,0.34177214757250446,0.3292682886674599,0.9634146223973827,30.924639582917266,1.2431032671423785,0.0,12.0947844210812,1,0,0,1,0,0,291.241288329638,5022.770330107143,0.19299507700000085,0,0,0,0,0,0.03724709974623626,170.28913292099998,498.25338891699994
32,71,85,20.62767492,14.44008871,6.4039823160000005,92.06630306,chickpea,188,0.45070421900416596,0.37647058380622844,0.8352941078200693,27.465129406819358,1.3294455833881442,0.5370381047415789,18.991137706078813,1,0,0,0,0,0,425.50097260519703,8476.204159135765,0.09601768399999955,0,0,0,0,0,0.00921939564072377,204.92743411200001,454.682744436
31,76,82,20.8248451,17.85057083,7.599279991,79.20509212,chickpea,189,0.4078947314750693,0.37804877587745395,0.9268292569898872,27.874719729532707,1.4138561069847349,0.6776055411867165,16.494337745302307,1,0,0,0,0,0,433.67417343899405,6273.446617737686,1.0992799910000004,0,1,0,0,0,1.2084164986129609,235.577679721,577.545279316
33,75,84,19.46210401,18.72831993,7.217018459,68.81405149,chickpea,192,0.4399999941333334,0.3928571381802722,0.8928571322278913,27.2213151776324,1.2887715719842132,0.0,13.392662274478756,1,0,0,1,0,0,378.7734924960581,4735.373682468371,0.7170184590000002,0,0,0,0,0,0.5141154705467349,238.161609147,541.2763844250001
47,80,77,17.18248372,16.42891834,7.561108006,72.85017344,chickpea,204,0.5874999926562501,0.6103896024624728,1.0389610254680386,18.24828759089466,1.196849550500597,0.0,12.517469191319766,1,0,0,1,0,0,295.23774678806507,5307.147770238083,1.0611080060000004,0,1,0,0,0,1.125950200397297,355.372076282,604.88864048
54,62,80,17.48911699,16.39055394,7.489545074,79.45758333,chickpea,196,0.8709677278876173,0.6749999915625001,0.7749999903125001,13.316656236958787,1.30235380551241,0.0,13.896429706010437,1,0,0,1,0,0,305.8692130899066,6313.507548643895,0.9895450739999996,0,0,0,0,0,0.9791994534776647,404.435433996,464.35179458799996
47,79,78,17.48395377,14.76014523,6.609696734,65.11365631,chickpea,204,0.5949367013299152,0.6025640948389219,1.0128204998356347,18.193405398660254,0.9610870235919058,0.0,11.384441567197086,1,0,0,1,0,0,305.68863943149717,4239.788238056803,0.1096967339999999,0,0,0,0,0,0.012033373450266735,310.655746498,522.166041986
35,57,83,19.48316794,17.44534641,7.476800943,80.4986291,chickpea,175,0.6140350769467531,0.42168674190738864,0.6867469796777472,24.027761721253466,1.4043264701796065,0.0,15.683683096950713,1,0,0,1,0,0,379.5938329782439,6480.0292869793675,0.9768009429999998,0,0,0,0,0,0.9541400822456888,261.68803300499997,426.177653751
53,73,77,19.71359733,18.09665739,7.325451279,73.64476535,chickpea,203,0.7260273873146933,0.6883116793725756,0.9480519357395852,12.858201014657274,1.3327240871058934,0.0,14.518032495722364,1,0,0,1,0,0,388.62591968938307,5423.551463456561,0.8254512790000001,0,0,0,0,0,0.6813698140027361,388.248917787,534.757943367
45,61,78,19.48649305,16.06240074,6.489389282,81.52842690000001,chickpea,184,0.7377049059392639,0.5769230695266273,0.7820512720249837,16.502525059315417,1.3095422645695962,0.0,15.887031241642832,1,0,0,1,0,0,379.7234113876983,6646.8843927886455,0.010610717999999686,0,0,0,0,0,0.00011258733647551733,292.02251769000003,395.852746202
37,78,79,19.95264829,14.82633099,7.786366322,88.6810311,chickpea,194,0.47435896827744917,0.46835442445120984,0.9873417596539018,23.96525262402492,1.3148143196230837,0.0,17.694214235328516,1,0,0,1,0,0,398.1081737844399,7864.325276959167,1.2863663220000001,0,1,0,0,0,1.654738314375808,288.095553914,607.336573116
30,75,81,19.41789736,16.80472243,6.4084378860000015,68.4951189,chickpea,186,0.39999999466666675,0.37037036579789673,0.9259259144947418,27.874719729532707,1.151041460924347,0.0,13.300311884611961,1,0,0,1,0,0,377.054737883495,4691.581313125136,0.09156211399999847,0,0,0,0,0,0.008383620720148716,192.25313658000005,480.6328414500001
37,55,82,19.45591848,18.02235902,8.423873703,78.44910564,chickpea,174,0.6727272604958681,0.45121950669244504,0.6707316991374184,22.64950330581225,1.4138379466419868,0.0,15.262994041607483,1,0,0,1,0,0,378.53276390040554,6154.2621757158795,1.923873703,0,1,0,1,0,3.701290025094932,311.683327011,463.313053665
53,65,76,20.19137759,16.41998269,8.719960893,77.33795356,chickpea,194,0.815384602840237,0.6973684118767315,0.8552631466412745,11.503622617824933,1.269887858735224,0.15995342284945943,15.615598223678447,1,0,0,0,0,0,407.69172898195416,5981.159060848717,2.2199608929999997,0,1,0,1,0,4.928226366449356,462.15792732899996,566.797458045
22,60,85,18.8392908,14.74071856,7.811997977000001,94.78189594,chickpea,167,0.3666666605555557,0.2588235263667821,0.7058823446366783,31.722757341273685,1.3971532526347465,0.0,17.856237001889994,1,0,0,1,0,0,354.9188778469647,8983.607797980989,1.3119979770000008,0,1,0,0,0,1.7213386916520945,171.863955494,468.71987862000003
60,61,78,20.71219282,19.83643308,6.317153205,94.03659867,chickpea,199,0.9836065412523518,0.7692307593688364,0.7820512720249837,10.115993936995679,1.865350696588272,0.570919167860134,19.477041637899955,1,0,0,0,0,0,428.9949314128595,8842.881889422646,0.18284679499999967,0,0,0,0,0,0.03343295044177191,379.02919230000003,385.34634550500004
42,67,77,18.99424448,15.9362937,7.114405288,78.69707199,chickpea,186,0.6268656622855872,0.5454545383707203,0.8701298588294823,18.027756377319946,1.2541396525626836,0.0,14.9479142523822,1,0,0,1,0,0,360.78132336601044,6193.229139799242,0.6144052880000004,0,0,0,0,0,0.3774938579223634,298.805022096,476.665154296
39,76,76,19.96837462,15.57324389,8.135900726000001,69.15759062,chickpea,191,0.5131578879847647,0.5131578879847647,0.9999999868421054,21.361959960016154,1.0770080255700363,0.0,13.809646773167579,1,0,0,1,0,0,398.7359849646601,4782.772340363511,1.635900726000001,0,1,0,1,0,2.67617118532733,317.30012831400006,618.328455176
35,63,76,17.81564548,17.60756635,7.714153037999999,90.82097601,chickpea,174,0.5555555467372135,0.460526309729917,0.8289473575138506,20.952326839756964,1.599136361067833,0.0,16.18034310741745,1,0,0,1,0,0,317.39722386904447,8248.449683408995,1.2141530379999992,0,1,0,0,0,1.4741675996846275,269.99535633,485.99164139399994
30,65,82,20.71424384,15.27824066,7.103798069,76.77888672,chickpea,177,0.46153845443786995,0.36585365407495546,0.7926829171624035,26.514147167125703,1.173046308915038,0.6051199472255762,15.90416581281818,1,0,0,0,0,0,429.07989786297804,5894.997445962593,0.6037980689999998,0,0,0,0,0,0.36457210812812846,213.11394207,461.746874485
57,56,78,17.34150229,18.75626255,8.861479668,67.9545435,chickpea,191,1.0178571246811228,0.7307692214003946,0.7179487087442473,12.42309676905615,1.2745732593513959,0.0,11.784338717211547,1,0,0,1,0,0,300.72770167407526,4617.819982293392,2.3614796679999994,0,1,0,1,0,5.576586222377387,505.10434107599997,496.24286140799995
48,65,78,17.43732714,14.33847406,7.861128148,73.0926704,chickpea,191,0.7384615271005919,0.6153846074950692,0.8333333226495728,15.044378795195676,1.04803735850653,0.0,12.745408053009948,1,0,0,1,0,0,304.0603777873806,5342.5384662030365,1.3611281479999997,0,1,0,0,0,1.8526698352779092,377.334151104,510.97332961999996
36,56,83,18.89780215,19.76182946,7.4526709,69.09512477,chickpea,175,0.6428571313775513,0.4337349345333141,0.6746987870518218,23.58671942711265,1.3654460722221617,0.0,13.057459974330243,1,0,0,1,0,0,357.12692610054467,4774.136266981867,0.9526709000000002,0,0,0,0,0,0.9075818437068104,268.2961524,417.3495704
40,58,75,18.59190771,14.77959596,7.168096055,89.60982451,chickpea,173,0.6896551605231869,0.5333333262222223,0.7733333230222224,17.502380790433435,1.3243970003043049,0.0,16.66017587199216,1,0,0,1,0,0,345.65903229715747,8029.920648712996,0.6680960550000004,0,0,0,0,0,0.4463523387065635,286.72384220000004,415.74957119000004
49,69,82,18.31561493,15.36143547,7.26311855,81.78710463,chickpea,200,0.7101449172442766,0.5975609683224272,0.8414634043723975,16.623276853055575,1.2563673300518834,0.0,14.979811146427,1,0,0,1,0,0,335.46175026403887,6689.130483758568,0.7631185499999997,0,0,0,0,0,0.5823499213541021,355.89280894999996,501.15517995
13,60,25,17.13692774,20.59541693,5.68597166,128.256862,kidneybeans,98,0.21666666305555562,0.5199999792000009,2.399999904000004,24.419937209856485,2.641503547023474,0.0,21.97928576253152,1,0,0,1,0,0,293.67429236598156,16449.822650087048,0.8140283400000001,1,0,0,0,0,0.6626421383231558,73.91763158,341.15829959999996
25,70,16,19.63474332,18.90705639,5.759237003,106.3598183,kidneybeans,111,0.3571428520408164,1.562499902343756,4.374999726562517,28.930952282978865,2.010951082228254,0.0,20.883477318823385,1,0,0,1,0,0,385.52314524228456,11312.410948809014,0.740762997,1,0,0,0,0,0.5487298177244221,143.980925075,403.14659021
31,55,22,22.91350245,21.33953114,5.873171894,109.225556,kidneybeans,108,0.56363635338843,1.409090845041325,2.4999998863636415,17.05872210923198,2.330822153545814,2.2917746874175866,25.02740045008612,1,0,0,0,0,0,525.028594526156,11930.222083509136,0.6268281059999996,1,0,0,0,0,0.39291347447154673,182.06832871400002,323.02445417
40,64,16,16.43340342,24.24045875,5.926676985,140.3717815,kidneybeans,120,0.6249999902343751,2.4999998437500097,3.9999997500000153,24.0,3.4026763791147627,0.0,23.06786114173593,1,0,0,1,0,0,270.0567479644677,19704.237041483742,0.5733230149999997,1,0,0,0,0,0.3286992795286899,237.0670794,379.30732704
2,61,20,22.13974653,23.02251117,5.95561668,76.64128258,kidneybeans,83,0.03278688470841173,0.09999999500000024,3.0499998475000076,30.237945256470937,1.7644747842811763,1.6471231461210627,16.968185700553043,1,0,0,0,0,0,490.16837641264704,5873.886195507411,0.5443833199999997,1,0,0,0,0,0.29635319909422203,11.91123336,363.29261748000005
26,65,22,17.84806561,18.77621951,5.9499490810000015,143.09841709999995,kidneybeans,113,0.399999993846154,1.181818128099176,2.9545453202479397,23.75570107012911,2.686847291003137,0.0,25.54029937087945,1,0,0,1,0,0,318.55344601886463,20477.15697652556,0.5500509189999985,1,0,0,0,0,0.30255601349274286,154.69867610600005,386.7466902650001
17,57,21,19.88394011,20.31564139,5.789214288999999,60.91974792,kidneybeans,95,0.2982456088027086,0.8095237709750585,2.7142855850340197,22.03028218914441,1.2376237523119185,0.0,12.113246191575772,1,0,0,1,0,0,395.37107429806684,3711.2156866363443,0.7107857110000007,1,0,0,0,0,0.5052163269617764,98.41664291299999,329.985214473
26,80,18,19.32509638,23.3334788,5.581021521,104.7783947,kidneybeans,124,0.32499999593750006,1.4444443641975353,4.444444197530878,33.724372986511305,2.444844451430483,0.0,20.248525761191814,1,0,0,1,0,0,373.45935009628914,10978.51199590899,0.9189784789999997,1,0,0,0,0,0.8445214448651529,145.106559546,446.48172168
17,59,17,18.416700100000003,23.42829938,5.689858133,132.9801054,kidneybeans,93,0.28813558833668496,0.999999941176474,3.4705880311418804,24.24871130596428,3.115497720895155,0.0,24.49054720418191,1,0,0,1,0,0,339.17484257334013,17683.70843219511,0.8101418669999996,1,0,0,0,0,0.656329844666245,96.72758826100001,335.70162984700005
27,59,22,21.81167649,23.20591245,5.794158503999999,130.0608093,kidneybeans,108,0.4576271108876761,1.2272726714876059,2.6818180599173607,20.074859899884732,3.0181797537919457,1.391260429853367,28.36844296479183,1,0,0,0,0,0,475.74923130441874,16915.814115770965,0.7058414960000006,1,0,0,0,0,0.4982122174755188,156.44227960799998,341.855351736
28,58,24,19.72702528,18.28173015,5.748190462999999,143.7630894,kidneybeans,110,0.48275861236623085,1.1666666180555576,2.416666565972226,18.583146486355137,2.628238005941126,0.0,28.360180989247002,1,0,0,1,0,0,389.15552639775905,20667.825873832397,0.7518095370000006,1,0,0,0,0,0.5652175799241553,160.94933296399998,333.395046854
25,57,19,17.15432954,19.87070659,5.566522896,87.99669731,kidneybeans,101,0.43859648353339503,1.3157894044321365,2.999999842105271,20.428737928059416,1.7485565531360523,0.0,15.095243440873714,1,0,0,1,0,0,294.2710219669166,7743.418737467761,0.9334771039999996,1,0,0,0,0,0.871379503692226,139.1630724,317.29180507200005
28,80,17,19.62207826,18.67170854,5.809419584,144.1567454,kidneybeans,125,0.34999999562500006,1.6470587266436043,4.705882076124584,33.6501609703926,2.691652734183786,0.0,28.28654939945695,1,0,0,1,0,0,385.0259552415646,20781.167244320422,0.6905804160000004,1,0,0,0,0,0.47690131096273364,162.663748352,464.75356672
25,60,22,21.63149148,21.17919701,5.887263027,134.3649948,kidneybeans,107,0.41666665972222233,1.136363584710746,2.727272603305791,21.1266025033211,2.845742696116826,1.2859546852494361,29.065152402264445,1,0,0,0,0,0,467.92142364931266,18053.95182760403,0.6127369729999996,1,0,0,0,0,0.3754465980812023,147.181575675,353.23578162
12,78,23,16.06522754,18.72479695,5.99812453,88.06638775,kidneybeans,113,0.1538461518737673,0.5217391077504736,3.391304200378078,35.3600527903075,1.6490252287387175,0.0,14.148065578296187,1,0,0,1,0,0,258.0915359119744,7755.688651333351,0.5018754699999999,1,0,0,0,0,0.2518789873877208,71.97749436000001,467.85371334
6,77,25,20.61162204,24.36314135,5.792744849,69.63833855,kidneybeans,108,0.0779220769101029,0.23999999040000036,3.079999876800005,36.75595189897821,1.696608685472804,0.46261169786704665,14.353591136861617,1,0,0,0,0,0,424.8389631198138,4849.498196004416,0.707255151,1,0,0,0,0,0.5002098486160328,34.756469093999996,446.041353373
22,79,17,21.42451099,20.39659714,5.912289889,116.5206923,kidneybeans,118,0.27848100913315177,1.2941175709342605,4.647058550173027,34.44318994131254,2.376625619317,1.1339592221546757,24.963988527437586,1,0,0,0,0,0,459.00967116063083,13577.071734071278,0.5877101109999998,1,0,0,0,0,0.3454031745716321,130.07037755800002,467.070901231
27,80,15,19.07096165,21.21092266,5.7883869510000014,86.21917578,kidneybeans,122,0.33749999578125006,1.799999880000008,5.333332977777801,34.58805188693537,1.8287882692785253,0.0,16.44282594794989,1,0,0,1,0,0,363.70157825577076,7433.746272182539,0.7116130489999986,1,0,0,0,0,0.5063931315070743,156.28644767700004,463.0709560800001
10,55,23,21.18853178,19.63438599,5.728233081,137.1948633,kidneybeans,88,0.18181817851239676,0.4347825897920613,2.391304243856337,23.15887159024233,2.693736901877485,0.9551708627009837,29.06957721084806,1,0,0,0,0,0,448.95387899207003,18822.43051590569,0.771766919,1,0,0,0,0,0.5956241772627526,57.28233081,315.052819455
23,65,20,23.0429097,22.42610972,5.833940084,108.3684316,kidneybeans,108,0.35384614840236694,1.149999942500003,3.249999837500008,25.15949125081825,2.430282337245915,2.3605034319974765,24.971239836894267,1,0,0,0,0,0,530.975687442354,11743.716967443877,0.666059916,1,0,0,0,0,0.4436358117019271,134.180621932,379.20610546
19,78,16,20.65375833,23.10538637,5.967533236,67.71768947,kidneybeans,113,0.2435897404667982,1.1874999257812546,4.8749996953125185,34.961884007206095,1.5646433792880305,0.5027049419274394,13.986247929793656,1,0,0,0,0,0,426.5777331540443,4585.685467155348,0.5324667639999996,1,0,0,0,0,0.28352085476463124,113.383131484,465.46759240800003
19,65,25,18.09551014,18.29318436,5.6250964460000015,144.7902323,kidneybeans,109,0.292307687810651,0.7599999696000012,2.599999896000004,25.006665778014735,2.6486744129911273,0.0,26.200531167576056,1,0,0,1,0,0,327.4474872268428,20964.211369487966,0.8749035539999985,1,0,0,0,0,0.7654562288018283,106.87683247400003,365.6312689900001
22,70,19,18.23775702,21.07643273,5.515615023,69.44951585,kidneybeans,111,0.31428570979591847,1.1578946759002802,3.6842103324099824,28.61817604250837,1.463748048943594,0.0,12.666033952289387,1,0,0,1,0,0,332.6157811205593,4823.2352517994,0.9843849770000004,1,0,0,0,0,0.9690137829432913,121.343530506,386.09305161
37,64,22,17.48189735,18.8251973,5.954665349,121.9401369,kidneybeans,123,0.578124990966797,1.6818181053719041,2.90909077685951,21.283796653792763,2.29554713593151,0.0,21.31744956130747,1,0,0,1,0,0,305.61673495593703,14869.396987190741,0.5453346510000001,1,0,0,0,0,0.2973898815812919,220.322617913,381.098582336
11,71,17,19.9191786,21.47324158,5.74644777,82.68554379,kidneybeans,99,0.15492957528268203,0.6470587854671302,4.176470342560568,33.04542328371661,1.7755266569763386,0.0,16.470281143911308,1,0,0,1,0,0,396.77367609869793,6836.899151848007,0.7535522300000004,1,0,0,0,0,0.5678409633379735,63.21092546999999,407.99779166999997
18,79,20,20.27514686,23.2353604,5.877347515,139.7521543,kidneybeans,117,0.22784809838166964,0.8999999550000022,3.9499998025000096,34.655446902326915,3.2471916718369096,0.2112154954497162,28.334954524338805,1,0,0,0,0,0,411.08158019456783,19530.66463149101,0.6226524849999997,1,0,0,0,0,0.38769611707667484,105.79225527,464.310453685
21,63,17,15.77370214,19.2303162,5.979973965,108.3441414,kidneybeans,101,0.3333333280423281,1.2352940449827032,3.7058821349481095,25.482019804821856,2.083492097539511,0.0,17.089882150576425,1,0,0,1,0,0,248.80967920144056,11738.452975703194,0.5200260349999999,1,0,0,0,0,0.2704270770778211,125.579453265,376.738359795
24,80,22,16.71170642,19.17651433,5.635993966,96.77285817,kidneybeans,126,0.29999999625000007,1.0909090413223161,3.6363634710743873,32.92415526630866,1.8557661014520628,0.0,16.172395951613385,1,0,0,1,0,0,279.28113146826917,9364.986078390937,0.864006034,1,0,0,0,0,0.7465064267884092,135.263855184,450.87951728
34,60,22,17.66148158,18.15302753,5.635231778,100.6711761,kidneybeans,116,0.5666666572222224,1.5454544752066146,2.727272603305791,19.42506971244462,1.827486631220778,0.0,17.78002122327086,1,0,0,1,0,0,311.9279316006793,10134.68569735721,0.8647682220000004,1,0,0,0,0,0.7478240777810419,191.597880452,338.11390667999996
16,75,21,18.50692825,23.61670065,5.679224346,87.05132890000002,kidneybeans,112,0.21333333048888894,0.7619047256235845,3.571428401360552,32.715949219506584,2.055865175815994,0.0,16.110526980194518,1,0,0,1,0,0,342.5063932506481,7577.9338632559775,0.8207756540000002,1,0,0,0,0,0.673672674199128,90.867589536,425.94182595
17,77,23,24.51324787,20.81527638,5.670062975,64.19497947,kidneybeans,117,0.2207792179119582,0.7391304026465042,3.347825941398872,33.04542328371661,1.336236239876476,3.573802852145038,15.736274437576714,1,0,0,0,0,0,600.8993211360596,4120.9953891537225,0.8299370250000004,1,0,0,0,0,0.6887954654658514,96.39107057499999,436.59484907499996
37,72,18,18.87614998,24.54038287,5.724242065,105.4120514,kidneybeans,127,0.5138888817515433,2.055555441358031,3.99999977777779,27.392213005402343,2.586852100468119,0.0,19.89773691925869,1,0,0,1,0,0,356.309038067454,11111.70058035624,0.7757579349999997,1,0,0,0,0,0.6018003737154637,211.796956405,412.14542868
40,73,20,21.59343016,20.31871249,5.811314232000001,61.13872036,kidneybeans,133,0.5479451979733535,1.9999999000000048,3.649999817500009,26.764404221527766,1.2422600810013493,1.2696656670606534,13.201946881654301,1,0,0,0,0,0,466.27622607479765,3737.9431272582788,0.6886857679999991,1,0,0,0,0,0.47428808704574865,232.45256928000003,424.22593893600003
9,77,17,20.12373284,24.45202552,5.783425416,106.158201,kidneybeans,103,0.11688311536515435,0.5294117335640156,4.529411498269911,37.16629297271027,2.595783040009289,0.09347765438657835,21.362992756990206,1,0,0,0,0,0,404.9646234156944,11269.563639556402,0.716574584,1,0,0,0,0,0.513479134434773,52.050828744,445.323757032
1,62,23,15.43546065,18.37477907,5.607808432000001,139.0302034,kidneybeans,86,0.01612903199791884,0.04347825897920613,2.69565205671078,30.892285984260425,2.554649271532163,0.0,21.459952337421964,1,0,0,1,0,0,238.25344547769842,19329.39745744537,0.8921915679999994,1,0,0,0,0,0.7960057940102976,5.607808432000001,347.684122784
33,59,22,22.64236876,21.59396123,5.946999529,122.3886015,kidneybeans,114,0.5593220244182708,1.499999931818185,2.6818180599173607,19.0,2.6428547157849196,2.0717766744119683,27.71167847183689,1,0,0,0,0,0,512.6768630638239,14978.9697771258,0.5530004709999998,1,0,0,0,0,0.30580952092622166,196.25098445700002,350.872972211
23,59,19,21.98560799,24.87304788,5.852046999,129.5650601,kidneybeans,101,0.38983050186727963,1.2105262520775657,3.105262994459842,22.03028218914441,3.222677943442378,1.491726763938193,28.4856662055939,1,0,0,0,0,0,483.3669586899518,16787.104798716613,0.6479530010000003,1,0,0,0,0,0.4198430915049064,134.597080977,345.27077294099996
6,62,22,20.53052663,18.09224048,5.824090984,120.4509288,kidneybeans,90,0.09677419198751304,0.27272726033057904,2.81818169008265,28.844410203711913,2.179227169888958,0.43454247628996073,24.72921001336634,1,0,0,0,0,0,421.5025237051392,14508.426248782669,0.6759090160000003,1,0,0,0,0,0.45685299791008865,34.944545903999995,361.09364100799996
25,63,20,15.78601387,21.14544088,5.502999119,95.17028129,kidneybeans,108,0.3968253905265811,1.249999937500003,3.1499998425000078,23.515952032609693,2.0124175565506652,0.0,15.023593804557414,1,0,0,1,0,0,249.19823390383237,9057.382440817724,0.997000881,1,0,0,0,0,0.994010756714776,137.574977975,346.688944497
7,79,23,19.6365349,19.68751084,5.821649914,96.65888933,kidneybeans,109,0.08860759381509375,0.3043478128544429,3.4347824593572844,37.80652501002086,1.9029729314667354,0.0,18.980456537237828,1,0,0,1,0,0,385.59350287891806,9342.940886509186,0.678350086,1,0,0,0,0,0.4601588391762074,40.751549398,459.910343206
8,72,17,20.57341244,19.7520218,5.711439256,87.87869161,kidneybeans,97,0.11111110956790125,0.47058820761245834,4.235293868512125,34.64582706955245,1.735781832436197,0.4601518898472869,18.079645671800975,1,0,0,0,0,0,423.2652994263467,7722.664439085485,0.7885607439999998,1,0,0,0,0,0.6218280469778331,45.691514048,411.223626432
27,64,15,20.16080524,24.84207559,5.514927264,138.2362122,kidneybeans,106,0.4218749934082032,1.799999880000008,4.266666382222241,25.540817005987364,3.4340744327476806,0.12085788072651787,27.86953351279512,1,0,0,0,0,0,406.45806792521137,19109.250363403433,0.9850727360000002,1,0,0,0,0,0.9703682952105261,148.903036128,352.955344896
28,66,23,21.53989176,24.25386207,5.99616119,120.6913038,kidneybeans,117,0.42424241781450883,1.2173912514177716,2.8695650926276044,23.515952032609693,2.927230235413667,1.1664085365023045,25.996776202252768,1,0,0,0,0,0,463.9669370325159,14566.390812943895,0.5038388100000004,1,0,0,0,0,0.25385354646221653,167.89251331999998,395.74663854
32,57,18,15.53834801,23.75560241,5.695422862999999,107.3850593,kidneybeans,107,0.5614034989227457,1.7777776790123512,3.1666664907407505,19.75685535031659,2.5509967735050734,0.0,16.685864224778868,1,0,0,1,0,0,241.44025887987095,11531.550960864515,0.8045771370000008,1,0,0,0,0,0.647344369383118,182.25353161599998,324.63910319099995
27,56,22,19.91853092,20.70099804,5.833010957999999,108.6434544,kidneybeans,105,0.4821428485331634,1.2272726714876059,2.545454429752071,18.35755975068582,2.2490279365932295,0.0,21.6401800572201,1,0,0,1,0,0,396.747874010996,11803.400183964879,0.6669890420000009,1,0,0,0,0,0.4448743821480789,157.49129586599997,326.6486136479999
17,77,24,20.76952209,18.93146941,5.568456899,109.0193712,kidneybeans,118,0.2207792179119582,0.7083333038194456,3.2083331996527833,32.80751946327752,2.0638968909702347,0.6238402509284563,22.642802383763097,1,0,0,0,0,0,431.3730478469979,11885.22329684339,0.9315431009999999,1,0,0,0,0,0.8677725490206961,94.663767283,428.771181223
0,65,15,23.46168338,23.22197648,5.645435626,95.84253438,kidneybeans,80,0.0,0.0,4.333333044444464,34.03429642777023,2.225653079155951,2.6578120796843314,22.486271959603247,1,0,0,0,0,0,550.4505870233683,9185.791396381483,0.8545643739999997,1,0,0,0,0,0.7302802693100114,0.0,366.95331569
13,72,21,24.32116642,21.0278674,5.821194486,60.27552528,kidneybeans,106,0.18055555304783955,0.6190475895691624,3.42857126530613,32.00520790954705,1.2674657530531879,3.4125172750690735,14.659710813877972,1,0,0,0,0,0,591.5191360293356,3633.1389477799185,0.6788055140000004,1,0,0,0,0,0.4607769258368048,75.67552831799999,419.12600299199994
34,60,23,20.12574053,24.96969858,5.659254981,100.0497183,kidneybeans,117,0.5666666572222224,1.4782608052930084,2.6086955387523676,19.0,2.4982113089649096,0.09434349866610674,20.13574670605393,1,0,0,0,0,0,405.04543188088473,10009.946131909353,0.8407450189999999,1,0,0,0,0,0.7068521869733101,192.414669354,339.55529886
9,80,19,21.80619564,18.57086554,5.945465949,125.0972687,kidneybeans,108,0.11249999859375003,0.47368418559556913,4.210526094182837,38.43175770115127,2.3231645564489503,1.4707694763062562,27.278955153018483,1,0,0,0,0,0,475.51016828995495,15649.3266362,0.5545340510000001,1,0,0,0,0,0.3075080137184707,53.509193541,475.63727592
11,72,20,19.52226241,24.92607153,5.9511774520000005,113.334026,kidneybeans,103,0.15277777565586423,0.5499999725000013,3.5999998200000087,32.929217016706204,2.82497203885888,0.0,22.125365955537628,1,0,0,1,0,0,381.118729604899,12844.601449368674,0.5488225479999995,1,0,0,0,0,0.3012061891932118,65.462951972,428.48477654400006
3,67,24,17.00067625,19.90790546,5.520880013999999,103.2926407,kidneybeans,94,0.044776118734684796,0.12499999479166687,2.791666550347227,32.624121954978854,2.0563401257693483,0.0,17.560447435482736,1,0,0,1,0,0,289.0229929573141,10669.369622779297,0.9791199860000006,1,0,0,0,0,0.9586759469846414,16.562640041999998,369.89896093799996
35,69,23,16.78791503,24.96881755,5.578410206,75.45328039,kidneybeans,127,0.5072463694601975,1.5217390642722146,2.999999869565223,23.86070689089771,1.883979191606903,0.0,12.667032599220853,1,0,0,1,0,0,281.83409105449994,5693.197521611959,0.921589794,1,0,0,0,0,0.8493277484049624,195.24435721,384.910304214
3,77,25,24.84906168,22.89464642,5.608165195,62.21292186,kidneybeans,105,0.03896103845505145,0.11999999520000018,3.079999876800005,38.0,1.424342848739789,3.7388861536762867,15.4593273259216,1,0,0,0,0,0,617.4758663764443,3870.447646358466,0.8918348050000002,1,0,0,0,0,0.7953693194093885,16.824495585,431.828720015
23,62,19,16.51783455,20.4555596,5.609435127999999,98.77794225,kidneybeans,104,0.3709677359521333,1.2105262520775657,3.2631577229916986,23.75570107012911,2.020558084860233,0.0,16.315977072749547,1,0,0,1,0,0,272.8388582211737,9757.081875144335,0.8905648720000006,1,0,0,0,0,0.7931057912403774,129.017007944,347.78497793599996
22,71,17,18.15300153,19.38602098,5.509295379,107.6907964,kidneybeans,110,0.30985915056536406,1.2941175709342605,4.176470342560568,29.838453936712828,2.0876960383633087,0.0,19.549111918161188,1,0,0,1,0,0,329.5314645481824,11597.307629266252,0.9907046209999999,1,0,0,0,0,0.9814956460707535,121.20449833800001,391.15997190900003
31,79,25,23.18864385,22.3104551,5.902033406,63.38208822,kidneybeans,135,0.3924050583239866,1.2399999504000019,3.159999873600005,29.597297173897484,1.4140832333765487,2.4772428955468375,14.697446702028603,1,0,0,0,0,0,537.7132036021427,4017.2891071278627,0.5979665939999999,1,0,0,0,0,0.3575640475399607,182.96303558600002,466.26063907400004
34,59,18,23.38002569,21.98879437,5.744117663,87.66898664,kidneybeans,111,0.5762711766733699,1.888888783950623,3.2777775956790225,20.663978319771825,1.9277353198532374,2.6367987913727267,20.497031598594667,1,0,0,0,0,0,546.62560126506,7685.8512184844985,0.7558823370000001,1,0,0,0,0,0.5713581073885817,195.300000542,338.902942117
12,63,17,18.358923,19.37703396,5.717143397,138.414764,kidneybeans,92,0.19047618745275893,0.7058823114186875,3.7058821349481095,28.112867753634337,2.682067582593385,0.0,25.41145994339172,1,0,0,1,0,0,337.05005371992905,19158.646893175694,0.7828566029999999,1,0,0,0,0,0.6128644608606995,68.605720764,360.18003401100003
27,56,20,19.25975367,20.51346956,5.542690119,94.9533526,kidneybeans,103,0.4821428485331634,1.3499999325000034,2.799999860000007,19.08751773629388,1.947822708180047,0.0,18.28778181216654,1,0,0,1,0,0,370.9381114290784,9016.139169979928,0.9573098809999996,1,0,0,0,0,0.9164422082602334,149.652633213,310.39064666400003
7,63,24,22.95458237,24.03553105,5.858617867,107.7315386,kidneybeans,94,0.11111110934744271,0.2916666545138894,2.6249998906250043,28.711205710198474,2.589384741084573,2.2444328070608246,24.729324766405345,1,0,0,0,0,0,526.9128517811148,11606.084409123288,0.6413821329999996,1,0,0,0,0,0.41137104053162915,41.010325069000004,369.092925621
24,67,22,20.120043,22.89845607,5.618844277000001,104.6252153,kidneybeans,113,0.35820894987747837,1.0909090413223161,3.0454544070247995,25.423086620891123,2.395755896361342,0.09255500637988913,21.050638307202576,1,0,0,0,0,0,404.81613032184896,10946.435676571353,0.8811557229999991,1,0,0,0,0,0.7764354081756512,134.85226264800002,376.46256655900004
11,71,24,21.14011423,22.7182355,5.6066203460000015,141.6056722,kidneybeans,106,0.15492957528268203,0.4583333142361119,2.9583332100694495,31.564748269760262,3.2170310091754026,0.8811003942595871,29.935600859239347,1,0,0,0,0,0,446.9044296574484,20052.16639921385,0.8933796539999985,1,0,0,0,0,0.7981272061811571,61.67282380600002,398.0700445660001
37,74,15,24.92360104,18.22590825,5.582178402,62.7089169,kidneybeans,126,0.49999999324324335,2.466666502222233,4.933333004444466,29.816103031751148,1.1429269658762744,4.026230031853555,15.629320264661137,1,0,0,0,0,0,621.1858888010892,3932.4082587711055,0.9178215979999997,1,0,0,0,0,0.8423964857552731,206.540600874,413.081201748
25,76,24,15.33042636,24.91506728,5.56503533,135.3315583,kidneybeans,125,0.32894736409279784,1.0416666232638907,3.1666665347222276,29.737742572921256,3.3717948801517426,0.0,20.74690488702197,1,0,0,1,0,0,235.02197237938287,18314.630671906303,0.9349646700000003,1,0,0,0,0,0.8741589341482094,139.12588325,422.94268508
34,66,17,18.81097271,21.27833035,5.889614577000001,125.084915,kidneybeans,117,0.5151515073461893,1.999999882352948,3.8823527128027813,24.879710609249457,2.6615981431716706,0.0,23.529689224976696,1,0,0,1,0,0,353.8526942963648,15646.235960557224,0.6103854229999994,1,0,0,0,0,0.3725703646108882,200.24689561800002,388.71456208200004
20,69,15,23.44260668,22.77255917,5.934136378,107.4137246,kidneybeans,104,0.28985506826297003,1.3333332444444503,4.599999693333354,29.838453936712828,2.4460853991235845,2.658637036806628,25.180576978316402,1,0,0,0,0,0,549.5558079531806,11537.708232444644,0.5658636220000002,1,0,0,0,0,0.3202016387029591,118.68272755999999,409.455410082
37,65,16,22.8352024,18.97267518,5.683548308,63.59276673,kidneybeans,118,0.569230760473373,2.312499855468759,4.062499746093765,24.583192089989723,1.2065249069658006,2.297288657952436,14.52153699455536,1,0,0,0,0,0,521.4464686489657,4044.039980376195,0.8164516920000002,1,0,0,0,0,0.6665933653696632,210.291287396,369.43064002
18,74,15,24.9035819,22.27512704,5.70836603,146.4727237,kidneybeans,107,0.24324323995617245,1.1999999200000053,4.933333004444466,33.231511150312336,3.2626985283123187,3.8113028022645534,36.476954707790206,1,0,0,0,0,0,620.1883914500075,21454.25878809654,0.7916339700000004,1,0,0,0,0,0.6266843424579615,102.75058854,422.41908622
4,67,25,23.78709569,24.35679348,5.948164454,119.6404412,kidneybeans,96,0.0597014916462464,0.15999999360000025,2.679999892800004,32.07802986469088,2.9140575181644834,2.86468061389672,28.458986232182184,1,0,0,0,0,0,565.8259213652166,14313.835170530658,0.5518355460000004,1,0,0,0,0,0.30452246982911857,23.792657816,398.52701841799995
37,56,25,22.05592283,19.60379304,5.774755143999999,126.7265372,kidneybeans,118,0.6607142739158166,1.4799999408000024,2.2399999104000035,15.631165450257807,2.484320807944661,1.652883973344689,27.950707249963244,1,0,0,0,0,0,486.4637318829152,16059.615230702982,0.7252448560000007,1,0,0,0,0,0.5259801011544617,213.66594032799998,323.386288064
5,59,15,18.87492997,20.18238348,5.97229163,134.1811718,kidneybeans,79,0.08474576127549557,0.3333333111111126,3.9333330711111287,28.728615235220325,2.7080958650633615,0.0,25.326602210175388,1,0,0,1,0,0,356.2629813724042,18004.586865621113,0.52770837,1,0,0,0,0,0.2784761237680569,29.86145815,352.36520617
11,61,21,18.62328774,23.02410338,5.532100554,135.33780330000002,kidneybeans,93,0.1803278658962645,0.5238094988662143,2.9047617664399157,26.457513110645905,3.1160315744013056,0.0,25.204348529554217,1,0,0,1,0,0,346.82684624683424,18316.321002069497,0.9678994459999997,1,0,0,0,0,0.9368293375671063,60.853106094000005,337.45813379400005
22,80,20,23.00884744,18.86880997,5.669560726,100.118612,kidneybeans,122,0.27499999656250007,1.0999999450000026,3.9999998000000097,34.07834111768548,1.8891190642881617,2.4411137342591904,23.036138694125533,1,0,0,0,0,0,529.4070605171945,10023.736468806545,0.8304392739999997,1,0,0,0,0,0.6896293878016466,124.730335972,453.56485808
12,61,19,19.33162606,24.13995025,5.655726817000001,68.51253427,kidneybeans,92,0.19672130825047038,0.6315789141274255,3.2105261468144133,26.501572280401277,1.6538891687792199,0.0,13.24458692930575,1,0,0,1,0,0,373.71176612367117,4693.967352097925,0.8442731829999994,1,0,0,0,0,0.7127972075329505,67.868721804,344.99933583700005
5,74,21,16.24469193,21.35793891,5.591704013999999,66.97053257,kidneybeans,100,0.06756756665449234,0.23809522675737013,3.523809356009078,36.11555528208494,1.4303525434002253,0.0,10.879156699876813,1,0,0,1,0,0,263.89001590060707,4485.052232709431,0.9082959860000006,1,0,0,0,0,0.8250015981837133,27.95852007,413.78609703599994
27,69,22,17.91652287,24.90814655,5.932323085,69.14681022,kidneybeans,118,0.39130434215500953,1.2272726714876059,3.1363634938016594,25.813433195399124,1.722318882424798,0.0,12.3887040669418,1,0,0,1,0,0,321.0017917512331,4781.281363600698,0.5676769149999998,1,0,0,0,0,0.32225707982391705,160.172723295,409.330292865
31,75,18,15.46789263,21.43780702,5.824208308999999,88.88796102,kidneybeans,124,0.4133333278222223,1.7222221265432152,4.166666435185197,29.871948937646057,1.9055629547480426,0.0,13.749094371569853,1,0,0,1,0,0,239.2557024132083,7901.06961429304,0.6757916910000006,1,0,0,0,0,0.45669440962464025,180.55045757899998,436.8156231749999
36,68,20,17.06104474,23.77201471,5.86442953,81.83420522,kidneybeans,124,0.5294117569204153,1.7999999100000044,3.3999998300000085,24.440403706431145,1.9453639302709989,0.0,13.961770365207615,1,0,0,1,0,0,291.07924762028165,6696.837143989075,0.6355704700000002,1,0,0,0,0,0.40394982233602117,211.11946308,398.78120803999997
5,65,16,21.32776028,18.48522915,5.866744372,109.1013261,kidneybeans,86,0.07692307573964499,0.3124999804687512,4.062499746093765,31.942656954820357,2.0167630135273753,1.0823207496793181,23.26886929290907,1,0,0,0,0,0,454.87335856114566,11903.09935677854,0.6332556279999997,1,0,0,0,0,0.401012690393674,29.33372186,381.33838418000005
32,79,15,23.90910104,20.74619325,5.706198621,81.60211243,kidneybeans,126,0.40506328601185715,2.1333331911111206,5.266666315555579,33.15116890850155,1.6929331940810073,3.0981113839038397,19.5103315116631,1,0,0,0,0,0,571.6451125409291,6658.904753038361,0.7938013789999996,1,0,0,0,0,0.630120629302301,182.598355872,450.789691059
11,78,22,23.89756791,22.74378977,5.940546818,112.6616435,kidneybeans,111,0.14102563921762,0.49999997727272827,3.545454384297528,35.93048844644336,2.562352734906687,3.0111132584066165,26.923392763934597,1,0,0,0,0,0,571.0937520130617,12692.645916121091,0.5594531820000004,1,0,0,0,0,0.3129878628499255,65.346014998,463.362651804
0,55,22,22.98666928,20.57940608,5.916779289,143.85849380000005,kidneybeans,77,0.0,0.0,2.4999998863636415,27.682726262659415,2.960522361967363,2.372030480602189,33.068276200995314,1,0,0,0,0,0,528.3869645880958,20695.266238404653,0.5832207110000001,1,0,0,0,0,0.3401463977393456,0.0,325.422860895
14,59,15,21.35135729,22.91244883,5.779090476,146.4548645,kidneybeans,88,0.23728813157138762,0.9333332711111153,3.9333330711111287,25.69695182961071,3.355639588760834,1.0417282424182748,31.270101387980375,1,0,0,0,0,0,455.8804581252361,21449.027335713363,0.7209095239999996,1,0,0,0,0,0.5197105417939061,80.907266664,340.96633808400003
29,68,23,24.1638445,19.27907819,5.82738029,116.7324324,kidneybeans,120,0.42647058196366794,1.2608695103969778,2.956521610586017,24.43358344574123,2.250493691548489,3.3610936631349846,28.207043446203617,1,0,0,0,0,0,583.8913810201802,13626.460774020568,0.6726197100000002,1,0,0,0,0,0.4524172742804844,168.99402841,396.26185971999996
32,68,19,24.62835037,18.18325169,5.514234138,149.7441028,kidneybeans,119,0.47058822837370257,1.6842104376731348,3.5789471800554113,25.383721817994566,2.7228347103056336,3.786765773127854,36.87950229599698,1,0,0,0,0,0,606.5556419474791,22423.29632337697,0.985765862,1,0,0,0,0,0.9717343346846031,176.455492416,374.967921384
17,64,17,21.02213209,24.93896255,5.662699104,124.6118471,kidneybeans,98,0.26562499584960947,0.999999941176474,3.7647056608996667,27.135462651912412,3.107690188113226,0.7672229508633673,26.196067097150834,1,0,0,0,0,0,441.93003760940775,15528.112437673779,0.8373008960000003,1,0,0,0,0,0.7010727904424034,96.26588476799999,362.412742656
13,69,19,17.30844532,20.01730914,5.86390397,115.199245,kidneybeans,101,0.18840579437093052,0.684210490304711,3.6315787562326967,30.74627348693388,2.305978899859599,0.0,19.939198329877836,1,0,0,1,0,0,299.5822793954299,13270.866048570026,0.63609603,1,0,0,0,0,0.40461815938176093,76.23075161,404.60937393
14,67,22,23.82576704,24.75485098,5.624690247999999,84.64143632,kidneybeans,103,0.20895522076186238,0.6363636074380178,3.0454544070247995,28.571547618799602,2.09528614283476,2.878704110406042,20.16647143691315,1,0,0,0,0,0,567.6671750443503,7164.172742312615,0.8753097520000006,1,0,0,0,0,0.7661671619463025,78.74566347199999,376.85424661599995
9,69,20,19.30607278,23.96362799,5.591560999,129.3449326,kidneybeans,98,0.13043478071833653,0.4499999775000011,3.4499998275000086,31.942656954820357,3.099573847218023,0.0,24.97142682499795,1,0,0,1,0,0,372.72444618665696,16730.11158929854,0.9084390009999996,1,0,0,0,0,0.8252614185378774,50.324048991000005,385.817708931
20,73,22,16.03768615,22.33195853,5.976312537999999,130.3900798,kidneybeans,115,0.27397259898667675,0.9090908677685968,3.3181816673553786,30.038863715748857,2.9118658548169907,0.0,20.911551769058548,1,0,0,1,0,0,257.2073770459018,17001.57291025037,0.5236874620000007,1,0,0,0,0,0.2742485578560022,119.52625075999998,436.270815274
40,78,20,19.18572809,20.83398341,5.669236258,80.15293435,kidneybeans,138,0.5128205062458909,1.9999999000000048,3.8999998050000095,29.46183972531247,1.669904904510719,0.0,15.377924040547208,1,0,0,1,0,0,368.0921623434151,6424.492884915409,0.8307637420000002,1,0,0,0,0,0.690168395021843,226.76945031999998,442.200428124
27,72,23,19.92889503,21.79992115,5.961934481,64.02640797,kidneybeans,122,0.37499999479166674,1.1739129924385654,3.130434646502841,27.209067116190024,1.3957706452637315,0.0,12.759755635820852,1,0,0,1,0,0,397.1608571167587,4099.380917540879,0.5380655189999999,1,0,0,0,0,0.28951450273673923,160.972230987,429.259282632
14,67,15,19.56376468,24.67385131,5.690065688,139.2921004,kidneybeans,96,0.20895522076186238,0.9333332711111153,4.466666368888909,30.315012782448235,3.4368725739271917,0.0,27.250778740085337,1,0,0,1,0,0,382.7408884544154,19402.289233843683,0.8099343120000002,1,0,0,0,0,0.6559935897549137,79.660919632,381.234401096
7,56,18,18.31357543,24.32991649,5.698371311,76.14153904,kidneybeans,81,0.12499999776785718,0.3888888672839518,3.1111109382716142,25.709920264364882,1.8525172862632746,0.0,13.944238185653298,1,0,0,1,0,0,335.3870450302997,5797.5339673798435,0.8016286890000002,1,0,0,0,0,0.642608555027859,39.888599176999996,319.10879341599997
27,65,18,20.10993761,23.22323766,5.59503163,73.36386477,kidneybeans,110,0.41538460899408297,1.4999999166666713,3.611110910493838,24.94660965609021,1.7037464672098113,0.0844065375519756,14.753427433531773,1,0,0,0,0,0,404.4095906780925,5382.2566539908485,0.9049683699999997,1,0,0,0,0,0.8189677507004565,151.06585401,363.67705595
30,63,16,23.60506572,21.90539577,5.5259045260000015,100.5978728,kidneybeans,109,0.47619046863189735,1.8749998828125072,3.9374997539062653,24.13158373031769,2.203636217304118,2.815361806265399,23.746193987362002,1,0,0,0,0,0,557.1991276455191,10119.932011884981,0.9740954739999985,1,0,0,0,0,0.9488619924672818,165.77713578000004,348.1319851380001
37,70,25,19.73136909,24.89487354,5.819403771,84.06354115,kidneybeans,132,0.5285714210204083,1.4799999408000024,2.7999998880000043,23.302360395462088,2.0927512262538364,0.0,16.58688757443053,1,0,0,1,0,0,389.3269261658075,7066.678950677744,0.6805962289999998,1,0,0,0,0,0.4632112269290202,215.317939527,407.35826397
27,63,19,20.93409877,21.1893007,5.562201934,133.1914419,kidneybeans,109,0.4285714217687076,1.4210525567867074,3.315789299168984,23.437861108329262,2.8222335130856795,0.7361697727896974,27.882428000533164,1,0,0,0,0,0,438.23649131211545,17739.960195401076,0.937798066,1,0,0,0,0,0.8794652125933404,150.179452218,350.418721842
22,60,24,18.78226261,20.24768314,5.630664753,104.2570723,kidneybeans,106,0.3666666605555557,0.9166666284722238,2.4999998958333376,21.385353243127252,2.110964165034471,0.0,19.581837108883565,1,0,0,1,0,0,352.773388751004,10869.537124567429,0.8693352470000004,1,0,0,0,0,0.7557437716765517,123.874624566,337.83988517999995
3,72,24,36.51268371,57.92887167,6.03160778,122.6539694,pigeonpeas,99,0.041666666087962975,0.12499999479166687,2.999999875000005,35.369478367654786,7.105206053188707,6.947072354361104,44.78425590478218,1,0,0,0,1,1,1333.1760717064992,15043.996209576135,0.46839222000000014,0,0,0,0,0,0.21939127175652853,18.094823339999998,434.27576016
40,59,23,36.89163721,62.73178224,5.269084669,163.7266551,pigeonpeas,122,0.6779660902039646,1.7391303591682452,2.5652172797731616,18.0092568789868,10.270864874616786,6.295212138651988,60.401443615559955,1,0,0,0,1,1,1360.9928960342565,26806.417590234352,1.2309153310000003,1,0,1,0,0,1.5151525520908402,210.76338676,310.875995471
33,73,23,29.23540524,59.38967583,5.985792703,103.3301803,pigeonpeas,129,0.4520547883280166,1.4347825463138022,3.1739129054820476,26.457513110645905,6.1367459114724525,3.750528006377166,30.20899694592764,1,0,0,0,0,0,854.7089195470194,10677.126160830507,0.5142072969999996,1,0,0,0,0,0.26440914428804574,197.531159199,436.96286731900005
27,57,24,27.33534897,43.35795962,6.09186275,142.33036769999995,pigeonpeas,108,0.47368420221606666,1.124999953125002,2.3749999010416705,18.24828759089466,6.17115433543635,4.154891325601313,38.90650270107915,1,0,0,0,0,0,747.22130331168,20257.93356961719,0.40813725000000023,0,0,0,0,0,0.16657601483756268,164.48029425,347.23617674999997
10,79,18,21.0643684,55.46985938,5.624731337999999,184.6226709,pigeonpeas,107,0.12658227687870535,0.5555555246913597,4.3888886450617415,37.74034092762456,10.240993593183019,0.4739647452348437,38.88959954829559,1,0,0,0,0,0,443.7076160909185,34085.530610249705,0.8752686620000008,1,0,0,0,0,0.7660952306792715,56.247313379999994,444.35377570199995
30,75,25,30.33276599,42.35249879,6.446091759,149.299952,pigeonpeas,130,0.39999999466666675,1.199999952000002,2.9999998800000047,27.53785273643051,6.323226036427058,5.956581399111718,45.286805063342314,1,0,0,0,1,0,920.0766926041006,22290.4756672023,0.053908241000000245,0,0,0,0,0,0.0029060984477141073,193.38275277,483.456881925
40,70,20,31.80130272,45.03186173,5.623490042999999,147.03614419999997,pigeonpeas,130,0.5714285632653062,1.9999999000000048,3.4999998250000086,25.16611478423583,6.62131131492674,6.48695639679087,46.75940932485771,1,0,0,0,1,0,1011.3228546890793,21619.627701203182,0.8765099570000006,1,0,0,0,0,0.7682697047201429,224.93960171999998,393.64430301
38,55,19,33.18184225,38.23184742,5.864623352000001,198.8298806,pigeonpeas,112,0.6909090783471077,1.9999998947368476,2.8947366897507005,18.0092568789868,7.601633657636018,8.142180433834907,65.97541732655536,1,0,0,0,1,0,1101.0346551038851,39533.321419410255,0.6353766479999994,1,0,0,0,0,0.4037034848237151,222.85568737600002,322.55428436000005
35,58,20,29.38538562,63.47742011,5.761702519,90.05422663,pigeonpeas,113,0.6034482654577885,1.7499999125000043,2.899999855000007,19.139836293274122,5.716409976473659,3.4277849610490723,26.462781762334235,1,0,0,0,0,0,863.5008880361029,8109.7637339274015,0.738297481,1,0,0,0,0,0.5450831704509455,201.659588165,334.178746102
38,61,21,30.27374995,67.38680755,4.696518678,127.7767134,pigeonpeas,120,0.6229508094598228,1.809523723356013,2.9047617664399157,20.074859899884732,8.610464795257307,3.3505978430252785,38.68280270904415,1,0,0,0,1,0,916.499936035125,16326.888487305741,1.8034813219999997,1,0,1,0,1,3.2525448788028664,178.467709764,286.487639358
33,58,24,35.45790488,68.75810535,5.269504214,108.6333046,pigeonpeas,115,0.5689655074316292,1.3749999427083357,2.416666565972226,17.61628034896508,7.469420202205439,4.82934235770681,38.519093813068665,1,0,0,0,1,1,1257.2630184791278,11801.194868316381,1.2304957859999996,1,0,1,0,0,1.514119879363757,173.893639062,305.631244412
16,56,17,33.80020039,40.03262418,7.445444882999999,176.6165894,pigeonpeas,89,0.285714280612245,0.9411764152249167,3.2941174532872086,22.810816147900834,7.0704255474035715,8.275618031784406,59.6967611391835,1,0,0,0,1,0,1142.4535464041562,31193.419651288197,0.9454448829999986,0,0,0,0,0,0.8938660267908811,119.12711812799998,416.9449134479999
31,72,17,28.69180475,49.47225353,5.833031707999999,96.36222901,pigeonpeas,120,0.43055554957561737,1.823529304498276,4.235293868512125,28.583211855912904,4.76725662429864,4.391773067747417,27.648062600297056,1,0,0,0,0,0,823.2196598121225,9285.679179775685,0.6669682920000009,1,0,0,0,0,0.4448467025333984,180.82398294799998,419.97828297599995
16,80,20,31.24021696,56.67369054,7.3393209289999986,122.0146733,pigeonpeas,116,0.19999999750000003,0.799999960000002,3.9999998000000097,35.85154575933001,6.915021835943401,4.869971184065005,38.117648661955194,1,0,0,0,1,0,975.9511557078717,14887.580500505732,0.8393209289999986,0,0,0,0,0,0.7044596218574206,117.42913486399998,587.1456743199999
27,72,17,28.98039357,57.23265151,6.347929353,120.7435664,pigeonpeas,116,0.37499999479166674,1.5882352006920468,4.235293868512125,29.297326385411576,6.910474457845745,3.840676213855452,34.99196075317428,1,0,0,0,0,0,839.8632114720974,14579.00882699121,0.1520706470000004,0,0,0,0,0,0.02312548167899873,171.39409253099998,457.05091341599996
40,62,19,27.32198928,34.13737127,4.697750704,96.51524028,pigeonpeas,121,0.6451612799167535,2.1052630470914186,3.2631577229916986,21.501937897160182,3.2947765906516193,4.822454615136801,26.369883602867844,1,0,0,0,0,0,746.4910982164349,9315.191606306134,1.8022492960000003,1,0,1,0,1,3.2481025249324964,187.91002816,291.260543648
18,58,16,21.47607807,38.80023714,4.962661422,180.382234,pigeonpeas,92,0.31034482223543414,1.1249999296875044,3.624999773437514,23.692474191889147,6.998873455042971,0.9033562784684647,38.73902939825009,1,0,0,0,0,0,461.2219292687349,32537.75034283076,1.537338578,1,0,1,0,1,2.363409903407062,89.327905596,287.834362476
3,68,16,18.31910448,34.69776639,4.964887857,107.4721605,pigeonpeas,87,0.044117646410034614,0.18749998828125072,4.249999734375017,34.39476704383968,3.7290439184575854,0.0,19.68793736890829,1,0,0,1,0,0,335.58958894915605,11550.26528253776,1.535112143,1,0,1,0,1,2.3565692915860526,14.894663570999999,337.61237427599997
26,67,24,36.97794384,37.73992903,5.642813116,161.48129630000005,pigeonpeas,117,0.38805969570060156,1.0833332881944462,2.791666550347227,24.269322199023193,6.094292662034404,10.570479884030744,59.71246305791802,1,0,0,0,1,1,1367.368330634194,26076.20905472841,0.8571868839999999,1,0,0,0,0,0.7347693541016292,146.713141016,378.068478772
16,70,20,24.80467592,40.1242747,5.6093956,121.5639121,pigeonpeas,106,0.2285714253061225,0.799999960000002,3.4999998250000086,30.088757590391353,4.877663802707054,2.8768345554144488,30.15353443207867,1,0,0,0,0,0,615.2719474962279,14777.784725056525,0.8906044,1,0,0,0,0,0.79317619729936,89.7503296,392.657692
24,63,19,19.3479443,55.96805489,4.681576043,194.5921148,pigeonpeas,106,0.38095237490551787,1.263157828254851,3.315789299168984,24.090108620206205,10.89094216228758,0.0,37.64957398369606,1,0,0,1,0,0,374.34294863590253,37866.09114233637,1.8184239570000003,1,0,1,0,1,3.306665687391539,112.357825032,294.939290709
9,76,25,28.88302142,50.12323801,5.70951224,179.2155874,pigeonpeas,110,0.11842105107340722,0.35999998560000057,3.0399998784000046,34.99047489436708,8.982865542352158,4.430563451174118,51.76287649672082,1,0,0,0,0,0,834.2289263481788,32118.226767127042,0.7904877600000004,1,0,0,0,0,0.6248708987098183,51.38561016,433.92293023999997
16,55,19,19.54314136,47.19188279,6.413543781,192.4372194,pigeonpeas,90,0.2909090856198348,0.8421052188365674,2.8947366897507005,21.702534414210707,9.081474702358316,0.0,37.60827781659535,1,0,0,1,0,0,381.9343742169427,37032.083410403735,0.08645621899999956,0,0,0,0,0,0.007474677803775884,102.616700496,352.74490795500003
28,75,21,24.7741949,50.54621094,6.007508163,114.2821387,pigeonpeas,124,0.37333332835555566,1.3333332698412728,3.571428401360552,29.36551265231604,5.776529089404537,2.3610202751592784,28.31247977742633,1,0,0,0,0,0,613.7607329431861,13060.407225846038,0.4924918370000002,0,0,0,0,0,0.24254820951163478,168.210228564,450.563112225
16,71,24,18.33124824,38.40975482,4.946369874,139.64833169999997,pigeonpeas,111,0.22535210950208298,0.66666663888889,2.9583332100694495,29.715315916207253,5.363858181619033,0.0,25.599282346945607,1,0,0,1,0,0,336.0346620365031,19501.656546593218,1.5536301259999998,1,0,1,0,1,2.4137665684147755,79.141917984,351.192261054
24,70,21,19.14729038,45.3733757,5.517208078,132.7748215,pigeonpeas,115,0.34285713795918377,1.1428570884353766,3.333333174603182,27.465129406819358,6.0244418594199365,0.0,25.422780624131676,1,0,0,1,0,0,366.6187288960406,17629.15322435686,0.9827919219999997,1,0,0,0,0,0.9658799619484534,132.41299387200002,386.20456546
38,72,21,28.23416057,49.4421345,5.902103172,186.5008581,pigeonpeas,131,0.5277777704475309,1.809523723356013,3.42857126530613,25.967928938083094,9.221000510545615,4.163015826034633,52.65695174038185,1,0,0,0,0,0,797.1678230925428,34782.57007203633,0.5978968279999997,1,0,0,0,0,0.3574806169324612,224.27992053600002,424.951428384
9,66,21,30.11812084,34.13307843,5.719889876,157.0858232,pigeonpeas,96,0.13636363429752069,0.4285714081632663,3.142856993197286,30.04995840263344,5.361822723526713,6.6644947180406255,47.31129805388475,1,0,0,0,1,0,907.1012029328423,24675.955850421655,0.7801101240000001,1,0,0,0,0,0.6085718055672956,51.479008883999995,377.512731816
34,56,17,33.4126864,35.42910045,4.548202098,139.6702541,pigeonpeas,107,0.6071428463010207,1.999999882352948,3.2941174532872086,19.55334583474995,4.948391462385924,8.660692262300511,46.66758399651614,1,0,0,0,1,0,1116.407612464745,19507.779880358565,1.951797902,1,0,1,0,1,3.8095150502516018,154.638871332,254.699317488
1,76,19,24.18553163,46.68746847,6.6695294160000005,177.3377996,pigeonpeas,96,0.013157894563711914,0.05263157617728546,3.999999789473695,39.153543900903784,8.279452927364177,2.231412869941873,42.890089614204015,1,0,0,0,0,0,584.9399402257304,31448.695166969763,0.1695294160000005,0,0,0,0,0,0.028740222889301222,6.6695294160000005,506.884235616
6,69,19,26.88630675,41.69617915,4.7509292180000005,94.46748008,pigeonpeas,94,0.086956520478891,0.31578945706371275,3.6315787562326967,33.26158945891392,3.9389329732647362,4.0149799507014565,25.398816473303945,1,0,0,0,0,0,722.8734906550956,8924.104792665197,1.7490707819999995,1,0,1,0,1,3.05924860044609,28.505575308000004,327.814116042
26,73,21,31.33170829,57.97429171,4.946263888,161.7820226,pigeonpeas,120,0.35616437868267975,1.2380951791383248,3.476190310657604,28.687976575562104,9.379198171646214,4.7622306702291475,50.689071386693875,1,0,0,0,1,0,981.6759443696549,26173.422836546913,1.5537361120000002,1,0,1,0,1,2.4140959057328772,128.602861088,361.077263824
27,61,18,33.30711818,67.07780816,5.266227032,108.5090168,pigeonpeas,106,0.4426229435635583,1.4999999166666713,3.388888700617294,22.6789182575654,7.278547012540617,4.380994975595117,36.14122646153206,1,0,0,0,1,0,1109.3641214564868,11774.206726902681,1.2337729680000002,1,0,1,0,0,1.5221957365675296,142.188129864,321.239848952
27,71,23,23.45379018,46.48714759,7.10959773,150.87122019999995,pigeonpeas,121,0.38028168478476504,1.1739129924385654,3.086956387523635,26.633312473917574,7.013572680520787,1.8482216415744726,35.385019427713765,1,0,0,0,0,0,550.0802738074643,22762.125084636875,0.60959773,0,0,0,0,0,0.3716093924211528,191.95913871,504.78143883
36,61,21,34.53823889,39.04468913,5.617008201,168.5948318,pigeonpeas,118,0.5901639247514111,1.714285632653065,2.9047617664399157,20.207259421636902,6.582732796555638,8.861828710422738,58.22968576327769,1,0,0,0,1,0,1192.8899456227086,28424.217309670294,0.882991799,1,0,0,0,0,0.7796745171012565,202.212295236,342.637500261
17,73,18,19.50112224,34.51086611,5.632353113,197.3752649,pigeonpeas,108,0.23287670913867523,0.9444443919753115,4.055555330246926,32.046840717924134,6.811591340389683,0.0,38.49039167967281,1,0,0,1,0,0,380.2937686194226,38956.99519434517,0.8676468870000003,1,0,0,0,0,0.7528111205207912,95.75000292099999,411.16177724899995
26,72,22,28.76794904,37.57792132,4.674941549,91.72084869,pigeonpeas,120,0.3611111060956791,1.181818128099176,3.272727123966949,27.784887978899608,3.446678835476445,5.473136048371106,26.386207010194706,1,0,0,0,0,0,827.594891968037,8412.714084413874,1.8250584510000003,1,0,1,0,1,3.3308383495665206,121.54848027399999,336.59579152799995
17,64,16,30.97758716,32.24914235,7.161797643,180.716828,pigeonpeas,97,0.26562499584960947,1.0624999335937542,3.9999997500000153,27.42869543622761,5.827962711212465,7.437409450176277,55.98171290648728,1,0,0,0,1,0,959.6109062553968,32658.57192238158,0.6617976429999999,0,0,0,0,0,0.43797612028035526,121.750559931,458.355049152
14,74,19,18.39759147,36.82639309,6.624966131,93.12330644,pigeonpeas,107,0.18918918663257855,0.7368420664819965,3.894736637119124,33.291640592396966,3.4293954887999685,0.0,17.132445482187396,1,0,0,1,0,0,338.4713718970167,8671.950202318145,0.12496613099999987,0,0,0,0,0,0.015616533897109128,92.749525834,490.247493694
39,60,15,35.09357419,30.98685456,5.004074623999999,116.9106908,pigeonpeas,114,0.6499999891666669,2.599999826666678,3.9999997333333512,22.516660498395403,3.62269457232873,10.416550307839001,41.028140011939506,1,0,0,0,1,1,1231.558949429034,13668.109623333205,1.4959253760000006,1,0,1,0,0,2.2377927305607432,195.15891033599996,300.24447743999997
6,66,15,34.93174223,30.40046769,6.3458060110000005,159.2649827,pigeonpeas,87,0.09090908953168046,0.39999997333333515,4.399999706666686,32.357379374726875,4.841729960719758,10.392422757814764,55.634033219418086,1,0,0,0,1,0,1220.2266152231653,25365.334714431297,0.15419398899999948,0,0,0,0,0,0.02377578624373196,38.074836066,418.82319672600005
8,59,18,29.50523036,35.72032498,6.216814453,187.8961851,pigeonpeas,85,0.1355932180407929,0.4444444197530878,3.2777775956790225,27.024680078279065,6.711712794274233,6.1099311853103755,55.439202251406996,1,0,0,0,0,0,870.5586185966656,35304.97637513346,0.2831855470000004,0,0,0,0,0,0.08019405402968945,49.734515624,366.792052727
2,67,18,34.51934775,47.52980027,5.921666758,129.0064612,pigeonpeas,87,0.0298507458231232,0.11111110493827195,3.72222201543211,33.8673884437522,6.131651334375504,7.618330763918261,44.53218896159682,1,0,0,0,1,0,1191.58536908543,16642.667031347104,0.5783332420000002,1,0,0,0,0,0.33446933880223084,11.843333516,396.751672786
1,76,17,28.43430726,52.10010827,6.012719118,147.0414824,pigeonpeas,94,0.013157894563711914,0.05882352595155729,4.470587972318354,39.50105483823607,7.6608771532213,4.04002404571553,41.810226905274824,1,0,0,0,0,0,808.5098293560887,21621.19754638951,0.4872808820000003,0,0,0,0,0,0.23744265796269823,6.012719118,456.96665296799995
16,73,19,18.41645629,34.80541039,4.684079249,163.27474730000003,pigeonpeas,108,0.2191780791893414,0.8421052188365674,3.842105060941839,32.07802986469088,5.682844586100045,0.0,30.06942246911246,1,0,0,1,0,0,339.16586228148054,26658.643105878866,1.8159207510000002,1,0,1,0,1,3.2975681739124045,74.945267984,341.93778517699997
23,75,25,31.07508973,47.19847683,7.077170002000001,91.31256412,pigeonpeas,123,0.30666666257777786,0.9199999632000014,2.9999998800000047,29.46183972531247,4.30981394190571,5.84781606988424,28.375461235053784,1,0,0,0,1,0,965.6612017275514,8337.984366169112,0.5771700020000008,0,0,0,0,0,0.33312521120868094,162.77491004600003,530.7877501500001
32,70,20,20.89342749,46.24856523,6.208843215,195.5697875,pigeonpeas,122,0.457142850612245,1.599999920000004,3.4999998250000086,26.102362600602525,9.044822074210987,0.4802300945045986,40.86123174365958,1,0,0,0,0,0,436.5353122798877,38247.54178279515,0.2911567850000001,0,0,0,0,0,0.08477227345153628,198.68298288,434.61902505
28,59,22,30.90607799,52.79913039,7.05181629,170.99198280000005,pigeonpeas,109,0.47457626314277523,1.2727272148760356,2.6818180599173607,19.85782801147531,9.02822799550184,5.147763651624809,52.8469155608154,1,0,0,0,1,0,955.1856567239624,29238.25818187551,0.5518162899999997,0,0,0,0,0,0.30450121790936374,197.45085612,416.05716111
5,62,23,27.9348279,66.45457122,4.722222454,145.3728801,pigeonpeas,90,0.08064515998959419,0.21739129489603065,2.69565205671078,29.13760456866693,9.660692414061971,2.661772042010069,40.60966386920835,1,0,0,0,0,0,780.3546098026184,21133.274268568977,1.7777775460000003,1,0,1,0,1,3.160493003061783,23.61111227,292.777792148
36,67,25,35.95176642,36.52780776,6.418062652000001,136.0456753,pigeonpeas,128,0.5373134248162176,1.4399999424000023,2.679999892800004,21.77919496522618,4.96945027393778,10.124935847778165,48.910823408367634,1,0,0,0,1,1,1292.5295087182394,18508.42576783303,0.08193734799999941,0,0,0,0,0,0.006713728997273008,231.05025547200003,430.01019768400005
1,66,23,19.54317155,56.92831399,4.803564468,173.1686574,pigeonpeas,90,0.015151514921946744,0.04347825897920613,2.8695650926276044,33.06055050963308,9.858199701693938,0.0,33.84264778651377,1,0,0,1,0,0,381.93555423272943,29987.383905718576,1.6964355319999997,1,0,1,0,1,2.877893514232122,4.803564468,317.035254888
24,73,20,19.63736208,32.31528909,4.608695247,176.4134092,pigeonpeas,117,0.3287671187840121,1.199999940000003,3.649999817500009,29.512709126747414,5.700850317650466,0.0,34.64293992227603,1,0,0,1,0,0,385.6259894610219,31121.690945566643,1.891304753,1,0,1,0,1,3.577033668720391,110.608685928,336.434753031
17,67,18,31.2192752,56.46868874,5.611510977000001,129.20286529999998,pigeonpeas,102,0.2537313394965472,0.9444443919753115,3.72222201543211,28.583211855912904,7.295916384941846,4.883897608427987,40.3361980842923,1,0,0,0,1,0,974.6431440133349,16693.38040172994,0.8884890229999991,1,0,0,0,0,0.789412743991493,95.39568660900001,375.97123545900007
5,55,18,33.50876355,45.70976142,7.322097972000001,126.6738117,pigeonpeas,78,0.09090908925619838,0.27777776234567986,3.0555553858024784,25.942243542145693,5.790229710969005,7.333939960503077,42.44682804232523,1,0,0,0,1,0,1122.8372346498084,16046.254570607058,0.8220979720000008,0,0,0,0,0,0.6758450755665141,36.61048986,402.71538846000004
5,56,24,24.80710166,45.01110015,5.023115055,188.4928637,pigeonpeas,85,0.08928571269132657,0.20833332465277812,2.333333236111115,25.774664562964407,8.484271165560997,2.6433723175050883,46.75961631990423,1,0,0,0,0,0,615.3922927695747,35529.559665826775,1.4768849450000001,1,0,1,0,0,2.1811891407676534,25.115575274999998,281.29444308
37,77,17,36.20970524,31.94550613,5.617122801,191.0658531,pigeonpeas,131,0.4805194742789679,2.1764704602076197,4.529411498269911,30.550504633038933,6.10369538143973,11.03143285890087,69.1843822218014,1,0,0,0,1,1,1311.1427535676833,36506.16022083078,0.8828771990000002,1,0,0,0,0,0.7794721485140859,207.833543637,432.51845567699996
13,73,20,30.50420876,35.48885969,5.391560417999999,162.59277230000004,pigeonpeas,106,0.17808218934133987,0.6499999675000016,3.649999817500009,32.80751946327752,5.770232082762819,6.776384851618912,49.597638691063466,1,0,0,0,1,0,930.5067520736608,26436.40960419966,1.1084395820000008,1,0,1,0,0,1.2286383069443365,70.090285434,393.58391051399997
6,63,23,26.01630259,49.94704718,5.906596905,160.33374469999995,pigeonpeas,92,0.09523809372637947,0.2608695538752368,2.739130315689986,29.26317367158479,8.008197111076973,3.0113370968811375,41.71291217503007,1,0,0,0,0,0,676.8480004544407,25706.909689524764,0.5934030950000002,1,0,0,0,0,0.35212723315557926,35.43958143,372.11560501499997
16,77,22,31.48469278,35.6395615,6.574209678,100.546816,pigeonpeas,115,0.20779220509360774,0.7272726942148775,3.4999998409090978,33.620430296671294,3.5834444324611843,7.391598633585841,31.656856117671886,1,0,0,0,1,0,991.2858794509841,10109.662207737858,0.07420967799999989,0,0,0,0,0,0.005507076308863668,105.187354848,506.214145206
25,64,20,33.15122581,32.45974539,4.807776748999999,105.03802749999998,pigeonpeas,109,0.3906249938964845,1.249999937500003,3.199999840000008,24.090108620206205,3.409507628917818,8.882371396410035,34.82139368289489,1,0,0,0,1,0,1099.0037727056101,11032.987221090752,1.6922232510000006,1,0,1,0,1,2.863619531225011,120.19441872499999,307.69771193599996
34,75,24,23.50222822,51.29019509,4.760038038999999,192.3023991,pigeonpeas,133,0.453333327288889,1.4166666076388912,3.124999869791672,27.024680078279065,9.86322756611404,1.7059285334649652,45.195348709017225,1,0,0,0,0,0,552.3547313049643,36980.21269961568,1.7399619610000006,1,0,1,0,1,3.0274676257269673,161.84129332599997,357.00285292499996
20,77,23,34.87248659,38.83786012,5.180271502,148.25027859999997,pigeonpeas,120,0.25974025636700965,0.8695651795841226,3.347825941398872,32.07802986469088,5.757723583017829,9.096331051810042,51.69855852442263,1,0,0,0,1,0,1216.0903209697299,21978.14510497761,1.319728498,1,0,1,0,0,1.7416833084333359,103.60543004,398.880905654
35,80,25,28.09269012,44.93322042,4.895927306,197.1144011,pigeonpeas,140,0.4374999945312501,1.3999999440000022,3.199999872000005,29.297326385411576,8.85698483258259,4.456383830472838,55.37473788291687,1,0,0,0,0,0,789.1992381783456,38854.08712101168,1.604072694,1,0,1,0,1,2.573049207636418,171.35745571,391.67418448
14,75,24,24.54757829,57.3414485,6.436160044,118.3606557,pigeonpeas,113,0.18666666417777783,0.5833333090277788,3.124999869791672,32.715949219506584,6.786971443247781,1.9399310268424697,29.05467462251485,1,0,0,0,0,0,602.5835999036793,14009.244817733941,0.06383995599999981,0,0,0,0,0,0.004075539982081912,90.10624061600001,482.7120033
36,80,21,33.64769646,48.41490082,7.066087261,100.4673278,pigeonpeas,137,0.4499999943750001,1.714285632653065,3.809523628117922,30.664855018951798,4.864115711087429,7.040177754676348,33.8049414996172,1,0,0,0,1,0,1132.1674770642965,10093.683955272654,0.5660872609999998,0,0,0,0,0,0.32045478706648195,254.379141396,565.28698088
7,77,18,20.5591255,60.54880693,6.655918077999999,191.0895109,pigeonpeas,102,0.09090908972845338,0.3888888672839518,4.27777754012347,37.64306044943742,11.57024190183223,0.22058168050860302,39.28633236326718,1,0,0,0,0,0,422.67764132475025,36515.20117600122,0.15591807799999913,0,0,0,0,0,0.02431044704721381,46.591426545999994,512.5056920059999
29,78,25,19.95991719,59.33157782,5.982854522999999,195.787103,pigeonpeas,132,0.37179486702827097,1.1599999536000019,3.119999875200005,29.512709126747414,11.616357737796855,0.0,39.0789436275,1,0,0,1,0,0,398.3982942316575,38332.58970113261,0.5171454770000006,1,0,0,0,0,0.26743944438155814,173.502781167,466.66265279399994
30,60,21,28.87667593,62.4901206,5.457871272999999,182.2688175,pigeonpeas,111,0.4999999916666668,1.428571360544221,2.857142721088442,20.42057785666214,11.39000038719439,3.329630436071829,52.633175750918134,1,0,0,0,0,0,833.8624127662414,33221.92183284831,1.0421287270000006,1,0,1,0,0,1.0860322836386418,163.73613819,327.47227638
20,74,16,36.04353699,43.61444121,4.759490199,159.8938645,pigeonpeas,110,0.2702702666179694,1.2499999218750049,4.624999710937518,32.39341496868358,6.9736815530749565,9.046237981491846,57.63140419579798,1,0,0,0,1,1,1299.1365587494981,25566.047904744362,1.740509801,1,0,1,0,1,3.0293743673770597,95.18980398,352.202274726
19,57,23,23.6734328,47.2879691,7.342409555,141.12507219999995,pigeonpeas,99,0.33333332748538025,0.8260869206049165,2.478260761814749,20.8806130178211,6.673518053428866,1.9363410326267356,33.40914913121847,1,0,0,0,0,0,560.4314205361159,19916.2860034552,0.8424095549999997,0,0,0,0,0,0.7096538583552975,139.505781545,418.517344635
3,60,19,25.74679443,40.7192594,4.820788186000001,100.7791633,pigeonpeas,82,0.049999999166666684,0.15789472853185638,3.1578945706371275,29.399546481762833,4.10365289252766,3.40674229886355,25.947404003125,1,0,0,0,0,0,662.897423420679,10156.439755448066,1.6792118139999994,1,0,1,0,1,2.8197523162771687,14.462364558,289.24729116000003
5,77,19,31.08564994,66.68832981,6.242052013,175.9303271,pigeonpeas,101,0.06493506409175241,0.26315788088642733,4.0526313656509805,38.17503547258775,11.73249967722598,3.6928151464307333,54.68908562060295,1,0,0,0,1,0,966.3176321922219,30951.479993512996,0.25794798699999966,0,0,0,0,0,0.06653716399735199,31.210260065,480.638005001
5,68,20,18.72987676,61.33186249,5.001038726,139.8710041,pigeonpeas,93,0.07352941068339103,0.2499999875000006,3.3999998300000085,32.90896534380867,8.578549189799425,0.0,26.197666690904544,1,0,0,1,0,0,350.8082834447881,19563.897787942216,1.498961274,1,0,1,0,0,2.246884900951703,25.00519363,340.070633368
37,73,21,29.50304807,63.46513414,5.560224582999999,189.5208915,pigeonpeas,131,0.506849308125352,1.761904678004539,3.476190310657604,26.633312473917574,12.027968801379886,3.4719258649858182,55.91443972193754,1,0,0,0,0,0,870.4298454207307,35918.168314954775,0.9397754170000008,1,0,0,0,0,0.8831778343975254,205.72830957099998,405.89639455899993
9,59,24,20.43517772,39.37252634,4.747352458,137.22796619999997,pigeonpeas,92,0.15254237029589204,0.37499998437500065,2.458333230902782,25.65800719723442,5.403011713794129,0.26383725756718773,28.042778774511522,1,0,0,0,0,0,417.59648844798437,18831.514707388335,1.752647542,1,0,1,0,1,3.071773406478642,42.726172122,280.093795022
20,72,15,36.00415838,56.01334416,7.313517308,134.8596466,pigeonpeas,107,0.27777777391975317,1.3333332444444503,4.799999680000021,31.564748269760262,7.553939798301774,7.039694066699119,48.55508075257229,1,0,0,0,1,1,1296.2994206521241,18187.12428107689,0.8135173079999998,0,0,0,0,0,0.6618104104155665,146.27034616,526.573246176
31,56,23,31.46846241,35.39454002,5.661826398,174.5723999,pigeonpeas,110,0.5535714186862247,1.34782602835539,2.434782502835543,17.214335111567145,6.1789097946479945,7.409252892613895,54.93525004076638,1,0,0,0,1,0,990.264126449583,30475.522806845518,0.8381736020000004,1,0,0,0,0,0.702534987089655,175.516618338,317.06227828799996
0,70,21,36.30049702,56.03021253,4.672437054,101.6073988,pigeonpeas,91,0.0,0.0,3.333333174603182,35.92121007612819,5.693084149384467,7.167293896247684,36.883990773493515,1,0,0,0,1,1,1317.726083899029,10324.063490902241,1.8275629459999996,1,0,1,0,1,3.3399863215921974,0.0,327.07059378
21,74,15,29.49096726,67.10604388,6.471862118,153.2504506,pigeonpeas,110,0.28378377994886783,1.399999906666673,4.933333004444466,32.47049943153529,10.284031462593372,3.121954605867967,45.19504021224848,1,0,0,0,0,0,869.717149930392,23485.700609103038,0.028137882000000225,0,0,0,0,0,0.0007917404034459367,135.909104478,478.917796732
13,67,18,30.5753044,34.75591197,5.384762927000001,177.5764304,pigeonpeas,98,0.19402984785030078,0.7222221820987677,3.72222201543211,29.838453936712828,6.171830782929232,6.899760912176464,54.294534137454136,1,0,0,0,1,0,934.8492391526594,31533.388633606042,1.1152370729999994,1,0,1,0,0,1.243753728993606,70.001918051,360.77911610900003
27,74,20,24.69487673,59.96669215,5.8598134160000015,91.95792434,pigeonpeas,121,0.36486485993425866,1.3499999325000034,3.699999815000009,29.36551265231604,5.514412539649772,1.8795144544989137,22.70889605922967,1,0,0,0,0,0,609.8369367098956,8456.259848921165,0.6401865839999985,1,0,0,0,0,0.40983886233358713,158.21496223200003,433.6261927840001
29,72,24,23.17409556,36.67847052,6.962386495,162.5931264,pigeonpeas,125,0.4027777721836421,1.208333282986113,2.999999875000005,26.38812864401971,5.963667193417033,2.009885855748772,37.67948648592758,1,0,0,0,0,0,537.0387050240117,26436.524752526373,0.4623864949999996,0,0,0,0,0,0.21380127075838468,201.90920835499998,501.29182763999995
5,68,20,19.04380471,33.10695144,6.12166671,155.3705624,pigeonpeas,93,0.07352941068339103,0.2499999875000006,3.3999998300000085,32.90896534380867,5.14384566458229,0.0,29.58846648028469,1,0,0,1,0,0,362.6664978326182,24140.0116604923,0.3783332899999996,0,0,0,0,0,0.1431360783222238,30.60833355,416.27333628
39,57,19,29.32379604,45.93248374,6.421748487,165.4113371,pigeonpeas,115,0.6842105143120962,2.052631470914133,2.999999842105271,19.00876990584434,7.597753551757409,5.0411449399762365,48.50488311824085,1,0,0,0,0,0,859.8850141955197,27360.910441209835,0.07825151299999966,0,0,0,0,0,0.006123299286789116,250.44819099300003,366.039663759
22,62,16,34.6455408,54.32342534,4.828936119,180.9009998,pigeonpeas,100,0.35483870395421446,1.3749999140625053,3.874999757812515,25.006665778014735,9.827161956566655,6.689581377872761,62.67412969331692,1,0,0,0,1,0,1200.3134973244646,32725.171728639598,1.6710638810000003,1,0,1,0,1,2.792454494382783,106.236594618,299.394039378
18,55,23,21.9989826,56.31006755,6.98571967,136.82743119999998,pigeonpeas,96,0.32727272132231416,0.7826086616257103,2.391304243856337,20.074859899884732,7.704761893564976,0.8733541476272544,30.100642781714967,1,0,0,0,0,0,483.95523543510285,18721.745928790726,0.48571966999999994,0,0,0,0,0,0.23592359782490885,125.74295406,384.21458185
39,77,21,22.99774444,60.24218572,4.603563116,159.689339,pigeonpeas,137,0.5064934999156688,1.857142768707487,3.6666664920635004,28.589042189855423,9.620034817542038,1.1918376670442266,36.724946081145255,1,0,0,0,0,0,528.896249327551,25500.68499025692,1.8964368839999999,1,0,1,0,1,3.596472854995629,179.538961524,354.474359932
13,75,20,30.55992394,35.29006485,6.979540061,178.8998611,pigeonpeas,108,0.17333333102222226,0.6499999675000016,3.7499998125000094,33.95585369269929,6.313387699874993,6.833319933463327,54.67166148092565,1,0,0,0,1,0,933.9089512185852,32005.160301599295,0.4795400609999998,0,0,0,0,0,0.22995867010388352,90.734020793,523.465504575
27,71,24,31.46417866,48.17631461,7.064973419,165.40535400000005,pigeonpeas,122,0.38028168478476504,1.124999953125002,2.9583332100694495,26.312227829154512,7.968620372482423,5.941159881305919,52.04343609576547,1,0,0,0,1,0,989.9945387483995,27358.93113186533,0.5649734190000002,0,0,0,0,0,0.3191949641765498,190.754282313,501.61311274900004
26,64,22,25.95058595,40.58227261,5.16516459,109.1821183,pigeonpeas,112,0.4062499936523439,1.181818128099176,2.90909077685951,23.180451534284945,4.4308584889878695,3.535702937878642,28.33339945147218,1,0,0,0,0,0,673.4329111483374,11920.734956475195,1.3348354100000002,1,0,1,0,0,1.7817855717898685,134.29427934,330.57053376
23,55,16,21.01142393,69.69141302,5.111488821,185.2039114,pigeonpeas,94,0.41818181057851256,1.4374999101562556,3.4374997851562634,20.79262689833426,12.907122282296887,0.30654830156058416,38.913978959195596,1,0,0,0,0,0,441.4799355661766,34300.488797859056,1.388511179,1,0,1,0,0,1.92796329420797,117.564242883,281.131885155
4,69,19,19.25100056,47.70351758,5.374358869,149.063196,pigeonpeas,92,0.05797101365259401,0.21052630470914185,3.6315787562326967,34.03429642777023,7.110838790916986,0.0,28.696156696713903,1,0,0,1,0,0,370.6010225611204,22219.836401734417,1.125641131,1,0,1,0,0,1.2670679557989593,21.497435476,370.830761961
20,67,19,19.24462755,50.54495302,5.671419084,180.6465282,pigeonpeas,106,0.298507458231232,1.0526315235457093,3.526315603878126,27.42869543622761,9.130770281095105,0.0,34.76475153409572,1,0,0,1,0,0,370.35568953821905,32633.168150713398,0.828580916,1,0,0,0,0,0.6865463343593989,113.42838168,379.985078628
7,74,17,22.47253208,62.56532471,5.667419697000001,96.74706956,pigeonpeas,98,0.09459459331628928,0.4117646816609011,4.352940920415239,36.143233576055884,6.0530118217623565,0.9255843555890833,21.741516243330917,1,0,0,0,0,0,505.01469808662915,9359.995468447478,0.8325803029999994,1,0,0,0,0,0.6931899609435709,39.671937879000005,419.38905757800006
17,64,18,36.75087487,58.25799145,6.07938452,124.6028153,pigeonpeas,99,0.26562499584960947,0.9444443919753115,3.5555553580247024,26.851443164195103,7.259109748393329,6.992151620435201,45.79262473540021,1,0,0,0,1,1,1350.6268037103973,15525.861580685914,0.4206154800000004,0,0,0,0,0,0.1769173820156307,103.34953684,389.08060928
35,71,17,29.89286629,66.35375127,6.931924962999999,198.1403003,pigeonpeas,123,0.4929577395358065,2.058823408304505,4.176470342560568,27.49545416973504,13.147352202669309,3.3285783984597233,59.22981503528347,1,0,0,0,0,0,893.5834550318184,39259.57860297418,0.4319249629999993,0,0,0,0,0,0.18655917366255073,242.61737370499998,492.1666723729999
11,72,22,29.37735586,44.82294584,6.842744374,172.40168,pigeonpeas,105,0.15277777565586423,0.49999997727272827,3.272727123966949,32.51153641401772,7.7275511653650115,5.174148721648135,50.647055042218454,1,0,0,0,0,0,863.0290373250764,29722.3392668224,0.3427443739999996,0,0,0,0,0,0.11747370590865158,75.27018811399999,492.67759492799996
20,60,22,29.65052947,42.89833235,6.876572502999999,186.9226052,pigeonpeas,102,0.3333333277777779,0.9090908677685968,2.727272603305791,22.538855339169288,8.018668041597437,5.5106132644247054,55.423542140917746,1,0,0,0,0,0,879.1538978513383,34940.060334755064,0.37657250299999934,0,0,0,0,0,0.14180685001568452,137.53145006,412.59435017999994
10,71,18,19.54284889,66.34777265,6.151029296,173.11069819999997,pigeonpeas,99,0.14084506843880185,0.5555555246913597,3.944444225308654,33.15116890850155,11.485509247456363,0.0,33.83076216164994,1,0,0,1,0,0,381.92294273737417,29967.313831291474,0.3489707040000001,0,0,0,0,0,0.12178055225025566,61.51029296,436.723080016
33,61,24,20.04611791,48.93905624,4.567446499,122.4564203,pigeonpeas,118,0.5409835976887934,1.3749999427083357,2.5416665607638933,19.295940851208403,5.9929016400107775,0.02354824008838718,24.547758401703177,1,0,0,0,0,0,401.8468432616227,14995.574872690253,1.9325535010000001,1,0,1,0,1,3.7347630342273574,150.725734467,278.61423643899997
3,49,18,27.91095209,64.70930606,3.692863601,32.67891866,mothbeans,70,0.06122448854643901,0.1666666574074079,2.722222070987663,23.45918441321721,2.114630149279785,2.7918298898219325,9.12099733072267,1,0,0,0,0,0,779.0212465702753,1067.9117247868962,2.807136399,1,0,1,0,1,7.880014762590688,11.078590803,180.950316449
22,59,23,27.32220619,51.27868781,4.371745575,36.5037914,mothbeans,104,0.37288134961218056,0.9565216975425348,2.5652172797731616,21.07921567168317,1.8718665230819627,3.5674749370254037,9.973641153475487,1,0,0,0,0,0,746.5029510888743,1332.5267865747137,2.1282544249999997,1,0,1,0,1,4.529466897532079,96.17840265000001,257.932988925
36,58,25,28.66024187,59.3189118,8.399135957999999,36.92629678,mothbeans,119,0.6206896444708683,1.4399999424000023,2.3199999072000037,16.802777548171413,2.190427741793444,3.523080633468029,10.583165970782023,1,0,0,0,0,0,821.4094640469011,1363.5513938846384,1.8991359579999987,0,1,0,1,0,3.606717386968573,302.36889448799997,487.14988556399993
4,43,18,29.02955344,61.09387478,8.840656256,72.98016599,mothbeans,65,0.09302325365062201,0.2222222098765439,2.3888887561728467,19.75685535031659,4.458641122416675,3.513049368173218,21.185816286667755,1,0,0,0,0,0,842.7149729258159,5326.1046279279535,2.340656256000001,0,1,0,1,0,5.478671708751941,35.362625024,380.148219008
29,54,16,27.78031515,54.65030015,8.153022903,32.05025323,mothbeans,99,0.5370370270919069,1.812499886718757,3.374999789062513,19.313207915827967,1.7515559589030072,3.528349567909077,8.903661353667054,1,0,0,0,0,0,771.7459098333195,1027.2187321071256,1.653022903,0,1,0,1,0,2.7324847178425475,236.437664187,440.263236762
32,43,22,31.99928579,54.1077461,5.270749441,71.6266696,mothbeans,97,0.7441860292049761,1.454545388429755,1.9545453657024834,10.503967504392488,3.8755576527053885,5.50674270093342,22.92002270716305,1,0,0,0,1,0,1023.9542910700958,5130.379797987564,1.2292505589999996,1,0,1,0,0,1.5110569368018114,168.663982112,226.64222596300002
14,55,15,27.33580911,55.27755933,8.050304395,73.44775287,mothbeans,84,0.25454544991735545,0.9333332711111153,3.6666664222222387,23.388031127053,4.060012516926603,3.280752876884205,20.077537520127745,1,0,0,0,0,0,747.246459698359,5394.572401652594,1.5503043949999995,0,1,0,1,0,2.4034437171563146,112.70426153,442.766741725
5,35,20,28.92952635,53.57014709,9.679240873,66.35634104,mothbeans,60,0.14285713877551032,0.2499999875000006,1.7499999125000043,15.0,3.5547189498670035,4.145965949864692,19.196575166062665,1,0,0,0,0,0,836.9174948353443,4403.163996216789,3.1792408729999995,0,1,0,1,0,10.1075725285538,48.396204364999996,338.773430555
25,57,24,27.65472156,58.59986279,6.974978386,36.94255012,mothbeans,106,0.43859648353339503,1.0416666232638907,2.3749999010416705,18.77054430040145,2.1648283681446983,3.169065228883452,10.216359372849446,1,0,0,0,0,0,764.7836245611288,1364.752009368712,0.4749783860000001,0,0,0,0,0,0.2256044671671651,174.37445965,397.573768002
11,53,24,28.52396666,55.77264351,7.39389918,61.32935611,mothbeans,88,0.2075471658953365,0.4583333142361119,2.208333241319448,21.501937897160186,3.4205003150208704,3.7699251218069456,17.49356508960907,1,0,0,0,0,0,813.6166740207915,3761.2899208671943,0.89389918,0,0,0,0,0,0.7990557440046724,81.33289098,391.87665654
40,49,17,31.02215872,45.89239456,6.68727523,53.56783314,mothbeans,106,0.8163265139525202,2.352941038062292,2.8823527716263073,16.50252505931542,2.4583561341851237,5.9638261511881545,16.61789821955556,1,0,0,0,1,0,962.374331648872,2869.512747314882,0.18727523000000001,0,0,0,0,0,0.035072011771552905,267.4910092,327.67648627
38,56,25,25.74095321,45.38497051,7.88118645,67.43488235,mothbeans,119,0.6785714164540819,1.5199999392000023,2.2399999104000035,15.56705923844749,3.0605301468000694,3.1354232886486018,17.35838151293205,1,0,0,0,0,0,662.5966721594093,4547.463357558341,1.3811864500000004,0,1,0,0,0,1.9076760096636036,299.4850851,441.3464412
27,43,23,31.70447482,56.85420099,5.875333778,44.94317432,mothbeans,93,0.6279069621416986,1.1739129924385654,1.8695651361058636,10.583005244258363,2.5552082659178863,5.0499891810132596,14.248997385593107,1,0,0,0,1,0,1005.1737236120141,2019.888917957907,0.6246662220000001,1,0,0,0,0,0.39020788890775343,158.634012006,252.639352454
24,38,22,24.47876451,58.51663927,8.202706015,34.96933295,mothbeans,84,0.6315789307479229,1.0909090413223161,1.727272648760334,8.717797887081348,2.046287841747675,1.8579420379305176,8.560060663548336,1,0,0,0,0,0,599.2099119360356,1222.8542469679558,1.7027060150000004,0,1,0,1,0,2.8992077735171815,196.86494436,311.70282857
23,45,21,31.46511256,51.79939437,8.985348193,74.44330654,mothbeans,89,0.5111110997530867,1.0952380430839026,2.1428570408163314,13.316656236958787,3.85611819367226,5.526253690081197,23.42367019619684,1,0,0,0,1,0,990.0533084134698,5541.805888608406,2.485348193,0,1,0,1,0,6.176955640448366,206.663008439,404.340668685
29,57,20,25.60973447,50.7330069,5.87707519,53.39249517,mothbeans,106,0.5087719208987382,1.4499999275000035,2.849999857500007,19.295940851208403,2.708761825867826,2.7637474942632214,13.673676239944573,1,0,0,0,0,0,655.8584996239061,2850.758540478473,0.6229248099999998,1,0,0,0,0,0.3880353189135358,170.43518051,334.99328583
31,35,23,30.30260453,47.18283631,7.707595055,68.04039813,mothbeans,89,0.885714260408164,1.34782602835539,1.5217390642722146,6.110100926607786,3.2103389674350202,5.441543498943455,20.618012765971415,1,0,0,0,1,0,918.2478413015765,4629.495777688908,1.2075950549999996,0,1,0,0,0,1.4582858168604522,238.93544670499998,269.765826925
0,55,25,28.17489437,43.6672299,4.524171562,45.78172762,mothbeans,80,0.0,0.0,2.1999999120000036,27.537852736430512,1.99916122520172,4.605144451369943,12.898953397696113,1,0,0,0,0,0,793.8246727606577,2095.9665838718706,1.9758284379999997,1,0,1,0,1,3.903898016409519,0.0,248.82943591
7,45,22,25.50634557,44.8302551,9.926212291,74.32635105,mothbeans,74,0.1555555520987655,0.3181818037190089,2.0454544524793428,19.139836293274122,3.3320692782236527,3.0378368042814508,18.957935948384325,1,0,0,0,0,0,650.5736643362586,5524.406460407836,3.4262122910000006,0,1,0,1,0,11.738930662999472,69.483486037,446.679553095
17,58,25,31.12896766,43.58788762,6.455592696,32.76742894,mothbeans,100,0.29310344322235443,0.679999972800001,2.3199999072000037,21.73323108360405,1.4282630102330556,6.278085743093057,10.200162357746082,1,0,0,0,1,0,969.0126275773259,1073.7043993379496,0.044407303999999925,0,0,0,0,0,0.0019720086485484093,109.745075832,374.424376368
11,44,17,26.34043268,55.59160391,8.016210782,35.1051197,mothbeans,72,0.24999999431818196,0.6470587854671302,2.588235141868521,17.578395831246947,1.9515499095755384,2.815684458354202,9.24684042181192,1,0,0,0,0,0,693.8183937696119,1232.3694291513284,1.516210782,0,1,0,1,0,2.2988951354530514,88.178318602,352.713274408
22,49,22,28.23494706,61.5620517,3.71105919,72.66666443,mothbeans,93,0.4489795826738861,0.9999999545454565,2.2272726260330624,15.588457268119896,4.473508952506211,3.16534469345517,20.51739423207835,1,0,0,0,0,0,797.2122354810026,5280.444119382227,2.78894081,1,0,1,0,1,7.778190841683457,81.64330217999999,181.84190031
9,51,19,27.04453473,49.32609633,5.49091063,48.25207759,mothbeans,79,0.1764705847750866,0.47368418559556913,2.6842103850415584,21.939310229205777,2.380086627326974,3.569740743079894,13.049549881774096,1,0,0,0,0,0,731.4068587621761,2328.26299175138,1.0090893699999999,1,0,1,0,0,1.0182613566469967,49.41819567,280.03644213
28,48,15,25.16125354,55.25435777,9.254089438,40.89732789,mothbeans,91,0.5833333211805558,1.8666665422222306,3.199999786666681,16.62327685305558,2.259755587071059,2.30943604359161,10.290280361488033,1,0,0,0,0,0,633.0886797041626,1672.5914285421718,2.7540894379999994,0,1,0,1,0,7.585008632503152,259.114504264,444.19629302399994
26,50,19,27.3179125,51.66921088,6.005242945,32.55919573,mothbeans,95,0.5199999896000003,1.368420980609422,2.631578808864273,16.258331197676267,1.6823079502565657,3.536804858361119,8.894492600225135,1,0,0,0,0,0,746.2683433576561,1060.1012265844502,0.494757055,0,0,0,0,0,0.24478454347227302,156.13631657,300.26214725
36,56,20,25.4123765,49.66474269,7.437078236,31.87416982,mothbeans,112,0.6428571313775513,1.7999999100000044,2.799999860000007,18.036999011291577,1.5830224425676636,2.724333637860973,8.099984040907772,1,0,0,0,0,0,645.7888793777523,1015.9627017141987,0.9370782359999996,0,0,0,0,0,0.878115620384871,267.734816496,416.476381216
8,60,18,31.21629982,46.01868196,3.808429173,53.1205277,mothbeans,86,0.13333333111111115,0.4444444197530878,3.3333331481481583,27.592269448766505,2.4445366697736706,6.054706478154148,16.58226319279815,1,0,0,0,1,0,974.4573744521321,2821.790463126467,2.691570827,1,0,1,0,1,7.244553516757464,30.467433384,228.50575038
24,37,21,30.573999,58.22686794,5.818219385,62.74803826,mothbeans,82,0.6486486311176046,1.1428570884353766,1.761904678004539,8.504900548115382,3.6536217372590873,4.41709056629308,19.18458459013202,1,0,0,0,1,0,934.7694148520011,3937.316305478424,0.6817806150000001,1,0,0,0,0,0.46482480698977835,139.63726524,215.27411724499999
22,43,24,25.42517036,53.22082660000001,4.52363558,46.19374559,mothbeans,89,0.5116278950784211,0.9166666284722238,1.791666592013892,11.590225767142474,2.458469324049905,2.5378498499498034,11.744838511922488,1,0,0,0,0,0,646.4392878350225,2133.8621316336444,1.9763644200000003,1,0,1,0,1,3.9060163206419376,99.51998275999999,194.51632994
36,43,24,27.09400578,43.65305437,3.510404312,41.53749535,mothbeans,103,0.8372092828555981,1.4999999375000026,1.791666592013892,9.60902353693305,1.8132385429071722,3.9972555798456573,11.254171390996232,1,0,0,0,0,0,734.0851492066733,1725.3635199512717,2.989595688,1,0,1,0,1,8.937682377708194,126.37455523199999,150.947385416
22,44,24,24.30935081,56.32938343,6.030447288,58.99536268,mothbeans,90,0.4999999886363639,0.9166666284722238,1.8333332569444476,12.165525060596439,3.3231724049936324,1.8819200688912898,14.34138967551302,1,0,0,0,0,0,590.9445368036477,3480.452817744737,0.4695527119999996,0,0,0,0,0,0.22047974934655457,132.66984033600002,265.33968067200004
17,43,22,30.06142622,45.90067655,5.498340807999999,41.0550915,mothbeans,82,0.39534882801514354,0.7727272376033073,1.9545453657024834,13.796134724383252,1.8844564756721545,5.44316351444091,12.341746040825992,1,0,0,0,1,0,903.6893463805036,1685.5205380733726,1.0016591920000009,1,0,1,0,0,1.0033211369180945,93.47179373599998,236.42865474399997
8,45,15,28.09568993,60.98353839999999,4.61136408,33.84110759,mothbeans,68,0.1777777738271606,0.5333332977777802,2.9999998000000136,19.65536398374076,2.0637504842132963,3.158651752793517,9.507892657364096,1,0,0,0,0,0,789.3677926427033,1145.2205629179557,1.8886359199999996,1,0,1,0,1,3.5669456383142446,36.89091264,207.51138360000002
7,56,23,26.33908791,40.00933429,5.545219232000001,55.50429227,mothbeans,86,0.12499999776785718,0.3043478128544429,2.434782502835543,24.986663109213552,2.220689783960293,3.802861037151126,14.619324334818634,1,0,0,0,0,0,693.7475519307081,3080.726460393582,0.9547807679999991,1,0,0,0,0,0.9116063149426681,38.816534624000006,310.53227699200005
36,57,16,28.61409059,57.14218792,8.292875733999999,57.02891698,mothbeans,109,0.6315789362880888,2.249999859375009,3.562499777343764,20.502032419575706,3.258757090945239,3.6918107574631636,16.31830596715309,1,0,0,0,0,0,818.7661802927265,3252.297371911732,1.792875733999999,0,1,0,1,0,3.214403397566035,298.543526424,472.69391683799995
11,45,19,28.70012137,44.359648,3.828031463,44.11622138,mothbeans,75,0.2444444390123458,0.5789473379501401,2.3684209279778456,17.776388834631177,1.956980051506874,4.840778154695223,12.66140907991789,1,0,0,0,0,0,823.6969666527308,1946.240988849169,2.671968537,1,0,1,0,1,7.139415862717921,42.108346093,172.26141583499998
6,36,22,24.21610338,59.79236306,8.869532817,42.24783476,mothbeans,64,0.16666666203703717,0.27272726033057904,1.6363635619834744,15.01110699893027,2.526097874468808,1.6951955400454686,10.230779341293175,1,0,0,0,0,0,586.4196629108474,1784.8795419082646,2.3695328169999996,0,1,0,1,0,5.614685770839953,53.217196902,319.30318141199996
17,57,20,28.50677929,45.20094476,3.793575185,66.1761456,mothbeans,94,0.2982456088027086,0.8499999575000021,2.849999857500007,22.27853974867593,2.991224301695317,4.6616346822719805,18.864687768821046,1,0,0,0,0,0,812.636465488773,4379.2822464723995,2.706424815,1,0,1,0,1,7.3247352792477844,64.490778145,216.233785545
4,47,20,25.97948991,64.95585424,4.193189124,72.19245835,mothbeans,71,0.08510638116794934,0.1999999900000005,2.349999882500006,21.73323108360405,4.68932280180987,2.0954611597648936,18.755232432819202,1,0,0,0,0,0,674.9338959837919,5211.7510426164845,2.306810876,1,0,1,0,1,5.321376417631888,16.772756496,197.07988882799998
9,49,16,30.88482722,41.36561835,7.661537347999999,55.053805,mothbeans,74,0.18367346563931702,0.5624999648437522,3.0624998085937616,21.361959960016154,2.2773346863453217,6.382251134117885,17.00327255228572,1,0,0,0,1,0,953.8725524092529,3030.9214449780247,1.1615373479999986,0,1,0,0,0,1.3491690107988699,68.95383613199999,375.41533005199994
25,51,24,25.5042419,61.66852372,9.392694614,65.07981523,mothbeans,100,0.49019606881968497,1.0416666232638907,2.124999911458337,15.30795000427338,4.013376129204472,2.1098571782923212,16.59811350433224,1,0,0,0,0,0,650.4663548937157,4235.382350370939,2.892694614,0,1,0,1,0,8.367682129864608,234.81736535,479.02742531399997
36,44,21,25.12528913,51.33189406,4.516154055,38.48678973,mothbeans,101,0.8181817995867773,1.714285632653065,2.0952379954648572,11.676186592091328,1.975599813129856,2.4943811435197034,9.669917196517646,1,0,0,0,0,0,631.280153866096,1481.2329837212333,1.9838459449999997,1,0,1,0,1,3.935644733492942,162.58154598000002,198.71077842000003
21,38,20,27.10508014,63.56791363,5.794289715,62.20279647,mothbeans,79,0.5526315644044325,1.0499999475000026,1.8999999050000047,10.115993936995679,3.954101993549429,2.5885289332625168,16.86011783251459,1,0,0,0,0,0,734.6853693958224,3869.1878886882446,0.7057102850000003,1,0,0,0,0,0.4980270063547817,121.68008401499999,220.18300917
37,57,20,31.1006247,44.82069159,7.354286985,70.79934452,mothbeans,114,0.6491227956294247,1.8499999075000044,2.849999857500007,18.520259177452136,3.1732755855050767,6.125247938649637,22.01903842922522,1,0,0,0,1,0,967.2488567302502,5012.547184461655,0.8542869849999999,0,0,0,0,0,0.72980625274039,272.108618445,419.19435814499997
32,48,18,26.45707778,56.40226277,5.993513566,64.16167699,mothbeans,98,0.6666666527777781,1.7777776790123512,2.6666665185185265,15.01110699893027,3.618863765353843,2.815139803261117,16.975304786196663,1,0,0,0,0,0,699.9769646569697,4116.720794169096,0.5064864340000002,1,0,0,0,0,0.25652850782603653,191.792434112,287.688651168
29,44,20,30.04132304,63.56222995,8.620107545,31.83192392,mothbeans,93,0.6590908941115706,1.4499999275000035,2.1999998900000053,12.12435565298214,2.0233080679539457,3.6588341992928703,9.562731094654232,1,0,0,0,1,0,902.4810899936349,1013.2713804486682,2.1201075449999998,0,1,0,1,0,4.494856002365926,249.983118805,379.28473198
25,51,18,27.77799528,54.82130787,9.45949344,50.28438729,mothbeans,94,0.49019606881968497,1.3888888117283993,2.8333331759259344,17.3877351409933,2.7566558766794045,3.5139965414371312,13.96799472799312,1,0,0,0,0,0,771.6170217757023,2528.5196051307134,2.9594934399999993,0,1,0,1,0,8.758601421403029,236.48733599999997,482.43416543999996
10,44,24,30.99256944,43.02151392,8.0344125,58.27600682,mothbeans,78,0.22727272210743815,0.41666664930555625,1.8333332569444476,17.08800749063506,2.5071220386086446,6.263399648204735,18.061231880547638,1,0,0,0,1,0,960.5393604932219,3396.0929708846866,1.5344125000000002,0,1,0,1,0,2.3544217201562505,80.344125,353.51415000000003
23,35,18,26.4908332,47.36534833,5.414492777,36.99362831,mothbeans,76,0.6571428383673475,1.2777777067901273,1.944444336419759,8.736894948054106,1.7522160908936992,3.4164274453007146,9.79992037023008,1,0,0,0,0,0,701.7642436302223,1368.5285355384333,1.0855072229999996,1,0,1,0,0,1.1783259311851708,124.53333387100001,189.50724719500002
9,60,23,31.96987867,57.17377029,6.2760043360000015,64.25520357,mothbeans,92,0.14999999750000004,0.39130433081285515,2.6086955387523676,26.350205565295564,3.6737122488483682,5.126247735222493,20.54231062049051,1,0,0,0,1,0,1022.073142174521,4128.731185822142,0.22399566399999848,0,0,0,0,0,0.050174057490800214,56.48403902400001,376.5602601600001
3,58,21,25.36140526,46.82652785,9.160691747,55.60523179,mothbeans,82,0.05172413703923902,0.14285713605442207,2.7619046303854935,28.04163571073081,2.6037999350201404,2.8508453327747363,14.102268180024252,1,0,0,0,0,0,643.2008767619558,3091.941802419626,2.6606917469999996,0,1,0,1,0,7.07928057255391,27.482075240999997,531.3201213259999
22,42,22,25.54249137,56.96640758,7.887658711,48.46797044,mothbeans,86,0.5238095113378688,0.9999999545454565,1.9090908223140535,11.547005383792515,2.761046158660432,2.385133146079474,12.379927166851154,1,0,0,0,0,0,652.4188653865245,2349.144158572714,1.3876587110000003,0,1,0,0,0,1.9255966982141823,173.528491642,331.281665862
12,39,21,28.99319096,62.85948245,8.183844843,70.4713043,mothbeans,72,0.3076922998027616,0.5714285442176883,1.857142768707487,13.74772708486752,4.42978971587446,3.340117666803813,20.431879827701692,1,0,0,0,0,0,840.6051220430257,4966.204729743198,1.6838448429999993,0,1,0,1,0,2.8353334552976923,98.20613811599999,319.16994887699997
39,36,22,29.34317422,60.50320928,9.072011412,34.03335472,mothbeans,97,1.0833333032407417,1.772727192148764,1.6363635619834744,9.073771725877467,2.059127183124636,3.690253968278393,9.986466568400193,1,0,0,0,0,0,861.0218733052727,1158.2692334973462,2.572011412,0,1,0,1,0,6.615242703458234,353.808445068,326.592410832
32,41,16,28.63618921,61.39451307,7.702287236,68.54877876,mothbeans,89,0.7804877858417614,1.9999998750000076,2.5624998398437597,12.662279942148386,4.208518893513359,3.3340428967166207,19.629757986857893,1,0,0,0,0,0,820.0313324709205,4698.935069487427,1.202287236,0,1,0,0,0,1.4454945978485199,246.473191552,315.793776676
30,41,15,24.83206631,44.17085032,5.88509677,52.0810886,mothbeans,86,0.7317072992266512,1.9999998666666756,2.733333151111123,13.051181300301261,2.3004659690532585,2.697701532846752,12.93281045612185,1,0,0,0,0,0,616.631517224237,2712.43978976105,0.6149032300000004,1,0,0,0,0,0.3781059822644333,176.55290309999998,241.28896756999998
19,36,22,25.44689075,58.55363573,6.16496284,57.04826619,mothbeans,77,0.5277777631172844,0.863636324380167,1.6363635619834744,9.073771725877467,3.340383397517335,2.2575381816339353,14.517009972138487,1,0,0,0,0,0,647.5442488424356,3254.504675285097,0.3350371599999997,0,0,0,0,0,0.11224989858086541,117.13429396000001,221.93866224
4,46,15,31.01274943,62.40392519,3.504752314,63.77192383,mothbeans,65,0.08695651984877131,0.2666666488888901,3.066666462222236,21.77919496522618,3.9796183639096983,4.140361514340649,19.777426944088358,1,0,0,0,1,0,961.7906272079653,4066.8582689793216,2.995247686,1,0,1,0,1,8.971508700488354,14.019009256,161.21860644400002
21,39,20,27.06179658,52.3003173,7.388007482999999,60.74583498,mothbeans,80,0.5384615246548328,1.0499999475000026,1.9499999025000048,10.692676621563626,3.177026444107439,3.3684545615794512,16.438914293110084,1,0,0,0,0,0,732.3408341372997,3690.0564674173916,0.8880074829999991,0,0,0,0,0,0.7885572898639936,155.148157143,288.13229183699997
35,57,25,27.0956288,42.26206161,8.340398059,71.12710390000002,mothbeans,117,0.6140350769467531,1.3999999440000022,2.2799999088000034,16.3707055437449,3.0059780471626723,4.0968697849270965,19.27233604893433,1,0,0,0,0,0,734.1731000673894,5059.064909201398,1.840398059,0,1,0,1,0,3.3870650155709674,291.913932065,475.402689363
22,55,24,28.56800579,57.30636014,8.66077954,64.53027638,mothbeans,101,0.3999999927272729,0.9166666284722238,2.2916665711805595,18.502252115170556,3.697995258166016,3.6579935351665482,18.435013092541404,1,0,0,0,0,0,816.1309548174736,4164.156569679187,2.16077954,0,1,0,1,0,4.668968220482612,190.53714988000002,476.3428747
35,51,17,28.79929247,49.84213387,3.558822825,40.85534718,mothbeans,103,0.6862744963475589,2.058823408304505,2.999999823529422,17.009801096230767,2.036317683450887,4.413537337489771,11.766050924002098,1,0,0,0,0,0,829.3992467725988,1669.159393198334,2.941177175,1,0,1,0,1,8.65052317474098,124.55879887500001,181.499964075
17,56,17,27.94293692,45.41393636,5.9565851,69.66289997,mothbeans,90,0.30357142315051033,0.999999941176474,3.2941174532872086,22.516660498395403,3.163666505890626,4.335736602036256,19.4658601952598,1,0,0,0,0,0,780.8077237150992,4852.919632230226,0.5434149000000001,1,0,0,0,0,0.29529975354201016,101.2619467,333.5687656
28,57,17,30.47757686,61.58245338,9.416003106,61.86633917,mothbeans,102,0.49122806155740245,1.6470587266436043,3.352940979238766,20.663978319771825,3.809880947727793,4.025227974836833,18.855361071005035,1,0,0,0,1,0,928.8826912572074,3827.4439222974765,2.916003106,0,1,0,1,0,8.503074114201645,263.648086968,536.712177042
22,36,16,30.58139475,50.77148138,8.18422855,64.58559639,mothbeans,74,0.611111094135803,1.3749999140625053,2.249999859375009,10.263202878893768,3.2791064045310803,5.209063884759453,19.751176183667653,1,0,0,0,1,0,935.2217048553276,4171.299261051982,1.6842285500000003,0,1,0,1,0,2.8366258086351035,180.0530281,294.6322278
11,41,19,26.85911286,41.81420849,5.131779302,44.13827124,mothbeans,71,0.26829267638310544,0.5789473379501401,2.157894623268704,15.534906930308058,1.8456068760175308,3.991029108155198,11.855148086804522,1,0,0,0,0,0,721.4119436262174,1948.1869880558113,1.368220698,1,0,1,0,0,1.8720278784356073,56.449572322,210.402951382
38,38,18,26.31051759,61.18749126,6.294130312999999,35.73403813,mothbeans,94,0.9999999736842113,2.111110993827167,2.111110993827167,11.547005383792515,2.186476145763882,2.449270191157987,9.401810387810958,1,0,0,0,0,0,692.2433358536994,1276.921481076294,0.20586968700000075,0,0,0,0,0,0.042382328025478276,239.17695189399998,239.17695189399998
23,37,24,28.77833449,44.2252605,7.991902443,33.95825723,mothbeans,84,0.6216216048210378,0.9583332934027794,1.541666602430558,7.810249675906654,1.5018127721227583,4.896093194236153,9.772620852624009,1,0,0,0,0,0,828.1925360183235,1153.1632340988474,1.4919024429999999,0,1,0,0,0,2.225772899429368,183.813756189,295.700390391
25,35,20,28.90245417,43.35365671,8.923095695,71.90018566,mothbeans,80,0.7142856938775517,1.249999937500003,1.7499999125000043,7.637626158259733,3.117135966488905,5.042914750373119,20.780918208526415,1,0,0,0,0,0,835.3518570489504,5169.63669794247,2.4230956950000007,0,1,0,1,0,5.871392747127536,223.07739237500002,312.308349325
40,45,20,29.37687468,57.69622912,6.878498176,38.34303462,mothbeans,105,0.888888869135803,1.9999999000000048,2.2499998875000053,13.228756555322953,2.2122485105916123,3.9667715803319332,11.263985228826414,1,0,0,0,0,0,863.0007659644251,1470.1883038705184,0.3784981759999999,0,0,0,0,0,0.1432608692353269,275.13992704,309.53241792
23,58,19,24.17093241,58.25204566,5.243634848999999,59.18953429,mothbeans,100,0.3965517173008325,1.2105262520775657,3.052631418282557,21.45538005567213,3.4479114540552156,1.741278958079061,14.306662327029672,1,0,0,0,0,0,584.2339735687883,3503.4009694670854,1.2563651510000007,1,0,1,0,0,1.5784533926472546,120.60360152699998,304.13082124199997
2,56,23,26.65333029,59.79023382,7.550090941,36.91852635,mothbeans,81,0.03571428507653063,0.08695651795841226,2.434782502835543,27.2213151776324,2.2073673227563315,2.675288552792116,9.840016766266181,1,0,0,0,0,0,710.4000155478315,1362.9775878556443,1.0500909409999997,0,1,0,0,0,1.1026909843702648,15.100181882,422.805092696
3,56,17,28.19912143,53.50567601,8.709291687999999,52.13580529,mothbeans,76,0.05357142761479594,0.17647057785467188,3.2941174532872086,27.465129406819354,2.7895615063671846,3.8121260819977216,14.701839042235465,1,0,0,0,0,0,795.1904494238853,2718.142193236792,2.2092916879999986,0,1,0,1,0,4.880969762665884,26.127875063999994,487.7203345279999
26,51,25,28.76488954,52.62741529,7.792508067999999,55.21606732,mothbeans,102,0.5098039115724724,1.0399999584000017,2.039999918400003,14.730919862656235,2.9058789055302374,4.152154722074429,15.882840772930038,1,0,0,0,0,0,827.4188702484014,3048.814090286772,1.2925080679999992,0,1,0,0,0,1.6705771058450904,202.60520976799998,397.41791146799994
39,42,20,29.3499706,61.25353851,8.055908857999999,40.82840673,mothbeans,101,0.9285714064625856,1.9499999025000048,2.099999895000005,11.930353445448855,2.500884383937998,3.6227827578553216,11.98312537170342,1,0,0,0,0,0,861.4207742208642,1666.958796110309,1.5559088579999987,0,1,0,1,0,2.42085237440286,314.18044546199997,338.34817203599994
27,59,20,28.00937423,52.60950014,4.397698806,36.01203025,mothbeans,106,0.4576271108876761,1.3499999325000034,2.949999852500007,20.79262689833426,1.8945749104790592,3.7956824832550256,10.086744320543305,1,0,0,0,0,0,784.525044756188,1296.8663227269153,2.102301194,1,0,1,0,1,4.419670310293825,118.73786776200001,259.464229554
24,45,19,26.85851927,48.8246387,5.9523849570000005,34.7426459,mothbeans,88,0.5333333214814818,1.263157828254851,2.3684209279778456,13.796134724383252,1.6962971335495363,3.5098720162526216,9.331360243959363,1,0,0,0,0,0,721.3800573769613,1207.0514441327869,0.5476150429999995,1,0,0,0,0,0.29988223531989133,142.85723896800002,267.857323065
7,40,17,31.2123945,40.92604945,8.532078732999999,53.78769958,mothbeans,64,0.17499999562500013,0.4117646816609011,2.352941038062292,16.921386861996073,2.201318052812824,6.623604382400918,16.788428985384442,1,0,0,0,1,0,974.2135704236301,2893.116626108332,2.0320787329999987,0,1,0,1,0,4.129343977110881,59.72455113099999,341.28314931999995
15,45,23,24.20422636,61.43378674,7.224193642,46.0203959,mothbeans,83,0.3333333259259261,0.6521738846880919,1.9565216540642758,15.534906930308058,2.8272071874109703,1.6214109039307352,11.138880795404159,1,0,0,0,0,0,585.8445736861188,2117.8768387927366,0.7241936420000004,0,0,0,0,0,0.5244564311132247,108.36290463,325.08871389
26,52,23,29.98835437,49.60384796,4.931890506,52.92929636,mothbeans,101,0.49999999038461557,1.1304347334593594,2.260869466918719,15.947831618540913,2.6254967692712214,5.033746254599183,15.872624957984312,1,0,0,0,0,0,899.3013978206981,2801.5104131647095,1.5681094939999998,1,0,1,0,1,2.4589673851729352,128.229153156,256.458306312
20,45,16,29.93964907,54.61813464,4.626212446,45.43669946,mothbeans,81,0.4444444345679015,1.2499999218750049,2.8124998242187607,15.716233645501712,2.4816677687034954,4.510798158203893,13.603588367314584,1,0,0,0,0,0,896.3825864347519,2064.493657818364,1.8737875539999997,1,0,1,0,1,3.511079797525302,92.52424892,208.17956007
34,54,24,31.2119298,41.55934359,5.026003659,68.80141783,mothbeans,112,0.6296296179698219,1.4166666076388912,2.249999906250004,15.275252316519467,2.8593417630761224,6.552325371348401,21.474250234504282,1,0,0,0,1,0,974.184561840128,4733.635095418243,1.4739963410000003,1,0,1,0,0,2.1726652132813893,170.88412440599998,271.404197586
19,51,25,26.80474415,48.23991436,3.5253661,43.87801983,mothbeans,95,0.37254901230296056,0.7599999696000012,2.039999918400003,17.009801096230763,2.116671918885582,3.5221413996228903,11.761390953517767,1,0,0,0,0,0,718.4943089469593,1925.2806242018733,2.9746339,1,0,1,0,1,8.848446839029211,66.9819559,179.79367109999998
29,41,21,31.49398069,62.84916863,8.86979671,64.56807592,mothbeans,91,0.7073170559190962,1.3809523151927467,1.9523808594104353,10.066445913694333,4.058049891610723,4.270109383842263,20.33505736214934,1,0,0,0,1,0,991.870819702093,4169.036428010883,2.3697967099999993,0,1,0,1,0,5.6159364467268205,257.22410458999997,363.66166510999994
20,50,22,30.99694676,46.42693735,9.406887533,38.31597852,mothbeans,92,0.3999999920000002,0.9090908677685968,2.272727169421492,16.772994167212165,1.778893534251986,5.891401177321946,11.876783462417436,1,0,0,0,1,0,960.8107084422745,1468.1142099451015,2.906887533000001,0,1,0,1,0,8.44999512951083,188.13775066000002,470.34437665
11,40,23,29.61253065,63.04749127,5.80428611,50.1978269,mothbeans,74,0.2749999931250002,0.4782608487712674,1.7391303591682452,14.571661996262929,3.164847053250721,3.5520712276151754,14.864846876396445,1,0,0,0,0,0,876.9019714971894,2519.8218254823637,0.6957138900000004,1,0,0,0,0,0.4840178167389326,63.847147209999996,232.17144439999998
15,54,15,29.97604322,57.03184356,8.35495812,44.86052932,mothbeans,84,0.277777772633745,0.9999999333333378,3.599999760000016,22.516660498395403,2.558478690197033,4.286521857291614,13.447411657683972,1,0,0,0,0,0,898.563167127308,2012.4670908705796,1.8549581199999992,0,1,0,1,0,3.440869626953931,125.3243718,451.16773847999997
35,55,22,30.88883074,52.62696801,8.634929739,55.51932414,mothbeans,112,0.6363636247933887,1.5909090185950445,2.4999998863636415,16.623276853055575,2.9218136954526006,5.158369269797154,17.14927006159656,1,0,0,0,1,0,954.1198644843689,3082.395352962387,2.1349297390000004,0,1,0,1,0,4.55792499046661,302.22254086500004,474.92113564500005
9,59,25,30.39321309,60.16299493,7.699200949,35.37493212,mothbeans,93,0.15254237029589204,0.35999998560000057,2.3599999056000036,25.534290669607408,2.128261861784654,4.140344825599203,10.751578499674453,1,0,0,0,1,0,923.7474019341473,1251.3858224946075,1.1992009489999997,0,1,0,0,0,1.4380829160825,69.292808541,454.252855991
40,45,18,30.43683729,55.20522037,5.261285926,30.92014047,mothbeans,103,0.888888869135803,2.222222098765439,2.4999998611111187,14.364307617610162,1.7069531685177053,4.675158264397164,9.411112844693342,1,0,0,0,1,0,926.4010642179345,956.0550866845318,1.2387140739999998,1,0,1,0,0,1.5344125571256768,210.45143704,236.75786667
35,38,19,25.32688786,63.18180319,9.112771682,32.71129281,mothbeans,92,0.9210526073407209,1.8421051662049912,1.9999998947368476,10.214368964029708,2.066758464411882,1.9612640561427972,8.284752447544944,1,0,0,0,0,0,641.4512486730154,1070.028677301558,2.612771682,0,1,0,1,0,6.826575862261109,318.94700887,346.285323916
14,58,17,30.53684308,59.96664731,4.605700542,33.48919022,mothbeans,89,0.24137930618311543,0.8235293633218022,3.411764505190323,24.583192089989726,2.008234458620241,4.218251552608259,10.226541466244106,1,0,0,0,1,0,932.498785292544,1121.5258615913435,1.8942994579999999,1,0,1,0,1,3.588370436579093,64.479807588,267.130631436
40,55,18,30.38257873,40.5926071,7.115994051,47.95406479,mothbeans,113,0.727272714049587,2.222222098765439,3.0555553858024784,18.610033136277146,1.946580510868414,6.168019339282929,14.569681489056956,1,0,0,0,1,0,923.1010902846483,2299.5923298835173,0.6159940510000004,0,0,0,0,0,0.3794486708673911,284.63976204,391.37967280500004
18,36,23,24.01825377,53.76623369,7.214078621,35.03404425,mothbeans,77,0.4999999861111115,0.7826086616257103,1.5652173232514206,9.291573243177568,1.8836486102513008,1.8577900577645652,8.414565653859093,1,0,0,0,0,0,576.8765141601193,1227.384256510958,0.7140786209999996,0,0,0,0,0,0.5099082769692611,129.853415178,259.706830356
35,52,15,28.69841277,61.14754363,9.93509073,65.67591794,mothbeans,102,0.6730769101331364,2.333333177777788,3.466666435555571,18.520259177452136,4.01592105767645,3.3795470263467586,18.84794602090768,1,0,0,0,0,0,823.5988955172991,4313.326197261615,3.4350907300000006,0,1,0,1,0,11.799848323331938,347.72817555,516.62471796
4,59,22,29.33743412,49.00323081,8.914074888,42.44054315,mothbeans,85,0.06779660902039646,0.18181817355371938,2.6818180599173607,28.04163571073081,2.0797237316812147,4.761789726444708,12.450966386801424,1,0,0,0,0,0,860.6850407453402,1801.1997028670123,2.414074888,0,1,0,1,0,5.827757564872213,35.656299552,525.930418392
22,51,16,27.96583691,61.34900107,8.639586199,70.10472076,mothbeans,89,0.43137254056132274,1.3749999140625053,3.187499800781262,18.717193521821944,4.300854588917292,3.0788755388496454,19.605371873952514,1,0,0,0,0,0,782.0880340767184,4914.671872837576,2.139586199,0,1,0,1,0,4.577829102951267,190.070896378,440.618896149
33,47,17,24.86803974,48.27531965,8.621514073,63.9187654,mothbeans,97,0.7021276446355821,1.9411763564013906,2.764705719723193,15.01110699893027,3.08569883131836,2.517977994825971,15.895343980989368,1,0,0,0,0,0,618.4194005102192,4085.608570260237,2.121514073,0,1,0,1,0,4.50082196193705,284.509964409,405.211161431
2,51,17,25.87682261,45.96341933,5.838508699,38.53254678,mothbeans,70,0.0392156855055748,0.11764705190311459,2.999999823529422,25.106440076867397,1.7710876055019813,3.17563399048545,9.970998777375867,1,0,0,0,0,0,669.6099483894072,1484.757161352888,0.6614913009999999,1,0,0,0,0,0.4375707412986724,11.677017398,297.763943649
16,51,21,31.01963639,49.97675220000001,3.532008668,32.81296548,mothbeans,88,0.3137254840445984,0.7619047256235845,2.4285713129251754,18.929694486000912,1.6398854447411144,5.512380018028673,10.178462580672218,1,0,0,0,1,0,962.2178417678122,1076.6907035916718,2.967991332,1,0,1,0,1,8.808972546827134,56.512138688,180.132442068
19,55,20,27.43329405,87.80507732,7.18530147,54.73367631,mungbean,94,0.34545453917355384,0.9499999525000024,2.749999862500007,20.50203241957571,4.805894680407402,0.9064844619745409,15.01525036649749,1,0,0,0,0,0,752.5856224337655,2995.775322407855,0.6853014699999997,0,0,0,0,0,0.46963810478416057,136.52072793,395.19158085
8,54,20,28.3340432,80.77275974,7.034214276,38.7976407,mungbean,82,0.14814814540466398,0.399999980000001,2.6999998650000068,23.86070689089771,3.1337925107399456,1.6024065094361923,10.992940276518782,1,0,0,0,0,0,802.8180040594663,1505.2569238862966,0.5342142760000002,0,0,0,0,0,0.28538489268220435,56.273714208,379.847570904
36,55,20,27.01470397,84.34262707,6.635968697999999,55.296354,mungbean,111,0.6545454426446283,1.7999999100000044,2.749999862500007,17.52141546793523,4.663839763752703,1.0983183605184148,14.938146339303252,1,0,0,0,0,0,729.7942305867338,3057.686765693316,0.13596869799999922,0,0,0,0,0,0.01848748683581499,238.89487312799997,364.97827838999996
10,56,16,28.17432665,81.04554836,6.828187498999998,36.35720652,mungbean,82,0.17857142538265314,0.6249999609375024,3.4999997812500134,25.006665778014735,2.946589739251167,1.5493987917698826,10.243398125759898,1,0,0,0,0,0,793.7926821809003,1321.8464659379304,0.32818749899999844,0,0,0,0,0,0.10770703449987398,68.28187498999998,382.37849994399994
22,56,17,29.87888063,87.32761241,6.89077995,44.75215854,mungbean,95,0.3928571358418369,1.2941175709342605,3.2941174532872086,21.22105872319601,3.908099155491992,1.2518900429870339,13.371444029514953,1,0,0,0,0,0,892.7475077017892,2002.7556939892952,0.39077994999999976,0,0,0,0,0,0.1527089693220023,151.59715889999998,385.88367719999997
9,57,24,29.89232778,89.71503316,7.165121108999998,42.99498978,mungbean,90,0.1578947340720222,0.37499998437500065,2.3749999010416705,24.55605831561735,3.8572969338265612,1.0174226318771076,12.852203274015098,1,0,0,0,0,0,893.5512601069596,1848.5691461823042,0.6651211089999984,0,0,0,0,0,0.4423860896373878,64.48608998099999,408.4119032129999
34,59,23,28.56212158,83.24855855,6.935804256,56.48265193,mungbean,116,0.5762711766733699,1.4782608052930084,2.5652172797731616,18.44812546936228,4.702099356253876,1.434278783351515,16.13264371585482,1,0,0,0,0,0,815.7947891507017,3190.289969045533,0.43580425599999995,0,0,0,0,0,0.18992534954771348,235.817344704,409.212451104
31,51,25,27.53592929,85.57019009999998,7.196774236,53.01899249,mungbean,107,0.6078431253364094,1.2399999504000019,2.039999918400003,13.613718571108091,4.536845266279772,1.0874202707454212,14.59927228231681,1,0,0,0,0,0,758.2274018638798,2811.0135646546764,0.6967742360000004,0,0,0,0,0,0.4854943359533843,223.100001316,367.035486036
0,49,18,29.68361658,87.93598094,6.990095452,41.82490236,mungbean,67,0.0,0.0,2.722222070987663,24.78574859336174,3.677913816746321,1.1682333499085207,12.415143651501772,1,0,0,0,0,0,881.1170932684508,1749.3224574235337,0.49009545200000026,0,0,0,0,0,0.24019355207108456,0.0,342.51467714800003
21,39,20,28.14448546,82.1193047,7.064782137999999,46.75690086,mungbean,80,0.5384615246548328,1.0499999475000026,1.9499999025000048,10.692676621563626,3.8396441885500323,1.456290628855403,13.159489164089313,1,0,0,0,0,0,792.1120618081513,2186.207778031869,0.5647821379999991,0,0,0,0,0,0.31897886340385,148.360424898,275.526503382
28,35,22,29.53037621,86.73346018,7.156563094,59.87232071,mungbean,85,0.7999999771428579,1.2727272148760356,1.5909090185950445,6.506407098647712,5.1929335441849735,1.2643511548954574,17.68052155132074,1,0,0,0,0,0,872.043119104134,3584.6947872010946,0.656563094,0,0,0,0,0,0.43107509640285285,200.383766632,250.47970829
17,52,17,27.88352946,86.45147631,6.364967184,44.64407105,mungbean,86,0.3269230706360948,0.999999941176474,3.058823349480979,20.2072594216369,3.859545850761032,1.0681018564962286,12.44834270337008,1,0,0,0,0,0,777.4912151466878,1993.0930799174482,0.13503281599999983,0,0,0,0,0,0.01823386139688981,108.204442128,330.978293568
24,42,23,28.22471276,82.35916228,6.428054409,44.01206619,mungbean,89,0.5714285578231296,1.0434782155009472,1.8260868771266574,10.692676621563626,3.6247969016203117,1.4509082309277324,12.422279261868574,1,0,0,0,0,0,796.6344103845067,1937.061970312941,0.07194559100000042,0,0,0,0,0,0.005176168064339341,154.273305816,269.97828517799996
28,46,16,29.008124,84.96089355,6.664187809,45.91011391,mungbean,90,0.6086956389413992,1.7499998906250067,2.874999820312511,15.0996688705415,3.900564300775884,1.3547413575079983,13.317662771554048,1,0,0,0,0,0,841.4712579993759,2107.7385592291753,0.1641878090000004,0,0,0,0,0,0.026957636624220613,186.59725865200002,306.552639214
21,38,21,29.75538903,86.45193297,6.637677489,37.54602719,mungbean,80,0.5526315644044325,0.9999999523809546,1.809523723356013,9.814954576223638,3.245926625919677,1.3216666448216665,11.171966455694076,1,0,0,0,0,0,885.3831763266444,1409.704157752219,0.13767748899999965,0,0,0,0,0,0.018955090977345025,139.39122726899998,252.23174458199998
34,60,25,29.78416743,85.16906976,6.79385576,40.77872823,mungbean,119,0.5666666572222224,1.359999945600002,2.399999904000004,18.175074506954115,3.473086349344951,1.4510830461081008,12.145604691847876,1,0,0,0,0,0,887.0966294982728,1662.904676056199,0.2938557599999996,0,0,0,0,0,0.08635120768517734,230.99109583999999,407.6313456
19,53,22,27.8640132,80.4513142,6.852884642999999,42.83053902,mungbean,94,0.35849055927376305,0.863636324380167,2.4090907995867816,18.823743871327334,3.44577315205338,1.5373112317385256,11.934307046163951,1,0,0,0,0,0,776.4032316097741,1834.455072743743,0.35288464299999944,0,0,0,0,0,0.12452757126523706,130.204808217,363.202886079
31,58,15,27.11026483,84.96771717,7.121571293,51.52617423,mungbean,104,0.5344827494054699,2.066666528888898,3.8666664088889062,21.733231083604053,4.378061398826782,1.0688351192076184,13.968882290520215,1,0,0,0,0,0,734.9664591527348,2654.9466307803164,0.6215712929999997,0,0,0,0,0,0.38635087228169146,220.768710083,413.051134994
19,35,24,27.11030369,83.64274107,6.883308033,49.11964582,mungbean,78,0.5428571273469392,0.7916666336805569,1.458333272569447,8.18535277187245,4.108501816772368,1.1630507852826444,13.31648515325439,1,0,0,0,0,0,734.9685661640275,2412.739605482244,0.3833080329999996,0,0,0,0,0,0.1469250481623288,130.78285262699998,240.915781155
24,53,17,28.95451232,89.07866095,6.421271178,57.65901369,mungbean,94,0.45283018013527965,1.411764622837375,3.1176468754325364,19.08751773629388,5.136187731202918,0.9779526507412208,16.694886222461538,1,0,0,0,0,0,838.3637836890317,3324.5618597036078,0.07872882200000042,0,0,0,0,0,0.00619822741350775,154.110508272,340.327372434
13,47,20,29.21780035,87.93724219,6.54450214,43.1386631,mungbean,80,0.2765957387958354,0.6499999675000016,2.349999882500006,17.95364401266031,3.7934950647775167,1.1119209316298317,12.604168458217123,1,0,0,0,0,0,853.6798572924602,1860.9442540553018,0.044502139999999635,0,0,0,0,0,0.0019804404645795675,85.07852781999999,307.59160058
31,53,16,28.7420098,85.81675947,6.452006451,48.54598575,mungbean,100,0.5849056493414029,1.9374998789062574,3.3124997929687625,18.610033136277146,4.166059182341797,1.2399002770901726,13.953091981771603,1,0,0,0,0,0,826.1031273432961,2356.712732439203,0.04799354900000008,0,0,0,0,0,0.0023033807456154087,200.012199981,341.956341903
28,45,23,29.65021184,80.29868321,6.489259136,56.76278363,mungbean,96,0.622222208395062,1.2173912514177716,1.9565216540642758,11.532562594670797,4.557976780823144,1.9012188055044887,16.83028559257584,1,0,0,0,0,0,879.1350621568762,3222.013605426196,0.010740863999999739,0,0,0,0,0,0.0001153661594664904,181.699255808,292.01666112000004
31,37,21,27.23924995,86.404241,6.713410626,37.31236904,mungbean,89,0.8378378151935726,1.476190405895695,1.761904678004539,8.082903768654761,3.223946926813099,0.9842309766096207,10.163609465072016,1,0,0,0,0,0,741.9767378385751,1392.2128833771505,0.21341062599999994,0,0,0,0,0,0.04554409528971185,208.11572940599999,248.396193162
33,60,15,28.95172351,81.67085323,6.510840928,56.51103293,mungbean,108,0.5499999908333335,2.199999853333343,3.9999997333333512,22.64950330581225,4.615304276301727,1.6407745405924954,16.360918006538654,1,0,0,0,0,0,838.2022941994868,3193.4968428155444,0.01084092800000036,0,0,0,0,0,0.00011752571990119181,214.857750624,390.65045568000005
34,45,21,28.18837136,82.60629652,6.2873801170000005,37.01110438,mungbean,100,0.7555555387654325,1.619047541950117,2.1428570408163314,12.013880860626733,3.057350262946951,1.4242610341996436,10.432827547071627,1,0,0,0,0,0,794.5842799292683,1369.821847427255,0.21261988299999945,0,0,0,0,0,0.045207214646933454,213.770923978,282.932105265
13,57,25,28.30041493,86.20681554,6.86308576,50.47333854,mungbean,95,0.2280701714373654,0.5199999792000009,2.2799999088000034,22.744962812309307,4.351145785205753,1.1448915422402803,14.284164235843603,1,0,0,0,0,0,800.9134852101669,2547.5579033734493,0.3630857599999997,0,0,0,0,0,0.13183126911477738,89.22011488,391.19588832
33,57,17,27.89636126,88.71782287,6.78415271,57.79863368,mungbean,107,0.5789473582640815,1.9411763564013906,3.352940979238766,20.132891827388665,5.127768944950256,0.8908814641778993,16.123715654716833,1,0,0,0,0,0,778.2069715484288,3340.6820552748304,0.28415270999999986,0,0,0,0,0,0.08074276260034402,223.87703943,386.69670447
32,57,22,28.6899851,87.50436797,6.769415887999999,44.56598352,mungbean,111,0.5614034989227457,1.454545388429755,2.5909089731405013,18.027756377319946,3.8997182208790364,1.0858685615578272,12.785974031556457,1,0,0,0,0,0,823.115245038222,1986.126887104912,0.26941588799999927,0,0,0,0,0,0.07258492070682815,216.62130841599998,385.85670561599994
23,59,25,27.826262300000003,88.73100226,6.320768488,56.68833819,mungbean,107,0.38983050186727963,0.9199999632000014,2.3599999056000036,20.231987873991358,5.030013064052534,0.8819413217134726,15.774245678260474,1,0,0,0,0,0,774.3008735884015,3213.567686743813,0.17923151200000031,0,0,0,0,0,0.03212393489380626,145.377675224,372.925340792
35,41,18,28.70562673,81.59200689,6.705008503999999,59.87065439,mungbean,94,0.8536585157644265,1.944444336419759,2.2777776512345747,11.930353445448855,4.884966845497688,1.6025311686407187,17.186246570001757,1,0,0,0,0,0,824.0130059620905,3584.4952570868263,0.20500850399999937,0,0,0,0,0,0.04202848671231776,234.67529763999997,274.905348664
6,48,24,28.6362812,84.61431076,6.790736339,48.48319335,mungbean,78,0.1249999973958334,0.24999998958333375,1.99999991666667,21.071307505705477,4.102371988754066,1.3287513873245431,13.883783582445698,1,0,0,0,0,0,820.0366009654734,2350.620037413484,0.2907363390000004,0,0,0,0,0,0.08452761881512315,40.744418034000006,325.95534427200005
29,36,25,28.28511547,88.4393979,7.130278657000001,48.56690235,mungbean,90,0.8055555331790131,1.1599999536000019,1.4399999424000023,5.5677643628300215,4.295227601702095,0.9578092330122447,13.737204409899643,1,0,0,0,0,0,800.0477571512333,2358.7440038744353,0.6302786570000007,0,0,0,0,0,0.3972511854697246,206.77808105300002,256.690031652
4,36,22,27.60887393,86.13316408,7.012740397000001,43.80041104,mungbean,62,0.11111110802469146,0.18181817355371938,1.6363635619834744,16.041612554021288,3.772667990879764,1.055110063232756,12.092800264855402,1,0,0,0,0,0,762.2499196826337,1918.476007272954,0.5127403970000008,0,0,0,0,0,0.26290271471571847,28.050961588000003,252.45865429200003
10,59,22,28.60901145,86.99495766,7.1556850160000005,36.94616965,mungbean,91,0.16949152255099115,0.4545454338842984,2.6818180599173607,25.540817005987364,3.214130464400927,1.1196055841279482,10.569933905504925,1,0,0,0,0,0,818.4755361462311,1365.0194518065812,0.6556850160000005,0,0,0,0,0,0.4299228402069209,71.55685016000001,422.18541594400006
14,48,21,29.24598976,84.80084105,6.991242362,53.43228915,mungbean,83,0.2916666605902779,0.6666666349206364,2.285714176870753,17.95364401266031,4.53110305914679,1.4053126801231233,15.626801813342592,1,0,0,0,0,0,855.3279170420249,2855.009523809208,0.4912423620000004,0,0,0,0,0,0.2413190582233394,97.877393068,335.579633376
8,50,21,28.62911222,89.11480590000002,6.218923893,50.49913241,mungbean,79,0.15999999680000007,0.38095236281179223,2.3809522675737016,21.501937897160186,4.5002203828355505,0.939295614253817,14.45745328778529,1,0,0,0,0,0,819.6260665053533,2550.1623741627127,0.28107610699999963,0,0,0,0,0,0.07900377792627525,49.751391144,310.94619465
20,40,15,29.57329479,88.07505524,7.199495367999999,45.04467075,mungbean,75,0.49999998750000035,1.3333332444444503,2.6666664888889007,13.228756555322953,3.9673118645738623,1.141610115419458,13.321193268082403,1,0,0,0,0,0,874.579764736241,2029.0223629759057,0.6994953679999991,0,0,0,0,0,0.4892937698534542,143.98990736,287.97981472
36,43,22,27.82684262,87.16679147,6.3898821660000005,58.37249772,mungbean,101,0.8372092828555981,1.6363635619834744,1.9545453657024834,10.692676621563628,5.088143336342291,1.004435034739515,16.243223073907487,1,0,0,0,0,0,774.3331701982485,3407.348490071405,0.11011783399999953,0,0,0,0,0,0.012125937364851451,230.035757976,274.764933138
14,57,15,29.8757015,83.14796296,6.623438282,40.12044158,mungbean,86,0.24561403077870123,0.9333332711111153,3.7999997466666837,24.54248017893329,3.3359329904326835,1.6642568747398356,11.986263366922683,1,0,0,0,0,0,892.5575401171023,1609.6498325741927,0.1234382820000004,0,0,0,0,0,0.015237009463111623,92.728135948,377.535982074
11,60,23,27.33684386,88.50229102,7.033012777000001,51.09802625,mungbean,94,0.18333333027777785,0.4782608487712674,2.6086955387523676,25.540817005987364,4.5222923897250995,0.8435689553397984,13.968587651504311,1,0,0,0,0,0,747.3030322260196,2611.0082866456887,0.5330127770000006,0,0,0,0,0,0.28410262044525236,77.363140547,421.98076662000005
10,59,15,29.83040388,89.30428305,6.32400451,58.86687093,mungbean,84,0.16949152255099115,0.6666666222222252,3.9333330711111287,26.962937525425527,5.257063703800537,1.051432174046618,17.560225349937312,1,0,0,0,0,0,889.852995643919,3465.3084930892787,0.17599549000000003,0,0,0,0,0,0.030974412500340113,63.2400451,373.11626609
7,60,25,28.2753171,82.76020821,6.397636709,56.04995423,mungbean,92,0.11666666472222226,0.27999998880000043,2.399999904000004,26.950572040929547,4.6387058822357705,1.4266474380022658,15.848302292937362,1,0,0,0,0,0,799.4935571055523,3141.5973691850945,0.10236329099999963,0,0,0,0,0,0.010478243344350607,44.783456963000006,383.85820254000004
2,47,15,29.86860065,85.99127934,6.401455706,58.41394143,mungbean,64,0.04255319058397467,0.13333332444444504,3.1333331244444587,23.15887159024233,5.023089554857529,1.382464698109444,17.447426889651602,1,0,0,0,0,0,892.1333047891804,3412.1885533874706,0.09854429399999987,0,0,0,0,0,0.009710977879958409,12.802911412,300.868418182
20,45,22,29.5888162,89.9939693,6.904587016,54.96121262,mungbean,87,0.4444444345679015,0.9090908677685968,2.0454544524793428,13.892443989449804,4.946177681215053,0.9594598927385731,16.262372183423004,1,0,0,0,0,0,875.4980441173824,3020.734892660847,0.4045870159999998,0,0,0,0,0,0.1636906535157841,138.09174031999999,310.70641572
2,39,15,28.07219563,82.9116472,6.478557136,49.61865305,mungbean,56,0.05128204996712693,0.13333332444444504,2.599999826666678,18.77054430040145,4.113964256220804,1.3794052679605822,13.929045353166963,1,0,0,0,0,0,788.0481674889911,2462.0107304962744,0.02144286399999995,0,0,0,0,0,0.00045979641652249385,12.957114272,252.663728304
27,40,24,27.84026517,89.99615558,7.063022095,52.84626009,mungbean,91,0.6749999831250004,1.124999953125002,1.666666597222225,8.504900548115382,4.755960244880786,0.7843279297222479,14.712538941483881,1,0,0,0,0,0,775.080364735915,2792.727205499927,0.563022095,0,0,0,0,0,0.316993879458189,190.701596565,282.5208838
35,48,15,27.10818093,87.45126690000002,6.981758362000001,55.03723979,mungbean,98,0.7291666514756948,2.333333177777788,3.199999786666681,16.623276853055575,4.813076346314591,0.8919866531707963,14.919594541151152,1,0,0,0,0,0,734.8534733336156,3029.097763701959,0.4817583620000008,0,0,0,0,0,0.23209111935692378,244.36154267000003,335.12440137600004
4,59,25,27.68515114,81.94268594,6.227134139,54.62243308,mungbean,88,0.06779660902039646,0.15999999360000025,2.3599999056000036,27.75487945088815,4.475908879153107,1.3877318773354697,15.122303154543356,1,0,0,0,0,0,766.4675936446432,2983.610195579078,0.27286586099999965,0,0,0,0,0,0.07445577809927113,24.908536556,367.40091420100003
1,48,24,29.34594634,85.60472562,6.232836962,59.03629954,mungbean,73,0.020833332899305567,0.041666664930555625,1.99999991666667,23.501772982763097,5.053786223741832,1.3453746190505682,17.324760784130067,1,0,0,0,0,0,861.1845665901594,3485.2846633766044,0.26716303799999963,0,0,0,0,0,0.07137608887338924,6.232836962,299.176174176
36,43,21,28.36319404,84.8593608,7.140437859,52.93031105,mungbean,100,0.8372092828555981,1.714285632653065,2.047618950113383,11.239810200058244,4.491632362648177,1.2662410351923032,15.012726829087063,1,0,0,0,0,0,804.4707761506916,2801.6178278497523,0.6404378590000004,0,0,0,0,0,0.4101606512405044,257.055762924,307.038827937
11,46,24,27.65280218,89.80650642,6.459252023,56.52558045,mungbean,81,0.23913042958412112,0.4583333142361119,1.9166665868055588,17.69180601295413,5.076364903577152,0.7800878989083995,15.630906942935253,1,0,0,0,0,0,764.6774684062127,3195.1412452094223,0.04074797699999966,0,0,0,0,0,0.001660397629592501,71.05177225300001,297.125593058
34,47,19,27.31372793,85.44815232,6.568795403999999,53.15223123,mungbean,100,0.7234042399275694,1.7894735900277057,2.4736840803324167,14.0118997046558,4.541759950288901,1.0642825481032165,14.517855826886692,1,0,0,0,0,0,746.039733434062,2825.1596847273872,0.0687954039999994,0,0,0,0,0,0.004732807611523133,223.33904373599998,308.73338398799996
21,44,18,27.06909959,86.89934108,7.12851089,50.46746116,mungbean,83,0.47727271642562014,1.1666666018518554,2.444444308641983,14.224392195567912,4.385589120784492,0.9260986260010184,13.661087321944969,1,0,0,0,0,0,732.7361526133382,2546.9646359361086,0.6285108900000003,0,0,0,0,0,0.39502593884859244,149.69872869,313.65447916
17,58,20,28.06642822,85.91625451,6.42937879,39.23831035,mungbean,95,0.29310344322235443,0.8499999575000021,2.899999855000007,22.854612955229264,3.371208658572967,1.136055220638337,11.01279220912358,1,0,0,0,0,0,787.7243930284124,1539.644999122917,0.07062120999999966,0,0,0,0,0,0.004987355301864052,109.29943943,372.90396982000004
25,40,21,27.73329078,81.13903037,6.248900919,44.17580911,mungbean,86,0.6249999843750005,1.1904761337868508,1.904761814058961,10.016652800877813,3.584382316995613,1.4585736254153903,12.251405594894031,1,0,0,0,0,0,769.135417488033,1951.5021105231592,0.25109908099999956,0,0,0,0,0,0.06305074847904434,156.222522975,249.95603676000002
2,38,18,27.53632932,89.92908171,6.619891497999999,45.48591922,mungbean,58,0.05263157756232691,0.11111110493827195,2.111110993827167,18.036999011291577,4.09050694618984,0.7589775678825122,12.525152510648375,1,0,0,0,0,0,758.2494324194917,2068.9688472883654,0.11989149799999943,0,0,0,0,0,0.014373971292683868,13.239782995999999,251.555876924
9,48,20,29.66461594,84.28187572,6.377568542000001,56.09542002,mungbean,77,0.1874999960937501,0.4499999775000011,2.399999880000006,20.108041509140897,4.72782721858684,1.51909634463389,16.640490908862873,1,0,0,0,0,0,879.9894388677021,3146.6961472202165,0.12243145799999944,0,0,0,0,0,0.014989461908005626,57.398116878,306.12329001600006
37,49,25,29.914544300000006,85.85384444,6.415459592,41.39081525,mungbean,111,0.7551020254060812,1.4799999408000024,1.959999921600003,12.0,3.55356061371828,1.4025268597431135,12.38187376409241,1,0,0,0,0,0,894.8799606766629,1713.199587059633,0.08454040799999962,0,0,0,0,0,0.0071470805848064005,237.37200490400002,314.357520008
36,38,15,28.36363858,87.59810657,6.3206620120000006,57.99524359,mungbean,89,0.9473683961218844,2.3999998400000107,2.5333331644444557,12.741009902410928,5.080273528549929,1.0372495435619653,16.449561285458216,1,0,0,0,0,0,804.4959934968645,3363.448279063436,0.17933798799999945,0,0,0,0,0,0.032162113939887944,227.54383243200002,240.18515645600002
40,58,15,29.46416042,87.60890009,6.978400282000001,43.15411472,mungbean,113,0.6896551605231869,2.6666664888889007,3.8666664088889062,21.594752448994022,3.780684524976879,1.172713573284875,12.714997588931634,1,0,0,0,0,0,868.1367492554945,1862.277617266921,0.47840028200000084,0,0,0,0,0,0.22886682981768033,279.13601128000005,404.747216356
30,44,16,29.73013036,82.89166381,6.442335592999999,50.91511275,mungbean,90,0.6818181663223144,1.8749998828125072,2.7499998281250106,14.0,4.220438408921244,1.6646634137140577,15.137129393515982,1,0,0,0,0,0,883.8806512225938,2592.3487063452126,0.05766440700000075,0,0,0,0,0,0.0033251838346617353,193.27006778999998,283.462766092
1,59,23,27.46852989,87.17649,7.184398832,43.78420984,mungbean,83,0.016949152255099114,0.04347825897920613,2.5652172797731616,29.280255007997,3.816953731274662,0.9577276772971388,12.02687876700072,1,0,0,0,0,0,754.5201343178234,1917.057031313153,0.6843988320000003,0,0,0,0,0,0.4684017612429646,7.184398832,423.879531088
9,48,22,27.77076285,87.09979549,6.402926221,49.50812624,mungbean,79,0.1874999960937501,0.4090908904958686,2.1818180826446323,19.857828011475306,4.312147670597104,1.0024442996371041,13.748784329589023,1,0,0,0,0,0,771.2152692709401,2451.0545637957766,0.09707377899999958,0,0,0,0,0,0.00942331856934076,57.626335989000005,307.340458608
14,41,17,29.12939524,88.48312598,7.085982325,36.45012824,mungbean,72,0.3414634063057706,0.8235293633218022,2.411764564013849,14.798648586948742,3.2252212890470755,1.051420948578677,10.617701920516456,1,0,0,0,0,0,848.5216670481348,1328.6118487124454,0.5859823249999998,0,0,0,0,0,0.3433752852124054,99.20375254999999,290.525275325
35,52,19,27.10606808,89.89593328,6.698574085,37.45680611,mungbean,106,0.6730769101331364,1.8421051662049912,2.736841961218844,16.502525059315417,3.3672145429464564,0.7180018599718234,10.153067364770202,1,0,0,0,0,0,734.7389267575949,1403.0123239621335,0.19857408499999973,0,0,0,0,0,0.03943166723358712,234.450092975,348.32585242
31,48,17,28.88078945,86.94206817,6.594739424,53.79732545,mungbean,96,0.6458333198784726,1.823529304498276,2.82352924567475,15.524174696260024,4.677250736637576,1.1596474323468322,15.537092292945767,1,0,0,0,0,0,834.0999992552314,2894.152225573218,0.09473942400000013,0,0,0,0,0,0.0089755584598518,204.436922144,316.547492352
4,41,20,28.14720892,83.8001509,6.647965508,37.44800463,mungbean,65,0.09756097323022017,0.1999999900000005,2.049999897500005,18.556220879622373,3.1381484388978986,1.3198355509017394,10.540568099577374,1,0,0,0,0,0,792.2653699861276,1402.3530507685014,0.1479655080000004,0,0,0,0,0,0.021893791557698185,26.591862032,272.56658582800003
30,37,25,29.89129144,80.14487166,7.120032489,54.7960127,mungbean,92,0.8108107888970058,1.199999952000002,1.4799999408000024,6.027713773341707,4.39161940532123,1.9639286098954336,16.37923585365641,1,0,0,0,0,0,893.4893039510173,3002.6030078185613,0.6200324889999997,0,0,0,0,0,0.3844402874155348,213.60097467,263.441202093
9,35,20,27.41503453,80.98004661,6.91380932,40.53173216,mungbean,64,0.2571428497959186,0.4499999775000011,1.7499999125000043,13.051181300301263,3.282261559500836,1.4103361114584052,11.111788367271116,1,0,0,0,0,0,751.5841182810923,1642.821311889978,0.41380932000000037,0,0,0,0,0,0.17123815331886272,62.22428388,241.98332620000002
20,41,20,29.27308605,89.4875022,7.073048264,50.9246554,mungbean,81,0.48780486615110086,0.9999999500000024,2.049999897500005,12.12435565298214,4.557120212141742,0.9748329669983573,14.907218195907971,1,0,0,0,0,0,856.9135668907046,2593.320527608749,0.5730482639999996,0,0,0,0,0,0.3283843128734133,141.46096527999998,289.994978824
37,50,23,29.65296893,88.48587386,6.5304707,56.01913159,mungbean,110,0.7399999852000003,1.6086955822306268,2.1739129489603064,13.503086067019394,4.956901811619481,1.1114550188552084,16.611335685238515,1,0,0,0,0,0,879.2985663635453,3138.143104097736,0.030470700000000406,0,0,0,0,0,0.0009284635584900248,241.62741590000002,326.52353500000004
34,35,21,28.44524991,82.67639542,6.684381357,58.18713162,mungbean,90,0.9714285436734702,1.619047541950117,1.666666587301591,7.810249675906654,4.810702302170705,1.4630217002012058,16.551475004769635,1,0,0,0,0,0,809.132242442355,3385.742286163204,0.18438135700000036,0,0,0,0,0,0.03399648480916158,227.26896613800002,233.953347495
14,37,15,27.96235681,83.97586797,6.581351374,48.9366954,mungbean,66,0.37837836815193604,0.9333332711111153,2.466666502222233,13.0,4.109501471798506,1.2758985679340966,13.683853378770856,1,0,0,0,0,0,781.8933983697533,2394.800156672381,0.08135137399999959,0,0,0,0,0,0.006618046051687809,92.13891923599999,243.510000838
23,39,22,29.25649321,81.97952224,6.86483915,42.02483277,mungbean,84,0.5897435746219597,1.0454544979338865,1.772727192148764,9.539392014169456,3.445175712700496,1.6680643002639604,12.294992345868904,1,0,0,0,0,0,855.9423949467761,1766.0865693464661,0.3648391499999999,0,0,0,0,0,0.13310760537272243,157.89130045,267.72872685
5,45,21,28.36291385,88.00989267,6.487124217000001,43.05130077,mungbean,71,0.11111110864197538,0.23809522675737013,2.1428570408163314,20.13289182738867,3.7889403600715883,1.0027223465304356,12.210603348699488,1,0,0,0,0,0,804.454882062522,1853.4144979890025,0.012875782999999252,0,0,0,0,0,0.00016578578786306976,32.435621085,291.92058976500005
22,37,20,27.62749466,86.49366929,6.605733067999999,39.26137642,mungbean,79,0.5945945785244708,1.0999999450000026,1.8499999075000044,9.291573243177568,3.3958605079416837,1.03019465366719,10.846934673878,1,0,0,0,0,0,763.2784611883285,1541.4556783929318,0.10573306799999926,0,0,0,0,0,0.011179481668692468,145.32612749599997,244.41212351599998
40,51,17,28.66086349,86.12194568,6.860602782000001,50.01534317,mungbean,108,0.7843137101114959,2.352941038062292,2.999999823529422,17.349351572897472,4.307418667653299,1.2019593397232482,14.334829230008738,1,0,0,0,0,0,821.445095992415,2501.5345524128657,0.36060278200000084,0,0,0,0,0,0.13003436638614013,274.42411128000003,349.89074188200004
27,56,20,29.2114218,87.11497805,6.41874299,51.53848218,mungbean,103,0.4821428485331634,1.3499999325000034,2.799999860000007,19.08751773629388,4.489773743841017,1.1868937208370847,15.055123418917635,1,0,0,0,0,0,853.3071635775152,2656.2151454181776,0.08125700999999985,0,0,0,0,0,0.006602701674140076,173.30606073,359.44960744
31,40,22,29.40889385,86.16063492,6.365513634,53.35486977,mungbean,93,0.7749999806250005,1.409090845041325,1.8181817355371936,9.0,4.597089455457115,1.3021311698911668,15.691077014465039,1,0,0,0,0,0,864.8830374805677,2846.7421281736597,0.13448636599999997,0,0,0,0,0,0.018086582639885947,197.330922654,254.62054536
38,36,21,28.02952623,84.8845732,6.5563729660000005,36.12042927,mungbean,95,1.0555555262345688,1.809523723356013,1.714285632653065,9.291573243177568,3.0660672223847376,1.2136971596824488,10.124385196623248,1,0,0,0,0,0,785.6543406782579,1304.685410649073,0.056372966000000524,0,0,0,0,0,0.003177911295637215,249.14217270800003,236.029426776
6,37,17,28.08657178,80.35005927,6.760694227999999,38.14476781,mungbean,60,0.16216215777940116,0.35294115570934376,2.1764704602076197,15.716233645501712,3.0649343543738876,1.5890065618589058,10.713557591269982,1,0,0,0,0,0,788.8555143530924,1455.0233112788121,0.2606942279999993,0,0,0,0,0,0.06796148051251562,40.564165368,250.14568643599998
6,47,18,29.16174608,80.28038146,6.715276662999999,40.16545979,mungbean,71,0.12765957175192402,0.3333333148148158,2.6111109660493907,21.07921567168317,3.2244984334574913,1.8066613785794032,11.712949395824301,1,0,0,0,0,0,850.4074344343954,1613.264160142107,0.21527666299999915,0,0,0,0,0,0.0463440416324152,40.291659978,315.61800316099993
24,44,17,29.8596912,80.03499648,6.666380512000001,50.66487502,mungbean,85,0.5454545330578515,1.411764622837375,2.588235141868521,14.0118997046558,4.054963093885339,1.96848769514113,15.128375227837937,1,0,0,0,0,0,891.6011585593575,2566.9295607922195,0.1663805120000008,0,0,0,0,0,0.027682474773382416,159.99313228800003,293.32074252800004
25,59,19,29.06631494,83.6869203,6.626629798,43.95183726,mungbean,103,0.4237288063774779,1.3157894044321365,3.105262994459842,21.571586249817916,3.67819390181619,1.4789951820152079,12.775179439907868,1,0,0,0,0,0,844.8506641912672,1931.763998529524,0.12662979799999974,0,0,0,0,0,0.016035105741520738,165.66574495,390.971158082
32,56,21,27.38538997,88.66663953,6.702772465,58.29933073,mungbean,109,0.57142856122449,1.523809451247169,2.6666665396825455,17.897858344878397,5.169205742677161,0.8370128674153249,15.965499070310548,1,0,0,0,0,0,749.9595838089765,3398.8119635659223,0.2027724649999998,0,0,0,0,0,0.04111667256217614,214.48871888,375.35525803999997
8,45,18,27.93034941,85.42058715,7.011030515,43.25095608,mungbean,71,0.1777777738271606,0.4444444197530878,2.4999998611111187,19.139836293274122,3.6945220631524625,1.1561983809314391,12.08014315630964,1,0,0,0,0,0,780.1044181646874,1870.6452018340892,0.5110305149999999,0,0,0,0,0,0.26115218726116507,56.08824412,315.496373175
19,39,17,29.2808618,81.8009244,6.890156495,44.47427436,mungbean,75,0.4871794746877058,1.1176469930795885,2.2941175121107342,12.165525060596439,3.6380367546672185,1.6890310553135208,13.022450811904434,1,0,0,0,0,0,857.3688677506992,1977.9610798485537,0.39015649500000027,0,0,0,0,0,0.15222209059068523,130.912973405,268.716103305
39,37,15,28.9973145,83.78911515,6.821747052,59.84499208,mungbean,91,1.0540540255661075,2.599999826666678,2.466666502222233,13.316656236958787,5.014358932541958,1.4585442931873536,17.353440565937692,1,0,0,0,0,0,840.8442482119103,3581.423077055262,0.3217470520000001,0,0,0,0,0,0.10352116547069076,266.048135028,252.404640924
33,37,19,27.92678579,86.5543196,7.183189922,43.4826194,mungbean,89,0.8918918677867064,1.7368420138504201,1.947368318559562,9.451631252505216,3.76360853659276,1.0658102833160152,12.143297975718983,1,0,0,0,0,0,779.905364560546,1890.7381898852561,0.6831899220000004,0,0,0,0,0,0.46674846952236665,237.045267426,265.778027114
26,54,17,28.5474135,88.9570454,6.27258822,49.4897245,mungbean,97,0.48148147256515794,1.5294116747404896,3.1764704013840936,19.295940851208403,4.402459669179993,0.9438869922792712,14.12803629302581,1,0,0,0,0,0,814.9548175399823,2449.2328310859,0.22741177999999973,0,0,0,0,0,0.05171611768276828,163.08729372000002,338.71976388
21,51,15,29.36488409,89.1886954,6.679127482,48.30159325,mungbean,87,0.41176469780853536,1.399999906666673,3.3999997733333487,19.28730152198591,4.307956087708946,1.0124661444068381,14.183706871485764,1,0,0,0,0,0,862.2964176191351,2333.043910488446,0.17912748200000017,0,0,0,0,0,0.03208665480766038,140.261677122,340.635501582
22,54,20,28.56149805,83.63802195,6.689825155,41.013132,mungbean,96,0.4074073998628259,1.0999999450000026,2.6999998650000068,19.078784028338912,3.4302572344542472,1.4008304316921787,11.713964896423926,1,0,0,0,0,0,815.7591708601539,1682.0769964494239,0.1898251550000003,0,0,0,0,0,0.03603358947077414,147.17615341,361.25055837
29,45,16,28.43683487,87.91332682,6.583381939,43.12063289,mungbean,90,0.6444444301234571,1.812499886718757,2.8124998242187607,14.52583904633395,3.790878291943811,1.0197326574731782,12.26214316982821,1,0,0,0,0,0,808.6535774236478,1859.38898083415,0.08338193899999968,0,0,0,0,0,0.006952547751399668,190.918076231,296.25218725499997
4,40,21,28.79728147,80.45744422,6.725551062,44.30070517,mungbean,65,0.09999999750000006,0.19047618140589612,1.904761814058961,18.009256878986797,3.5643215151219407,1.7192136383983543,12.757398760999742,1,0,0,0,0,0,829.2834200624054,1962.5524785592647,0.22555106200000008,0,0,0,0,0,0.05087328156932788,26.902204248,269.02204248
10,37,22,28.7275267,89.12760359,7.069747813999999,58.52974279,mungbean,69,0.2702702629656686,0.4545454338842984,1.6818181053719041,13.527749258468683,5.216615713611781,0.9488912996125908,16.814147487438575,1,0,0,0,0,0,825.2707902992128,3425.730791063557,0.5697478139999994,0,0,0,0,0,0.3246125715577779,70.69747813999999,261.580669118
4,44,19,27.95639663,83.52706038,6.921993877999999,43.25726752,mungbean,67,0.09090908884297526,0.21052630470914185,2.3157893518005603,20.207259421636902,3.6131523960168526,1.3106524127876154,12.093173279191365,1,0,0,0,0,0,781.5601125338753,1871.191193296847,0.42199387799999943,0,0,0,0,0,0.17807883306947841,27.687975511999998,304.56773063199995
20,45,17,28.17458662,83.69659318,6.770955317,37.2464655,mungbean,82,0.4444444345679015,1.176470519031146,2.6470586678200783,15.37313674346694,3.117402270346405,1.3327361125118877,10.494037685185916,1,0,0,0,0,0,793.807331207883,1387.2991922426902,0.2709553170000003,0,0,0,0,0,0.07341678381057065,135.41910634,304.692989265
23,45,23,28.77653519,86.69133979,6.983130466,56.12443206,mungbean,91,0.5111110997530867,0.999999956521741,1.9565216540642758,12.701705922171767,4.865502210234229,1.168039246648178,16.15066694193354,1,0,0,0,0,0,828.0889775413084,3149.9518740575554,0.4831304660000004,0,0,0,0,0,0.23341504717737757,160.61200071800002,314.24087097
25,48,21,28.438097,83.48991368,6.267684328,52.55469976,mungbean,94,0.5208333224826391,1.1904761337868508,2.285714176870753,14.571661996262929,4.387787346440716,1.3931370984653302,14.945556495807566,1,0,0,0,0,0,808.7253609814089,2761.996466863744,0.23231567200000036,0,0,0,0,0,0.05397057145681175,156.69210819999998,300.84884774399995
56,79,15,29.48439992,63.19915325,7.454532137,71.89090748,blackgram,150,0.70886075052075,3.733333084444461,5.266666315555579,32.41913015489465,4.543444479110091,3.490339479716323,21.19660266752039,1,0,0,0,0,0,869.329838642496,5168.302578297919,0.9545321370000002,0,0,0,0,0,0.9111316005657871,417.453799672,588.908038823
25,62,21,26.73433965,68.13999721,7.040056094,67.15096376,blackgram,108,0.403225799947971,1.1904761337868508,2.95238081179139,22.60530911091463,4.575666483255212,2.1455608003780755,17.95236672984681,1,0,0,0,0,0,714.724916521562,4509.251933896833,0.5400560939999997,0,0,0,0,0,0.29166058466653644,176.00140234999998,436.483477828
42,61,22,26.27274407,62.28814857,7.418650668,70.23207557,blackgram,125,0.6885245788766463,1.9090908223140535,2.7727271466942205,19.5021366350801,4.3746259574836275,2.365567924262536,18.451893469555095,1,0,0,0,0,0,690.2570809677203,4932.544438870192,0.9186506679999997,0,0,0,0,0,0.8439190498168457,311.58332805599997,452.537690748
42,73,25,34.03679184,67.21113844,6.501869314,73.23573601,blackgram,140,0.5753424578720211,1.6799999328000026,2.9199998832000045,24.337899115029078,4.922257191723403,4.602504243882977,24.927095018215617,1,0,0,0,1,0,1158.5031987594905,5363.47302892641,0.0018693140000003439,0,0,0,0,0,3.4943348305972858e-06,273.078511188,474.63645992200003
44,58,18,28.03644051,65.06601664,6.814410927999999,72.49507741,blackgram,120,0.7586206765755056,2.444444308641983,3.2222220432098863,20.29778313018444,4.716965913077148,2.807448790499699,20.325039250733095,1,0,0,0,0,0,786.0419964707689,5255.536248681891,0.31441092799999915,0,0,0,0,0,0.09885423164582065,299.834080832,395.23583382399994
50,55,16,28.81460716,65.33538112,7.581442888,62.26242533,blackgram,121,0.9090908925619838,3.124999804687512,3.4374997851562634,21.221058723196006,4.067939288391091,3.0555499777831927,17.940673267127835,1,0,0,0,0,0,830.2815857851233,3876.6096079738254,1.0814428879999998,0,1,0,0,0,1.16951872000578,379.0721444,416.97935884
35,72,21,34.03619494,64.28791388,7.741418772,66.85510868,blackgram,128,0.486111104359568,1.666666587301591,3.42857126530613,26.350205565295564,4.297975469257881,5.012618024943882,22.754935117673664,1,0,0,0,1,0,1158.4625659936817,4469.6055566146115,1.2414187720000003,0,1,0,0,0,1.5411205674739887,270.94965702,557.382151584
30,64,20,33.8642935,61.57072498,6.573531614,68.02199825,blackgram,114,0.4687499926757814,1.4999999250000036,3.199999840000008,23.065125189341593,4.18816374684079,5.327947478694984,23.035169131944862,1,0,0,0,1,0,1146.7903742541423,4626.992245923003,0.07353161400000019,0,0,0,0,0,0.005406898257445024,197.20594842,420.706023296
27,64,21,32.84213012,68.68401492,7.543804222999999,73.67166182,blackgram,112,0.4218749934082032,1.2857142244897988,3.047618902494338,23.28805129961142,5.060065519626074,4.0216395523333865,24.19534303649076,1,0,0,0,1,0,1078.6055108190112,5427.513755320445,1.0438042229999986,0,1,0,0,0,1.089527255952631,203.68271402099995,482.8034702719999
50,74,17,27.10053268,63.36085585,6.5408208,73.84949872,blackgram,141,0.6756756665449235,2.9411762975778646,4.352940920415239,28.61817604250837,4.6791674429926795,2.601574404043058,20.01360753462978,1,0,0,0,0,0,734.438871539748,5453.748461195281,0.04082079999999966,0,0,0,0,0,0.001666337712639972,327.04104,484.0207392
39,73,24,25.65842532,61.18235808,7.22405917,69.28607828,blackgram,136,0.5342465680240196,1.6249999322916695,3.041666539930561,25.106440076867393,4.23908565128587,2.1964672790282136,17.77771665263054,1,0,0,0,0,0,658.354789902017,4800.560643422287,0.7240591700000003,0,0,0,0,0,0.5242616816610893,281.73830763,527.35631941
57,67,25,32.34744009,66.61452812,7.551364319,64.55882254,blackgram,149,0.8507462559590111,2.2799999088000034,2.679999892800004,21.93931022920578,4.30055549948492,4.122251139146796,20.88312644393591,1,0,0,0,1,0,1046.356880376139,4167.841567751211,1.0513643190000002,0,1,0,0,0,1.1053669312663341,430.427766183,505.941409373
52,63,19,29.58949031,68.32176769,6.928898659,67.53021213,blackgram,134,0.8253968122952887,2.736841961218844,3.315789299168984,22.898325994127458,4.61378346520228,3.0377810177467386,19.981845574528794,1,0,0,0,0,0,875.5379368055839,4560.329550322798,0.4288986589999997,0,0,0,0,0,0.18395405969199802,360.302730268,436.52061551699995
55,66,22,30.91219459,68.79427388,7.747775262999999,66.63830637,blackgram,143,0.8333333207070709,2.4999998863636415,2.99999986363637,22.898325994127458,4.584333899317128,3.405229557436856,20.599362936574764,1,0,0,0,1,0,955.5637743700252,4440.663875861982,1.2477752629999994,0,1,0,0,0,1.5569431069547177,426.12763946499996,511.35316735799995
51,56,18,28.12787838,64.2097765,6.706505915,70.86340755,blackgram,125,0.9107142694515309,2.8333331759259344,3.1111109382716142,20.647840887931437,4.550123560813913,2.908985838010178,19.93237309158774,1,0,0,0,0,0,791.1775421600713,5021.622529597398,0.20650591500000015,0,0,0,0,0,0.042644692929987287,342.031801665,375.56433124
36,66,15,30.08545364,69.34811988,6.668238556,67.1367443,blackgram,117,0.5454545371900827,2.3999998400000107,4.399999706666686,25.632011235952593,4.655806992069307,3.091381159290977,20.198394081781842,1,0,0,0,1,0,905.1345207245893,4507.342435203583,0.16823855600000037,0,0,0,0,0,0.02830421172496526,240.056588016,440.10374469600004
59,55,19,31.74379487,62.51007687,7.332375138,68.97097538,blackgram,133,1.0727272532231409,3.105262994459842,2.8947366897507005,22.03028218914441,4.311380972802677,4.402739669307882,21.8940049444654,1,0,0,0,1,0,1007.6685127486382,4756.995444868566,0.8323751379999997,0,0,0,0,0,0.6928483703605186,432.610133142,403.28063259
50,58,23,27.81326852,62.50460464,7.596802025,69.75555541,blackgram,131,0.8620689506539837,2.1739129489603064,2.5217390207939556,18.339392937971894,4.360043412345663,2.929615922112421,19.401299933800686,1,0,0,0,0,0,773.5779057656231,4865.837510557581,1.0968020249999997,0,1,0,0,0,1.2029746820440999,379.84010125,440.61451745
30,65,25,32.88733849,64.59457409,7.70650895,71.50569456,blackgram,120,0.46153845443786995,1.199999952000002,2.599999896000004,21.79449471770337,4.61887988511283,4.5628170808478625,23.516319809572714,1,0,0,0,1,0,1081.5770329558354,5113.064354508013,1.20650895,0,1,0,0,0,1.4556638464301024,231.1952685,500.92308175
20,62,18,29.36358721,64.98742947,7.366542647,61.91208707,blackgram,100,0.32258063995837677,1.1111110493827194,3.4444442530864303,24.846193538112296,4.023507391802124,3.278432576039309,18.179609680330582,1,0,0,0,0,0,862.2202538392755,3833.106525363261,0.8665426470000002,0,0,0,0,0,0.7508961590697669,147.33085294,456.72564411400003
58,71,15,27.82592799,67.58618829999999,6.919243702,74.01229707,blackgram,144,0.8169013969450508,3.8666664088889062,4.733333017777799,29.30870177950569,5.0022090462885584,2.5366815624561956,20.59460848644308,1,0,0,0,0,0,774.2822685046655,5477.820117577931,0.41924370200000016,0,0,0,0,0,0.17576528166666494,401.316134716,491.266302842
25,71,24,28.49538735,60.44848407,7.187721817999999,74.91559514,blackgram,120,0.35211267109700467,1.0416666232638907,2.9583332100694495,26.851443164195103,4.528534159414859,3.360054481050456,21.347489020700774,1,0,0,0,0,0,811.9871002265401,5612.346395180391,0.6877218179999991,0,0,0,0,0,0.47296129895322386,179.69304544999997,510.32824907799994
52,71,16,27.74274761,68.53997144,7.0758864720000005,71.78615328,blackgram,139,0.7323943558817697,3.2499997968750125,4.437499722656267,27.934447074057744,4.9202208955986615,2.435870609434717,19.915451323398134,1,0,0,0,0,0,769.6600449521607,5153.251802739654,0.5758864720000005,0,0,0,0,0,0.3316452286326074,367.94609654400006,502.38793951200006
40,63,18,30.41588462,67.66323804,6.74441168,63.02473185,blackgram,121,0.6349206248425298,2.222222098765439,3.499999805555566,22.50185177565023,4.264457433573719,3.3681598155976507,19.16952972156039,1,0,0,0,1,0,925.1260372171525,3972.1168247644046,0.2444116799999998,0,0,0,0,0,0.059737069320422304,269.7764672,424.89793584
20,60,25,27.3254209,69.09047809,6.726469087999999,61.19250859,blackgram,105,0.3333333277777779,0.7999999680000013,2.399999904000004,21.79449471770337,4.227819674009533,2.264252578085219,16.721110531486158,1,0,0,0,0,0,746.6786273621568,3744.523107537224,0.2264690879999991,0,0,0,0,0,0.05128824781955133,134.52938175999998,403.58814527999994
48,61,21,30.28496619,61.69295127,6.628264883,65.62859526,blackgram,130,0.7868852330018815,2.285714176870753,2.9047617664399157,20.404247923737188,4.048821729293733,3.9398670102673234,19.87559788546294,1,0,0,0,1,0,917.179177129443,4307.1125158008945,0.12826488299999994,0,0,0,0,0,0.016451880211003675,318.156714384,404.324157863
49,68,22,28.56840626,61.53278622,7.127064207,63.49726331,blackgram,139,0.720588224697232,2.2272726260330624,3.090908950413229,23.115651263447745,3.907163528809279,3.2960271535731027,18.140156146382722,1,0,0,0,0,0,816.1538362364072,4031.9024478594724,0.6270642070000001,0,0,0,0,0,0.39320951970053897,349.226146143,484.640366076
48,62,15,25.36586097,66.6379724,7.538631462000001,65.81655892,blackgram,125,0.7741935359001043,3.199999786666681,4.133333057777796,24.131583730317686,4.385882036773934,1.790160017789028,16.694936830885336,1,0,0,0,0,0,643.4269027493693,4331.819428069833,1.0386314620000006,0,1,0,0,0,1.0787553138562587,361.854310176,467.395150644
32,66,17,34.9466155,65.26774011,7.162357641,70.1415139,blackgram,115,0.4848484775022958,1.8823528304498334,3.8823527128027813,25.106440076867393,4.577978100147154,5.191297340219022,24.51208516851206,1,0,0,0,1,0,1221.2659349048402,4919.831972183894,0.6623576409999998,0,0,0,0,0,0.43871764459108464,229.195444512,472.715604306
21,63,22,25.09737391,67.72837887,6.859409487000001,74.61649888,blackgram,106,0.3333333280423281,0.9545454111570267,2.8636362334710803,23.96525262402492,5.053654506097571,1.6450051958146676,18.726781722464562,1,0,0,0,0,0,629.8781771783488,5567.62190510904,0.35940948700000064,0,0,0,0,0,0.12917517934560363,144.047599227,432.14279768100005
20,72,19,32.47648301,64.34848735,7.397190844,65.82045699999999,blackgram,111,0.27777777391975317,1.0526315235457093,3.789473484764553,30.315012782448235,4.235446844635718,4.448054918585251,21.376169534709355,1,0,0,0,1,0,1054.7219486988188,4332.332559688848,0.8971908439999998,0,0,0,0,0,0.804951410557432,147.94381687999999,532.597740768
25,65,21,33.86351172,68.59232289,6.880245789,69.24464096,blackgram,111,0.384615378698225,1.1904761337868508,3.095237947845812,24.331050121192877,4.74965077113044,4.354206997124606,23.44866710696152,1,0,0,0,1,0,1146.7374260105773,4794.8203016793095,0.38024578899999995,0,0,0,0,0,0.14458686005223248,172.006144725,447.215976285
41,78,21,25.19857725,60.37332688,6.581313137,70.88787207,blackgram,140,0.5256410189020382,1.9523808594104353,3.714285537414974,28.919428302325294,4.279736672309732,2.060023213748185,17.862735204440124,1,0,0,0,0,0,634.9682954242176,5025.090406612686,0.08131313700000042,0,0,0,0,0,0.006611826248780838,269.833838617,513.3424246860001
53,67,17,31.77681682,69.01852894,7.296972161,61.46892873,blackgram,137,0.7910447643127647,3.1176468754325364,3.9411762387543385,25.794056162870802,4.2424950364623015,3.648631094877513,19.532868883748453,1,0,0,0,1,0,1009.7660872118349,3778.4291992138196,0.7969721610000002,0,0,0,0,0,0.6351646254090103,386.739524533,488.897134787
39,60,21,34.89814946,63.59948557,6.97297656,64.72797143,blackgram,120,0.6499999891666669,1.857142768707487,2.857142721088442,19.519221295943137,4.116665684937657,5.423003043990267,22.588864212067495,1,0,0,0,1,0,1217.8808357324983,4189.710285442896,0.4729765600000002,0,0,0,0,0,0.2237068263094338,271.94608584,418.3785936
25,76,17,31.74105409,68.63525428,7.241148507,62.3061735,blackgram,118,0.32894736409279784,1.4705881487889323,4.470587972318354,32.00520790954706,4.276400061386298,3.6825517601761595,19.776636232044247,1,0,0,0,1,0,1007.4945147443057,3882.0592562121024,0.7411485070000001,0,0,0,0,0,0.5493011094283292,181.028712675,550.327286532
21,78,19,27.16159076,66.76017239,6.92009048,69.85112265,blackgram,118,0.2692307657790928,1.1052630997229946,4.105262941828266,33.50124375800596,4.663272989749033,2.380500422757689,18.972676075458665,1,0,0,0,0,0,737.7520126137173,4879.179335465342,0.4200904799999998,0,0,0,0,0,0.17647601138663024,145.32190008,539.76705744
57,60,17,26.23773129,67.88521396,7.504608385,73.58663968,blackgram,134,0.949999984166667,3.352940979238766,3.5294115570934377,24.00694344004112,4.9954447792742265,2.0032340575336316,19.30746478457892,1,0,0,0,0,0,688.418543246245,5414.993539394151,1.004608385,0,1,0,0,0,1.0092380072123084,427.762677945,450.2765031
56,75,15,30.20157245,60.06534859,7.152272256,66.37171179,blackgram,146,0.7466666567111113,3.733333084444461,4.999999666666689,30.6648550189518,3.986640005181363,4.073962396246097,20.045300622562046,1,0,0,0,1,0,912.1349784525991,4405.204125934826,0.6522722559999998,0,0,0,0,0,0.42545909594732934,400.52724633599996,536.4204192
49,72,15,31.55846339,67.83563765,7.137004749,74.86960831,blackgram,136,0.6805555461033952,3.2666664488889037,4.799999680000021,28.676354952004157,5.078827620314589,3.7177060468516943,23.627697928747747,1,0,0,0,1,0,995.9366115379703,5605.458248492821,0.6370047489999999,0,0,0,0,0,0.4057750502485529,349.713232701,513.864341928
24,80,19,29.67892453,69.0854554,6.8080417220000005,65.66436565,blackgram,123,0.29999999625000007,1.263157828254851,4.210526094182837,33.8673884437522,4.536452604482367,2.9921954406271905,19.488477524366743,1,0,0,0,0,0,880.8385612574357,4311.808916216899,0.30804172200000046,0,0,0,0,0,0.09488970249272558,163.39300132800003,544.64333776
49,76,18,27.05365239,67.7017527,7.393631868,60.4693835,blackgram,143,0.6447368336218838,2.722222070987663,4.222221987654334,29.022979401386987,4.093883247638461,2.2782060926045604,16.359176814466014,1,0,0,0,0,0,731.9001076389527,3656.546340870072,0.8936318679999999,0,0,0,0,0,0.7985779155051693,362.287961532,561.916021968
28,68,19,34.63880966,61.38597868,7.69950698,72.43169115,blackgram,115,0.4117646998269897,1.473684132963993,3.5789471800554113,26.083200212652844,4.446290248690245,5.652633083106619,25.089475630967566,1,0,0,0,1,0,1199.8471346617093,5246.349882848989,1.1995069799999998,0,1,0,0,0,1.43881699506872,215.58619543999998,523.56647464
55,78,21,33.39438752,62.93692886,6.602888248999999,63.57445989,blackgram,154,0.7051281960881001,2.6190474943310718,3.714285537414974,28.676354952004157,4.0011812594098535,4.964371375304882,21.230301499413567,1,0,0,0,1,0,1115.1851178359318,4041.711950305219,0.10288824899999938,0,0,0,0,0,0.010585991782285873,363.15885369499995,515.0252834219999
50,64,25,28.84079155,63.37230676,6.734447425,70.25496749,blackgram,139,0.781249987792969,1.9999999200000032,2.559999897600004,19.75685535031659,4.452219351190107,3.238178008921841,20.262088727311166,1,0,0,0,0,0,831.7912572305513,4935.760457020957,0.23444742499999993,0,0,0,0,0,0.05496559508913059,336.72237125,431.0046352
34,80,19,31.49338309,63.0563645,6.521217963,71.48327008,blackgram,133,0.4249999946875001,1.7894735900277057,4.210526094182837,31.78574103797697,4.507475133816424,4.246073555388237,22.512500091553747,1,0,0,0,1,0,991.8331784534978,5109.857901330222,0.021217962999999784,0,0,0,0,0,0.00045020195386935986,221.721410742,521.69743704
20,68,23,25.54960633,63.95425534,7.707332484,63.1830529,blackgram,111,0.2941176427335641,0.8695651795841226,2.956521610586017,26.888659319497503,4.0408250983273275,2.0003969273469964,16.14302128322565,1,0,0,0,0,0,652.782383617976,3992.0981737641982,1.2073324840000002,0,1,0,0,0,1.4576517269216107,154.14664968,524.098608912
55,67,16,34.37329112,69.69366426,6.596719015,70.27184748,blackgram,138,0.8208955101358879,3.4374997851562634,4.187499738281266,26.664583251946766,4.897502545201048,4.356017863714805,24.154746709702785,1,0,0,0,1,0,1181.5231424202707,4938.1325482523835,0.09671901499999969,0,0,0,0,0,0.009354567862570164,362.819545825,441.980174005
23,70,15,34.600824700000004,63.11296779,7.403623355,60.41790253,blackgram,108,0.3285714238775511,1.533333231111118,4.666666355555576,29.715315916207253,3.8131531363152495,5.385810910014637,20.905092541822167,1,0,0,0,1,0,1197.2170699201304,3650.32294612458,0.9036233549999997,0,0,0,0,0,0.8165351677014554,170.283337165,518.25363485
53,74,15,29.43463808,64.94329356,7.517097,72.17818157,blackgram,142,0.7162162065376189,3.5333330977777937,4.933333004444466,29.90540642314251,4.6874888343274925,3.307473375382052,21.24538651785476,1,0,0,0,0,0,866.3979189005861,5209.6898947518885,1.0170969999999997,0,1,0,0,0,1.0344863074089994,398.406141,556.265178
26,67,16,29.10713092,67.90577375,7.17620823,67.83345933,blackgram,109,0.38805969570060156,1.6249998984375063,4.187499738281266,27.024680078279065,4.606283541942806,2.922863202348507,19.74437381474805,1,0,0,0,0,0,847.22507039402,4601.378204674764,0.6762082300000003,0,0,0,0,0,0.4572575703197333,186.58141398,480.80595141000003
33,80,22,28.57006111,65.71765781,6.593961761,70.0866434,blackgram,135,0.41249999484375005,1.499999931818185,3.6363634710743873,30.805843601498726,4.605930048012695,2.9380176756223118,20.02379684932778,1,0,0,0,0,0,816.2483918291344,4912.137583078764,0.09396176100000009,0,0,0,0,0,0.008828812530221138,217.600738113,527.51694088
37,79,19,27.54384835,69.3478631,7.143942758,69.40878198,blackgram,135,0.46835442445120984,1.947368318559562,4.157894518005551,30.789608636681304,4.8133507106867865,2.3123507237703915,19.117849650153328,1,0,0,0,0,0,758.6635819277977,4817.579015947173,0.6439427579999997,0,0,0,0,0,0.41466227558064617,264.325882046,564.371477882
33,75,21,33.04687968,68.93875631,6.690655045,62.30278274,blackgram,129,0.4399999941333334,1.571428496598643,3.571428401360552,28.35489375751565,4.295076356747734,4.052523091345893,20.589125649379607,1,0,0,0,1,0,1092.0962565843972,3881.6367371476417,0.19065504499999975,0,0,0,0,0,0.03634934618395193,220.791616485,501.799128375
22,55,20,33.95309131,69.96100028,7.423530351,61.16350463,blackgram,97,0.3999999927272729,1.0999999450000026,2.749999862500007,19.65536398374076,4.279059964545211,4.191369059542245,20.766900575419978,1,0,0,0,1,0,1152.8124095051974,3740.9742986240312,0.9235303510000001,0,0,0,0,0,0.8529083092181835,163.317667722,408.294169305
20,68,17,30.11873003,60.11680815,6.578714842999999,71.72980375,blackgram,105,0.2941176427335641,1.176470519031146,3.999999764705896,28.61817604250837,4.312166850675901,4.035672510648462,21.604105942511314,1,0,0,0,1,0,907.1378986200237,5145.164746013515,0.07871484299999931,0,0,0,0,0,0.006196026508514541,131.57429685999998,447.35260932399996
43,68,20,29.57812712,66.17587668,7.497469256,69.43895491,blackgram,131,0.6323529318771628,2.1499998925000052,3.3999998300000085,24.006943440041116,4.595183716912241,3.2397175288151647,20.538742354079286,1,0,0,0,0,0,874.8656039268795,4821.768458993014,0.9974692559999996,0,0,0,0,0,0.9949449166651927,322.391178008,509.827909408
44,76,22,27.26458947,68.01232937,7.775306272000001,68.91754359,blackgram,142,0.5789473608033242,1.999999909090913,3.454545297520668,27.15388247255507,4.687242674014412,2.3237729522852626,18.7900853326218,1,0,0,0,0,0,743.357838967635,4749.62781447955,1.2753062720000008,0,1,0,0,0,1.6264060874025401,342.11347596800005,590.923276672
34,60,16,31.35730791,64.24992106,7.322555222999999,63.85668948,blackgram,110,0.5666666572222224,2.1249998671875083,3.7499997656250144,22.12088003071608,4.102787258242933,4.0602465432838635,20.023738741376178,1,0,0,0,1,0,983.2807593625486,4077.6767913451426,0.8225552229999993,0,0,0,0,0,0.6765970948845785,248.96687758199997,439.35331338
21,72,17,31.52104732,66.55723677,7.580527339,61.71111448,blackgram,110,0.2916666626157408,1.2352940449827032,4.235293868512125,30.664855018951798,4.1073212577859355,3.85295657684386,19.451989596940173,1,0,0,0,1,0,993.5764241496793,3808.2616503636655,1.0805273389999996,0,1,0,0,0,1.16753933032642,159.191074119,545.797968408
25,68,19,29.39982732,64.25510719,7.1084501210000015,67.47677295,blackgram,112,0.3676470534169551,1.3157894044321365,3.5789471800554113,26.72701504720146,4.335727278737543,3.3599581998590953,19.83805472840847,1,0,0,0,0,0,864.3498464458183,4553.114887745852,0.6084501210000015,0,0,0,0,0,0.3702115497449165,177.71125302500005,483.3746082280001
41,62,15,29.38400259,64.14928485,7.358974541,65.24194361,blackgram,118,0.6612903119146725,2.733333151111123,4.133333057777796,23.544284515213736,4.185224024805528,3.3642320382095225,19.170694400128742,1,0,0,0,0,0,863.4196082091267,4256.511206010421,0.8589745410000003,0,0,0,0,0,0.7378372620861611,301.71795618100003,456.256421542
28,65,23,28.38686534,61.88871127,7.405176138,74.24459122,blackgram,116,0.43076922414201196,1.2173912514177716,2.8260868336483984,22.94195574342635,4.594902069373758,3.196342465123696,21.075712131854868,1,0,0,0,0,0,805.8141238312933,5512.259325424901,0.9051761379999999,0,0,0,0,0,0.8193438408045948,207.344931864,481.33644897
35,64,15,28.47442276,63.53604453,6.500144962,69.5274407,blackgram,114,0.5468749914550782,2.333333177777788,4.266666382222241,24.63736998950984,4.417498568372134,3.090109741545945,19.797537399126302,1,0,0,0,0,0,810.792751515206,4834.065010292016,0.00014496200000024828,0,0,0,0,0,2.1013981444071984e-08,227.50507367,416.009277568
52,58,16,30.64095781,61.14508627,7.167435834,71.36947525,blackgram,126,0.896551708680143,3.2499997968750125,3.624999773437514,22.715633383201094,4.36389272120588,4.134534977121197,21.86829080057089,1,0,0,0,1,0,938.8682955142,5093.601997460361,0.667435834,0,0,0,0,0,0.4454705925072755,372.706663368,415.711278372
58,75,25,25.25596239,61.36669662,7.261791753,68.64685069,blackgram,158,0.7733333230222224,2.3199999072000037,2.9999998800000047,25.423086620891127,4.212630460211667,2.030551895667399,17.337422792185855,1,0,0,0,0,0,637.8636362450945,4712.390109655153,0.7617917529999998,0,0,0,0,0,0.5803266749388127,421.183921674,544.6343814749999
34,66,19,32.97030511,60.18122078,7.586642101,73.44678678,blackgram,119,0.5151515073461893,1.7894735900277057,3.4736840277008403,24.00694344004112,4.420117290788765,5.164617155911278,24.215629694857142,1,0,0,0,1,0,1087.041019046492,5394.4304883067825,1.0866421009999998,0,1,0,0,0,1.1807910556656938,257.945831434,500.718378666
52,70,16,33.66855394,66.60416867,7.534811832999999,67.32520551,blackgram,138,0.7428571322448981,3.2499997968750125,4.374999726562517,27.49545416973504,4.484139343530455,4.564727219052469,22.667423132350205,1,0,0,0,1,0,1133.5715244106898,4532.683296963734,1.0348118329999991,0,1,0,0,0,1.0708355297168182,391.8102153159999,527.4368283099999
23,57,19,32.83963757,67.99803573,7.251000789,73.40452716,blackgram,99,0.40350876485072346,1.2105262520775657,2.999999842105271,20.8806130178211,4.991363660569435,4.108936227548897,24.10578067931621,1,0,0,0,1,0,1078.4417957289556,5388.224607583178,0.7510007889999999,0,0,0,0,0,0.5640021850786223,166.773018147,413.307044973
42,58,25,27.45853567,62.90020977,6.513620917999999,69.46020927,blackgram,125,0.7241379185493463,1.6799999328000026,2.3199999072000037,16.502525059315417,4.3690617337510975,2.767101087799725,19.072756338859595,1,0,0,0,0,0,753.9711811406623,4824.720671832193,0.013620917999999094,0,0,0,0,0,0.00018552940716269931,273.57207855599995,377.79001324399997
37,62,17,25.68576704,69.84354028,7.121254928,74.62068748,blackgram,116,0.5967741839229971,2.1764704602076197,3.647058608996552,22.54624876411447,5.211772991730672,1.7146260471906367,19.166895949759247,1,0,0,0,0,0,659.7586284331504,5568.2469999878285,0.6212549279999999,0,0,0,0,0,0.3859576855642851,263.486432336,441.51780553599997
44,75,22,30.0328403,64.14800537,7.574561547,71.21006868,blackgram,141,0.5866666588444446,1.999999909090913,3.4090907541322384,26.627053911388696,4.56798386808271,3.596973365592475,21.38640620418472,1,0,0,0,1,0,901.9714964853041,5070.873881410318,1.074561547,0,1,0,0,0,1.1546825182910334,333.280708068,568.092116025
21,80,20,28.20667264,68.27085245,7.350869792,64.32887142,blackgram,121,0.2624999967187501,1.0499999475000026,3.9999998000000097,34.35597958628648,4.391786888989842,2.6039072708910798,18.14503417444592,1,0,0,0,0,0,795.6163814201246,4138.2036981708925,0.8508697920000001,0,0,0,0,0,0.7239794029381235,154.368265632,588.06958336
56,76,16,28.27265858,61.18956161,7.5131510760000015,63.29900785,blackgram,148,0.7368420955678672,3.4999997812500134,4.7499997031250185,30.550504633038933,3.8732385406894485,3.2106550614059497,17.8963123739579,1,0,0,0,0,0,799.3432231812477,4006.764394794362,1.0131510760000015,0,1,0,0,0,1.0264751027999608,420.7364602560001,570.9994817760002
29,76,15,28.541723600000005,64.2020154,7.0256077060000015,69.68862306,blackgram,120,0.3815789423476455,1.9333332044444531,5.066666328888911,31.953090617340916,4.474150050902915,3.0577648989025676,19.890334174431064,1,0,0,0,0,0,814.6299860587973,4856.504183998763,0.5256077060000015,0,0,0,0,0,0.276263460606584,203.74262347400006,533.9461856560001
43,61,20,26.87187036,61.61367264,6.804253866,63.51822045,blackgram,124,0.7049180212308521,2.1499998925000052,3.0499998475000076,20.55075018906447,3.9135908414816534,2.6378586521444105,17.06853385430301,1,0,0,0,0,0,722.0974166446465,4034.5643291347983,0.3042538659999998,0,0,0,0,0,0.09257041497594584,292.582916238,415.059485826
55,60,15,32.79766751,68.77994074,7.163043872,64.11411069,blackgram,130,0.9166666513888891,3.6666664222222387,3.9999997333333512,24.664414311581236,4.409764733856001,3.995439380519765,21.027932851099568,1,0,0,0,1,0,1075.6869940965094,4110.619189569573,0.6630438720000003,0,0,0,0,0,0.43962717619675273,393.96741296,429.78263232
44,63,15,26.42333018,64.51136845,7.338929556,63.46546487,blackgram,122,0.6984126873267827,2.933333137777791,4.199999720000019,24.172987679087857,4.094243988079102,2.2795519808201514,16.76968933287201,1,0,0,0,0,0,698.1923778012989,4027.865231165204,0.8389295560000001,0,0,0,0,0,0.7038027999303572,322.912900464,462.352562028
29,67,21,29.79181107,63.38789228,6.621323612,63.02169909,blackgram,117,0.43283581443528635,1.3809523151927467,3.19047603854876,24.576411454889016,3.994812673219494,3.5849884166872847,18.77530552599671,1,0,0,0,0,0,887.5520068305747,3971.7345561905067,0.1213236120000003,0,0,0,0,0,0.014719418828726617,192.01838474800002,443.62868200400004
47,63,16,27.44003279,67.10464369,6.661870999,72.50669768,blackgram,126,0.7460317341899725,2.937499816406261,3.9374997539062653,23.895606290697042,4.86553611295495,2.4474252958513336,19.89586161833817,1,0,0,0,0,0,752.9553995162752,5257.221208458917,0.16187099899999957,0,0,0,0,0,0.02620222031725786,313.107936953,419.697872937
40,68,17,34.1262979,65.14877461,7.733149554,70.40795007,blackgram,125,0.5882352854671282,2.352941038062292,3.999999764705896,25.540817005987364,4.586991669862564,4.923187920391835,24.027626786171453,1,0,0,0,1,0,1164.6042083595441,4957.2794330596125,1.2331495539999997,0,1,0,0,0,1.5206578225303982,309.32598215999997,525.854169672
58,61,15,30.94908189,64.23364112,7.402891666,62.78730907,blackgram,134,0.9508196565439401,3.8666664088889062,4.066666395555574,25.73583752927682,4.033057477692901,3.9160879228424865,19.432095700601696,1,0,0,0,1,0,957.8456698339259,3942.246180251704,0.9028916660000004,0,0,0,0,0,0.8152133605322562,429.36771662800004,451.57639162600003
41,74,18,28.75751783,61.02701476,6.599147297999999,73.37686831,blackgram,133,0.5540540465668372,2.2777776512345747,4.111110882716062,28.148416178061126,4.477971225396947,3.4130661312762687,21.10136598734387,1,0,0,0,0,0,826.9948317427679,5384.164802983083,0.09914729799999922,0,0,0,0,0,0.00983018670070065,270.565039218,488.3369000519999
58,79,17,27.24766491,66.10123083,7.04174124,62.31842057,blackgram,154,0.734177205896491,3.411764505190323,4.647058550173027,31.533051443419385,4.119324303058591,2.4568691980559882,16.980314414118112,1,0,0,0,0,0,742.4352430476454,3883.585542339399,0.5417412400000003,0,0,0,0,0,0.29348357111673795,408.42099192,556.2975579600001
27,62,24,28.63005477,66.770943,7.353876754,62.2737345,blackgram,113,0.43548386394380867,1.124999953125002,2.583333225694449,21.1266025033211,4.158075976696634,2.867685818654519,17.829004294674387,1,0,0,0,0,0,819.6800361331998,3878.0180085764905,0.8538767539999998,0,0,0,0,0,0.7291055110215763,198.554672358,455.940358748
27,60,17,26.41768321,63.64698302,7.026795358999999,64.42177127,blackgram,104,0.44999999250000017,1.5882352006920468,3.5294115570934377,22.50185177565023,4.100251382140013,2.333021467053909,17.018739452379393,1,0,0,0,0,0,697.8939861839159,4150.164613564197,0.5267953589999994,0,0,0,0,0,0.27751335026393825,189.723474693,421.60772153999994
52,65,20,32.81705216,66.15665137,6.814301033,68.83924882,blackgram,137,0.799999987692308,2.599999870000006,3.249999837500008,23.158871590242327,4.554174184757424,4.337719646597745,22.591012191811583,1,0,0,0,1,0,1076.9589124721608,4738.842178101871,0.31430103299999956,0,0,0,0,0,0.09878513934486681,354.34365371599995,442.92956714499996
44,55,25,29.6321052,65.91359954,7.42160832,71.16331975,blackgram,124,0.7999999854545458,1.7599999296000028,2.1999999120000036,15.17673658377628,4.690630559938473,3.283237951200484,21.08718977213238,1,0,0,0,0,0,878.0616585838671,5064.21807784074,0.9216083199999998,0,0,0,0,0,0.849361895493222,326.55076608,408.1884576
21,62,24,33.49077065,62.73317204,6.8473828910000005,65.45328463,blackgram,107,0.33870967195629564,0.8749999635416682,2.583333225694449,22.854612955229264,4.106092165276878,5.027582288613675,21.920809438325,1,0,0,0,1,0,1121.6317187309016,4284.132468855794,0.3473828910000005,0,0,0,0,0,0.12067487295951825,143.795040711,424.53773924200004
60,59,22,31.86847286,66.74217464,7.191522601,74.22238583,blackgram,141,1.016949135305947,2.727272603305791,2.6818180599173607,21.656407827707714,4.953763437263321,3.9471959766777975,23.653540884278037,1,0,0,0,1,0,1015.5995624285566,5508.962558297384,0.691522601,0,0,0,0,0,0.47820350769380515,431.49135606,424.299833459
33,77,21,30.32992227,65.62971858,7.01285529,71.64631281,blackgram,131,0.42857142300556594,1.571428496598643,3.6666664920635004,29.484459183327978,4.702127347014949,3.5504233546662523,21.730270984594053,1,0,0,0,1,0,919.904184904242,5133.194139268369,0.5128552900000001,0,0,0,0,0,0.26302054848098416,231.42422457,539.98985733
59,58,17,28.546224,66.31394098,7.368318809,62.83469851,blackgram,134,1.0172413617717007,3.4705880311418804,3.411764505190323,23.96525262402492,4.166816488488235,2.878886060621405,17.936933786389265,1,0,0,0,0,0,814.8869046581759,3948.1993368425965,0.8683188089999998,0,0,0,0,0,0.7539775540631781,434.73080973099997,427.362490922
29,63,17,30.02629908,67.88811637,7.26154329,66.47264636,blackgram,109,0.4603174530108341,1.7058822525951616,3.7058821349481095,23.86070689089771,4.512702751509537,3.21963349296536,19.959275602444333,1,0,0,0,1,0,901.5786364416089,4418.612714101621,0.7615432899999997,0,0,0,0,0,0.5799481825440236,210.58475540999999,457.47722726999996
59,63,18,31.65531175,60.13263713,6.52669158,66.69096751,blackgram,140,0.9365079216427314,3.2777775956790225,3.499999805555566,24.90649179096352,4.010303749127449,4.6466654290022475,21.11123367438171,1,0,0,0,1,0,1002.058761989688,4447.685147419875,0.026691579999999604,0,0,0,0,0,0.0007124404428963788,385.07480322,411.18156954
29,70,15,30.33499674,63.54718862,6.872594461,74.16699119,blackgram,114,0.414285708367347,1.9333332044444531,4.666666355555576,28.583211855912904,4.713103778528808,3.767396867761349,22.49855435964259,1,0,0,0,1,0,920.2120272158107,5500.742582177539,0.37259446100000027,0,0,0,0,0,0.13882663236788073,199.30523936900002,481.08161227
58,73,16,33.36984395,65.67718163,6.874142175,64.89517488,blackgram,147,0.7945205370613625,3.624999773437514,4.562499714843767,29.546573405388315,4.262132187504374,4.588907255310934,21.655418588535603,1,0,0,0,1,0,1113.546485247352,4211.383722705783,0.37414217500000024,0,0,0,0,0,0.1399823671137308,398.70024615,501.812378775
55,77,22,31.4345059,62.99303471,7.76061831,64.77651469,blackgram,154,0.7142857050092766,2.4999998863636415,3.4999998409090978,27.682726262659415,4.080469238259995,4.231563629496002,20.362177332042418,1,0,0,0,1,0,988.1281611771349,4195.996855383785,1.26061831,0,1,0,0,0,1.5891585235072558,426.83400704999997,597.56760987
42,79,23,27.71678273,63.29103387,6.781841984,68.56507978,blackgram,144,0.5316455628905625,1.8260868771266574,3.4347824593572844,28.478061731796284,4.339554786655232,2.8327511586813885,19.004034191273764,1,0,0,0,0,0,768.2200449020262,4701.170165237765,0.2818419839999997,0,0,0,0,0,0.07943490394505609,284.837363328,535.765516736
44,77,21,32.63918668,61.3009051,7.326980454,61.83876146,blackgram,142,0.5714285640074213,2.0952379954648572,3.6666664920635004,28.148416178061126,3.790772047760998,4.89125084788136,20.183668793529296,1,0,0,0,1,0,1065.3165071318895,3824.0324189067815,0.8269804540000001,0,0,0,0,0,0.6838966712980462,322.387139976,564.177494958
38,62,25,32.7477393,67.77954584,7.453975408,63.37784443,blackgram,125,0.6129032159209159,1.5199999392000023,2.4799999008000038,18.77054430040145,4.295721511783574,4.107379497592805,20.75481126789597,1,0,0,0,1,0,1072.4144292607643,4016.7511645932823,0.9539754079999998,0,0,0,0,0,0.9100690790687661,283.251065504,462.146475296
32,76,15,28.05153602,63.49802189,7.604110177000001,43.35795377,lentil,123,0.42105262603878124,2.1333331911111206,5.066666328888911,31.480152477394387,2.7531442975930682,2.9389699155391655,12.162572019326499,1,0,0,0,0,0,786.8886730813574,1879.9121551214573,1.1041101770000008,0,1,0,0,0,1.2190592829549731,243.33152566400003,577.9123734520001
13,61,22,19.44084326,63.27771461,7.728832424,46.83130119,lentil,96,0.21311475060467622,0.590909064049588,2.7727271466942205,25.514701644346147,2.9633777115157733,0.0,9.104399860966415,1,0,0,1,0,0,377.9463866598875,2193.170771148495,1.2288324240000001,0,1,0,0,0,1.5100291262737162,100.474821512,471.458777864
38,60,20,29.84823072,60.63872613,7.491217102,46.80452595,lentil,118,0.633333322777778,1.8999999050000047,2.999999850000007,20.033305601755625,2.838166830726528,3.8763890650486728,13.970322892958272,1,0,0,0,0,0,890.9168771143517,2190.663649404223,0.9912171020000002,0,0,0,0,0,0.9825113432972788,284.666249876,449.47302612
11,74,17,21.36383757,69.92375891,6.633864582,46.6352865,lentil,102,0.14864864663988317,0.6470587854671302,4.352940920415239,34.77067730142742,3.260914529924778,0.41019107562919777,9.963086858164138,1,0,0,0,0,0,456.41355571734357,2174.849946937082,0.13386458200000018,0,0,0,0,0,0.01791972631403477,72.972510402,490.905979068
37,71,16,26.28663931,68.51966729,7.324863481,46.13833007,lentil,124,0.5211267532235668,2.312499855468759,4.437499722656267,27.75487945088815,3.1613830257126025,1.9790549710656486,12.128216409158172,1,0,0,0,0,0,690.9874062140374,2128.7455016482663,0.8248634810000004,0,0,0,0,0,0.680399762287438,271.01994879700004,520.0653071510001
29,71,18,22.17499963,62.13873825,6.410441476,53.46622584,lentil,118,0.4084506984725254,1.6111110216049431,3.944444225308654,27.970222261064233,3.3223238126871464,0.8234823029758309,11.856135382194964,1,0,0,0,0,0,491.7306085905001,2858.6373055738836,0.08955852400000008,0,0,0,0,0,0.00802072922105859,185.902802804,455.141344796
2,72,18,26.57597546,60.97876599,7.836719564,50.89110726,lentil,92,0.027777777391975313,0.11111110493827195,3.99999977777779,36.67878587594378,3.1032769205795296,2.566026772686773,13.524808176739878,1,0,0,0,0,0,706.2824716505221,2589.9047981488247,1.336719564,0,1,0,0,0,1.78681919278035,15.673439128,564.243808608
6,59,21,26.58972517,66.14007674,6.139215944,50.90994463,lentil,86,0.10169491353059469,0.28571427210884415,2.8095236757369677,27.31910198621714,3.3671876446573505,2.231275885606905,13.536814361316173,1,0,0,0,0,0,707.0134846161316,2591.8224622296657,0.36078405599999996,0,0,0,0,0,0.1301651350638111,36.835295664,362.213740696
13,64,20,19.1345771,62.57526895,6.590571088,36.46946971,lentil,97,0.20312499682617194,0.6499999675000016,3.199999840000008,27.64657905299195,2.2820868755671286,0.0,6.978278799621097,1,0,0,1,0,0,366.1320407958445,1330.0222209286073,0.09057108799999991,0,0,0,0,0,0.008203121981503728,85.677424144,421.796549632
8,58,17,28.75273118,69.15640149,7.286049977999999,35.15426171,lentil,83,0.1379310321046374,0.47058820761245834,3.411764505190323,26.6520793435209,2.431142236901294,2.6996572638187866,10.107810367789972,1,0,0,0,0,0,826.7195503093443,1235.822116375172,0.7860499779999994,0,0,0,0,0,0.6178745679137996,58.288399823999995,422.59089872399994
6,77,20,25.78746268,60.2816298,6.058306161,49.14337177,lentil,103,0.0779220769101029,0.29999998500000075,3.8499998075000095,37.60762334066503,2.9624425441629105,2.2986858524292417,12.672828654882405,1,0,0,0,0,0,664.9932314723928,2415.070988924433,0.44169383900000003,0,0,0,0,0,0.19509344741055795,36.349836966,466.489574397
2,75,22,23.89271875,61.78779413,6.658605362,52.55730112,lentil,99,0.026666666311111118,0.09090908677685969,3.4090907541322384,37.72267222772003,3.247399701630979,1.4874937026900907,12.5573681391922,1,0,0,0,0,0,570.8620092666016,2762.2699010183533,0.1586053620000003,0,0,0,0,0,0.02515566085515114,13.317210724,499.39540215
3,69,23,28.67408774,63.18832976,7.299360767,42.96018627,lentil,95,0.0434782602394455,0.1304347769376184,2.999999869565223,33.842773723992146,2.7145824165797845,3.193076575177069,12.318441504327234,1,0,0,0,0,0,822.2033077212184,1845.5776043530966,0.7993607669999996,0,0,0,0,0,0.6389776358188276,21.898082301,503.65589292299995
27,80,24,28.42062847,61.77336343,7.815210661,49.02366803,lentil,131,0.33749999578125006,1.124999953125002,3.33333319444445,31.50132272355136,3.0283568618888626,3.218923042136851,13.93283455317247,1,0,0,0,0,0,807.7321226297746,2403.3200271156443,1.315210661,0,1,0,0,0,1.729779082808057,211.010687847,625.21685288
39,78,15,21.35499456,62.60136323,5.925391795,41.78219834,lentil,132,0.4999999935897437,2.599999826666678,5.199999653333356,31.796226191169293,2.615622574830243,0.5067494937476603,8.922586182555412,1,0,0,0,0,0,456.03579265762966,1745.752098123099,0.5746082049999996,1,0,0,0,0,0.3301745892533216,231.090280005,462.18056001
40,79,17,21.12695586,63.18738532,6.403683619,38.71834464,lentil,136,0.5063291075148214,2.352941038062292,4.647058550173027,31.34219732777735,2.4465109617202367,0.4148619183554799,8.180007581815476,1,0,0,0,0,0,446.3482639103883,1499.1102116618165,0.09631638100000028,0,0,0,0,0,0.009276845248937215,256.14734476,505.89100590099997
37,62,22,24.02037872,61.62313345,7.397546271,49.78102578,lentil,121,0.5967741839229971,1.6818181053719041,2.81818169008265,20.207259421636902,3.06766279491883,1.5428953761789983,11.957590923056834,1,0,0,0,0,0,576.9785938522289,2478.1505277090246,0.8975462710000004,0,0,0,0,0,0.8055893085860062,273.70921202700004,458.647868802
31,60,24,25.40474421,65.8567539,7.722335992,51.92057267,lentil,115,0.5166666580555557,1.2916666128472245,2.4999998958333376,19.08751773629388,3.419320376675256,1.845355116695801,13.190288679180666,1,0,0,0,0,0,645.4010283755285,2695.7458663807506,1.2223359919999996,0,1,0,0,0,1.4941052773386232,239.39241575199998,463.34015952
22,67,22,29.03017561,64.49166566,7.475926645,54.93937710000001,lentil,111,0.3283582040543552,0.9999999545454565,3.0454544070247995,25.98076211353316,3.543131939501861,3.206464947087935,15.948997651170128,1,0,0,0,0,0,842.7510959474389,3018.3351561360055,0.9759266450000004,0,0,0,0,0,0.9524328164209568,164.47038619,500.887085215
3,78,18,20.21368219,68.65257685,6.887130053,50.89732989,lentil,99,0.038461537968441824,0.1666666574074079,4.333333092592606,39.68626966596886,3.4942328517330274,0.06698386029548702,10.288224507160479,1,0,0,0,0,0,408.5929476783232,2590.5381899314875,0.3871300529999999,0,0,0,0,0,0.14986967793578274,20.661390159,537.196144134
4,80,16,29.19585548,68.01965728,7.441976825,44.93261911,lentil,100,0.04999999937500001,0.24999998437500096,4.999999687500019,40.85747585611883,3.0563013525549785,2.9408660985399,13.11846253873446,1,0,0,0,0,0,852.397977209046,2018.940260084337,0.9419768250000002,0,0,0,0,0,0.8873203388370811,29.7679073,595.358146
13,61,24,18.29783597,69.6897615,7.629910252999999,49.39111479,lentil,98,0.21311475060467622,0.5416666440972231,2.5416665607638933,25.146238950056397,3.442055009934223,0.0,9.037505168028611,1,0,0,1,0,0,334.81080118502587,2439.482220198957,1.1299102529999994,0,1,0,0,0,1.2766971798345226,99.18883328899999,465.424525433
12,66,20,27.41434987,63.41785982,7.336117221,44.43177543,lentil,98,0.18181817906336092,0.5999999700000015,3.299999835000008,29.143323992525858,2.8177681057734603,2.7123278628790475,12.180682369832896,1,0,0,0,0,0,751.546578794769,1974.1826678619518,0.8361172210000003,0,0,0,0,0,0.6990920072527633,88.033406652,484.183736586
4,61,21,24.84063998,60.09116626,6.75020529,48.77790371,lentil,86,0.06557376941682345,0.19047618140589612,2.9047617664399157,29.26317367158479,2.931121121651881,1.9318429615701687,12.116743450392162,1,0,0,0,0,0,617.0573946159743,2379.2838903420316,0.25020529000000025,0,0,0,0,0,0.06260268714398422,27.00082116,411.76252269
9,60,21,29.94413861,67.31323084,7.52178027,40.37113729,lentil,90,0.14999999750000004,0.4285714081632663,2.857142721088442,26.664583251946766,2.7175116836751023,3.250417632401132,12.088789308550997,1,0,0,0,0,0,896.6514370948927,1629.8287260880286,1.0217802699999998,0,1,0,0,0,1.0440349201612726,67.69602243,451.3068162
18,66,22,25.87990287,67.55109024,6.347379185,47.89645224,lentil,106,0.27272726859504137,0.8181817809917372,2.99999986363637,26.633312473917574,3.23545756744009,1.90796437626195,12.395555317887938,1,0,0,0,0,0,669.7693725606342,2294.0701371786013,0.1526208149999997,0,0,0,0,0,0.02329311317126413,114.25282533000001,418.92702621
32,56,18,20.0467711,65.84395319,7.135251532000001,46.05333124,lentil,106,0.57142856122449,1.7777776790123512,3.1111109382716142,19.2180470738661,3.0323333864101243,0.015975158809552203,9.232205897607592,1,0,0,0,0,0,401.87303153579523,2120.9093183011596,0.6352515320000007,0,0,0,0,0,0.403544508908348,228.32804902400002,399.57408579200006
6,72,15,22.99451999,66.70897237,7.670178119,54.49044154,lentil,93,0.08333333217592595,0.39999997333333515,4.799999680000021,35.79106033634656,3.63500135912096,0.9969064772567735,12.529815472554565,1,0,0,0,0,0,528.7479495705096,2969.2082192241573,1.170178119,0,1,0,0,0,1.3693168301863783,46.021068714,552.252824568
15,77,20,25.13163619,66.92642362,7.399749291,49.04015558,lentil,112,0.19480519227525725,0.7499999625000018,3.8499998075000095,34.44318994131254,3.2820822267377863,1.6972156148433717,12.324593487375582,1,0,0,0,0,0,631.5991375865176,2404.9368593106046,0.899749291,0,0,0,0,0,0.8095487866550027,110.996239365,569.780695407
0,65,24,28.49584395,62.44616219,7.841496029,53.14531023,lentil,89,0.0,0.0,2.7083332204861157,32.86842456421258,3.3187206622604464,3.1905154575736976,15.144204669884186,1,0,0,0,0,0,812.0131224227516,2824.4239994429427,1.341496029,0,1,0,0,0,1.7996115958227688,0.0,509.697241885
30,79,22,18.28766124,69.48515056,6.254216611,48.60449438,lentil,131,0.3797468306361161,1.3636363016528954,3.5909089276859576,30.85989846602437,3.3772906098869733,0.0,8.888625279629238,1,0,0,1,0,0,334.4385536289983,2362.3968739354514,0.24578338899999963,0,0,0,0,0,0.06040947430832514,187.62649833,494.083112269
3,63,16,24.38041875,61.18458224,6.868881707999999,53.13946695,lentil,82,0.04761904686318973,0.18749998828125072,3.9374997539062653,31.564748269760262,3.2513160857920367,1.7002778374498704,12.955624563927854,1,0,0,0,0,0,594.4048184253516,2823.802947730142,0.3688817079999991,0,0,0,0,0,0.1360737144969966,20.606645123999996,432.73954760399994
2,78,23,21.31852148,66.43934593,7.320514721,45.42616802,lentil,103,0.02564102531229455,0.08695651795841226,3.391304200378078,39.24708057083142,3.018084891355083,0.4425044327414446,9.684187386884592,1,0,0,0,0,0,454.47935809322144,2063.5367409812707,0.8205147210000003,0,0,0,0,0,0.6732444073777084,14.641029442,571.0001482380001
10,78,18,18.54141834,62.70637578,6.296976913,44.07819743,lentil,106,0.12820512656147273,0.5555555246913597,4.333333092592606,37.16629297271027,2.7639840117506105,0.0,8.17272298222743,1,0,0,1,0,0,343.7841940588884,1942.8874886780588,0.20302308700000005,0,0,0,0,0,0.04121837385500959,62.96976913,491.164199214
14,67,25,25.28710601,60.85993533,7.241151936,49.37369982,lentil,106,0.20895522076186238,0.5599999776000009,2.679999892800004,27.970222261064233,3.0048801780480328,2.0693767114854564,12.485179814542578,1,0,0,0,0,0,639.4377303609781,2437.7622339154677,0.7411519359999996,0,0,0,0,0,0.5493061922365475,101.37612710399999,485.15717971199996
39,65,23,25.43459777,69.12613376,7.685959305,41.02682925,lentil,127,0.5999999907692309,1.695652100189039,2.8260868336483984,21.197484127446195,2.83602608648418,1.6778704461918226,10.435008997522207,1,0,0,0,0,0,646.918763721689,1683.2007183086555,1.185959305,0,1,0,0,0,1.4064994731160827,299.752412895,499.587354825
19,72,15,28.83600962,69.76112921,6.890760124,44.08562546,lentil,106,0.26388888522376547,1.2666665822222278,4.799999680000021,31.817186131607134,3.0754630140187253,2.6719095319837702,12.712535198682769,1,0,0,0,0,0,831.5154508047325,1943.5423721994005,0.3907601239999998,0,0,0,0,0,0.15269347450849524,130.924442356,496.13472892799996
18,57,21,27.37659643,63.93927841,6.155915975,49.47371773,lentil,96,0.3157894681440444,0.8571428163265326,2.7142855850340197,21.702534414210707,3.163313811916223,2.660053901440179,13.544220041859456,1,0,0,0,0,0,749.4780320910887,2447.6487460277162,0.3440840249999999,0,0,0,0,0,0.11839381626020055,110.80648755,350.887210575
31,58,15,28.31886863,60.19461399,6.167855382000001,45.36521251,lentil,104,0.5344827494054699,2.066666528888898,3.8666664088889062,21.733231083604053,2.730741455613769,3.3113577698362993,12.846914934427225,1,0,0,0,0,0,801.9583204831981,2058.0025060774606,0.33214461799999917,0,0,0,0,0,0.11032004726636538,191.20351684200003,357.73561215600006
28,58,25,27.4818649,62.04814951,6.861640036,37.81123974,lentil,111,0.48275861236623085,1.1199999552000017,2.3199999072000037,18.24828759089466,2.346117456545973,2.8395061807117883,10.391233822361912,1,0,0,0,0,0,755.2528983818521,1429.689850675755,0.36164003599999983,0,0,0,0,0,0.13078351563808116,192.125921008,397.975122088
5,65,19,18.28072173,68.10365387,6.978361689,48.80253285,lentil,89,0.07692307573964499,0.26315788088642733,3.421052451523555,31.39001964531614,3.323630805195705,0.0,8.921455227500338,1,0,0,1,0,0,334.1847869696942,2381.687212575329,0.47836168899999976,0,0,0,0,0,0.2288299055029325,34.891808444999995,453.593509785
16,65,19,27.61204997,69.29786244,7.043160241,42.72374404,lentil,100,0.24615384236686397,0.8421052188365674,3.421052451523555,27.465129406819358,2.96066413740569,2.3370620529253388,11.796901553379698,1,0,0,0,0,0,762.4253035457771,1825.3183047954356,0.5431602409999998,0,0,0,0,0,0.29502304740317786,112.690563856,457.805415665
34,65,19,23.43974653,63.22011726,5.94239222,45.40277297,lentil,118,0.523076915029586,1.7894735900277057,3.421052451523555,23.45918441321721,2.8703686310925587,1.265134740287219,10.642294901759353,1,0,0,0,0,0,549.4217173906471,2061.411793365363,0.5576077799999997,1,0,0,0,0,0.310926436316528,202.04133548000001,386.2554943
14,69,19,20.95628486,63.68128841,7.239455147,52.39881209,lentil,102,0.20289854778407904,0.7368420664819965,3.6315787562326967,30.4138126514911,3.3368238650446846,0.34731034028223534,10.980844324836518,1,0,0,0,0,0,439.16587513346525,2745.63550844313,0.7394551470000001,0,0,0,0,0,0.5467939144247919,101.352372058,499.522405143
22,55,16,23.7937153,68.03209183,6.516317561,49.73922097,lentil,93,0.3999999927272729,1.3749999140625053,3.4374997851562634,21.0,3.3838632485837015,1.2127714233352398,11.834808630039698,1,0,0,0,0,0,566.140887777454,2473.9901027024875,0.016317561000000147,0,0,0,0,0,0.0002662627969887258,143.358986342,358.397465855
24,61,17,22.6371424,65.44544859,6.233269045,38.30411077,lentil,102,0.39344261650094076,1.411764622837375,3.588235083044995,23.643180835073778,2.5068297121837,0.9112527263629073,8.670956100058635,1,0,0,0,0,0,512.4402160378777,1467.20490188043,0.2667309549999999,0,0,0,0,0,0.07114540235521197,149.59845708,380.229411745
2,79,15,21.53577883,65.47227704,7.505283615,35.75107592,lentil,96,0.025316455375741072,0.13333332444444504,5.266666315555579,41.2189276910499,2.3407043471123123,0.53026945970073,7.699272639476589,1,0,0,0,0,0,463.7897698146762,1278.1394294376037,1.0052836149999997,0,1,0,0,0,1.0105951465874676,15.01056723,592.917405585
26,63,17,29.87854588,65.73085206,6.950300686,44.95654782,lentil,106,0.41269840614764436,1.5294116747404896,3.7058821349481095,24.37895267096873,2.9550321938847355,3.3852935019379746,13.432362766462838,1,0,0,0,0,0,892.7275039032651,2021.0911918919464,0.4503006860000003,0,0,0,0,0,0.20277070781207085,180.707817836,437.868943218
27,61,15,25.2653291,67.10004577,6.958054839,48.33941188,lentil,103,0.4426229435635583,1.799999880000008,4.066666395555574,23.86070689089771,3.2435767496428816,1.732290863958871,12.213111496486498,1,0,0,0,0,0,638.3368545313067,2336.698740904285,0.4580548389999999,0,0,0,0,0,0.2098142355313158,187.867480653,424.441345179
24,70,16,25.17885316,68.93307305,6.54803469,35.03484812,lentil,110,0.34285713795918377,1.4999999062500058,4.374999726562517,29.143323992525858,2.4150597447516153,1.6089105280649663,8.821372962963821,1,0,0,0,0,0,633.974646452842,1227.4405827914675,0.04803468999999971,0,0,0,0,0,0.0023073314433960726,157.15283255999998,458.3624283
13,74,25,24.12192608,61.09533545,6.461618577,44.23629285,lentil,112,0.1756756733016801,0.5199999792000009,2.959999881600005,32.316146634976974,2.702631150735187,1.6036215144229653,10.670645861809327,1,0,0,0,0,0,581.8673178089842,1956.849605110961,0.03838142299999969,0,0,0,0,0,0.0014731336315049054,84.001041501,478.15977469800004
6,64,23,23.33565221,67.40460704,7.065264073,36.18678721,lentil,93,0.09374999853515628,0.2608695538752368,2.7826085746691924,29.816103031751148,2.439156171930148,1.0872689456284241,8.444422809298363,1,0,0,0,0,0,544.5526640660778,1309.4835685818196,0.5652640729999998,0,0,0,0,0,0.31952347222454913,42.391584437999995,452.176900672
12,58,23,21.74600081,63.39503184,6.765091462000001,50.43306085,lentil,93,0.20689654815695607,0.5217391077504736,2.5217390207939556,24.020824298928627,3.1972054983744074,0.6391230405738427,10.967173820948792,1,0,0,0,0,0,472.8885512285207,2543.4936266998025,0.2650914620000009,0,0,0,0,0,0.07027348322529792,81.18109754400001,392.375304796
32,79,22,27.60195453,63.46170674,5.91645379,54.37814199,lentil,133,0.40506328601185715,1.454545388429755,3.5909089276859576,30.43572462310259,3.45092970003546,2.777624439663255,15.00943002633864,1,0,0,0,0,0,761.8678938761875,2956.9823262846016,0.5835462099999997,1,0,0,0,0,0.34052617920536377,189.32652128,467.39984941
6,68,18,24.388717,62.50453062,6.711341147000001,47.26052494,lentil,92,0.08823529282006923,0.3333333148148158,3.777777567901246,32.88363321370272,2.9539969282295035,1.6455700389098546,11.52623568033102,1,0,0,0,0,0,594.809516906089,2233.5572176043624,0.21134114700000062,0,0,0,0,0,0.04466508041527587,40.26804688200001,456.37119799600003
10,79,20,24.98287462,66.895409,6.379881442,38.21370568,lentil,109,0.12658227687870535,0.4999999750000012,3.9499998025000096,37.28717384481336,2.5563214708692232,1.6495602629938042,9.546882177690218,1,0,0,0,0,0,624.1440242786401,1460.287301797664,0.12011855799999971,0,0,0,0,0,0.014428467975999294,63.79881442,504.010633918
38,77,22,28.234829,69.3159965,6.313284267999999,35.36831423,lentil,137,0.49350648709731837,1.727272648760334,3.4999998409090978,28.29016319029166,2.45158994537758,2.5267752185790155,9.986183043023168,1,0,0,0,0,0,797.2055686592411,1250.9176514720207,0.18671573200000058,0,0,0,0,0,0.03486276457629604,239.90480218399998,486.12288863599997
17,74,17,26.03026959,69.55863145,7.393210848,37.11395801,lentil,108,0.22972972662527397,0.999999941176474,4.352940920415239,32.90896534380867,2.581596126868365,1.835696590450474,9.660863325522397,1,0,0,0,0,0,677.5749349280787,1377.445879168043,0.8932108479999998,0,0,0,0,0,0.7978256189848788,125.68458441599999,547.097602752
26,68,24,28.04849594,64.07691942,7.504930973,37.15824966,lentil,118,0.3823529355536333,1.0833332881944462,2.8333332152777824,24.846193538112296,2.3809861692520626,2.8912676820042282,10.422330147260164,1,0,0,0,0,0,786.7181244961964,1380.7355177948903,1.0049309729999996,0,1,0,0,0,1.0098862604947259,195.12820529799998,510.335306164
23,75,17,24.87425505,64.00213929,7.198076286,48.28137482,lentil,115,0.30666666257777786,1.3529410968858178,4.411764446366797,31.895663237081827,3.090111276342339,1.75462754354914,12.009632314373277,1,0,0,0,0,0,618.7285642924504,2331.0911545093304,0.698076286,0,0,0,0,0,0.48731050107555385,165.555754578,539.85572145
32,78,22,23.97081395,62.35557553,7.007037515,53.40906048,lentil,132,0.4102564049967128,1.454545388429755,3.545454384297528,29.866369046136157,3.3303527047469785,1.4947900582519735,12.802586520103779,1,0,0,0,0,0,574.5999214255146,2852.527741356298,0.5070375150000004,0,0,0,0,0,0.2570870416173756,224.22520048,546.5489261700001
19,79,19,20.06003985,67.76252583,6.677262562,42.89509057,lentil,117,0.24050632606954017,0.9999999473684238,4.157894518005551,34.64101615137755,2.9066796827298145,0.019355331135456424,8.604772262035592,1,0,0,0,0,0,402.405198783588,1839.988795008503,0.17726256200000012,0,0,0,0,0,0.031422015886803885,126.867988678,527.503742398
22,60,18,19.59221047,61.28633405,6.74398035,41.7704893,lentil,100,0.3666666605555557,1.2222221543209915,3.3333331481481583,23.180451534284945,2.559960160671751,0.0,8.18376217800483,1,0,0,1,0,0,383.85471110077765,1744.7737763614145,0.24398035000000018,0,0,0,0,0,0.059526411186122584,148.3675677,404.638821
28,69,16,29.77013109,66.29327012,6.547361617999999,35.69674138,lentil,113,0.4057970955681581,1.7499998906250067,4.312499730468766,27.79088579612628,2.3664537187081214,3.2931916954281992,10.626966703684275,1,0,0,0,0,0,886.2607051157846,1274.2573451506041,0.04736161799999916,0,0,0,0,0,0.0022431228595778444,183.326125304,451.76795164199996
1,67,21,27.52135365,60.53657684,6.551577598,48.06491307,lentil,89,0.0149253729115616,0.04761904535147403,3.19047603854876,33.842773723992146,2.9096853033699754,2.968183618259604,13.22811470755977,1,0,0,0,0,0,757.4249067283682,2310.235868426657,0.051577597999999725,0,0,0,0,0,0.0026602486154495755,6.551577598,438.95569906599997
12,67,23,25.62896213,63.14909763,6.585020302999999,45.49683991,lentil,102,0.17910447493873918,0.5217391077504736,2.913043351606811,29.103264421710495,2.8730843853330703,2.074323338970573,11.660367870880627,1,0,0,0,0,0,656.8436998609742,2069.9624417961686,0.08502030299999941,0,0,0,0,0,0.007228451922211708,79.02024363599999,441.19636030099997
36,67,20,20.39078312,60.47528931,6.924042372000001,53.31508572,lentil,123,0.5373134248162176,1.7999999100000044,3.349999832500008,23.895606290697042,3.2242452335044494,0.15445589760535483,10.87136349940729,1,0,0,0,0,0,415.78403624687684,2842.4983653309478,0.4240423720000006,0,0,0,0,0,0.1798119332513869,249.26552539200003,463.910838924
28,70,21,25.39038396,60.4989659,7.437373666,39.18374505,lentil,119,0.39999999428571437,1.3333332698412728,3.333333174603182,26.501572280401277,2.3705760556142437,2.129257406160531,9.948903318102495,1,0,0,0,0,0,644.6715976362253,1535.3658761433994,0.937373666,0,0,0,0,0,0.8786693897102796,208.246462648,520.61615662
12,71,19,24.91079638,60.71367427,7.142611056000002,42.19740397,lentil,102,0.16901408212656224,0.6315789141274255,3.7368419085872677,32.2335229225724,2.561959439674185,1.9292714617838491,10.511709380612738,1,0,0,0,0,0,620.5477762858211,1780.620901807372,0.6426110560000016,0,0,0,0,0,0.41294896929343716,85.71133267200003,507.12538497600013
22,68,16,27.70496805,63.20915034,7.74672376,37.46160727,lentil,106,0.3235294070069205,1.3749999140625053,4.249999734375017,28.448784391135824,2.367916365907467,2.8347232116265344,10.378726325169978,1,0,0,0,0,0,767.5652546515208,1403.372019251717,1.24672376,0,1,0,0,0,1.5543201337485377,170.42792272,526.77721568
26,66,22,18.06486101,65.1034354,6.300479414,51.54922825,lentil,114,0.39393938797061534,1.181818128099176,2.99999986363637,24.331050121192877,3.3560318512937295,0.0,9.312296435090156,1,0,0,1,0,0,326.33920331061825,2657.322933170598,0.19952058600000022,0,0,0,0,0,0.03980846423778348,163.812464764,415.831641324
16,65,16,18.13027797,62.45851612,6.078724107,50.6128521,lentil,97,0.24615384236686397,0.9999999375000038,4.062499746093765,28.29016319029166,3.1612036387670255,0.0,9.176250774274983,1,0,0,1,0,0,328.70697926946735,2561.660797696474,0.4212758929999998,0,0,0,0,0,0.17747337802294727,97.259585712,395.11706695500004
14,59,22,23.82723528,67.89815262,6.76660668,46.90725077,lentil,95,0.23728813157138762,0.6363636074380178,2.6818180599173607,24.00694344004112,3.1849156717660727,1.2286132284591154,11.17670100434751,1,0,0,0,0,0,567.7371410884767,2200.2901747996652,0.26660667999999976,0,0,0,0,0,0.07107912182062227,94.73249351999999,399.22979412
33,59,19,23.19305333,62.74710773,7.641024177,49.55213308,lentil,111,0.5593220244182708,1.7368420138504201,3.105262994459842,20.29778313018444,3.109253032622057,1.189504717148548,11.492652651396973,1,0,0,0,0,0,537.9177227682242,2455.41389277803,1.1410241770000003,0,1,0,0,0,1.3019361724985279,252.153797841,450.82042644300003
21,63,17,25.08966129,68.17543102,6.559681838,41.45486619,lentil,101,0.3333333280423281,1.2352940449827032,3.7058821349481095,25.482019804821856,2.826203370379675,1.6197627680844073,10.400885515293727,1,0,0,0,0,0,629.4911036469244,1718.5059308308048,0.059681838000000376,0,0,0,0,0,0.0035619217870582888,137.75331859800002,413.259955794
0,69,21,25.86928193,61.88321072,7.072923306,36.68284038,lentil,90,0.0,0.0,3.285714129251708,35.369478367654786,2.270051941043665,2.237181825507217,9.489587397834084,1,0,0,0,0,0,669.2197475738245,1345.6307783445586,0.5729233059999999,0,0,0,0,0,0.32824111455796945,0.0,488.03170811399997
10,75,17,18.43966037,68.05394959,7.732194787999999,39.00992137,lentil,102,0.13333333155555557,0.588235259515573,4.411764446366797,35.679125549822544,2.654779222423844,0.0,7.19329701123205,1,0,0,1,0,0,340.0210745609485,1521.7739652935827,1.2321947879999993,0,1,0,0,0,1.5183039955743631,77.32194788,579.9146090999999
30,61,18,27.14911056,67.02664337,6.157782589,52.50812701,lentil,109,0.4918032706261759,1.6666665740740791,3.388888700617294,22.18858565419016,3.5194435031259346,2.3573017208217903,14.255489454930123,1,0,0,0,0,0,737.0742041991035,2757.103402098292,0.342217411,0,0,0,0,0,0.11711275639154294,184.73347767,375.624737929
0,74,17,23.33375853,64.50515776,7.240988401,47.01510708,lentil,91,0.0,0.0,4.352940920415239,38.75994496040124,3.032716899298693,1.1833123308860432,10.970391558668133,1,0,0,0,0,0,544.4642871363478,2210.4202937438663,0.7409884010000001,0,0,0,0,0,0.549063810416537,0.0,535.833141674
35,74,22,26.7230014,62.96841833,6.898905799,42.87274897,lentil,131,0.47297296658144644,1.5909090185950445,3.3636362107438083,27.061657993059725,2.6996291921000366,2.4896337541162437,11.456885307471588,1,0,0,0,0,0,714.118803824402,1838.0726042446363,0.39890579899999956,0,0,0,0,0,0.15912583647582806,241.46170296499997,510.51902912599996
7,63,24,19.55750776,64.45268309,6.818681086000002,53.04669416,lentil,94,0.11111110934744271,0.2916666545138894,2.6249998906250043,28.711205710198474,3.4190017676666336,0.0,10.374611326765466,1,0,0,1,0,0,382.4961097824602,2813.951761304578,0.31868108600000156,0,0,0,0,0,0.10155763457414038,47.730767602000014,429.5769084180001
9,56,17,26.13708256,66.7729209,6.261937875,46.48280681,lentil,82,0.16071428284438782,0.5294117335640156,3.2941174532872086,25.146238950056397,3.1037927823341116,2.0391732766435045,12.149249592135002,1,0,0,0,0,0,683.1470847482561,2160.651328935782,0.2380621249999999,0,0,0,0,0,0.05667357535951558,56.357440875,350.668521
14,74,15,27.99990346,65.57653373,6.493036868,49.94043064,lentil,103,0.18918918663257855,0.9333332711111153,4.933333004444466,34.35597958628648,3.2749203343546855,2.753844069185663,13.983272366708261,1,0,0,0,0,0,783.9945937693199,2494.046612508651,0.006963132000000094,0,0,0,0,0,4.848520724942531e-05,90.902516152,480.484728232
14,76,20,29.05941162,62.10652364,7.042474679,36.5011366,lentil,110,0.1842105238919668,0.6999999650000017,3.7999998100000094,34.19551627528576,2.2669587031347693,3.4329260005797924,10.607015530572474,1,0,0,0,0,0,844.449403700591,1332.3329730918597,0.5424746789999997,0,0,0,0,0,0.2942787773561527,98.59464550599999,535.228075604
36,65,16,25.71269843,64.1123333,7.692013657,50.17067771,lentil,117,0.553846145325444,2.249999859375009,4.062499746093765,24.63736998950984,3.216559211230401,2.0501541721345324,12.900235059859531,1,0,0,0,0,0,661.1428605521245,2517.096901880691,1.1920136570000004,0,1,0,0,0,1.4208965584745146,276.912491652,499.98088770500004
28,67,21,21.79792649,63.73086065,6.250994222999999,46.62370222,lentil,116,0.41791044152372475,1.3333332698412728,3.19047603854876,24.78574859336174,2.9713686691699155,0.6520924640686633,10.163000336832097,1,0,0,0,0,0,475.14959926344363,2173.769608699233,0.2490057770000007,0,0,0,0,0,0.06200387697937408,175.02783824399998,418.81661294099996
28,79,16,24.70626432,60.26854183,6.0521848810000005,53.12442925,lentil,123,0.354430375260375,1.7499998906250067,4.937499691406269,33.45145736735546,3.2017318864485,1.869867439670435,13.125061908996393,1,0,0,0,0,0,610.399496649705,2822.2049831382556,0.4478151189999995,0,0,0,0,0,0.2005383808049837,169.461176668,478.12260559900005
40,61,22,20.94981756,65.8108757,7.002216044,44.23913012,lentil,123,0.6557376941682346,1.8181817355371936,2.7727271466942205,19.519221295943137,2.9114158934034458,0.32473430621162697,9.268017050271009,1,0,0,0,0,0,438.8948557972843,1957.100633774291,0.5022160439999999,0,0,0,0,0,0.2522209548510098,280.08864176,427.135178684
10,70,19,24.84918386,68.98088448,7.272427638,41.61080544,lentil,99,0.14285714081632656,0.5263157617728547,3.6842103324099824,32.357379374726875,2.8703501631763957,1.5041739433105952,10.339945549412482,1,0,0,0,0,0,617.4819385080845,1731.4591293655335,0.7724276379999999,0,0,0,0,0,0.5966444559462589,72.72427637999999,509.06993466
12,80,19,21.91041045,65.21662467,5.962001484,36.10211371,lentil,111,0.14999999812500003,0.6315789141274255,4.210526094182837,37.403208418530085,2.3544579996187314,0.6645052371670421,7.910121294986722,1,0,0,0,0,0,480.0660860874692,1303.3626143297697,0.537998516,1,0,0,0,0,0.2894424032182023,71.544017808,476.96011871999997
37,77,20,25.93381964,68.70533022,7.080506001,51.02372773,lentil,134,0.4805194742789679,1.8499999075000044,3.8499998075000095,29.26317367158479,3.505602062745021,1.856969261678785,13.232401523102865,1,0,0,0,0,0,672.5630011200496,2603.4207914651706,0.5805060009999998,0,0,0,0,0,0.3369872171970118,261.978722037,545.198962077
0,67,22,29.82112112,69.4073209,6.5937983870000005,51.56461082,lentil,89,0.0,0.0,3.0454544070247995,34.151622704248375,3.578961490267352,3.0045440682639257,15.377145047688826,1,0,0,0,0,0,889.2992648537102,2658.909089018061,0.09379838700000054,0,0,0,0,0,0.00879813740380187,0.0,441.784491929
7,73,25,27.52185591,63.13215259,7.28805662,45.20841071,lentil,105,0.09589040964533686,0.27999998880000043,2.9199998832000045,34.11744421846396,2.8541042832951105,2.7731463592988668,12.442193654807209,1,0,0,0,0,0,757.4525527308019,2043.8003989240428,0.7880566199999999,0,0,0,0,0,0.6210332363258242,51.01639634,532.02813326
10,56,18,27.99627907,68.6428593,7.32710972,46.10585191,lentil,84,0.17857142538265314,0.5555555246913597,3.1111109382716142,24.576411454889016,3.164837505564766,2.5074044787445517,12.907922968324524,1,0,0,0,0,0,783.79164176532,2125.7495803468505,0.8271097200000002,0,0,0,0,0,0.6841104889184787,73.2710972,410.31814432
39,70,15,20.76774783,63.90164154,6.366355781,47.9271552,lentil,124,0.5571428491836736,2.599999826666678,4.666666355555576,27.574142476844738,3.062623891622347,0.27714436374227186,9.953390734028734,1,0,0,0,0,0,431.29934993046976,2297.012205564887,0.1336442189999998,0,0,0,0,0,0.017860777272119904,248.28787545900002,445.64490467
26,56,22,23.05276444,60.424786,7.011121216,52.60285259,lentil,104,0.4642857059948981,1.181818128099176,2.545454429752071,18.583146486355137,3.1785161107402957,1.208138060045902,12.12641169629314,1,0,0,0,0,0,531.4299483261285,2767.0601006052693,0.5111212160000003,0,0,0,0,0,0.2612448974453189,182.289151616,392.622788096
9,77,17,21.65845777,63.58337146,6.280725549,38.07659414,lentil,103,0.11688311536515435,0.5294117335640156,4.529411498269911,37.16629297271027,2.4210382291352794,0.6039544055936669,8.246803062066194,1,0,0,0,0,0,469.0887929748733,1449.8270213022822,0.21927445100000043,0,0,0,0,0,0.04808128486135159,56.52652994099999,483.615867273
4,59,19,26.25070298,67.62779652,7.621494566,40.8106299,lentil,82,0.06779660902039646,0.21052630470914185,3.105262994459842,28.431203515386635,2.759932974730228,2.0234902876160232,10.713077239316071,1,0,0,0,0,0,689.0994069441808,1665.5075128347742,1.121494566,0,1,0,0,0,1.2577500615675283,30.485978264,449.668179394
34,73,15,20.97195263,63.83179889,7.630424082999999,53.10207889,lentil,122,0.46575341827735045,2.2666665155555656,4.866666342222244,29.56912804486012,3.389601220347395,0.35153778191233437,11.13654283035603,1,0,0,0,0,0,439.8227971149639,2819.830782439784,1.1304240829999994,0,1,0,0,0,1.2778586074263896,259.434418822,557.020958059
33,77,15,23.89736406,66.32102048,7.802212437,40.74536757,lentil,125,0.42857142300556594,2.199999853333343,5.133332991111134,31.895663237081827,2.7022743570750976,1.312592443587241,9.737068825788077,1,0,0,0,0,0,571.0840090161797,1660.1849784144076,1.3022124369999997,0,1,0,0,0,1.695757231077478,257.47301042099997,600.770357649
2,24,38,24.55981624,91.63536236,5.922935513,111.9684622,pomegranate,64,0.08333332986111125,0.05263157756232691,0.6315789307479229,18.147543451754935,10.260270606588964,0.3814121055258727,27.499248563073863,1,0,0,0,0,0,603.1845737425677,12536.93652743283,0.5770644870000003,1,0,0,0,0,0.3330034221565736,11.845871026,142.150452312
6,18,37,19.65690085,89.93701023,5.937649577999999,108.0458926,pomegranate,61,0.3333333148148158,0.16216215777940116,0.48648647333820344,15.631165450257805,9.717324548075682,0.0,21.238473980879483,1,0,0,1,0,0,386.3937510267307,11673.914907730736,0.5623504220000006,1,0,0,0,0,0.3162379971235788,35.625897468,106.87769240399999
8,26,36,18.78359608,87.4024767,6.804781106,102.5184759,pomegranate,70,0.30769229585798863,0.22222221604938291,0.7222222021604945,14.189197769195175,8.96036870116926,0.0,19.256656420428143,1,0,0,1,0,0,352.82348169659133,10510.03790085888,0.3047811060000001,0,0,0,0,0,0.09289152257458329,54.438248848,176.92430875600002
37,18,39,24.1469628,94.5110662,6.424670614,110.2316633,pomegranate,94,2.055555441358031,0.9487179243918481,0.4615384497041424,11.590225767142472,10.41811202748241,0.22762404280262635,26.61759873087225,1,0,0,0,0,0,583.0758124645839,12151.019593884566,0.07532938599999994,0,0,0,0,0,0.0056745163951369875,237.712812718,115.644071052
0,27,38,22.44581266,89.90147027,6.7380162210000005,109.3905998,pomegranate,65,0.0,0.0,0.7105262970914132,19.553345834749955,9.834375755737168,0.24699111861020384,24.55360909875834,1,0,0,0,0,0,503.81450596781633,11966.303324603761,0.23801622100000053,0,0,0,0,0,0.05665172145912109,0.0,181.92643796700003
31,25,38,24.96273236,92.40501423,6.4973666770000005,109.4169192,pomegranate,94,1.2399999504000019,0.8157894522160671,0.6578947195290864,6.506407098647712,10.11067197567876,0.3769188165451849,27.31345269645345,1,0,0,0,0,0,623.1380068769912,11972.062207219327,0.002633322999999521,0,0,0,0,0,6.934390022326478e-06,201.418366987,162.434166925
21,21,38,22.5526059,89.32594859999998,6.327673765,104.8955643,pomegranate,80,0.9999999523809546,0.5526315644044325,0.5526315644044325,9.814954576223638,9.369895785029792,0.2724664658054332,23.656683223160094,1,0,0,0,0,0,508.6200328807148,11003.079409815435,0.17232623499999988,0,0,0,0,0,0.029696331269275185,132.881149065,132.881149065
6,30,40,22.77035608,91.45498527,6.36137446,106.9659201,pomegranate,76,0.19999999333333354,0.1499999962500001,0.7499999812500006,17.473789896108208,9.782566647137497,0.23672733510945065,24.35652089101829,1,0,0,0,0,0,518.4891160099929,11441.708062839585,0.1386255399999996,0,0,0,0,0,0.01921704034029149,38.16824676,190.8412338
25,27,41,19.20090378,94.27659596,6.9235093710000015,108.0423555,pomegranate,93,0.9259258916323744,0.609756082688876,0.6585365693039862,8.717797887081348,10.185865496040183,0.0,20.74510872120054,1,0,0,1,0,0,368.67470596881833,11673.15058198838,0.4235093710000015,0,0,0,0,0,0.17936018732481693,173.08773427500003,186.93475301700005
15,11,38,23.12808226,92.68328358,6.630646082999999,109.3930157,pomegranate,64,1.3636362396694328,0.39473683171745183,0.289473676592798,14.571661996262929,10.138903895794492,0.22887290834852725,25.300506657790717,1,0,0,0,0,0,534.9081890253267,11966.831883940447,0.13064608299999936,0,0,0,0,0,0.01706839900324272,99.45969124499999,72.937106913
14,5,36,24.92639065,85.19098079,5.832525853,104.7693804,pomegranate,55,2.799999440000112,0.3888888780864201,0.1388888850308643,15.947831618540913,8.925406273036602,0.7295501377181438,26.115225040088532,1,0,0,0,0,0,621.3249508364073,10976.623069399904,0.6674741470000001,1,0,0,0,0,0.4455217369133777,81.655361942,29.162629265
16,10,41,24.77464458,85.63608688,6.738993954,105.7595811,pomegranate,67,1.5999998400000162,0.3902438929208807,0.24390243307555043,16.441816606851365,9.056836675472006,0.6858257992599893,26.201560326821856,1,0,0,0,0,0,613.7830140653234,11185.088994447478,0.23899395399999968,0,0,0,0,0,0.05711811004855396,107.823903264,67.38993954
36,7,37,19.8671184,86.35590206,5.782435567,108.3168858,pomegranate,80,5.14285640816337,0.9729729466764069,0.18918918407596802,17.03917055884274,9.353802381589004,0.0,21.519443949078788,1,0,0,1,0,0,394.7023935196185,11732.54774941024,0.7175644329999997,1,0,0,0,0,0.514898715506611,208.167680412,40.477048969
4,20,41,24.26601316,93.7974061,6.537042717,104.5375109,pomegranate,65,0.1999999900000005,0.09756097323022017,0.48780486615110086,18.556220879622373,9.805347362570478,0.26460347203535706,25.367086152130437,1,0,0,0,0,0,588.8393946812931,10928.09118516762,0.03704271700000028,0,0,0,0,0,0.0013721628827421098,26.148170868,130.74085434
29,22,40,23.62600218,89.73266695,6.145104401,107.6836871,pomegranate,91,1.3181817582644655,0.7249999818750005,0.5499999862500004,9.073771725877467,9.66274443049231,0.37229372022086066,25.44135026175038,1,0,0,0,0,0,558.1879790093648,11595.776467450707,0.3548955989999998,0,0,0,0,0,0.12595088618956865,178.20802762900001,135.192296822
16,15,42,19.67832052,89.08935702,6.890784045,108.5468633,pomegranate,73,1.0666665955555603,0.3809523718820864,0.357142848639456,15.307950004273378,9.670370257934835,0.0,21.360199674580247,1,0,0,1,0,0,387.23629848785305,11782.421532268887,0.3907840450000002,0,0,0,0,0,0.15271216982656216,110.25254472,103.361760675
18,27,41,22.36509395,92.30882391,7.175344328,104.8216333,pomegranate,86,0.6666666419753096,0.43902437953599077,0.6585365693039862,11.590225767142474,9.675961690248291,0.1819035403884364,23.443456767469485,1,0,0,0,0,0,500.1974273923265,10987.57480767967,0.6753443280000004,0,0,0,0,0,0.45608996136177216,129.156197904,193.73429685600001
11,18,42,21.57936934,94.88267728,5.938528744,102.8593382,pomegranate,71,0.6111110771604957,0.2619047556689344,0.4285714183673472,16.258331197676267,9.759569391664977,0.0808214260685341,22.196396490857705,1,0,0,0,0,0,465.66918111213204,10580.043454941979,0.5614712559999999,1,0,0,0,0,0.31524997131421745,65.323816184,106.893517392
5,15,38,18.26233221,88.16779129,5.709380472,108.0756727,pomegranate,58,0.3333333111111126,0.13157894390581729,0.39473683171745183,16.921386861996076,9.528793354139951,0.0,19.737138386666278,1,0,0,1,0,0,333.5127777484035,11680.351029557525,0.7906195279999997,1,0,0,0,0,0.6250792380549423,28.54690236,85.64070708
18,23,44,23.71028128,89.61794165,6.184400085,105.64999070000002,pomegranate,85,0.7826086616257103,0.40909089979338864,0.5227272608471077,13.796134724383252,9.468134701875645,0.3852035674387267,25.049909967263847,1,0,0,0,0,0,562.1774383767184,11161.92053491009,0.31559991499999995,0,0,0,0,0,0.0996033063480072,111.31920153,142.241201955
9,8,40,22.48720144,89.9224883,6.553509673,111.6631582,pomegranate,57,1.1249998593750177,0.22499999437500015,0.19999999500000012,18.193405398660254,10.041029036780548,0.2506480161185685,25.109919318699877,1,0,0,0,0,0,505.6742286031381,12468.660899198227,0.05350967299999976,0,0,0,0,0,0.002863285104566903,58.981587057,52.428077384
40,27,45,21.66024980000001,94.79397419,5.885638185,112.4349689,pomegranate,112,1.481481426611799,0.888888869135803,0.599999986666667,9.29157324317757,10.658157539960053,0.08643303309847389,24.353695126292322,1,0,0,0,0,0,469.1664213984005,12641.622231543968,0.6143618149999996,1,0,0,0,0,0.3774404397300938,235.42552740000002,158.91223099500002
22,23,44,20.13037175,89.31505137,6.1438746910000015,107.3416913,pomegranate,89,0.9565216975425348,0.4999999886363639,0.5227272608471077,12.423096769056148,9.587228672602183,0.013930154515531841,21.608281501427406,1,0,0,0,0,0,405.231866793198,11522.238691144494,0.3561253089999985,0,0,0,0,0,0.1268252357103444,135.16524320200003,141.30911789300004
9,16,39,18.41164435,91.11927248,6.101198974,105.1834976,pomegranate,64,0.5624999648437522,0.2307692248520712,0.41025639973701544,15.69500982265807,9.584243778213827,0.0,19.366011493002784,1,0,0,1,0,0,338.9886476708869,11063.568167369205,0.3988010260000001,0,0,0,0,0,0.15904225833865276,54.910790766,97.619183584
12,29,40,19.68291173,89.75272999,6.594037135,111.2818551,pomegranate,81,0.41379308917954866,0.2999999925000002,0.7249999818750005,14.106735979665885,9.987850293576605,0.0,21.903509310839503,1,0,0,1,0,0,387.41701417097164,12383.651274497397,0.09403713499999977,0,0,0,0,0,0.008842982759008182,79.12844562,191.227076915
0,17,42,23.20242586,91.19442671,6.8598408210000015,109.0946323,pomegranate,59,0.0,0.0,0.40476189512471683,21.1266025033211,9.948822449736749,0.2819919561602129,25.312601176647114,1,0,0,0,0,0,538.3525657887968,11901.638796672203,0.3598408210000015,0,0,0,0,0,0.1294854164579551,0.0,116.61729395700003
2,21,44,18.92157197,87.31290342,6.56893406,102.8013275,pomegranate,67,0.09523809070294806,0.04545454442148763,0.47727271642562014,21.031722072463143,8.97588237945529,0.0,19.4516271690279,1,0,0,1,0,0,358.02588581588964,10568.112935762256,0.06893406000000013,0,0,0,0,0,0.004751904628083618,13.13786812,137.94761526
28,6,40,22.10621387,91.34039616,6.769855664,106.8704803,pomegranate,74,4.6666658888890185,0.6999999825000005,0.1499999962500001,17.243356208503418,9.761592008411474,0.18238977716513274,23.625016939014216,1,0,0,0,0,0,488.6846916661804,11421.299559552688,0.2698556639999996,0,0,0,0,0,0.07282207939288068,189.555958592,40.619133984
8,23,44,18.47412402,89.68919664,7.130837931,108.4758509,pomegranate,75,0.34782607183364905,0.18181817768595052,0.5227272608471077,18.083141320025124,9.729111922061422,0.0,20.039963227016287,1,0,0,1,0,0,341.293258306341,11767.01022847903,0.6308379310000003,0,0,0,0,0,0.3979564951883611,57.046703448,164.00927241300002
29,16,36,19.81069447,88.92944254,5.7403380020000006,102.860084,pomegranate,81,1.812499886718757,0.8055555331790131,0.44444443209876583,10.14889156509222,9.147289929737573,0.0,20.377296972825356,1,0,0,1,0,0,392.46361538368865,10580.196880487056,0.7596619979999994,1,0,0,0,0,0.5770863512053511,166.46980205800003,91.84540803200001
17,18,43,24.4880844,90.83687246,5.843005428,103.1969341,pomegranate,78,0.9444443919753115,0.39534882801514354,0.4186046414277991,14.730919862656235,9.374086741104724,0.4112488976748441,25.27095232062038,1,0,0,0,0,0,599.6662775815234,10649.607207639741,0.6569945720000003,1,0,0,0,0,0.4316418676374636,99.33109227599999,105.17409770399999
34,21,42,18.75927679,89.93457597,6.648687273999999,111.0196744,pomegranate,97,1.619047541950117,0.8095237902494337,0.49999998809523843,10.598742063723098,9.984507341491463,0.0,20.826488012052774,1,0,0,1,0,0,351.91046568383274,12325.368103882016,0.14868727399999937,0,0,0,0,0,0.02210790544955089,226.05536731599997,139.622432754
21,23,42,19.54128063,90.29751796,6.902751061,104.3739878,pomegranate,86,0.9130434385633287,0.49999998809523843,0.5476190345804992,11.590225767142472,9.42471203792732,0.0,20.39601386071996,1,0,0,1,0,0,381.86164866041315,10893.929329274548,0.402751061,0,0,0,0,0,0.16220841713662573,144.957772281,158.763274403
25,17,40,18.91251245,87.74938524,6.608023872,111.28005159999998,pomegranate,82,1.4705881487889323,0.6249999843750005,0.4249999893750003,11.67618659209133,9.764756117375477,0.0,21.045853613216423,1,0,0,1,0,0,357.68312717140503,12383.249884098657,0.10802387200000041,0,0,0,0,0,0.011669156921872472,165.2005968,112.33640582400001
8,25,36,19.91330523,94.95031368,6.828522375,104.0277061,pomegranate,69,0.3199999872000005,0.22222221604938291,0.6944444251543216,14.106735979665885,9.87746332560585,0.0,20.71535463946033,1,0,0,1,0,0,396.5397251831453,10821.763636427977,0.32852237500000037,0,0,0,0,0,0.10792695087564086,54.628179,170.713059375
26,18,42,19.72620525,89.64934166,6.910374919,108.22872759999998,pomegranate,86,1.4444443641975353,0.6190476043083905,0.4285714183673472,12.220201853215572,9.702634178039471,0.0,21.349420945839398,1,0,0,1,0,0,389.12317356512756,11713.457477914999,0.41037491899999967,0,0,0,0,0,0.16840757414425628,179.66974789399998,124.38674854199999
4,19,42,23.83185873,87.84034604,6.306605528,111.2232716,pomegranate,65,0.21052630470914185,0.0952380929705216,0.4523809416099776,19.139836293274126,9.769890665044905,0.46594076180405075,26.50657296259621,1,0,0,0,0,0,567.9574905266772,12370.616145407368,0.1933944719999996,0,0,0,0,0,0.037401421800158624,25.226422112,119.82550503200001
36,24,41,24.94467632,94.25702672,7.009180374,103.8799347,pomegranate,101,1.4999999375000026,0.8780487590719815,0.585365839381321,8.736894948054106,9.791413780689757,0.2839714398400873,25.912513472342365,1,0,0,0,0,0,622.2368767095687,10791.040833276265,0.5091803739999996,0,0,0,0,0,0.2592646532667795,252.33049346399997,168.220328976
5,24,40,24.692258,93.87030088,6.297907578999999,104.6735454,pomegranate,69,0.20833332465277812,0.12499999687500009,0.5999999850000004,17.52141546793523,9.825737200874341,0.28762129733412944,25.84626188791513,1,0,0,0,0,0,609.707605138564,10956.55110660586,0.20209242100000058,0,0,0,0,0,0.04084134662564148,31.489537894999998,151.14978189599998
19,17,39,24.72485577,85.56083187,6.728599215,111.2787584,pomegranate,75,1.1176469930795885,0.4871794746877058,0.4358974247205789,12.165525060596439,9.521103138164749,0.6822298685303062,27.51351251704676,1,0,0,0,0,0,611.3184928473023,12382.962071045571,0.22859921500000002,0,0,0,0,0,0.052257601098616234,127.843385085,114.386186655
39,30,38,20.12644921,87.59629625,6.965156737999999,108.065579,pomegranate,107,1.299999956666668,1.0263157624653747,0.7894736634349037,4.932882862316248,9.466144472511779,0.01568438540261545,21.749763870927428,1,0,0,0,0,0,405.07395780270963,11678.16936460524,0.46515673799999924,0,0,0,0,0,0.21637079090679992,271.641112782,208.95470213999997
5,29,44,21.02432943,93.0569505,5.578095745,104.7847006,pomegranate,78,0.17241378715814526,0.11363636105371908,0.6590908941115706,19.672315572906,9.75094469689152,0.07111969936796797,22.030280646383186,1,0,0,0,0,0,442.0224279811642,10979.83347983164,0.9219042550000003,1,0,0,0,0,0.8499074553871055,27.890478724999998,161.76477660499998
4,24,43,22.40423537,88.1508343,7.199504273,109.8695196,pomegranate,71,0.1666666597222225,0.09302325365062201,0.5581395219037321,19.5021366350801,9.685089816880204,0.2848818328093079,24.61542577107228,1,0,0,0,0,0,501.94976251435895,12071.311337134784,0.6995042729999996,0,0,0,0,0,0.489306227945258,28.798017092,172.788102552
38,21,35,20.33691147,89.38003827,5.841367187,110.9653137,pomegranate,94,1.809523723356013,1.0857142546938785,0.5999999828571434,9.073771725877467,9.918083985148554,0.035779869177980476,22.56691760957678,1,0,0,0,0,0,413.58996813861756,12313.300844539406,0.6586328129999997,1,0,0,0,0,0.4337971823602925,221.971953106,122.668710927
37,11,36,24.24779615,85.56033312,6.710143266,106.9216033,pomegranate,84,3.363636057851268,1.027777749228396,0.3055555470679015,14.730919862656235,9.14824799607249,0.6133676138014652,25.926132408495672,1,0,0,0,0,0,587.9556181319548,11432.22925224257,0.21014326600000022,0,0,0,0,0,0.04416019224514685,248.275300842,73.811575926
9,25,41,24.81530144,91.90842992,5.972714857000001,109.2853418,pomegranate,75,0.35999998560000057,0.21951218976799539,0.609756082688876,16.0,10.044244178108547,0.38963349058084895,27.11948699740432,1,0,0,0,0,0,615.799185558066,11943.285932342827,0.5272851429999994,1,0,0,0,0,0.2780296220285298,53.754433713000005,149.31787142500002
29,22,43,19.66329768,87.95158129,5.561851831,106.0380805,pomegranate,94,1.3181817582644655,0.6744185889670096,0.5116278950784211,10.692676621563628,9.326216856931314,0.0,20.850583422873033,1,0,0,1,0,0,386.6452756522934,11244.074516124481,0.9381481689999998,1,0,0,0,0,0.8801219869980521,161.293703099,122.36074028200001
5,21,38,22.43377991,90.3396556,6.107054807999999,112.459697,pomegranate,64,0.23809522675737013,0.13157894390581729,0.5526315644044325,16.502525059315417,10.159570295860354,0.23511152124400986,25.22896091243287,1,0,0,0,0,0,503.27448105031954,12647.183449331811,0.3929451920000009,0,0,0,0,0,0.15440592391591756,30.535274039999997,128.24815096799998
22,26,38,22.92052307,85.12912161,6.988035315,110.2437841,pomegranate,86,0.8461538136094686,0.578947353185596,0.6842105083102499,8.32666399786453,9.384956503395484,0.43430743409159484,25.268451967881493,1,0,0,0,0,0,525.3503778024022,12153.691932687412,0.4880353150000003,0,0,0,0,0,0.2381784686871495,153.73677693000002,181.68891819
4,18,37,22.91843172,85.40695044,7.13147457,106.2817706,pomegranate,59,0.2222222098765439,0.10810810518626743,0.48648647333820344,16.563010998406458,9.077201914309649,0.4258881872743605,24.358115025768033,1,0,0,0,0,0,525.2545125043022,11295.814761871025,0.63147457,0,0,0,0,0,0.39876013255668485,28.52589828,128.36654226
21,6,41,24.88244467,89.39686219,7.086947687,107.1951707,pomegranate,68,3.4999994166667636,0.5121951094586559,0.14634145984533026,17.559422921421234,9.582911902501426,0.5176923368571003,26.672779038339556,1,0,0,0,0,0,619.1360527556114,11490.80462140214,0.5869476870000003,0,0,0,0,0,0.34450758727465036,148.82590142700002,42.521686122000006
29,21,45,23.40981539,93.13277,6.749260456,105.2240743,pomegranate,95,1.3809523151927467,0.6444444301234571,0.46666665629629656,12.220201853215572,9.79980951024481,0.23415986540669714,24.632761539466433,1,0,0,0,0,0,548.0194565938808,11072.10581229192,0.24926045600000002,0,0,0,0,0,0.062130774925327946,195.728553224,141.734469576
23,5,44,21.20725375,94.26304717,7.16300467,107.5660804,pomegranate,72,4.599999080000184,0.5227272608471077,0.11363636105371908,19.519221295943137,10.139506510637212,0.06925957817590618,22.811811619357016,1,0,0,0,0,0,449.74761161688906,11570.461652619266,0.6630046700000003,0,0,0,0,0,0.4395751924418093,164.74910741,35.815023350000004
13,7,43,18.20230419,91.12282162,7.013481515,109.66239740000002,pomegranate,63,1.8571425918367725,0.30232557436452157,0.16279069388858852,19.28730152198591,9.992747076701754,0.0,19.961083156794654,1,0,0,1,0,0,331.32387782529156,12025.841403515531,0.5134815149999996,0,0,0,0,0,0.26366326624669484,91.175259695,49.094370604999995
5,13,37,22.34375696,89.7870345,5.648243648999999,103.3183074,pomegranate,55,0.3846153550295881,0.1351351314828343,0.35135134185536915,16.653327995729065,9.276644431005405,0.23936708972864873,23.085191500641695,1,0,0,0,0,0,499.24347508754846,10674.672644000893,0.8517563510000006,1,0,0,0,0,0.7254888814688362,28.241218245,73.427167437
27,24,41,24.32770134,90.88292835,6.610251186,110.4606459,pomegranate,92,1.124999953125002,0.6585365693039862,0.585365839381321,9.073771725877467,10.038986966824421,0.3945596319658102,26.872536032786957,1,0,0,0,0,0,591.8370524882379,12201.554292645187,0.11025118600000017,0,0,0,0,0,0.012155324014406632,178.476782022,158.646028464
7,23,35,19.75088482,88.71691157,7.054313822999999,102.5538035,pomegranate,65,0.3043478128544429,0.19999999428571447,0.6571428383673475,14.047538337136984,9.098256716276655,0.0,20.25528360781413,1,0,0,1,0,0,390.0974511729064,10517.282612316612,0.5543138229999993,0,0,0,0,0,0.30726381436887457,49.38019676099999,162.249217929
12,20,39,19.86173586,86.19740917,6.026999326,111.0217929,pomegranate,71,0.5999999700000015,0.3076922998027616,0.5128204996712693,13.868429375143148,9.569790909388301,0.0,22.050855252834232,1,0,0,1,0,0,394.4885513724099,12325.838498730489,0.4730006739999997,0,0,0,0,0,0.22372963760445397,72.323991912,120.53998652000001
4,19,43,18.07132963,93.14554876,5.7794274020000005,106.3602023,pomegranate,66,0.21052630470914185,0.09302325365062201,0.44186045484045455,19.672315572906,9.906979409458113,0.0,19.220702752767842,1,0,0,1,0,0,326.57295459611595,11312.492633296924,0.7205725979999995,1,0,0,0,0,0.5192248689884689,23.117709608000002,109.80912063800001
3,9,45,23.89162561,89.61850203,6.535244251,104.617522,pomegranate,57,0.33333329629630043,0.06666666518518523,0.19999999555555567,22.715633383201094,9.37566560773057,0.4040090337021499,24.994826678699383,1,0,0,0,0,0,570.8097742884078,10944.825909420482,0.03524425099999995,0,0,0,0,0,0.0012421572285509974,19.605732752999998,58.817198259
1,27,36,23.98598756,93.34236582,5.684995235,104.991282,pomegranate,64,0.037037035665294975,0.027777777006172864,0.7499999791666673,18.175074506954115,9.80013465235478,0.26537247020510824,25.18319583960452,1,0,0,0,0,0,575.3275992284748,11023.169296003523,0.8150047650000003,1,0,0,0,0,0.6642327669727057,5.684995235,153.49487134499998
23,30,44,20.93892916,85.42912869,6.12476108,103.0295938,pomegranate,97,0.7666666411111119,0.5227272608471077,0.6818181663223144,10.692676621563628,8.801728427618626,0.13681015959566412,21.573293659617754,1,0,0,0,0,0,438.43875436749835,10615.097198593,0.37523892000000014,0,0,0,0,0,0.1408042470827665,140.86950484,183.7428324
24,21,42,20.82210727,87.22815682,6.999014379,109.4429934,pomegranate,87,1.1428570884353766,0.5714285578231296,0.49999998809523843,11.357816691600547,9.546510591145426,0.10499825129577924,22.78833748524702,1,0,0,0,0,0,433.5601511633869,11977.768804352445,0.4990143790000001,0,0,0,0,0,0.24901535044875575,167.976345096,146.979301959
13,30,37,20.86474944,91.61793636,6.277148771,106.8685636,pomegranate,80,0.4333333188888894,0.35135134185536915,0.8108107888970058,12.342339054382412,9.791077258789413,0.07248384838734365,22.297858025267047,1,0,0,0,0,0,435.33776919398036,11420.889885927245,0.22285122899999976,0,0,0,0,0,0.04966267026681034,81.602934023,188.31446313
40,11,44,24.45840036,86.10874614,6.322396027000001,111.3779693,pomegranate,95,3.6363633057851543,0.9090908884297526,0.24999999431818196,18.009256878986797,9.590617284042413,0.619327712102754,27.24126964423189,1,0,0,0,0,0,598.2133481700481,12405.052045391743,0.1776039729999992,0,0,0,0,0,0.03154317122538444,252.89584108000003,69.546356297
21,9,40,24.51147697,90.64498715,5.956401828,105.6209954,pomegranate,70,2.333333074074103,0.5249999868750004,0.22499999437500015,15.631165450257805,9.574013770803209,0.42204925026829043,25.88926596295576,1,0,0,0,0,0,600.8125032508405,11155.79466928682,0.5435981720000003,1,0,0,0,0,0.29549897260174185,125.084438388,53.607616451999995
3,27,44,24.56811204,92.03009222,6.591302797000001,110.9633894,pomegranate,74,0.11111110699588492,0.06818181663223144,0.613636349690083,20.5993527406405,10.21197095952577,0.36407431687507663,27.261609831173484,1,0,0,0,0,0,603.5921292099929,12312.873787136032,0.09130279700000088,0,0,0,0,0,0.00833620074002337,19.773908391000003,177.965175519
40,29,42,24.63228709,89.01574455,7.104094929,110.6956184,pomegranate,111,1.379310297265162,0.952380929705216,0.6904761740362816,7.0,9.85365289029868,0.5088222471429715,27.266862520338865,1,0,0,0,0,0,606.7495672841806,12253.51993295842,0.6040949290000004,0,0,0,0,0,0.3649306832435155,284.16379716,206.018752941
14,25,40,20.07386547,90.97819712,6.407872061,103.7084055,pomegranate,79,0.5599999776000009,0.34999999125000025,0.6249999843750005,13.051181300301261,9.435203758579892,0.006663997099785642,20.818285801152083,1,0,0,0,0,0,402.9600749076584,10755.43337135243,0.09212793900000005,0,0,0,0,0,0.008487557144387729,89.710208854,160.196801525
38,14,37,21.80523051,94.63612858,6.658402594,102.6488846,pomegranate,89,2.7142855204081773,1.0270269992695407,0.37837836815193604,13.576941236277534,9.714293041599182,0.09683024339101022,22.38282590297389,1,0,0,0,0,0,475.4680775942349,10536.793509624118,0.158402594,0,0,0,0,0,0.02509138178592884,253.019298572,93.217636316
34,9,36,22.8122645,86.34233767,6.276038961,110.4432293,pomegranate,79,3.7777773580247382,0.9444444182098773,0.24999999305555576,15.044378795195676,9.535926597585838,0.3840895892364628,25.1946015902575,1,0,0,0,0,0,520.3994116179603,12197.706898212378,0.22396103899999975,0,0,0,0,0,0.05015854698995941,213.385324674,56.484350649
32,14,37,22.73031253,88.48567856,6.825256236,104.6843243,pomegranate,83,2.2857141224489914,0.8648648414901394,0.37837836815193604,12.096831541082702,9.263063470280596,0.31437696102079643,23.795074083308734,1,0,0,0,0,0,516.667107711475,10958.80775414757,0.3252562360000004,0,0,0,0,0,0.10579161905688797,218.408199552,95.553587304
18,21,35,23.2801227,94.94330457,6.368560522,111.1382096,pomegranate,74,0.8571428163265326,0.5142856995918372,0.5999999828571434,9.073771725877467,10.551828883417297,0.16586581466929273,25.87311156146318,1,0,0,0,0,0,541.9641129270552,12351.701633093531,0.1314394779999999,0,0,0,0,0,0.017276336376912456,114.63408939600001,133.739770962
8,23,38,19.30106297,87.1775172,7.005410734,105.4766591,pomegranate,69,0.34782607183364905,0.21052631024930765,0.6052631419667595,15.0,9.195193262888786,0.0,20.358116391543238,1,0,0,1,0,0,372.53103177190525,11125.325614897614,0.5054107339999998,0,0,0,0,0,0.25544001004241856,56.043285872,161.124446882
15,6,41,19.0087067,88.83768149,6.8973684770000006,108.6793978,pomegranate,62,2.4999995833334028,0.3658536496133256,0.14634145984533026,18.175074506954115,9.654825726281405,0.0,20.658547971128254,1,0,0,1,0,0,361.33093040662493,11811.211506170646,0.39736847700000055,0,0,0,0,0,0.15790170651329996,103.46052715500001,41.384210862
0,5,36,24.35193812,90.88612388,6.152906502,105.529185,pomegranate,41,0.0,0.0,0.1388888850308643,19.5021366350801,9.591138580865438,0.3966302490758569,25.698401829740323,1,0,0,0,0,0,593.0168902003091,11136.408886764224,0.34709349799999956,0,0,0,0,0,0.12047389635387569,0.0,30.764532510000002
22,9,44,24.72235539,88.87651295,5.744361602000001,112.1926517,pomegranate,75,2.4444441728395367,0.4999999886363639,0.20454544989669432,17.69180601295413,9.971291661709891,0.5252905902616267,27.736666074738878,1,0,0,0,0,0,611.1948560294621,12587.191095477512,0.7556383979999994,1,0,0,0,0,0.5709893885320055,126.37595524400001,51.699254418
14,8,43,21.92513945,94.46485312,7.051654924,111.71620159999998,pomegranate,65,1.7499997812500274,0.32558138777717704,0.18604650730124403,18.717193521821944,10.553254575268307,0.10655929620232411,24.493932989043124,1,0,0,0,0,0,480.71173990194626,12480.509699931838,0.5516549240000002,0,0,0,0,0,0.30432315517344594,98.72316893600001,56.413239392
31,11,45,24.83954414,86.88738076,6.034612928,107.6435771,pomegranate,87,2.8181815619834945,0.6888888735802473,0.2444444390123458,17.08800749063506,9.352868469856118,0.6345909960299327,26.738173847629433,1,0,0,0,0,0,617.0029530830084,11587.139690883645,0.4653870720000004,0,0,0,0,0,0.21658512678473354,187.07300076799999,66.380742208
39,17,45,18.09691127,90.42177379,6.9244907310000015,104.88188999999998,pomegranate,101,2.2941175121107342,0.8666666474074078,0.37777776938271623,14.742229591663987,9.483606532247663,0.0,18.980382571599,1,0,0,1,0,0,327.498197514253,11000.210849972096,0.42449073100000145,0,0,0,0,0,0.18019238070491558,270.0551385090001,117.71634242700003
10,5,42,20.24104904,91.08706822,6.887005997,109.2537734,pomegranate,57,1.99999960000008,0.238095232426304,0.119047616213152,20.074859899884732,9.951605910978222,0.0214845364915449,22.114109851944477,1,0,0,0,0,0,409.70006623968493,11936.387002138548,0.38700599700000016,0,0,0,0,0,0.14977364171396412,68.87005997,34.435029985
8,28,38,23.22594,94.42971362,6.8444019,105.6917856,pomegranate,74,0.28571427551020445,0.21052631024930765,0.7368420858725767,15.275252316519467,9.98044504619444,0.17969409644697204,24.54791070838464,1,0,0,0,0,0,539.4442888836,11170.753543316368,0.34440190000000026,0,0,0,0,0,0.11861266872361018,54.7552152,191.6432532
32,13,42,23.50128217,92.97527546,5.786058032000001,106.61905,pomegranate,87,2.461538272189364,0.7619047437641728,0.3095238021541952,14.730919862656235,9.912935543033514,0.2459554278106343,25.056843787473387,1,0,0,0,0,0,552.31026363396,11367.6218229025,0.7139419679999994,1,0,0,0,0,0.5097131336717122,185.15385702400002,75.21875441600001
18,9,40,19.44623085,89.02127045,5.627186257000001,106.1606833,pomegranate,67,1.9999997777778027,0.4499999887500003,0.22499999437500015,15.947831618540913,9.450558899206099,0.0,20.644251546455397,1,0,0,1,0,0,378.1558942714917,11270.0906787229,0.8728137429999991,1,0,0,0,0,0.7618038299696686,101.28935262600001,50.644676313000005
20,27,41,20.51343484,92.51675903,5.700088663,110.5764023,pomegranate,88,0.7407407133058995,0.48780486615110086,0.6585365693039862,10.692676621563628,10.230170365993438,0.03842156630113383,22.68301823422676,1,0,0,0,0,0,420.8010089349258,12227.140745611445,0.7999113370000002,1,0,0,0,0,0.6398581470611279,114.00177326,153.90239390099998
39,25,36,18.90223032,94.99897537,5.567805185,107.6103211,pomegranate,100,1.5599999376000024,1.0833333032407417,0.6944444251543216,7.371114795831994,10.22287024373669,0.0,20.340750742413558,1,0,0,1,0,0,357.29431107032735,11579.981207245104,0.9321948149999999,1,0,0,0,0,0.868987173112884,217.144402215,139.195129625
20,7,45,18.90592319,89.24126808,6.077886012,112.4750941,pomegranate,72,2.85714244897965,0.4444444345679015,0.1555555520987655,19.313207915827967,10.037420024901326,0.0,21.26445489842622,1,0,0,1,0,0,357.4339316661798,12650.646792803856,0.42211398800000044,0,0,0,0,0,0.17818021886526453,121.55772024,42.545202083999996
11,10,45,22.63045168,88.45577158,6.397995609,109.0357597,pomegranate,66,1.099999890000011,0.2444444390123458,0.22222221728395075,19.924858845171276,9.64484225407497,0.3036653504169274,24.67528491282941,1,0,0,0,0,0,512.1373432408149,11888.796893356144,0.10200439100000036,0,0,0,0,0,0.010404895783280955,70.377951699,63.979956089999995
40,18,43,19.38603815,86.79058496,5.767372539,109.91309840000002,pomegranate,101,2.222222098765439,0.9302325365062202,0.4186046414277991,13.650396819628847,9.539422104902043,0.0,21.307795187671044,1,0,0,1,0,0,375.81847515325546,12080.889199888088,0.7326274609999999,1,0,0,0,0,0.5367429966113063,230.69490156,103.812705702
3,26,39,24.38318965,91.19431555,7.079973241,103.6012114,pomegranate,68,0.11538461094674572,0.0769230749506904,0.6666666495726501,18.230011885167087,9.447841563773856,0.3859698494240593,25.261279855359415,1,0,0,0,0,0,594.5399375078671,10733.211003547489,0.5799732410000003,0,0,0,0,0,0.33636896027604435,21.239919723,184.079304266
9,16,36,23.77989026,92.93386903,5.893332377999999,106.977723,pomegranate,61,0.5624999648437522,0.24999999305555576,0.44444443209876583,14.011899704655802,9.941853698409616,0.26709199629387353,25.439185132046777,1,0,0,0,0,0,565.4831807776428,11444.233218264728,0.6066676220000007,1,0,0,0,0,0.3680456035831357,53.03999140199999,94.29331804799999
30,20,38,22.59890174,93.16343942,7.058222596,110.0932899,pomegranate,88,1.4999999250000036,0.7894736634349037,0.5263157756232691,9.018499505645789,10.25666954414715,0.17767549186977394,24.879874406834343,1,0,0,0,0,0,510.71035985417495,12120.532481005443,0.5582225960000002,0,0,0,0,0,0.3116124666849795,211.74667788,141.16445192
40,9,41,24.37766782,85.4017118,5.78270695,106.128338,pomegranate,90,4.444443950617339,0.9756097323022017,0.21951218976799539,18.193405398660254,9.063541735688988,0.639064564802257,25.871613700526833,1,0,0,0,0,0,594.2706883422635,11263.224126642244,0.7172930500000003,1,0,0,0,0,0.5145093195783029,231.30827799999997,52.044362549999995
40,30,35,20.89273273,91.07776977,6.269663962999999,104.4407083,pomegranate,105,1.3333332888888902,1.1428571102040825,0.857142832653062,5.0,9.512226785163127,0.07965166950916414,21.820518046437925,1,0,0,0,0,0,436.5062809272132,10907.86155020569,0.23033603700000072,0,0,0,0,0,0.0530546899408657,250.78655851999997,188.08991888999998
32,25,35,18.09903225,85.70786282,5.892913826,107.0050976,pomegranate,92,1.279999948800002,0.9142856881632662,0.7142856938775517,5.131601439446884,9.171178226141512,0.0,19.366887123767977,1,0,0,1,0,0,327.5749683865401,11450.090912385525,0.607086174,1,0,0,0,0,0.36855362266195824,188.573242432,147.32284565
33,23,45,20.00218987,85.83618191,7.116538883,112.337046,pomegranate,101,1.4347825463138022,0.7333333170370374,0.5111110997530867,11.015141094572204,9.642583115688037,0.00031016920320729984,22.46986923526924,1,0,0,0,0,0,400.08759959553055,12619.611904006117,0.6165388829999996,0,0,0,0,0,0.38012019425088717,234.845783139,163.68039430899998
4,14,41,19.85139326,89.80732335,6.430163481,102.8186358,pomegranate,59,0.2857142653061239,0.09756097323022017,0.3414634063057706,19.139836293274126,9.233866471696487,0.0,20.410931737225145,1,0,0,1,0,0,394.07781436317333,10571.67186777304,0.06983651899999987,0,0,0,0,0,0.0048771393860373435,25.720653924,90.022288734
13,17,45,21.25433607,92.65058936,7.159520979,106.2784673,pomegranate,75,0.7647058373702448,0.28888888246913597,0.37777776938271623,17.435595774162696,9.84676263162249,0.09218630858993793,22.588782609987057,1,0,0,0,0,0,451.7468017765031,11295.11261163717,0.6595209789999998,0,0,0,0,0,0.43496792174111826,93.073772727,121.711856643
39,24,39,23.65374106,93.32657504,6.431265737,109.8076178,pomegranate,102,1.6249999322916695,0.999999974358975,0.6153845996055232,8.660254037844387,10.24796888257534,0.24382966787180888,25.97360957856647,1,0,0,0,0,0,559.49946613353,12057.712926910877,0.06873426299999963,0,0,0,0,0,0.004724398910153118,250.81936374300003,154.350377688
8,28,37,23.88404783,86.20613842,6.082571701,108.3121789,pomegranate,73,0.28571427551020445,0.21621621037253486,0.7567567363038721,14.843629385474879,9.337174686825206,0.5357601813711936,25.869332614191173,1,0,0,0,0,0,570.4477407457277,11731.528098065606,0.417428299,0,0,0,0,0,0.1742463848060334,48.660573608,170.312007628
91,94,46,29.36792366,76.24900101,6.149934034,92.82840911,banana,231,0.9680850960842011,1.9782608265595474,2.043478216446126,26.888659319497503,7.078073459985083,2.2249754538705706,27.261776322217283,1,0,0,0,0,0,862.4749400995877,8617.11353789353,0.35006596599999984,0,0,0,0,0,0.12254618055151305,559.643997094,578.093799196
105,95,50,27.33368994,83.67675197,5.849076099,101.0494791,banana,250,1.105263146260388,2.099999958000001,1.8999999620000008,29.297326385411576,8.455492199348399,1.1970963986573582,27.6205513031791,1,0,0,0,0,0,747.1306057360572,10210.997226381336,0.6509239009999996,1,0,0,0,0,0.42370192489305736,614.1529903950001,555.6622294050001
108,92,53,27.40053601,82.96221306,6.276800323,104.9378,banana,253,1.1739130307183367,2.0377358106087584,1.7358490238519053,28.29016319029166,8.705872121647667,1.2608875578017773,28.753519677101778,1,0,0,0,0,0,750.7893736353067,11011.941868839998,0.2231996770000002,0,0,0,0,0,0.049818095812904424,677.894434884,577.465629716
86,76,54,29.3159075,80.11585705,5.926824754,90.10978128,banana,216,1.1315789324792247,1.5925925631001379,1.4074073813443078,16.3707055437449,7.219222355835247,1.8523883643897714,26.41650012849712,1,0,0,0,0,0,859.4224325485563,8119.77268232944,0.5731752459999999,1,0,0,0,0,0.32852986262716044,509.706928844,450.438681304
80,77,49,26.05433004,79.39654531,5.519088423,113.2297373,banana,206,1.0389610254680386,1.6326530279050404,1.5714285393586014,17.09775813764288,8.990049967978846,1.2474011465744592,29.501249459566985,1,0,0,0,0,0,678.8281138332464,12820.97340902701,0.9809115769999996,1,0,0,0,0,0.9621875218926262,441.52707384,424.96980857100004
93,94,53,25.86632408,84.42379269,6.079178787999999,114.5357503,banana,240,0.9893616916025352,1.7547169480242086,1.773584872196512,23.388031127053,9.669542438920805,0.91375080017725,29.626188360057572,1,0,0,0,0,0,669.0667214115878,13118.438096783952,0.4208212120000008,0,0,0,0,0,0.1770904924691496,565.3636272839999,571.4428060719999
90,92,55,27.00932084,80.18546798,6.13465588,97.32531705,banana,237,0.9782608589319473,1.6363636066115708,1.6727272423140502,20.808652046684813,7.804076093956122,1.3888641222263332,26.286907140581725,1,0,0,0,0,0,729.5034122380583,9472.21733888302,0.3653441199999996,0,0,0,0,0,0.13347632601857412,552.1190292,564.38834096
108,89,53,29.55054817,78.06762846,5.808497603999999,99.34482238,banana,250,1.2134831324327737,2.0377358106087584,1.6792452513349954,27.934447074057747,7.755614682986532,2.094661708751071,29.35693959180284,1,0,0,0,0,0,873.2348971474903,9869.393733713749,0.6915023960000006,1,0,0,0,0,0.4781755636737417,627.3177412319999,516.9562867559999
108,88,55,26.28845991,83.390039,5.891458107,113.8729798,banana,251,1.2272727133264465,1.963636327933885,1.5999999709090915,26.764404221527766,9.495872226568212,1.044510738551635,29.935452643045394,1,0,0,0,0,0,691.0831244396772,12967.055528531208,0.608541893,1,0,0,0,0,0.37032323553602337,636.277475556,518.448313416
105,77,52,29.16226551,76.16151562,5.816622478999999,100.0075679,banana,234,1.3636363459268008,2.0192307303994093,1.4807692022929,26.514147167125703,7.616727944734061,2.1841452324554775,29.16447248109153,1,0,0,0,0,0,850.4377296757356,10001.51363727311,0.6833775210000006,1,0,0,0,0,0.46700483620810623,610.745360295,447.87993088299993
118,88,52,28.65003945,82.68752542,5.8431631610000005,98.75084366,banana,258,1.3409090756714879,2.269230725591717,1.6923076597633142,33.04542328371661,8.165462895382696,1.497535880941222,28.29215566579783,1,0,0,0,0,0,820.8247604865563,9751.729123561763,0.6568368389999995,1,0,0,0,0,0.4314346330675112,689.4932529980001,514.198358168
101,87,54,29.07311132,76.50045221,6.376756632999999,100.1692639,banana,242,1.1609195268859824,1.8703703357338828,1.6111110812757208,24.131583730317686,7.662993985892829,2.132140130683299,29.122321602071576,1,0,0,0,0,0,845.245801825112,10033.881430267844,0.1232433670000006,0,0,0,0,0,0.015188927509496838,644.0524199329999,554.7778270709999
95,75,50,28.08166093,75.26429821,5.623615687000001,118.2761894,banana,220,1.266666649777778,1.8999999620000008,1.4999999700000006,22.54624876411447,8.90197439014404,1.9990555473237404,33.213918468232606,1,0,0,0,0,0,788.5796805874886,13989.256978984675,0.8763843129999991,1,0,0,0,0,0.7680494640724803,534.2434902650001,421.77117652500004
106,85,53,27.1994597,78.80860679999998,5.91505509,99.72430835,banana,244,1.2470588088581318,1.9999999622641518,1.603773554645782,26.689573494781314,7.8591338051571045,1.5256658133025416,27.124473060761986,1,0,0,0,0,0,739.810607971924,9944.93767588588,0.5849449099999999,1,0,0,0,0,0.342160547734908,626.99583954,502.77968265
86,95,49,28.05484146,78.04602887,6.458714879,108.3957179,banana,230,0.9052631483656511,1.7551020049979185,1.9387754706372353,24.378952670968726,8.459855328607775,1.76835756869567,30.41024680627384,1,0,0,0,0,0,787.0741293457348,11749.631659056378,0.04128512099999959,0,0,0,0,0,0.0017044612159846074,555.4494795940001,613.5779135050001
83,79,55,25.14748006,83.34688193,5.565028635,98.66679427,banana,217,1.0506328980932544,1.5090908816528932,1.4363636102479345,15.14375558880073,8.22356965243329,0.857215932021507,24.812212414889473,1,0,0,0,0,0,632.3957533680975,9735.136291518504,0.934971365,1,0,0,0,0,0.8741714533699633,461.897376705,439.637262165
85,95,47,25.94019018,78.3422098,6.211833161,119.84797,banana,227,0.8947368326869808,1.8085105998189235,2.021276552738797,25.32455988429677,9.389154809844108,1.2865139266654018,31.088791344869346,1,0,0,0,0,0,672.8934665745684,14363.5359131209,0.2881668389999996,0,0,0,0,0,0.0830401270992517,528.005818685,590.124150295
109,79,45,27.66752761,79.68542782,6.490074429,108.66464,banana,233,1.3797468179778885,2.422222168395063,1.7555555165432108,32.020826556060875,8.658988327306286,1.557625430754879,30.064819274307105,1,0,0,0,0,0,765.4920840501123,11808.0039863296,0.009925571000000133,0,0,0,0,0,9.851695967604363e-05,707.418112761,512.715879891
100,76,45,25.56703012,75.94067692,5.590236025,102.7867717,banana,221,1.3157894563711914,2.2222221728395075,1.6888888513580256,27.57414247684474,7.805697021319499,1.3393897625317113,26.279524879914632,1,0,0,0,0,0,653.6730291569871,10565.120436507921,0.9097639749999997,1,0,0,0,0,0.8276704902078001,559.0236025,424.8579379
117,86,48,28.6956201,82.54195839,6.225225238999999,116.1616839,banana,251,1.3604651004597081,2.437499949218751,1.7916666293402788,34.55912807542073,9.588212878986132,1.518084975305523,33.333315513706864,1,0,0,0,0,0,823.4386129235239,13493.536806483518,0.27477476100000064,0,0,0,0,0,0.07550116928260747,728.351352963,535.3693705539999
114,94,53,26.33544853,76.8532006,6.190757458999999,118.6858263,banana,261,1.2127659445450432,2.1509433556425783,1.773584872196512,31.096623610932426,9.121385617010656,1.4664535623293495,31.256444697641705,1,0,0,0,0,0,693.5558492762792,14086.325364513772,0.3092425410000006,0,0,0,0,0,0.09563094916413704,705.746350326,581.9312011459999
110,78,50,25.93730186,78.89864446,5.915568968,98.21747528,banana,238,1.4102563921762001,2.199999956000001,1.5599999688000008,30.02221399786054,7.749225661875559,1.2528511749616333,25.474963042644482,1,0,0,0,0,0,672.7436277767596,9646.672450377411,0.5844310320000004,1,0,0,0,0,0.34155963116458543,650.7125864799999,461.41437950399995
94,70,48,25.13686519,84.88394407,6.195152442,91.46442491,banana,212,1.3428571236734697,1.9583332925347232,1.4583333029513896,23.00724523564986,7.763861128455155,0.776491415169101,22.991289186435484,1,0,0,0,0,0,631.8619915802338,8365.74102411703,0.30484755799999963,0,0,0,0,0,0.09293203361856314,582.344329548,433.66067094000005
80,71,47,27.50527651,80.79783998,6.156373499,105.0776992,banana,198,1.1267605475104148,1.7021276233589868,1.5106382657311008,17.05872210923198,8.490051125428174,1.4411752053936713,28.90191171530606,1,0,0,0,0,0,756.5402358915578,11041.32286916568,0.34362650100000014,0,0,0,0,0,0.1180791721895031,492.50987992,437.102518429
114,79,51,26.21009246,82.34429458,6.313197204,112.0700033,banana,244,1.443037956417241,2.2352940738177636,1.5490195774702045,31.56474826976026,9.228325365316772,1.0964356310472312,29.37365148485505,1,0,0,0,0,0,686.9689467617487,12559.68563966201,0.18680279600000027,0,0,0,0,0,0.034895284593417716,719.704481256,498.742579116
88,78,45,29.10403455,79.19588629,6.324270089,92.07835761,banana,211,1.12820511374096,1.9555555120987664,1.7333332948148157,22.501851775650227,7.2922271390515165,1.8940136999796868,26.798517011886958,1,0,0,0,0,0,847.0448270875938,8478.423940155044,0.17572991100000035,0,0,0,0,0,0.030881001620068044,556.5357678319999,493.293066942
112,73,48,29.244063800000006,77.32017166,5.7074889870000005,90.66727868,banana,233,1.5342465543253898,2.3333332847222232,1.5208333016493063,32.25419869309007,7.010409551482658,2.0965378014800824,26.514796822903005,1,0,0,0,0,0,855.2152675384708,8220.555423236781,0.7925110129999995,1,0,0,0,0,0.6280737057262854,639.2387665440001,416.64669605100005
117,76,47,25.56202173,77.38229006,6.119216009,93.10247183,banana,240,1.5394736639542939,2.489361649162518,1.6170212421910375,35.17101079013795,7.2044824804520395,1.2580019416911703,23.79887408035173,1,0,0,0,0,0,653.4169549249923,8668.070260855944,0.3807839910000004,0,0,0,0,0,0.14499644780188836,715.948273053,465.06041668399996
111,87,48,26.3985515,81.36028902,5.571401169,98.16752001,banana,246,1.2758620543004362,2.3124999518229177,1.8124999622395843,31.796226191169293,7.986937800390233,1.1926715065064548,25.914803326112654,1,0,0,0,0,0,696.8835212981522,9636.86198491375,0.9285988310000004,1,0,0,0,0,0.8622957889345673,618.4255297589999,484.71190170299997
89,83,47,28.09577643,77.79586769,5.63127166,109.5408614,banana,219,1.0722891437073598,1.8936169809868728,1.7659574092349488,22.715633383201094,8.521826360123027,1.7975969100389952,30.77635551844017,1,0,0,0,0,0,789.3726532045436,11999.20031625401,0.8687283399999997,1,0,0,0,0,0.754688928719155,501.18317774,467.39554778
93,91,47,27.84767901,83.31110751,6.101241579,117.2878912,banana,231,1.0219780107474945,1.9787233621548221,1.9361701715708475,26.0,9.771384113384384,1.3096907129391966,32.66195545897404,1,0,0,0,0,0,775.4932262439946,13756.449422143038,0.39875842100000014,0,0,0,0,0,0.15900827831841335,567.415466847,555.212983689
92,81,52,27.39341554,81.4654833,6.438137278999998,94.31102057,banana,225,1.13580245511355,1.7692307352071013,1.557692277736687,20.663978319771825,7.683092871251292,1.370333837961695,25.83500976475498,1,0,0,0,0,0,750.3992149471135,8894.568600954963,0.061862721000001564,0,0,0,0,0,0.0038269962495240343,592.3086296679999,521.4891195989999
105,74,45,25.14517635,81.38204104,6.098369122,119.218154,banana,224,1.4189188997443392,2.3333332814814827,1.6444444079012355,30.0055550412475,9.702216701541042,0.9579268212626257,29.97761506451458,1,0,0,0,0,0,632.2798936725993,14212.968243167716,0.40163087799999975,0,0,0,0,0,0.1613073621630507,640.3287578100001,451.27931502800004
102,71,48,28.65456263,79.28693687,5.695267822000001,102.4633775,banana,221,1.436619698075779,2.1249999557291677,1.4791666358506952,27.098585448936873,8.12400734332948,1.792625021177288,29.360432678550833,1,0,0,0,0,0,821.0839595165926,10498.743728707508,0.8047321779999992,1,0,0,0,0,0.6475938783086224,580.9173178440001,404.36401536200003
94,91,51,29.16093424,76.67484233,5.6180944460000015,109.575944,banana,236,1.032967021615747,1.8431372187620154,1.7843136905036532,24.006943440041116,8.401718229360911,2.136802355525016,31.953368972699227,1,0,0,0,0,0,850.3600857496043,12006.887503491138,0.8819055539999985,1,0,0,0,0,0.7777574061760443,528.1008779240001,511.2465945860001
116,71,47,27.57278064,82.0638878,6.435785799,91.34276507,banana,234,1.6338027938901016,2.468085053870531,1.5106382657311008,35.02855977627399,7.495942424046239,1.358262432250278,25.185740243261645,1,0,0,0,0,0,760.2582322215588,8343.500730633212,0.06421420100000041,0,0,0,0,0,0.004123463610068454,746.5511526839999,456.94079172899995
117,79,49,25.40909896,82.36208097,6.176644228,112.9794804,banana,245,1.4810126394808527,2.3877550533111216,1.6122448650562273,34.07834111768548,9.305225112653327,0.9540524948173728,28.707067979329803,1,0,0,0,0,0,645.6223099590732,12764.362991453983,0.3233557720000002,0,0,0,0,0,0.10455895528571611,722.667374676,487.954894012
119,72,55,25.99069521,83.33983116,6.220643671,112.0777152,banana,246,1.6527777548225313,2.1636363242975216,1.3090908852892567,33.15116890850155,9.340537861566567,0.9980599366757922,29.12977735596384,1,0,0,0,0,0,675.5162374991169,12561.414244452311,0.2793563289999996,0,0,0,0,0,0.07803995855235603,740.2565968490001,447.886344312
99,73,53,26.29039046,81.06003778,5.8717022110000014,118.6730366,banana,225,1.3561643649840498,1.8679244930580285,1.3773584645781423,23.065125189341593,9.619640830263323,1.1913975766144842,31.19960469287871,1,0,0,0,0,0,691.184630539259,14083.28961586494,0.6282977889999986,1,0,0,0,0,0.3947581116622867,581.2985188890001,428.6342614030001
91,84,52,29.14827211,78.71024836,6.390741836,117.536781,banana,227,1.083333320436508,1.7499999663461545,1.6153845843195274,20.79262689833426,9.25134922394493,1.9476444115703881,34.25994075521478,1,0,0,0,0,0,849.6217669986039,13814.894887841961,0.10925816399999988,0,0,0,0,0,0.01193734640065087,581.557507076,536.822314224
80,90,47,26.59743595,79.35898915,6.21084479,107.3944717,banana,217,0.8888888790123458,1.7021276233589868,1.9148935762788601,22.501851775650227,8.522716714410283,1.3617774702613008,28.564175824248377,1,0,0,0,0,0,707.4235991143524,11533.5725517221,0.28915520999999966,0,0,0,0,0,0.0836107354701439,496.8675832,558.9760311
101,70,48,25.36059237,75.03193255,6.012696655,116.5531455,banana,219,1.4428571222448983,2.104166622829862,1.4583333029513896,26.627053911388696,8.745207751646335,1.3384363186611536,29.558568124667996,1,0,0,0,0,0,643.1596453573022,13584.63572594417,0.48730334499999994,0,0,0,0,0,0.23746455004818898,607.282362155,420.88876585
108,89,53,29.12036889,80.18080728,5.908770059,112.3982055,banana,250,1.2134831324327737,2.0377358106087584,1.6792452513349954,27.934447074057747,9.012178853813335,1.8075834870840253,32.73077206734027,1,0,0,0,0,0,847.9958842896799,12633.35659962023,0.5912299409999999,1,0,0,0,0,0.3495528431348634,638.147166372,525.880535251
100,80,52,27.53911354,77.25629897,6.049801781,110.3262123,banana,232,1.2499999843750003,1.9230768860946754,1.5384615088757403,24.11085509336683,8.52339484167649,1.714673443849849,30.382860869678442,1,0,0,0,0,0,758.4027745690113,12171.87312046467,0.4501982189999998,0,0,0,0,0,0.20267843639077177,604.9801781,483.98414248
109,91,53,29.66727337,83.51014178,6.010095852999999,110.2511102,banana,253,1.1978021846395364,2.0566037347810617,1.716981099679602,28.58904218985542,9.207085844204405,1.5941196724528164,32.708498256493954,1,0,0,0,0,0,880.1471092103112,12155.307300332544,0.48990414700000073,0,0,0,0,0,0.24000607324779832,655.1004479769999,546.9187226229999
82,78,46,25.05802193,84.97323747,5.738678895,110.4408803,banana,206,1.0512820378040764,1.7826086568998118,1.6956521370510407,19.73153144926499,9.384519148127746,0.7600569441364226,27.674300005259052,1,0,0,0,0,0,627.9044630443609,12197.188041438929,0.7613211050000004,1,0,0,0,0,0.5796098249184216,470.57166938999995,447.61695381
106,70,55,25.86824781,78.52399914,5.74055541,116.3019555,banana,231,1.5142856926530617,1.9272726922314056,1.2727272495867774,26.210684844162312,9.132494653662318,1.260264950142531,30.085278056615927,1,0,0,0,0,0,669.1662447595697,13526.144853123982,0.7594445900000002,1,0,0,0,0,0.5767560852802684,608.49887346,401.8388787
90,86,52,25.85036988,81.95580471,5.793260262,119.08561709999998,banana,228,1.046511615738237,1.7307691974852077,1.653846122041421,20.8806130178211,9.759757578817435,1.0556521663345386,30.78407249423052,1,0,0,0,0,0,668.2416229328112,14181.384200087807,0.7067397379999996,1,0,0,0,0,0.49948105726830805,521.39342358,498.22038253200003
83,95,50,26.51682337,77.79913575,5.50947065,108.8547508,banana,228,0.87368420132964,1.6599999668000007,1.8999999620000008,23.302360395462088,8.468805534521621,1.4467911097859751,28.864821999489664,1,0,0,0,0,0,703.1419216357782,11849.356771730101,0.9905293500000001,1,0,0,0,0,0.9811483932114227,457.28606394999997,523.3997117499999
119,90,48,28.66725136,79.59242542,5.986442306,118.2583441,banana,257,1.3222222075308645,2.479166615017362,1.874999960937501,35.697805721547276,9.412468433071947,1.7687757853280646,33.90141675732073,1,0,0,0,0,0,821.811300537422,13985.035949274004,0.5135576940000002,1,0,0,0,0,0.2637415050665978,712.386634414,538.77980754
107,72,45,28.14938935,81.54448882,5.790768046,91.40508414,banana,224,1.4861110904706794,2.377777724938273,1.5999999644444454,31.085902485424697,7.453580861745389,1.5040114625909795,25.7299730202637,1,0,0,0,0,0,792.3881207778934,8354.88940664048,0.7092319539999998,1,0,0,0,0,0.5030099645746579,619.612180922,416.935299312
116,81,55,26.42313317,83.69950440000002,5.915546415,95.12322062,banana,252,1.4320987477518674,2.1090908707438025,1.4727272459504137,30.610455730027933,7.961766422825863,1.047002539757989,25.1345352600155,1,0,0,0,0,0,698.1819665195543,9048.427101121193,0.5844535850000003,1,0,0,0,0,0.3415859930193526,686.2033841399999,479.159259615
101,75,50,26.59386409,81.40740301,6.242528277999999,109.9825551,banana,226,1.3466666487111114,2.019999959600001,1.4999999700000006,25.501633934580216,8.95339418709523,1.2259705763220312,29.248611226003362,1,0,0,0,0,0,707.2336072373915,12096.162426324536,0.2574717220000009,0,0,0,0,0,0.06629168762964575,630.4953560779999,468.1896208499999
93,81,50,27.71822477,76.57853189,6.0360792660000016,102.2099836,banana,224,1.1481481339734798,1.8599999628000008,1.6199999676000008,22.18858565419016,7.8270904885889765,1.807721553163671,28.330792991628137,1,0,0,0,0,0,768.2999844002416,10446.880747512268,0.46392073399999845,0,0,0,0,0,0.2152224474350973,561.3553717380001,488.9224205460001
95,75,45,28.98333432,82.95958244,5.829898502000001,109.022564,banana,215,1.266666649777778,2.111111064197532,1.6666666296296306,25.16611478423583,9.044466385978177,1.5307976789387863,31.598374208355967,1,0,0,0,0,0,840.0336683048899,11885.919461134097,0.6701014979999993,1,0,0,0,0,0.4490360176218431,553.84035769,437.24238765000007
107,71,55,29.42017919,83.96754496,6.088064451,117.229079,banana,233,1.50704223229518,1.9454545100826452,1.290909067438017,26.63331247391757,9.843437961551892,1.5102859933241861,34.48900510458666,1,0,0,0,0,0,865.546943571709,13742.656963188241,0.41193554899999985,0,0,0,0,0,0.16969089652993127,651.422896257,432.25257602100004
83,94,47,27.39872329,81.10523402,6.469370954,112.1355384,banana,224,0.8829787140108648,1.7659574092349488,1.9999999574468095,24.583192089989723,9.094779083890696,1.3979714511532568,30.723705875967696,1,0,0,0,0,0,750.6900379219884,12574.378972257875,0.030629045999999605,0,0,0,0,0,0.0009381384588700918,536.957789182,608.120869676
102,73,54,26.4020227,84.41007614,5.720726906,111.0162259,banana,229,1.3972602548320514,1.8888888539094657,1.3518518268175588,24.172987679087857,9.37088808099444,0.9980704644299162,29.310529162801277,1,0,0,0,0,0,697.0668026513152,12324.60241307983,0.7792730939999997,1,0,0,0,0,0.6072665550323323,583.5141444120001,417.613064138
86,79,45,27.81251452,82.69285419,5.80766417,99.20961514,banana,210,1.088607581156866,1.9111110686419763,1.7555555165432108,21.93171219946131,8.203926239018038,1.3521232794038212,27.59268861604862,1,0,0,0,0,0,773.5359639252108,9842.547736226916,0.6923358300000002,1,0,0,0,0,0.4793289015017892,499.45911861999997,458.80546942999996
117,86,53,25.19640218,83.55829874,5.703381727999999,115.8586081,banana,256,1.3604651004597081,2.2075471281594883,1.6226414788180854,32.00520790954705,9.680948187220384,0.8543769227037274,29.192200857026055,1,0,0,0,0,0,634.8586828163087,13423.217070869385,0.7966182720000008,1,0,0,0,0,0.6346006712842672,667.295662176,490.49082860799996
111,79,53,28.31193338,75.77363772,6.165001277999999,119.695765,banana,243,1.4050632733536295,2.0943395831256684,1.4905660096119622,29.0516780926679,9.069783533728254,2.0136790931110493,33.88818524548135,1,0,0,0,0,0,801.5655717135581,14327.076158935224,0.3349987220000008,0,0,0,0,0,0.11222414374163382,684.315141858,487.03510096199994
95,74,50,25.90113128,80.47152737,6.002481605,110.10323,banana,219,1.2837837664353546,1.8999999620000008,1.4799999704000006,22.516660498395403,8.860175086470404,1.1524008068751685,28.51798214582034,1,0,0,0,0,0,670.8686015837945,12122.721256432898,0.49751839500000017,0,0,0,0,0,0.2475245533633762,570.235752475,444.18363877
91,75,55,27.48612983,76.11239849,6.212369363,109.2768851,banana,221,1.2133333171555558,1.6545454244628106,1.3636363388429757,18.036999011291577,8.317325824477145,1.7882568623116402,30.035986512765927,1,0,0,0,0,0,755.4873330316158,11941.437617158603,0.28763063700000036,0,0,0,0,0,0.08273138334102598,565.325612033,465.92770222499996
93,83,46,29.38254012,83.50423735,5.765308943,109.2486647,banana,222,1.1204819142110614,2.021739086483933,1.8043477868620048,24.758836806279895,9.122726427279368,1.547721548736226,32.10003273604178,1,0,0,0,0,0,863.3336639034097,11935.270738733028,0.734691057,1,0,0,0,0,0.5397709492357773,536.173731699,478.520642269
92,85,51,29.22118628,81.08183635,5.740764682000001,108.8616474,banana,228,1.0823529284429068,1.8039215332564407,1.666666633986929,21.93171219946131,8.826702279278203,1.744479110921747,31.810664774230776,1,0,0,0,0,0,853.8777276104603,11850.858274641925,0.7592353179999991,1,0,0,0,0,0.5764382680985598,528.1503507440001,487.96499797000007
104,80,54,27.09062164,81.33506906,5.879119455,110.1331182,banana,238,1.2999999837500003,1.9259258902606318,1.48148145404664,25.006665778014735,8.957684774590142,1.3234596323226955,29.835746351895978,1,0,0,0,0,0,733.9017808416362,12129.30372445517,0.6208805450000003,1,0,0,0,0,0.38549265115949743,611.42842332,470.3295564
103,72,51,26.12643374,81.81365007,6.099478745,104.4812858,banana,226,1.4305555356867288,2.019607803537102,1.4117646782006927,26.159765544311234,8.547995355304858,1.1141746781859867,27.297233905237025,1,0,0,0,0,0,682.5905399706104,10916.33908242128,0.40052125500000013,0,0,0,0,0,0.16041727570677514,628.246310735,439.16246964
92,75,45,29.01207743,77.95192527,5.674403358999999,90.43495443,banana,212,1.2266666503111114,2.0444443990123466,1.6666666296296306,23.79775899813538,7.049578809523217,1.9869895664918633,26.237059003016817,1,0,0,0,0,0,841.7006368043155,8178.480982756178,0.8255966410000006,1,0,0,0,0,0.6816098136304839,522.045109028,425.58025192499997
93,85,49,27.96799119,79.28625709,5.694243847,119.4765557,banana,227,1.0941176341868515,1.8979591449396094,1.7346938421491054,23.43786110832926,9.472848911457906,1.6504692101880492,33.415192572291446,1,0,0,0,0,0,782.2085312039176,14274.647361935204,0.8057561529999999,1,0,0,0,0,0.6492429780973593,529.564677771,484.010726995
120,87,52,28.0764455,76.05522115,5.905494703,118.99235729999998,banana,259,1.3793103289734445,2.3076922633136103,1.6730768909023677,34.004901607464376,9.049990049611315,1.9338870139157769,33.40882434649976,1,0,0,0,0,0,788.2867919144702,14159.181095810858,0.5945052970000004,1,0,0,0,0,0.35343654816105874,708.6593643599999,513.7780391609999
108,72,46,25.16278237,84.97849241,6.110844721,90.94554618,banana,226,1.499999979166667,2.3478260359168255,1.5652173572778836,31.13411847689498,7.728415405780434,0.7755277455647317,22.884429860481244,1,0,0,0,0,0,633.1656165999827,8271.09236997851,0.3891552789999997,0,0,0,0,0,0.1514418311735676,659.971229868,439.980819912
105,88,54,25.78749808,84.51194224,6.020445317,114.2005455,banana,247,1.193181804622934,1.9444444084362147,1.6296295994513037,25.96792893808309,9.651309905072493,0.896371045489291,29.449463478162023,1,0,0,0,0,0,664.9950572260036,13041.764592497571,0.4795546829999999,0,0,0,0,0,0.22997269398723041,632.146758285,529.799187896
98,79,50,25.34119774,84.47321314,6.435917308,91.06493353,banana,227,1.2405063134113126,1.959999960800001,1.5799999684000008,24.172987679087857,7.692547539659623,0.8293163888609368,23.076944877636862,1,0,0,0,0,0,642.176302897781,8292.822118823318,0.06408269200000039,0,0,0,0,0,0.004106591413966913,630.7198961839999,508.437467332
111,88,55,29.44795403,78.34971537,5.505393832999999,96.45042585,banana,254,1.2613636220299589,2.018181781487604,1.5999999709090915,28.148416178061126,7.55686341266279,2.0455089392065555,28.402677066047236,1,0,0,0,0,0,867.1819965529932,9302.684646646348,0.9946061670000006,1,0,0,0,0,0.9892414274344331,611.098715463,484.47465730399995
97,74,45,26.47522633,78.51833782,5.677719902000001,113.1161095,banana,216,1.3108107930971515,2.1555555076543222,1.6444444079012355,26.057628441590765,8.88168889860511,1.3909862456010123,29.94774600581563,1,0,0,0,0,0,700.9376092247254,12795.254228415988,0.8222800979999993,1,0,0,0,0,0.6761445595668886,550.738830494,420.15127274800005
95,82,48,27.39489579,83.31172003,5.719014989,92.78133617,banana,225,1.158536571237359,1.9791666254340288,1.7083332977430563,24.269322199023193,7.729772703004353,1.2340809129249428,25.417350356341075,1,0,0,0,0,0,750.4803153449596,8608.376341490552,0.7809850110000003,1,0,0,0,0,0.6099375874066706,543.306423955,468.959229098
89,91,55,25.08347445,80.26173100000003,6.275572297999999,94.32961456,banana,235,0.9780219672744839,1.6181817887603311,1.6545454244628106,20.231987873991358,7.5710581491484055,1.0033898614872694,23.661144766941078,1,0,0,0,0,0,629.1806904838029,8898.076183038163,0.22442770200000073,0,0,0,0,0,0.05036779342500113,558.525934522,571.0770791179999
89,85,55,26.671983500000003,76.48541655,6.275384607,91.73358569,banana,229,1.0470588112110728,1.6181817887603311,1.5454545173553724,18.58314648635514,7.016281513124769,1.5688891278777317,24.467166839195166,1,0,0,0,0,0,711.3947038242724,8415.050743544572,0.22461539299999966,0,0,0,0,0,0.0504520747725443,558.509230023,533.4076915950001
118,88,51,25.44926208,79.49221962,6.201911642000001,100.6619171,banana,257,1.3409090756714879,2.313725444828913,1.725490162245291,33.56088993655164,8.001839221483433,1.11752269969702,25.617715097531335,1,0,0,0,0,0,647.664940416526,10132.821554247272,0.29808835799999933,0,0,0,0,0,0.08885666917513577,731.825573756,545.768224496
101,92,45,28.22776705,80.64303840000002,5.758054257,98.00403016,banana,238,1.0978260750236297,2.2444443945679025,2.0444443990123466,30.072135496724094,7.903342767547641,1.5926457084059509,27.664349333176542,1,0,0,0,0,0,796.8068326290658,9604.789927602189,0.7419457429999996,1,0,0,0,0,0.5504834855558215,581.563479957,529.740991644
99,92,47,28.127950899999995,77.48247073,6.3239336470000005,103.5045395,banana,238,1.076086944825142,2.106382933906746,1.9574467668628348,28.21937868439582,8.01978745223088,1.8302137229587272,29.1137060498311,1,0,0,0,0,0,791.1816218328105,10713.189697107062,0.1760663529999995,0,0,0,0,0,0.030999360658720436,626.069431053,581.8018955240001
82,77,46,28.9470467,82.1888998,5.901100841,95.83016448,banana,205,1.0649350511047397,1.7826086568998118,1.6739130070888477,19.5021366350801,7.8761757862642385,1.5935674526777936,27.74000246471241,1,0,0,0,0,0,837.9315126519809,9183.420424263852,0.5988991590000001,1,0,0,0,0,0.35868020265090744,483.890268962,454.38476475699997
90,86,55,27.96236771,84.15403614,5.644486582000001,97.55986676,banana,231,1.046511615738237,1.6363636066115708,1.563636335206612,19.157244060668017,8.210056553134626,1.2617139097269092,27.280048680817263,1,0,0,0,0,0,781.8940079492505,9517.927602228954,0.8555134179999992,1,0,0,0,0,0.7319032083780415,508.00379238000005,485.42584605200005
95,88,52,28.00316034,78.90085998,6.235461772000001,94.68180316,banana,235,1.0795454422778927,1.8269230417899416,1.6923076597633142,23.072349974229617,7.470475693781083,1.6885980061617076,26.51389715169799,1,0,0,0,0,0,784.176989027749,8964.643849628987,0.26453822799999926,0,0,0,0,0,0.0699804740733796,592.3688683400001,548.720635936
104,73,46,29.1400919,80.1190228,6.28236237,90.45142867,banana,223,1.424657514730719,2.260869516068054,1.5869564872400765,29.022979401386987,7.246880075904303,1.8171395866980475,26.35762943930095,1,0,0,0,0,0,849.1449559404457,8181.460948444098,0.21763762999999958,0,0,0,0,0,0.04736613799201672,653.36568648,458.61245301
102,73,52,27.9122104,83.36307683,6.356090905,90.24211529,banana,227,1.3972602548320514,1.961538423816569,1.403846126849113,25.106440076867393,7.522860390221988,1.3163483652967498,25.188569089155372,1,0,0,0,0,0,779.0914894138681,8143.639372013652,0.1439090949999997,0,0,0,0,0,0.02070982762371894,648.32127231,463.994636065
100,74,52,25.43480512,81.53977797,5.837258235,96.47800391,banana,226,1.351351333089847,1.9230768860946754,1.4230768957100597,24.027761721253466,7.866795017810192,1.0032770920498078,24.53899227817448,1,0,0,0,0,0,646.9293114923782,9308.005238457976,0.6627417649999998,1,0,0,0,0,0.439226647075315,583.7258235,431.95710939
94,89,48,28.55980972,84.51602322,5.653437902,111.0843029,banana,231,1.0561797634137104,1.9583332925347232,1.8541666280381954,25.238858928247925,9.388403523273912,1.3253989494569836,31.72546553702844,1,0,0,0,0,0,815.6627312426065,12339.722350778948,0.8465620979999997,1,0,0,0,0,0.7166673857701611,531.423162788,503.15597327800003
99,70,46,26.59580783,82.99556744,5.727469947,100.5123341,banana,215,1.414285694081633,2.15217386625709,1.5217390973534979,26.539279065817393,8.342078203348363,1.121579694239549,26.732067222683558,1,0,0,0,0,0,707.3369941302892,10102.729306230023,0.7725300529999997,1,0,0,0,0,0.5968026827881823,567.019524753,400.92289629000004
112,87,48,27.19711623,77.39706290000002,6.200111067999999,99.46950465,banana,247,1.2873563070418816,2.3333332847222232,1.8124999622395843,32.25419869309007,7.6986475080278955,1.6267596544807896,27.052836793065755,1,0,0,0,0,0,739.6831312281294,9894.182355316372,0.2998889320000009,0,0,0,0,0,0.08993337153610116,694.4124396159999,539.4096629159999
117,82,45,25.29391516,79.29122198,5.614471478,105.4220251,banana,244,1.4268292508923262,2.5999999422222237,1.8222221817283961,36.004629331980816,8.359041193785231,1.0963051390515277,26.665357588747906,1,0,0,0,0,0,639.7821441212778,11113.80337618503,0.8855285220000004,1,0,0,0,0,0.7841607632755052,656.893162926,460.386661196
96,86,51,29.90888522,76.98740841,6.257369799,91.99964712,banana,233,1.1162790567874528,1.8823529042675902,1.6862744767397162,23.62907813126304,7.082814406403321,2.2802912868004723,27.516068859925834,1,0,0,0,0,0,894.5414151031343,8463.935070204525,0.24263020099999988,0,0,0,0,0,0.058869414437300344,600.707500704,538.133802714
113,85,45,27.94972463,76.63713353,6.037430836,109.0921631,banana,243,1.3294117490657442,2.5111110553086435,1.8888888469135814,34.17601498127012,8.360510670571239,1.8572835500396012,30.49095917936047,1,0,0,0,0,0,781.1871068928285,11901.100049837,0.4625691639999996,0,0,0,0,0,0.2139702314836585,682.2296844680001,513.18162106
105,93,46,25.01018457,78.76260938,5.760457558,108.3690513,banana,244,1.1290322459243844,2.282608646030247,2.021739086483933,31.182259913824932,8.53542925642308,1.0640324679138673,27.103299746887984,1,0,0,0,0,0,625.5093322254661,11743.85127966203,0.7395424420000003,1,0,0,0,0,0.5469230235193238,604.84804359,535.7225528939999
85,89,51,29.21144871,84.70189923,6.1581644220000005,108.5501443,banana,225,0.9550561690443128,1.666666633986929,1.7450980049980784,20.8806130178211,9.194403383900559,1.4091767060326654,31.709069726825486,1,0,0,0,0,0,853.3087357369606,11783.133827550822,0.34183557799999953,0,0,0,0,0,0.11685156238659376,523.44397587,548.076633558
108,94,47,27.35911627,84.54625006,6.387431382999999,90.81250457,banana,249,1.148936157990041,2.2978722915346323,1.9999999574468095,31.953090617340916,7.677856719950113,1.1372594261596551,24.845498713005362,1,0,0,0,0,0,748.5212430753788,8246.91098627627,0.11256861700000087,0,0,0,0,0,0.012671693533292885,689.8425893639999,600.418550002
92,81,52,28.0106804,76.52808057,5.891413895,103.7040783,banana,225,1.13580245511355,1.7692307352071013,1.557692277736687,20.663978319771825,7.936274059579989,1.8802604492828012,29.048217934378755,1,0,0,0,0,0,784.5982164709441,10754.535856052533,0.6085861049999997,1,0,0,0,0,0.3703770471990706,542.0100783400001,477.20452549500004
110,71,54,28.67208915,82.20793613,5.725418961,94.37987496,banana,235,1.5492957528268205,2.0370369993141297,1.314814790466393,28.71120571019847,7.758774732669065,1.542943640431341,27.06068188818973,1,0,0,0,0,0,822.0886962255478,8907.560797465234,0.7745810390000001,1,0,0,0,0,0.5999757859783197,629.7960857099999,406.504746231
82,75,55,27.34585147,78.48738349999998,6.281069505,92.15524332,banana,212,1.0933333187555558,1.4909090638016536,1.3636363388429757,14.011899704655802,7.2330239239926515,1.580284855400714,25.200635960104297,1,0,0,0,0,0,747.7955926193011,8492.588871368403,0.2189304950000004,0,0,0,0,0,0.047930561640945196,515.04769941,471.080212875
117,81,53,29.50704598,78.20585613,5.507641777999999,98.12565829,banana,251,1.4444444266117973,2.2075471281594883,1.5283018579565688,32.08322510804257,7.674001114889282,2.0719792786682514,28.953983109807982,1,0,0,0,0,0,870.6657624658342,9628.644814845846,0.9923582220000009,1,0,0,0,0,0.9847748407710031,644.3940880259998,446.11898401799994
2,40,27,29.73770045,47.54885174,5.954626604,90.09586854,mango,69,0.04999999875000003,0.07407407133058995,1.481481426611799,19.313207915827967,4.283955095594991,5.107535700144186,26.79243950425099,1,0,0,0,0,0,884.3308280539301,8117.2655279769615,0.5453733959999996,1,0,0,0,0,0.29743214106457233,11.909253208,238.18506416000002
39,24,31,33.55695561,53.72979826,4.757114897,98.67527561,mango,94,1.6249999322916695,1.2580644755463073,0.7741935234131121,7.505553499465135,5.301802651775199,6.272830710549249,33.11241843449286,1,0,0,0,1,0,1126.0692698115106,9736.810016709462,1.7428851029999999,1,0,1,0,1,3.0376484822593204,185.527480983,114.170757528
21,26,27,27.00315545,47.67525434,5.6995869720000005,95.85118326,mango,74,0.8076922766272201,0.7777777489711944,0.9629629272976693,3.2145502536643185,4.56972954071045,3.6643832773869294,25.882844016362178,1,0,0,0,0,0,729.1704042568648,9187.449332342105,0.8004130279999995,1,0,0,0,0,0.6406610153921279,119.69132641200001,148.189261272
25,22,25,33.56150184,45.53556603,5.977413802999999,95.70525913,mango,72,1.136363584710746,0.9999999600000016,0.8799999648000014,1.7320508075688772,4.357993146532375,7.386195214987135,32.12012230389172,1,0,0,0,1,0,1126.3744057563233,9159.49662514045,0.5225861970000008,1,0,0,0,0,0.2730963332949236,149.435345075,131.503103666
0,21,32,35.89855625,54.25964196,6.430139436,92.19721736,mango,53,0.0,0.0,0.6562499794921882,16.258331197676263,5.002588003661897,7.272056551940796,33.09746993491436,1,0,0,0,1,1,1288.706340834414,8500.326888927084,0.06986056399999985,0,0,0,0,0,0.0048804984023980745,0.0,135.032928156
20,19,35,34.17719782,50.62161586,6.113935087000001,98.00687989,mango,74,1.0526315235457093,0.5714285551020413,0.5428571273469392,8.962886439832502,4.961266625428738,7.000471199847308,33.4960052172151,1,0,0,0,1,0,1168.080850827413,9605.348505772885,0.38606491299999934,0,0,0,0,0,0.14904611704969706,122.27870174000002,116.16476665300002
19,21,34,30.01592643,53.19212381,5.074272692,97.72843182,mango,74,0.9047618616780065,0.558823512975779,0.61764704065744,8.144527815247077,5.198382845126583,4.688242442635888,29.33409419628391,1,0,0,0,1,0,900.9558394511726,9550.846385996389,1.425727308,1,0,1,0,0,2.0326983567769266,96.411181148,106.559726532
18,17,31,31.74592134,45.16127859,5.667507706,93.75441586,mango,66,1.0588234671280312,0.5806451425598341,0.5483870790842877,7.810249675906654,4.234069293696174,6.441313080680338,29.763203111692082,1,0,0,0,1,0,1007.8035217254674,8789.890493249819,0.8324922939999997,1,0,0,0,0,0.6930434195693819,102.01513870800001,96.347631002
11,36,33,35.99009679,52.22780489,5.978634285,95.3713484,mango,80,0.3055555470679015,0.33333332323232356,1.0909090578512408,13.650396819628845,4.981036176331414,7.638820236796648,34.32424059908812,1,0,0,0,1,1,1295.2870669535685,9095.694095634182,0.521365715,1,0,0,0,0,0.27182220877746116,65.764977135,215.23083426
30,28,30,31.86641378,52.19331595,5.064613314,98.46768642,mango,88,1.0714285331632667,0.9999999666666678,0.9333333022222232,1.1547005383792515,5.139355068184584,5.672938943870261,31.37812039419007,1,0,0,0,1,0,1015.4683271981738,9695.885268907454,1.4353866860000002,1,0,1,0,0,2.060334938346063,151.93839942,141.809172792
18,19,27,27.75518664,52.34605806,4.772385986000001,94.11213345,mango,64,0.9473683711911383,0.6666666419753096,0.7037036776406045,4.932882862316247,4.926399201724168,3.695652138764238,26.12099828993337,1,0,0,0,0,0,770.3503854212346,8857.09366251061,1.7276140139999994,1,0,1,0,1,2.98465018136919,85.90294774800002,90.675333734
23,23,27,34.72413192,51.4271781,5.161148592,97.31258083,mango,73,0.999999956521741,0.8518518203017844,0.8518518203017844,2.3094010767585034,5.004511425715056,7.15192637382265,33.79094894216583,1,0,0,0,1,0,1205.7653375975628,9469.738387795283,1.338851408,1,0,1,0,0,1.7925230927035825,118.706417616,118.706417616
37,30,34,27.53907547,53.63549533,6.797779227,99.35408185,mango,101,1.2333332922222235,1.0882352621107276,0.8823529152249143,3.5118845842842465,5.328905393082112,3.495454998362975,27.361195583197073,1,0,0,0,0,0,758.4006777423557,9871.2335802565,0.29777922700000037,0,0,0,0,0,0.08867246803271775,251.51783139900002,203.93337681
11,27,30,27.69637763,48.56224879999999,6.39474303,89.85646496,mango,68,0.4074073923182447,0.36666665444444485,0.899999970000001,10.214368964029708,4.363632007676001,3.9588435767318577,24.886985860290228,1,0,0,0,0,0,767.0893338235644,8074.184295107707,0.10525697000000012,0,0,0,0,0,0.011079029733580924,70.34217333,172.65806181
12,19,31,27.25373364,52.66319725,5.566704378,91.87312479,mango,62,0.6315789141274255,0.38709676170655605,0.6129032060353804,9.60902353693305,4.838332492789635,3.433685585177195,25.038856717011413,1,0,0,0,0,0,742.7659973200676,8440.671058678914,0.9332956220000002,1,0,0,0,0,0.8710407180443672,66.800452536,105.767383182
3,28,33,30.33723921,48.88704844,5.755049971,94.42850522,mango,64,0.10714285331632667,0.09090908815427007,0.8484848227731873,16.072751268321593,4.616330908806933,5.283668070048626,28.64700151101874,1,0,0,0,1,0,920.3480828847614,8916.742598083569,0.744950029,1,0,0,0,0,0.5549505457071008,17.265149913000002,161.141399188
37,38,32,31.85744939,45.53106268,5.417340525,91.55845821,mango,107,0.9736841849030479,1.1562499638671888,1.1874999628906262,3.214550253664318,4.16875389964367,6.458626675989822,29.168189486515047,1,0,0,0,1,0,1014.8970816364114,8382.951269792316,1.0826594749999998,1,0,1,0,0,1.1721515388072752,200.441599425,205.85893995
26,37,30,35.39986338,49.45962621,6.166173833999999,97.41054011,mango,93,0.7027026837107383,0.8666666377777787,1.2333332922222235,5.5677643628300215,4.817888902754813,7.783148515401328,34.4831981166601,1,0,0,0,1,1,1253.150327322665,9488.813324521918,0.3338261660000006,0,0,0,0,0,0.11143990910625995,160.32051968399998,228.14843185799998
14,18,30,29.80747243,52.13797867,5.191265116,95.74606104,mango,62,0.7777777345679036,0.4666666511111116,0.5999999800000007,8.32666399786453,4.992006088240038,4.694054546380469,28.53948074730897,1,0,0,0,0,0,888.4854126652101,9167.308204675406,1.3087348839999997,1,0,1,0,0,1.7127869965984928,72.67771162400001,93.442772088
40,16,35,34.16438906,54.16482251,4.954739564,98.33351125,mango,91,2.4999998437500097,1.1428571102040825,0.4571428440816331,12.662279942148386,5.326217183641338,6.492272866025141,33.59504335980887,1,0,0,0,1,0,1167.2054798430474,9669.479434753877,1.5452604360000004,1,0,1,0,1,2.3878298150669113,198.18958256,79.275833024
4,20,25,28.93270187,47.94053996,5.664587011,99.9834242,mango,49,0.1999999900000005,0.15999999360000025,0.7999999680000013,10.96965511460289,4.7932593431977315,4.650316360504982,28.927906043203436,1,0,0,0,0,0,837.1012374983014,9996.685114757145,0.8354129889999999,1,0,0,0,0,0.697914862189914,22.658348044,113.29174022000001
36,25,33,27.98392787,53.33018851,5.548584852,99.61465679,mango,94,1.4399999424000023,1.0909090578512408,0.7575757346189171,5.686240703077327,5.312468424969651,3.726084086426572,27.876093704061656,1,0,0,0,0,0,783.1002190333627,9923.079847389492,0.9514151479999997,1,0,0,0,0,0.9051907838438613,199.749054672,138.7146213
30,17,31,31.20478173,54.49960506,6.804437106,94.62954663,mango,78,1.7647057785467188,0.9677419042663902,0.5483870790842877,7.810249675906654,5.157272918341853,5.098219939314965,29.528943477980068,1,0,0,0,1,0,973.7384028169419,8954.751095399342,0.30443710599999996,0,0,0,0,0,0.0926819515096552,204.13311318,115.675430802
28,37,28,32.13409675,50.52559148,6.097869767000001,98.63333684,mango,93,0.7567567363038721,0.9999999642857155,1.3214285242346955,5.196152422706632,4.983507683487074,6.003272596307041,31.694931887918987,1,0,0,0,1,0,1032.6001739383605,9728.5351361929,0.4021302329999994,0,0,0,0,0,0.1617087242926338,170.74035347600002,225.62118137900003
38,15,30,28.91862016,48.13974548,5.075504537,97.01331604,mango,83,2.5333331644444557,1.2666666244444458,0.4999999833333339,11.67618659209133,4.670196342336403,4.625219114648031,28.054912370227953,1,0,0,0,0,0,836.2865919583584,9411.583489076922,1.4244954630000004,1,0,1,0,0,2.0291873241075855,192.869172406,76.132568055
12,37,30,31.09779147,47.41196659,4.546466109,90.28624348,mango,79,0.3243243155588023,0.3999999866666671,1.2333332922222235,12.897028081435401,4.280648359410365,5.83611028601573,28.077027723506873,1,0,0,0,1,0,967.0726343116048,8151.605761729842,1.9535338910000002,1,0,1,0,1,3.8162946632856007,54.557593307999994,168.219246033
38,19,31,34.73823882,49.08864345,5.855119267999999,90.65022183,mango,88,1.9999998947368476,1.2258064120707608,0.6129032060353804,9.60902353693305,4.449896418076277,7.5034373148407125,31.490290550165177,1,0,0,0,1,0,1206.745236315355,8217.46271782821,0.6448807320000007,1,0,0,0,0,0.4158711585048568,222.49453218399998,111.24726609199999
8,33,29,29.98080499,49.48613279,6.442393461,91.82271568,mango,70,0.2424242350780535,0.27586205945303244,1.1379309952437588,13.428824718989125,4.543951101278895,5.041690579137653,27.529189324542955,1,0,0,0,0,0,898.8486678484088,8431.411114850118,0.05760653900000001,0,0,0,0,0,0.0033185133355585223,51.539147688,212.598984213
15,27,28,33.80398664,46.12866113,4.507523551,90.82549241,mango,70,0.5555555349794246,0.5357142665816333,0.96428567984694,7.234178138070235,4.189658361346276,7.4363924204039265,30.702637319990608,1,0,0,0,1,0,1142.7095127572984,8249.270071518968,1.9924764489999998,1,0,1,0,1,3.9699623998196487,67.612853265,121.70313587700001
34,16,25,30.07202564,50.96040505,6.10729559,92.09609766,mango,75,2.1249998671875083,1.359999945600002,0.639999974400001,9.0,4.693254440277957,4.939280577116145,27.69516210175464,1,0,0,0,1,0,904.3267260928174,8481.691204200257,0.39270441000000034,0,0,0,0,0,0.15421675363344836,207.64805006,97.71672944
11,36,31,27.92063282,51.77965917,6.47544932,100.2585673,mango,78,0.3055555470679015,0.3548386982310097,1.1612902851196683,13.228756555322953,5.191354443666507,3.819356141696841,27.99282644642559,1,0,0,0,0,0,779.5617370692612,10051.780317048628,0.024550679999999936,0,0,0,0,0,0.0006027358884623968,71.22994252,233.11617552
33,29,34,31.40948821,49.21729127,6.832979508999999,92.99739415,mango,96,1.1379309952437588,0.9705882067474058,0.8529411513840839,2.6457513110645907,4.577079835231544,5.794047165267991,29.21000555115148,1,0,0,0,1,0,986.555949614129,8648.515318690455,0.3329795089999994,0,0,0,0,0,0.11087535341388068,225.488323797,198.15640576099997
12,31,26,35.7877738,51.94190321,5.395275719,100.2160615,mango,69,0.38709676170655605,0.4615384437869829,1.1923076464497058,9.848857801796104,5.205412966520408,7.587303613790259,35.86509740088888,1,0,0,0,1,1,1280.7647535599663,10043.25898257178,1.1047242810000002,1,0,1,0,0,1.2204157370309674,64.743308628,167.25354728899998
12,34,28,33.36140093,45.02236377,6.13526938,98.81596545,mango,74,0.35294116608996573,0.4285714132653067,1.214285670918369,11.372481406154654,4.448928342773651,7.345782398527239,32.966390416624776,1,0,0,0,1,0,1112.983072012205,9764.595027815592,0.36473061999999956,0,0,0,0,0,0.13302842516558408,73.62323256,208.59915892
5,16,31,35.96054636,48.69677802,4.555688532,98.00644238,mango,52,0.3124999804687512,0.1612903173777317,0.5161290156087414,13.051181300301261,4.77259796910878,8.188274528291611,35.24365214784659,1,0,0,0,1,1,1293.1608945097094,9605.26274798426,1.9443114680000004,1,0,1,0,1,3.7803470845963165,22.778442659999996,72.891016512
1,30,29,28.33333307,51.39586505,6.4341977560000005,91.67241761,mango,60,0.033333332222222255,0.034482757431629055,1.0344827229488716,16.46207763315433,4.711583204290803,4.050344451175778,25.97385141476263,1,0,0,0,0,0,802.7777628555556,8403.832150462238,0.06580224399999945,0,0,0,0,0,0.004329935315435464,6.4341977560000005,193.02593268
16,35,31,32.27652024,50.19368841,5.316875978000001,95.99487068,mango,82,0.4571428440816331,0.5161290156087414,1.1290322216441218,10.016652800877813,4.818336627870165,6.114481923143818,30.98380386439203,1,0,0,0,1,0,1041.7737588031298,9215.015196869925,1.1831240219999994,1,0,1,0,0,1.3997824514334551,85.07001564800001,186.09065923000003
35,18,26,31.99490489,50.84881347,5.279388967,97.38741498,mango,79,1.944444336419759,1.3461537943787,0.6923076656804744,8.504900548115382,4.952034498643504,5.895638076579992,31.15901079768061,1,0,0,0,1,0,1023.6739389201459,9484.30859648673,1.220611033,1,0,1,0,0,1.489891293881327,184.778613845,95.029001406
4,40,26,27.58258929,48.56916221,6.720041791,95.8445641,mango,70,0.09999999750000006,0.15384614792899431,1.5384614792899431,18.14754345175493,4.655090180719642,3.8997891980218133,26.436412472493785,1,0,0,0,0,0,760.7992319408228,9186.180467519009,0.22004179099999988,0,0,0,0,0,0.048418389786487624,26.880167164,268.80167164
9,29,34,29.38471637,45.88744691,5.72742254,100.8124659,mango,72,0.3103448168846615,0.2647058745674743,0.8529411513840839,13.228756555322953,4.626026676852436,5.07830962806217,29.62345717031797,1,0,0,0,0,0,863.461556145346,10163.153280838664,0.7725774599999999,1,0,0,0,0,0.5968759317000515,51.54680286,166.09525366
2,38,33,32.38697531,53.2328243,4.691396195,90.21633216,mango,73,0.05263157756232691,0.060606058769513374,1.1515151166207542,19.5021366350801,4.802470158863719,5.793038507143319,29.218341222246785,1,0,0,0,1,0,1048.9161697305494,8138.986588403449,1.8086038049999997,1,0,1,0,1,3.271047723460477,9.38279239,178.27305541
26,32,32,30.91471455,49.92963856,6.810186079,90.14047759,mango,90,0.8124999746093758,0.8124999746093758,0.9999999687500011,3.4641016151377544,4.50068146569448,5.465037025329269,27.866671340955218,1,0,0,0,1,0,955.7195757079817,8125.3057001532925,0.31018607900000017,0,0,0,0,0,0.09621540360539435,177.064838054,217.925954528
34,38,31,35.37775595,45.58110023,6.454045329,97.41586402,mango,103,0.8947368185595574,1.0967741581685755,1.2258064120707608,3.511884584284246,4.440322261887671,8.368405597305713,34.46354662957946,1,0,0,0,1,1,1251.5856160577605,9489.850562763131,0.045954670999999614,0,0,0,0,0,0.0021118317867182055,219.437541186,245.25372250200002
5,32,33,32.32362177,52.58967710000001,5.842763773,93.36718816,mango,70,0.15624999511718765,0.15151514692378343,0.969696940312214,15.88500340992514,4.910150277069344,5.842668874131696,30.179656758122622,1,0,0,0,1,0,1044.8165243300182,8717.431824904843,0.6572362270000003,1,0,0,0,0,0.4319594580811959,29.213818865,186.968440736
31,29,26,28.22373428,47.40519056,5.024124683999999,97.76832322,mango,86,1.0689654803805007,1.1923076464497058,1.1153845724852087,2.5166114784235836,4.634725992975773,4.325257373417956,27.593871755624335,1,0,0,0,0,0,796.579176708047,9558.645025250391,1.4758753160000007,1,0,1,0,0,2.178207948378102,155.747865204,145.699615836
34,34,35,27.27433181,47.16808054,6.422710539,95.257992,mango,103,0.9999999705882362,0.9714285436734702,0.9714285436734702,0.5773502691896258,4.493136638734676,3.8431691231123604,25.980980813623255,1,0,0,0,0,0,743.8891756819778,9074.085039872065,0.07728946100000034,0,0,0,0,0,0.005973660781670573,218.37215832599998,218.37215832599998
36,19,32,27.10710832,50.70880979,4.94295037,92.37238878,mango,87,1.8947367423822765,1.1249999648437512,0.5937499814453131,8.888194417315589,4.68409389249295,3.503178280441935,25.039483484366123,1,0,0,0,0,0,734.7953214722131,8532.658208923469,1.5570496299999999,1,0,1,0,1,2.4244035502831363,177.94621332,93.91605703
7,17,26,34.89226666,48.75613373,6.414526606,91.63074547,mango,50,0.4117646816609011,0.26923075887574005,0.6538461286982258,9.50438495292217,4.467560879914911,7.6313732118221935,31.972044051938266,1,0,0,0,1,0,1217.4702726725473,8396.193515387924,0.08547339400000009,0,0,0,0,0,0.007305701081879252,44.901686242,109.046952302
38,15,27,33.7462686,48.50387598,6.777788126,92.26439205,mango,80,2.5333331644444557,1.407407355281209,0.5555555349794246,11.50362261782493,4.475180629363297,7.078795526378318,31.135789563350045,1,0,0,0,1,0,1138.810644423346,8512.718040356103,0.2777881259999999,0,0,0,0,0,0.07716624294659183,257.555948788,101.66682189
5,19,25,27.351105600000004,54.43945147,6.441328044,96.27792547,mango,49,0.26315788088642733,0.19999999200000032,0.7599999696000012,10.263202878893768,5.241317451256342,3.3492040343795493,26.333077064789,1,0,0,0,0,0,748.0829775423516,9269.438932806876,0.058671956000000414,0,0,0,0,0,0.0034423984208659846,32.20664022,122.38523283599999
37,36,26,32.89300162,52.61323969,4.650536197,94.49161372,mango,99,1.027777749228396,1.4230768683431974,1.3846153313609488,6.082762530298219,4.971509921345253,6.109575774433816,31.081128031683743,1,0,0,0,1,0,1081.9495555733226,8928.665063409693,1.849463803,1,0,1,0,1,3.4205163586072223,172.06983928900002,167.419303092
21,31,32,35.38598705,51.42664176,5.254532213,90.29643888,mango,84,0.677419332986473,0.6562499794921882,0.9687499697265636,6.082762530298219,4.643642614485496,7.473490608556506,31.952286168687962,1,0,0,0,1,1,1252.1680795027676,8153.446874409575,1.245467787,1,0,1,0,0,1.5511900084546772,110.345176473,162.890498603
37,36,27,27.552973600000005,47.90859131,5.910634533,90.40332704,mango,100,1.027777749228396,1.370370319615914,1.3333332839506191,5.507570547286102,4.331096048223632,3.9344503462238083,24.908804832852866,1,0,0,0,0,0,759.1663542022973,8172.761539901194,0.5893654670000004,1,0,0,0,0,0.3473516536921285,218.693477721,212.782843188
23,23,30,32.82141065,47.45553843,4.755273631000001,90.89173106,mango,76,0.999999956521741,0.7666666411111119,0.7666666411111119,4.041451884327381,4.313316036287054,6.736941191721136,29.831948298096194,1,0,0,0,1,0,1077.2449970559333,8261.306775083369,1.7447263689999994,1,0,1,0,1,3.0440701026839223,109.37129351300001,109.37129351300001
36,26,26,30.17294105,51.0845903,6.814630246,95.23444287,mango,88,1.3846153313609488,1.3846153313609488,0.9999999615384629,5.773502691896257,4.865012496462706,4.976135793146981,28.735032306461026,1,0,0,0,1,0,910.406371606775,9069.599108759294,0.3146302460000001,0,0,0,0,0,0.09899219169802059,245.326688856,177.18038639600002
24,33,35,29.26382931,54.82257868,5.342866119,100.7586226,mango,92,0.7272727052341605,0.6857142661224496,0.9428571159183682,5.8594652770823155,5.523847515176926,4.1851591977443485,29.48583133277108,1,0,0,0,0,0,856.371705884815,10152.30002824923,1.157133881,1,0,1,0,0,1.3389588185581223,128.228786856,176.314581927
26,18,30,32.06097197,51.08494181,6.336234623999999,96.59816497,mango,74,1.4444443641975353,0.8666666377777787,0.5999999800000007,6.110100926607786,4.934711636445231,5.899631457405088,30.970310594566055,1,0,0,0,1,0,1027.9059236611256,9331.205475571334,0.16376537600000063,0,0,0,0,0,0.02681909837642158,164.74210022399998,114.05222323199999
22,17,26,28.69818144,47.71875722,4.754435025,99.642454,mango,65,1.2941175709342605,0.8461538136094686,0.6538461286982258,4.509249752822894,4.754814071231018,4.5475173560913,28.595572240188535,1,0,0,0,0,0,823.5856179631604,9928.618639142116,1.7455649749999997,1,0,1,0,1,3.0469970819467496,104.59757055,80.82539542500001
11,34,32,29.14305008,49.40983294,6.831706773,97.55155537,mango,77,0.32352940224913523,0.34374998925781286,1.0624999667968762,12.741009902410928,4.820006053868861,4.625484309851463,28.429498635298028,1,0,0,0,0,0,849.3173679653879,9516.305955106176,0.3317067729999996,0,0,0,0,0,0.11002938325407328,75.148774503,232.27803028199997
29,35,28,28.347161100000005,53.53903102,6.9674177660000005,90.40260445,mango,92,0.8285714048979599,1.035714248724491,1.2499999553571444,3.7859388972001824,4.840067843937341,3.8781719293816286,25.626571922037275,1,0,0,0,0,0,803.5615424293535,8172.630891343159,0.4674177660000005,0,0,0,0,0,0.21847936797243123,202.055115214,243.85962181000002
22,28,26,27.67256197,45.41692012,4.947683034,92.84991507,mango,76,0.7857142576530622,0.8461538136094686,1.0769230355029602,3.0550504633038935,4.216957175882975,4.187920628927602,25.693950286838117,1,0,0,0,0,0,765.7706859834904,8621.106728506213,1.5523169660000002,1,0,1,0,1,2.409687962931446,108.849026748,138.535124952
23,24,32,28.1218093,46.16888595,5.630619901,93.30247448,mango,79,0.9583332934027794,0.7187499775390632,0.7499999765625008,4.932882862316247,4.307671303119906,4.372060427206506,26.23834394544677,1,0,0,0,0,0,790.8361583055664,8705.351744091051,0.8693800989999998,1,0,0,0,0,0.7558217565372495,129.504257723,135.134877624
1,35,34,30.79375683,46.69536813,6.27339822,92.21318555,mango,70,0.028571427755102068,0.02941176384083048,1.0294117344290667,19.347695814575268,4.3059286456972465,5.753572343174482,28.3959041234637,1,0,0,0,1,0,948.2554597051716,8503.27158927873,0.2266017800000002,0,0,0,0,0,0.051348366699168486,6.27339822,219.5689377
2,24,34,28.89409382,54.80750249,6.472774648,94.76322976,mango,60,0.08333332986111125,0.05882352768166096,0.7058823321799315,16.3707055437449,5.193735951031642,4.019463128140563,27.38097651371656,1,0,0,0,0,0,834.8686576789621,8980.06971454655,0.027225352000000314,0,0,0,0,0,0.000741219791523921,12.945549296,155.346591552
39,37,25,33.33024826,45.61143594,6.953246506,98.28583013,mango,101,1.0540540255661075,1.5599999376000024,1.4799999408000024,7.571877794400365,4.482957844784217,7.2501306142471345,32.75891118673088,1,0,0,0,1,0,1110.9054490732328,9660.104404343214,0.45324650600000016,0,0,0,0,0,0.20543239520120818,271.176613734,257.270120722
15,36,27,27.78912455,53.96886679,5.6437102160000014,91.01152997,mango,78,0.41666665509259293,0.5555555349794246,1.3333332839506191,10.535653752852738,4.911789137305022,3.5854222975033134,25.291307418223877,1,0,0,0,0,0,772.2354432554127,8283.098587480208,0.8562897839999986,1,0,0,0,0,0.7332321941827642,84.65565324000002,203.17356777600006
3,18,31,31.65333432,48.20662669,6.392313972999999,91.09745581,mango,52,0.1666666574074079,0.09677419042663901,0.5806451425598341,14.0118997046558,4.3915010446414415,6.03565494741995,28.83538224455356,1,0,0,0,1,0,1001.9335735736898,8298.746455054903,0.10768602700000063,0,0,0,0,0,0.011596280411044864,19.176941918999997,115.06165151399999
8,38,32,29.75150773,46.73723302,4.981816523,91.405983,mango,78,0.21052631024930765,0.24999999218750027,1.1874999628906262,15.874507866387544,4.272062726893158,5.193922839266588,27.194658097927487,1,0,0,0,0,0,885.1522122082498,8355.05372819629,1.518183477,1,0,1,0,1,2.3048810698358095,39.854532184,189.309027874
33,31,34,31.32995611,50.22287593,5.421265282999999,89.78216168,mango,98,1.0645160946930292,0.9705882067474058,0.9117646790657448,1.5275252316519465,4.50911836678184,5.6397263099512465,28.12871184895324,1,0,0,0,1,0,981.5661498545264,8060.836555933661,1.0787347170000006,1,0,1,0,0,1.1636685896610712,178.90175433899998,168.05922377299999
14,29,32,35.63627319,48.97047762,6.942520105,97.51952041,mango,75,0.48275860404280674,0.4374999863281255,0.9062499716796885,9.643650760992955,4.775577491751038,7.9791155268889895,34.75232270688541,1,0,0,0,1,1,1269.9439668723126,9510.056860996407,0.44252010499999983,0,0,0,0,0,0.19582404332921088,97.19528147,201.333083045
18,20,26,31.66524687,51.98594645,5.435840509,89.98024312,mango,64,0.8999999550000022,0.6923076656804744,0.7692307396449716,4.163331998932266,4.6777081003943,5.600957878901499,28.49246611817419,1,0,0,0,1,0,1002.6878593380449,8096.444151934307,1.0641594909999998,1,0,1,0,0,1.1324354222853787,97.845129162,108.71681018000001
9,21,32,32.26935342,53.56092806,5.870116071,95.94035356,mango,62,0.4285714081632663,0.2812499912109378,0.6562499794921882,11.503622617824933,5.138654375078126,5.697773861286651,30.959331762673955,1,0,0,0,1,0,1041.3111701448659,9204.551441217805,0.629883929,1,0,0,0,0,0.39675376401247703,52.831044639,123.272437491
20,30,27,27.81005614,51.59445462,4.74910393,95.89898581,mango,77,0.6666666444444451,0.7407407133058995,1.1111110699588491,5.131601439446884,4.947855871478069,3.7805002690511764,26.669561791451635,1,0,0,0,0,0,773.3992225099518,9196.61547938658,1.7508960699999996,1,0,1,0,1,3.0656370479414434,94.98207860000001,142.4731179
9,38,25,34.58561471,50.34035336,5.497946899,100.3060719,mango,72,0.2368420990304711,0.35999998560000057,1.5199999392000023,14.52583904633395,5.049443103599566,7.243164725257861,34.69147155806958,1,0,0,0,1,0,1196.1647448685685,10061.30806000797,1.0020531009999996,1,0,1,0,0,1.0041104172237154,49.481522091,208.921982162
26,24,34,31.27180992,52.23810152,6.811291098,89.74409017,mango,84,1.0833332881944462,0.7647058598615925,0.7058823321799315,5.291502622129181,4.688060893120494,5.383630410848968,28.064601292395807,1,0,0,0,1,0,977.9260956726104,8054.0017204410915,0.3112910979999999,0,0,0,0,0,0.09690214769404552,177.093568548,163.470986352
31,36,29,33.93679864,52.72170281,6.460542749,97.4611918,mango,96,0.8611110871913588,1.0689654803805007,1.241379267538646,3.605551275463989,5.138319989588008,6.589081079791079,33.075208413310186,1,0,0,0,1,0,1151.7063019319057,9498.683907076385,0.03945725099999997,0,0,0,0,0,0.0015568746564769986,200.276825219,232.579538964
14,18,35,31.09154239,47.02058367,4.791146778,91.46664318,mango,67,0.7777777345679036,0.39999998857142893,0.5142856995918372,11.150485789118488,4.300814948659226,5.876234420216533,28.438390137019745,1,0,0,0,1,0,966.684008189167,8366.146814617441,1.7088532220000001,1,0,1,0,1,2.9201793343397817,67.076054892,86.240642004
40,16,35,31.89356292,49.02450149,6.4841522000000005,89.59371481,mango,91,2.4999998437500097,1.1428571102040825,0.4571428440816331,12.662279942148386,4.39228720519748,6.062802989070514,28.574627805292707,1,0,0,0,1,0,1017.1993557319989,8027.0337334556125,0.015847799999999523,0,0,0,0,0,0.0002511527648399849,259.366088,103.74643520000001
28,27,34,32.45465292,50.69693751,6.526654345,95.04871605,mango,89,1.0370369986282593,0.8235293875432533,0.7941176237024229,3.7859388972001824,4.818678817992583,6.140525312060211,30.847730898943833,1,0,0,0,1,0,1053.3044961576645,9034.258422753526,0.026654344999999857,0,0,0,0,0,0.0007104541073790174,182.74632166,176.219667315
0,17,30,35.47478322,47.97230503,6.279133738,97.79072474,mango,47,0.0,0.0,0.5666666477777784,15.044378795195676,4.691246476332048,8.051173010970343,34.69104761078191,1,0,0,0,1,1,1258.4602445059936,9563.025845174448,0.22086626200000037,0,0,0,0,0,0.04878190568985281,0.0,106.74527354599999
1,29,29,27.32961444,49.30347234,6.052026047000001,93.53197359,mango,59,0.034482757431629055,0.034482757431629055,0.9999999655172426,16.165807537309522,4.611451072800176,3.7158600119459546,25.561927760269626,1,0,0,0,0,0,746.9078254390565,8748.23008364046,0.4479739529999991,0,0,0,0,0,0.2006806625664454,6.052026047000001,175.50875536300003
2,36,31,30.90225239,49.95955487,5.73171945,91.77522598,mango,69,0.05555555401234573,0.06451612695109267,1.1612902851196683,18.35755975068582,4.58504943805446,5.455535625152064,28.360611963832454,1,0,0,0,1,0,954.9492027752608,8422.692103680067,0.7682805500000001,1,0,0,0,0,0.5902550035083026,11.4634389,206.3419002
12,27,26,29.09382275,45.5661059,5.32307197,96.23520043,mango,65,0.44444442798353967,0.4615384437869829,1.0384614985207115,8.386497083606082,4.385063334101106,4.950121845376708,27.998498636211437,1,0,0,0,0,0,846.4505222084176,9261.213801802274,1.17692803,1,0,1,0,0,1.385159587799681,63.876863639999996,143.72294319
7,28,35,30.02086169,46.78393776,4.66910839,96.63721027,mango,70,0.24999999107142887,0.19999999428571447,0.7999999771428579,14.571661996262929,4.521069230571713,5.332707993934716,29.011323236231174,1,0,0,0,1,0,901.2521366101097,9338.750408768194,1.8308916100000001,1,0,1,0,1,3.3521640875683927,32.68375873,130.73503492
0,36,26,34.13072188,51.25786185,5.101206389,96.38808001,mango,62,0.0,0.0,1.3846153313609488,18.583146486355137,4.940646889139326,6.88761598034188,32.897947513684976,1,0,0,0,1,0,1164.906176049911,9290.661968014161,1.3987936110000003,1,0,1,0,0,1.9566235661744202,0.0,183.64343000399998
26,35,31,33.44619894,53.05980465,5.339556562,98.05089394,mango,92,0.7428571216326537,0.8387096503642048,1.1290322216441218,4.509249752822894,5.202561278214268,6.31167204958563,32.7942970496208,1,0,0,0,1,0,1118.6482235340573,9613.977802433128,1.1604434379999997,1,0,1,0,0,1.3466289727972591,138.82847061200002,186.88447967000002
27,21,30,35.3915464,52.48823147,5.061081874,91.22881052,mango,78,1.2857142244897988,0.899999970000001,0.6999999766666675,4.58257569495584,4.788438923306531,7.312795898755549,32.28728680535389,1,0,0,0,1,1,1252.5615565833532,8322.695868894061,1.438918126,1,0,1,0,0,2.0704853733313517,136.649210598,106.28271935400001
22,38,31,31.53356352,53.06009323,5.8211060360000015,98.57025046,mango,91,0.578947353185596,0.7096773964620194,1.2258064120707608,8.020806277010644,5.230146679112051,5.41384396354673,31.082712540627195,1,0,0,0,1,0,994.3656282698748,9716.09427574713,0.6788939639999985,1,0,0,0,0,0.4608970143556312,128.06433279200004,221.20202936800007
22,18,31,30.764551500000003,47.93791463,5.956027059,90.38503469,mango,71,1.2222221543209915,0.7096773964620194,0.5806451425598341,6.6583281184793925,4.332870076798809,5.604249991627617,27.806550545497917,1,0,0,0,1,0,946.4576289961525,8169.454495912503,0.5439729409999998,1,0,0,0,0,0.29590656054018927,131.032595298,107.208487062
28,23,28,30.01821337,50.09831810000001,5.676032581,96.08745082,mango,79,1.2173912514177716,0.9999999642857155,0.8214285420918378,2.886751345948129,4.813819676598467,4.999256967960671,28.843736008941413,1,0,0,0,1,0,901.0931339268468,9232.79820508592,0.8239674189999997,1,0,0,0,0,0.6789223075735211,158.928912268,130.548749363
7,31,27,31.32863689,47.59319575,6.524114355,94.67344737,mango,65,0.22580644432882438,0.2592592496570648,1.1481481056241443,12.858201014657274,4.505811913007733,5.936976559135587,29.659900557792557,1,0,0,0,1,0,981.4834893854688,8963.061636920162,0.024114355000000032,0,0,0,0,0,0.0005815021170660265,45.668800485,202.247545005
29,34,26,33.88004781,54.39416048,6.2739536760000005,89.29147581,mango,89,0.8529411513840839,1.1153845724852087,1.3076922573964516,4.041451884327381,4.8569348647051775,6.330112329527875,30.251994694682583,1,0,0,0,1,0,1147.8576396078859,7972.967652327814,0.22604632399999947,0,0,0,0,0,0.05109694059391273,181.94465660400002,213.31442498400003
8,37,33,28.07802689,54.9640534,6.128167757000001,97.45373619,mango,78,0.21621621037253486,0.2424242350780535,1.1212120872359974,15.716233645501712,5.3564523599766725,3.638015876514041,27.36308625273786,1,0,0,0,0,0,788.375594035563,9497.230697390116,0.3718322429999992,0,0,0,0,0,0.13825921693441043,49.02534205600001,226.74220700900003
39,16,27,35.53845018,52.94641947,4.934964765,91.54560427,mango,82,2.4374998476562593,1.444444390946504,0.5925925706447196,11.50362261782493,4.847011964314043,7.311397168560229,32.5338889654739,1,0,0,0,1,1,1262.9814411963418,8380.597661159441,1.5650352349999999,1,0,1,0,1,2.449335286791505,192.46362583500002,78.95943624
40,24,25,28.70595247,50.44030129,5.445008416,95.8946444,mango,89,1.666666597222225,1.5999999360000026,0.9599999616000015,8.962886439832502,4.836954755633412,4.314643813967803,27.527471042739517,1,0,0,0,0,0,824.0317072098991,9195.782824602453,1.0549915839999997,1,0,1,0,0,1.1130072423108284,217.80033664,130.680201984
19,38,26,31.48451729,48.77926304,4.525722333,93.17221967,mango,83,0.49999998684210567,0.7307692026627229,1.4615384053254459,9.60902353693305,4.544872211303592,5.882454392236621,29.334823611477933,1,0,0,0,1,0,991.2748289843089,8681.062518234736,1.974277667,1,0,1,0,1,3.8977723064149625,85.988724327,171.977448654
21,21,30,27.69819273,51.41593238,5.403908327999999,100.7720705,mango,72,0.9999999523809546,0.6999999766666675,0.6999999766666675,5.196152422706632,5.181289962620593,3.7400951614611233,27.912042305101473,1,0,0,0,0,0,767.1898805082247,10155.01019285697,1.096091672000001,1,0,1,0,0,1.2014169534277577,113.48207488799999,113.48207488799999
22,18,33,30.41235793,52.48100602,6.621623545,93.92375879,mango,73,1.2222221543209915,0.6666666464646471,0.5454545289256204,7.767453465154029,4.929213350479018,4.947847737932752,28.56442970452463,1,0,0,0,1,0,924.9115148624338,8821.672465242102,0.12162354500000028,0,0,0,0,0,0.014792286698367092,145.67571799,119.18922381
31,20,30,32.17752026,54.01352682,6.207495815,91.88766069,mango,81,1.5499999225000038,1.03333329888889,0.6666666444444451,6.082762530298219,4.963176625106375,5.600012088353967,29.56717063496481,1,0,0,0,1,0,1035.3928100827106,8443.342187080572,0.2925041850000003,0,0,0,0,0,0.0855586982425144,192.432370265,124.1499163
18,26,31,32.611261400000004,47.74916499,5.418475257000001,91.10190759,mango,75,0.6923076656804744,0.5806451425598341,0.8387096503642048,6.557438524302,4.350040016418643,6.589489386793819,29.70948122456134,1,0,0,0,1,0,1063.4943700991303,8299.5575665369,1.0815247429999992,1,0,1,0,0,1.1696957697212145,97.532554626,140.880356682
24,130,195,29.99677232,81.54156612,6.112305667,67.12534492,grapes,349,0.1846153831952663,0.12307692244575938,0.6666666632478633,86.3153134347164,5.473505751121986,1.8452476088213425,20.135436884667087,1,0,0,0,0,0,899.8063496179183,4505.81193062897,0.3876943329999998,0,0,0,0,0,0.15030689584031473,146.695336008,794.59973671
13,144,204,30.7280404,82.42614055,6.092241627000001,68.38135469,grapes,361,0.09027777715084877,0.06372548988369858,0.7058823494809688,97.6746299370176,5.636411152677342,1.885330741635218,21.012250295210492,1,0,0,0,1,0,944.2124668240323,4676.009669239585,0.4077583729999992,0,0,0,0,0,0.16626689075160644,79.199141151,877.2827942880001
22,123,205,32.44577836,83.88504863,5.896343436,68.73932528,grapes,350,0.1788617871637253,0.1073170726472338,0.5999999970731708,91.66424239218549,5.766201643906189,2.005631130331983,22.30300912650825,1,0,0,0,1,0,1052.7285333862442,4725.094839949647,0.6036565639999996,1,0,0,0,0,0.36440124726028555,129.719555592,725.250242628
36,125,196,37.46566825,80.65968681,6.15526103,66.83872293,grapes,357,0.28799999769600004,0.18367346845064558,0.6377550987869638,80.16857239592083,5.391190458314166,3.3779149402763924,25.04157419549048,1,0,0,0,1,1,1403.676297419058,4467.414882913308,0.34473896999999987,0,0,0,0,0,0.1188449574366608,221.58939708,769.4076287500001
24,131,196,22.03296178,83.74372787,5.732453638,65.34440794,grapes,351,0.18320610547170912,0.12244897896709704,0.6683673435287381,86.85044617041412,5.472184316353627,0.330483799255692,14.397308426787486,1,0,0,0,0,0,485.4514047989408,4269.891649029135,0.767546362,1,0,0,0,0,0.5891274178194351,137.578887312,750.951426578
2,123,198,39.64851881,82.21079946,6.253034534,70.39906054,grapes,323,0.016260162469429573,0.0101010100499949,0.6212121180746862,98.89556781440376,5.787563048226339,3.4953144142505206,27.912184760265188,1,0,0,0,1,1,1572.0050438269236,4956.027724914584,0.2469654659999998,0,0,0,0,0,0.060991941396597055,12.506069068,769.123247682
35,140,197,16.77557314,82.75241875,6.106190557000001,66.76285469,grapes,372,0.24999999821428573,0.1776649737174367,0.7106598948697468,82.17663901620703,5.524787708252282,0.0,11.199851518872869,1,0,0,1,0,0,281.41985417548943,4457.278766358055,0.3938094429999994,0,0,0,0,0,0.1550858773959698,213.71666949500002,854.8666779800001
11,122,195,12.14190714,83.56812483,5.647202395,69.63122027,grapes,328,0.09016393368718087,0.05641025612097304,0.6256410224326101,92.6516774447896,5.818950507588586,0.0,8.454558105632257,1,0,0,1,0,0,147.425908996383,4848.506836289259,0.8527976050000001,1,0,0,0,0,0.7272637550937362,62.119226345,688.95869219
6,123,203,12.7567962,81.62497448,6.130310493,66.77844567,grapes,332,0.04878048740828872,0.02955665010070616,0.6059113270644763,99.07741081262334,5.450788923627817,0.0,8.518790219649624,1,0,0,1,0,0,162.73584928833444,4459.360806101141,0.36968950700000036,0,0,0,0,0,0.1366703315859033,36.781862958,754.028190639
17,134,204,39.04071989,80.18393287,6.499604931,73.88467027,grapes,355,0.12686567069503232,0.0833333329248366,0.6568627418781238,94.47927462323858,5.924363441051765,3.773121835437661,28.845107161760808,1,0,0,0,1,1,1524.1778095294414,5458.944500906622,0.00039506899999963707,0,0,0,0,0,1.5607951476071324e-07,110.493283827,870.9470607540001
25,130,197,39.70772192,82.68593454,5.554831977,74.91506217,grapes,352,0.19230769082840238,0.12690355265531192,0.659898473807622,86.69678963683334,6.19442192664865,3.4122078739035673,29.747064562658714,1,0,0,0,1,1,1576.7031800760483,5612.266539934965,0.9451680229999999,1,0,0,0,0,0.8933425917017284,138.870799425,722.12815701
27,145,205,9.467960445,82.29335466,5.800242694,66.02765219,grapes,377,0.18620689526753867,0.13170731643069603,0.7073170697204045,90.56121318386438,5.433636999038796,0.0,6.251471992111376,1,0,0,1,0,0,89.64227498808458,4359.650853723611,0.6997573060000004,1,0,0,0,0,0.4896602873003782,156.60655273799998,841.03519063
9,122,201,29.58748357,80.91934392,5.570290539,68.06417307,grapes,332,0.07377049119860253,0.044776119180218316,0.606965171109626,96.50043177796321,5.507708229281732,1.8293547667182057,20.138476024142612,1,0,0,0,0,0,875.4191840050199,4632.731655702913,0.9297094609999998,1,0,0,0,0,0.8643596818729102,50.132614851,679.575445758
16,139,203,17.82803682,80.96093443,6.27564088,65.84748763,grapes,358,0.11510791284095027,0.07881773360188309,0.6847290606663593,95.03858865394274,5.331074128392666,0.0,11.739314339721348,1,0,0,1,0,0,317.8388968552758,4335.891627183003,0.2243591199999999,0,0,0,0,0,0.05033701472717436,100.41025408,872.31408232
32,141,204,8.825674745,82.89753705,5.536645599,67.235765,grapes,377,0.2269503530003521,0.1568627443291042,0.6911764672001154,87.01915497942585,5.573679320172594,0.0,5.934009931212549,1,0,0,1,0,0,77.89253470453083,4520.648095135225,0.9633544010000001,1,0,0,0,0,0.9280517019260691,177.172659168,780.667029459
22,138,195,27.83487131,83.51444973,6.208196881,73.02882766,grapes,355,0.15942028869985297,0.11282051224194609,0.7076923040631165,88.16083786655689,6.098962356451904,1.291621648399858,20.327480198362686,1,0,0,0,0,0,774.7800608442611,5333.209669393982,0.2918031189999999,0,0,0,0,0,0.0851490602581281,136.580331382,856.731169578
31,144,202,11.02105378,80.55557235,5.870600622,68.23963161,grapes,377,0.21527777628279324,0.15346534577492404,0.7128712835996471,86.96167738339305,5.497082581296702,0.0,7.520726499011982,1,0,0,1,0,0,121.46362642165231,4656.647322268512,0.6293993779999996,1,0,0,0,0,0.3961435770267863,181.988619282,845.366489568
3,136,205,17.5862944,80.84806564,6.334771461,71.40654520000002,grapes,344,0.022058823367214535,0.014634146270077336,0.6634146309101725,102.67586538877252,5.773081053455229,0.0,12.557765259741073,1,0,0,1,0,0,309.27775072347134,5098.894697399646,0.16522853900000012,0,0,0,0,0,0.02730047010007456,19.004314383,861.528918696
28,122,197,19.89363946,82.73366439,5.856575335,69.66256816,grapes,347,0.22950819484009677,0.14213197897394936,0.6192893369579222,84.67782078757892,5.763439534694941,0.0,13.858420148327157,1,0,0,1,0,0,395.75689096446905,4852.873402646646,0.6434246650000004,1,0,0,0,0,0.41399529953036274,163.98410937999998,714.5021908699999
4,136,204,29.93707596,81.77713468,5.898944282,65.52279323,grapes,344,0.02941176448961938,0.019607843041138023,0.6666666633986928,101.69234648356449,5.358266286579503,1.8108199689368971,19.61560838037884,1,0,0,0,0,0,896.22851703481,4293.236432661334,0.6010557179999996,1,0,0,0,0,0.361267976140495,23.595777128,802.2564223520001
39,145,201,36.73126647,80.58931938,5.775600435,72.24230804,grapes,385,0.26896551538644475,0.19402984978094603,0.7213930312368506,82.27595841637661,5.821958435383902,3.247652698172847,26.535514670250635,1,0,0,0,1,1,1349.1859364901463,5218.951070946248,0.7243995649999997,1,0,0,0,0,0.5247547297721887,225.24841696500002,837.4620630750001
38,132,197,20.42094753,81.54185044,5.931101816,66.93065667,grapes,367,0.287878785697888,0.1928934000360741,0.6700507580200469,79.93956050250297,5.457649596036129,0.07769912465652574,13.667874280065146,1,0,0,0,0,0,417.0150980230131,4479.712802277416,0.568898184,1,0,0,0,0,0.3236451437584979,225.381869008,782.905439712
36,133,198,25.51939719,83.98351748,6.2286454,69.17281221,grapes,367,0.27067668969416026,0.18181818089990817,0.6717171683246608,81.52504727587304,5.809376083379293,0.884013286145721,17.65248469536272,1,0,0,0,0,0,651.2396329409798,4784.877949039926,0.27135459999999956,0,0,0,0,0,0.07363331894115976,224.2312344,828.4098382000001
25,121,201,30.50734778,82.71775569,5.594240602999999,70.08200379,grapes,347,0.20661156854040028,0.12437810883393975,0.6019900467562684,88.12112875657763,5.797026067766875,1.8159055138409608,21.38016062740808,1,0,0,0,1,0,930.698268569871,4911.487255221575,0.9057593970000006,1,0,0,0,0,0.8204000852538047,139.856015075,676.9031129629999
15,125,199,18.426993600000007,80.55625868,5.569230319,69.75734306,grapes,339,0.11999999904000001,0.07537688404333225,0.628140700361102,92.58509599282165,5.619390572370862,0.0,12.854181141196248,1,0,0,1,0,0,339.5540931344412,4866.08691079053,0.9307696810000001,1,0,0,0,0,0.866332199068842,83.538454785,696.153789875
24,140,205,12.087022,83.59398734,5.93202852,68.66813363,grapes,369,0.17142857020408164,0.11707317016061869,0.6829268259369423,91.68969407736073,5.740243093327648,0.0,8.299932418847499,1,0,0,1,0,0,146.09610082848397,4715.312576227537,0.5679714799999998,1,0,0,0,0,0.3225916020933901,142.36868448,830.4839928
13,132,203,23.60115364,82.48336987,6.423216506,73.23901752,grapes,348,0.09848484773875116,0.06403940855153001,0.6502463022155355,96.00520819205592,6.041000971017571,0.6308007635318316,17.285253049321717,1,0,0,0,0,0,557.0144531388852,5363.953687294867,0.07678349399999984,0,0,0,0,0,0.005895704950848011,83.50181457800001,847.864578792
5,126,197,12.80000387,81.20876367,6.417500829,67.10439401,grapes,328,0.03968253936759889,0.025380710531062382,0.639593905382772,97.07900562600202,5.449464874376653,0.0,8.589365030220046,1,0,0,1,0,0,163.84009907201497,4502.999695449323,0.08249917100000026,0,0,0,0,0,0.006806113215687284,32.087504145,808.605104454
30,120,200,38.06099482,82.24729637,6.234904253,65.70148216,grapes,350,0.2499999979166667,0.14999999925000002,0.5999999970000001,85.04900548115383,5.403769275161788,3.206314883024252,25.006637721580823,1,0,0,0,1,1,1448.6393266880666,4316.684758020798,0.26509574700000016,0,0,0,0,0,0.0702757550774881,187.04712759,748.18851036
23,142,197,39.06555518,82.03812973,6.000573725,69.30772897,grapes,362,0.1619718298452688,0.11675126844288697,0.7208121790821717,88.94005471852002,5.685876460532539,3.4245302876868657,27.07544910478019,1,0,0,0,1,1,1526.1176015216247,4803.5612949789775,0.49942627500000025,0,0,0,0,0,0.24942660416037588,138.013195675,852.0814689499999
26,135,203,33.78372897,81.16314317,5.6851027689999984,74.53557341,grapes,364,0.19259259116598082,0.12807881710306002,0.6650246272658885,89.28792378218532,6.049541415933875,2.5964212919141336,25.180896107069785,1,0,0,0,1,0,1141.3403431184172,5555.5517035574985,0.8148972310000016,1,0,0,0,0,0.6640574970914699,147.81267199399997,767.4888738149998
7,126,203,16.76201707,82.00335557,5.662140095,73.28712806,grapes,336,0.05555555511463845,0.03448275845082385,0.6206896521148293,98.7471518576612,6.009790421008304,0.0,12.28440091552996,1,0,0,1,0,0,280.9652162549713,5371.00313928284,0.8378599050000002,1,0,0,0,0,0.7020092204066093,39.634980665,713.42965197
32,139,198,35.89307536,82.66850729,6.358186848,66.53946559,grapes,369,0.23021582568190055,0.1616161607999184,0.7020201984746455,84.1486779456457,5.5007182961996195,2.7545071974132065,23.88306052835997,1,0,0,0,1,1,1288.312858798639,4427.500481002795,0.1418131520000001,0,0,0,0,0,0.020110970080175136,203.461979136,883.787971872
9,141,202,21.01245395,81.17931863,6.119495295,66.38448261,grapes,352,0.06382978678134903,0.044554455224977946,0.6980197985246545,98.65258908580824,5.389047065884885,0.19055073194747937,13.949008838372011,1,0,0,0,0,0,441.52322100087065,4406.899531397393,0.3805047049999999,0,0,0,0,0,0.14478383052713695,55.075457655,862.848836595
20,142,196,10.89875873,80.01639435,6.207600782999999,68.69420397,grapes,358,0.14084506943066852,0.1020408158059142,0.7244897922219908,90.16281569102271,5.496662514422855,0.0,7.486815552184383,1,0,0,1,0,0,118.78294185475123,4718.893659071964,0.2923992170000007,0,0,0,0,0,0.0854973021022135,124.15201565999999,881.4793111859999
32,129,201,16.36251869,83.00471609,6.48754639,71.55665483,grapes,362,0.24806201358091462,0.1592039793074429,0.6417910415831292,84.80762544331337,5.939539818514278,0.0,11.708471020497539,1,0,0,1,0,0,267.73201788059936,5120.354850459762,0.01245360999999967,0,0,0,0,0,0.0001550924020320918,207.60148448,836.8934843100001
3,134,199,20.28370163,81.32235739,5.81717753,71.06611222,grapes,336,0.022388059534417467,0.015075376808666448,0.6733668307871014,99.83486364992943,5.7792637762726855,0.052988776530144464,14.414838162745768,1,0,0,0,0,0,411.42855181486465,5050.3923060656325,0.6828224699999996,1,0,0,0,0,0.4662465255369004,17.45153259,779.50178902
38,138,204,25.11108456,83.25447587,6.325480034,73.01026829,grapes,380,0.2753623168452006,0.18627450889081124,0.6764705849192618,83.57830659527228,6.078431619612031,0.8558778982995043,18.333670207784763,1,0,0,0,0,0,630.5665677794703,5330.499275777779,0.17451996600000008,0,0,0,0,0,0.030457218532641186,240.368241292,872.916244692
14,131,198,33.4641162,83.86742974,5.562790949,67.92204319,grapes,343,0.10687022819183033,0.07070707034996429,0.6616161582746659,93.12536353396605,5.696447185034571,2.1721080058530413,22.729511458515784,1,0,0,0,1,0,1119.8470730471024,4613.403951104225,0.937209051,1,0,0,0,0,0.8783608052763205,77.879073286,728.725614319
20,122,204,11.7976469,80.86325389,6.487369687,65.06962486,grapes,346,0.16393442488578341,0.09803921520569012,0.5980392127547097,92.18098140795277,5.261741595581236,0.0,7.67668458013742,1,0,0,1,0,0,139.1844723770796,4234.056079421131,0.012630312999999838,0,0,0,0,0,0.0001595248064779649,129.74739374,791.4591018140001
40,126,201,11.36300891,80.03100049,6.116982944,71.18289431,grapes,367,0.31746031494079113,0.19900497413430362,0.6268656685230564,80.56260505553016,5.6968382494032275,0.0,8.088518622841182,1,0,0,1,0,0,129.11797148873939,5067.00444234863,0.3830170559999999,0,0,0,0,0,0.14670206518690707,244.67931776,770.739850944
36,128,204,25.23542319,80.68700527,5.695792761,67.03840888,grapes,368,0.2812499978027344,0.1764705873702422,0.6274509773164167,84.12688828985257,5.409128450592975,1.0111170047778977,16.91742618071054,1,0,0,0,0,0,636.8265835783897,4494.148265162064,0.8042072390000001,1,0,0,0,0,0.6467492832600034,205.048539396,729.061473408
11,132,197,15.99050693,81.23966573,5.7343170070000005,74.40198861,grapes,340,0.0833333327020202,0.05583756316833725,0.6700507580200469,94.39456199026156,6.044392684323667,0.0,11.89725514473986,1,0,0,1,0,0,255.69631187837803,5535.65590912257,0.7656829929999995,1,0,0,0,0,0.5862704457694373,63.07748707700001,756.929844924
0,137,195,22.4359017,80.18612085,6.329499832000001,65.3973168,grapes,332,0.0,0.0,0.7025640989612097,100.13158010005301,5.243957148190535,0.4826466190507954,14.672477711685586,1,0,0,0,0,0,503.3696850920628,4276.809044639562,0.17050016799999934,0,0,0,0,0,0.029070307288028,0.0,867.1414769840001
19,123,200,34.76086052,81.03544763,6.167013532,65.70430027,grapes,342,0.15447154345958095,0.094999999525,0.6149999969250001,90.83501527494779,5.32437738359538,2.7993311235780554,22.839380172496686,1,0,0,0,1,0,1208.3174240908947,4317.055073970323,0.33298646799999965,0,0,0,0,0,0.11087998787111479,117.173257108,758.542664436
31,136,197,31.11047251,83.34010951,5.653776057999999,71.43001582,grapes,364,0.2279411747945502,0.15736040529258677,0.6903553264448968,83.96626306638478,5.952985340739832,1.850992553087554,22.22221543556975,1,0,0,0,1,0,967.8614997954658,5102.247160045449,0.8462239420000008,1,0,0,0,0,0.7160949600140207,175.26705779799997,768.9135438879999
4,134,200,28.57828803,80.95628959,5.840256272,73.34232097,grapes,338,0.029850746045889956,0.0199999999,0.66999999665,99.72629208655727,5.93752217565005,1.6336243305688942,20.95997973469369,1,0,0,0,0,0,816.7185467256412,5379.096045266502,0.6597437279999996,1,0,0,0,0,0.43526178663533743,23.361025088,782.594340448
39,139,201,41.18664903,81.01783402,5.5399808120000005,68.68895899,grapes,379,0.2805755375498163,0.19402984978094603,0.691542285116705,81.73942337289476,5.565030678458406,4.021684884474661,28.290680461571935,1,0,0,0,1,1,1696.3400583203997,4718.173087129902,0.9600191879999995,1,0,0,0,0,0.9216368413281785,216.05925166800003,770.0573328680001
8,127,196,27.02766138,83.17093908,5.833302165,70.95666003,grapes,331,0.06299212548825098,0.04081632632236568,0.6479591803675552,95.10169994975554,5.9015320486754,1.1826894148915132,19.177925799466205,1,0,0,0,0,0,730.4944796719436,5034.847602612999,0.6666978349999999,1,0,0,0,0,0.4444860031936871,46.66641732,740.829374955
39,138,203,21.19339319,82.33098331,6.399433771,74.62834921,grapes,380,0.2826086936042848,0.19211822565459002,0.6798029523162417,82.58530942808977,6.144225373261361,0.21086084191842316,15.816279479281556,1,0,0,0,0,0,449.1599149059383,5569.390505809707,0.10056622900000001,0,0,0,0,0,0.010113566415280443,249.577917069,883.121860398
32,120,204,10.38004759,83.44518113,6.138958698,67.39173790000001,grapes,356,0.2666666644444445,0.1568627443291042,0.5882352912341408,86.00775158864074,5.623515775730986,0.0,6.995294465748068,1,0,0,1,0,0,107.74538797066481,4541.646337182297,0.3610413020000003,0,0,0,0,0,0.1303508217498554,196.446678336,736.67504376
12,142,203,31.3115978,82.56407013,5.972850837999999,65.01095312,grapes,357,0.08450704165840112,0.05911330020141232,0.6995073857167124,97.5551126287085,5.367568892617823,1.9722822595844625,20.35596816688095,1,0,0,0,1,0,980.4161567889649,4226.424025570837,0.5271491620000006,1,0,0,0,0,0.2778862389973029,71.67421005599999,848.1448189959999
8,133,195,20.46657776,80.97598029,6.456079585,71.29813872,grapes,336,0.06015037548759116,0.041025640815253124,0.6820512785535832,95.25229656024048,5.7734366757044056,0.08876184502487648,14.592289002561467,1,0,0,0,0,0,418.88080520612664,5083.424584936362,0.04392041499999966,0,0,0,0,0,0.0019290028537721948,51.64863668,858.658584805
8,139,199,29.36947679,81.53996362,6.3364266670000005,66.13442813,grapes,346,0.05755395642047514,0.04020100482311053,0.6984924588015454,97.6746299370176,5.392598863749705,1.7296088240496568,19.423335519839583,1,0,0,0,0,0,862.5661669183487,4373.762584082136,0.16357333299999954,0,0,0,0,0,0.02675623526872874,50.691413336000004,880.763306713
21,134,202,10.72302459,80.02130636,6.425419926,65.29821120000001,grapes,357,0.15671641674092227,0.10396039552494854,0.6633663333496717,91.42756695876797,5.225248163195184,0.0,7.001943243806135,1,0,0,1,0,0,114.98325635774466,4263.856385919807,0.074580074,0,0,0,0,0,0.005562187437845476,134.933818446,861.006270084
40,140,195,14.97846952,80.49979873,6.2943956760000015,71.63437433,grapes,375,0.2857142836734694,0.2051282040762656,0.7179487142669296,78.58116822750856,5.766552715714478,0.0,10.729732924861755,1,0,0,1,0,0,224.35454916156905,5131.483585650563,0.2056043239999985,0,0,0,0,0,0.04227313804749636,251.77582704000005,881.2153946400002
39,127,202,15.3246651,81.67215994,6.477768039,71.60102999,grapes,368,0.30708661175522356,0.19306930597490443,0.6287128681746887,81.58635506831601,5.847810773212017,0.0,10.972618054118064,1,0,0,1,0,0,234.84536042715803,5126.70749562888,0.022231961000000133,0,0,0,0,0,0.000494260089905527,252.632953521,822.676540953
19,120,195,18.73932187,81.12109244,5.931538447,73.55807954,grapes,334,0.1583333320138889,0.09743589693622617,0.6153846122287969,88.31949577150752,5.967111770073212,0.0,13.784285286391217,1,0,0,1,0,0,351.1621841474603,5410.791065612966,0.5684615529999997,1,0,0,0,0,0.3231485372391714,112.699230493,711.7846136400001
21,139,201,19.3642553,83.36094029,5.980598579,67.15094741,grapes,361,0.15107913560374722,0.1044776114205094,0.691542285116705,91.44032662525508,5.597766117461941,0.0,13.003280892841138,1,0,0,1,0,0,374.9743833235781,4509.2497380605855,0.5194014210000004,1,0,0,0,0,0.26977783613681966,125.59257015899999,831.303202481
17,136,195,41.20733624,81.61051026,6.389783283,65.90227462,grapes,348,0.12499999908088236,0.0871794867324129,0.6974358938593032,90.6697303403953,5.378318259032848,3.8999209219821016,27.15657189247158,1,0,0,0,1,1,1698.044559996417,4343.109800089896,0.11021671700000013,0,0,0,0,0,0.012147724706258118,108.626315811,869.010526488
33,139,203,33.34214482,82.51034633,5.693287415,70.68098614,grapes,375,0.23741007023445992,0.16256157555388387,0.6847290606663593,85.86035173466273,5.83191264535733,2.3334949211678446,23.56655675900293,1,0,0,0,1,0,1111.6986211978528,4995.801801722872,0.8067125849999996,1,0,0,0,0,0.6507851947973816,187.878484695,791.366950685
22,133,201,23.81995682,80.12211649,6.00299607,67.27398640000001,grapes,356,0.1654135325908757,0.109452735773867,0.6616915389965595,90.35670054474838,5.390134175087476,0.7593265668119008,16.024634511572675,1,0,0,0,0,0,567.3903429066646,4525.789246147387,0.49700393,0,0,0,0,0,0.24701290643544488,132.06591354,798.39847731
32,130,196,40.66012294,81.24995984,6.372959542,74.03030056,grapes,358,0.24615384426035505,0.16326530528946273,0.6632653027384423,82.51868475280816,6.014958947443129,3.8737813483553727,30.100811220547506,1,0,0,0,1,1,1653.2455974959144,5480.485401003936,0.12704045799999975,0,0,0,0,0,0.0161392779688497,203.934705344,828.48474046
37,135,205,11.82768186,80.2827185,5.510924848999999,74.10225057,grapes,377,0.2740740720438958,0.18048780399762046,0.6585365821534801,84.38799282678391,5.949130122727775,0.0,8.764578448519636,1,0,0,1,0,0,139.89405818137305,5491.1435395390645,0.9890751510000007,1,0,0,0,0,0.9782696543256741,203.90421941299996,743.9748546149999
15,140,195,13.28504331,83.54193816,5.69945282,65.80006004,grapes,350,0.10714285637755103,0.07692307652859962,0.7179487142669296,92.24062734681141,5.497064546785968,0.0,8.741566474320004,1,0,0,1,0,0,176.49237574857577,4329.647901267605,0.8005471799999997,1,0,0,0,0,0.6408757874059519,85.4917923,797.9233948000001
39,132,196,35.83089092,83.32560104,5.778594403,73.67984885,grapes,367,0.2954545432162535,0.19897959082153271,0.6734693843190338,78.94512862319836,6.1394176899626025,2.6397059109232157,26.400146271464372,1,0,0,0,1,1,1283.8527441209385,5428.7201265588465,0.7214055970000004,1,0,0,0,0,0.520426035382927,225.36518171699998,762.774461196
40,121,199,26.18159716,81.03886263,6.315586313,66.05911698,grapes,360,0.3305785096646404,0.20100502411555266,0.6080401979495468,79.50471684120383,5.35335570640132,1.1721011291676187,17.295331895156757,1,0,0,0,0,0,685.47602984852,4363.806936177324,0.18441368700000016,0,0,0,0,0,0.03400840795293403,252.62345252,764.1859438729999
40,132,202,24.57558351,80.70695797,5.9718130060000005,69.706113,grapes,374,0.30303030073461895,0.198019800999902,0.6534653432996765,81.24858973135062,5.625768332143071,0.8827692497020493,17.13068401188997,1,0,0,0,0,0,603.959304856984,4858.942189568769,0.5281869939999995,1,0,0,0,0,0.2789815006307555,238.87252024000003,788.279316792
29,142,203,29.67229086,83.71498986,5.891195653,66.48490371,grapes,374,0.20422535067446937,0.1428571421534131,0.6995073857167124,88.28552165181634,5.565783039925726,1.575133547321293,19.72759400682213,1,0,0,0,0,0,880.4448448804395,4420.242421327971,0.6088043470000004,1,0,0,0,0,0.3706427329260969,170.84467393699998,836.549782726
32,121,199,39.37102553,81.25353895,6.129812716,74.08101744,grapes,352,0.2644628077317123,0.16080401929244212,0.6080401979495468,83.56035742703195,6.0193448360166695,3.6313817559670043,29.166456289186147,1,0,0,0,1,1,1550.0776512839116,5487.997144945583,0.370187284,0,0,0,0,0,0.13703862523529667,196.154006912,741.707338636
6,140,205,17.66558428,82.92903419,6.313085601,69.8671263,grapes,351,0.04285714255102041,0.029268292540154672,0.6829268259369423,101.4741346353838,5.794013305689748,0.0,12.342436080540544,1,0,0,1,0,0,312.07286795378315,4881.415337420151,0.18691439899999995,0,0,0,0,0,0.034936992553531186,37.878513606,883.83198414
8,120,196,24.06679352,82.66396666,6.053662544,69.81855775,grapes,324,0.06666666611111112,0.04081632632236568,0.6122448948354853,94.57272334029511,5.7714789300952845,0.7050206804961597,16.80308813233446,1,0,0,0,0,0,579.210550334314,4874.631006290085,0.4463374560000002,0,0,0,0,0,0.1992171246285521,48.429300352,726.4395052799999
34,133,202,15.31413469,80.09711412,5.804799142,74.82144653,grapes,369,0.25563909582226246,0.1683168308499167,0.6584158383246741,84.44524853418338,5.992981941336889,0.0,11.458257098610531,1,0,0,1,0,0,234.52272130346137,5598.24886084165,0.6952008579999998,1,0,0,0,0,0.4833042329639358,197.36317082800002,772.038285886
35,135,199,21.77466746,80.54942557,6.400719746,69.39630398,grapes,369,0.2592592573388203,0.17587939610110856,0.6783919563899902,82.6559132790873,5.589832422270105,0.3451830151922905,15.110814421175744,1,0,0,0,0,0,474.13614299358284,4815.847006084564,0.09928025399999996,0,0,0,0,0,0.009856568834304507,224.02519111,864.09716571
16,145,199,26.91624843,80.76838926,5.953966361,69.30927185,grapes,360,0.11034482682520809,0.08040200964622106,0.7286432124188783,94.02659198333204,5.59799824810796,1.330105975868961,18.655455796170056,1,0,0,0,0,0,724.4844295454775,4803.775164377203,0.546033639,1,0,0,0,0,0.29815273491958233,95.263461776,863.325122345
8,136,201,41.65602996,82.22118237,5.6092559920000005,74.19664838,grapes,345,0.05882352897923876,0.039800994826860725,0.6766169120566323,98.19877799647,6.100536157694744,3.850186072486563,30.907378078488655,1,0,0,0,1,1,1735.2248320284175,5505.142630825357,0.8907440079999995,1,0,0,0,0,0.7934248877879032,44.874047936000004,762.8588149120001
25,129,195,17.98667801,81.17712085,5.777271492000001,72.37127689,grapes,349,0.19379844811008956,0.12820512754766603,0.6615384581459567,85.70492012325391,5.874891890168342,0.0,13.01718854592984,1,0,0,1,0,0,323.52058583541753,5237.6017186890485,0.7227285079999994,1,0,0,0,0,0.5223364962759053,144.43178730000002,745.268022468
16,130,201,29.12033769,82.79092939,5.682395429,68.8503047,grapes,347,0.12307692213017753,0.07960198965372145,0.6467661659364867,93.32916657365655,5.700180714897685,1.5695253529425426,20.04944122923394,1,0,0,0,0,0,847.9940671796345,4740.364457282842,0.8176045710000004,1,0,0,0,0,0.6684772345200947,90.918326864,738.7114057699999
39,129,203,34.38922481,83.18392806,5.863996687,71.03001556,grapes,371,0.3023255790517397,0.19211822565459002,0.6354679771651824,82.12997828645356,5.90855570444372,2.4197023956579287,24.42667173350638,1,0,0,0,1,0,1182.6187830327196,5045.263110453841,0.6360033129999998,1,0,0,0,0,0.4045002141469757,228.695870793,756.4555726230001
38,135,203,41.36106301,82.79782954,6.444373116,69.92107482,grapes,376,0.2814814793964335,0.18719211730447233,0.6650246272658885,82.92365967161201,5.7893132341999465,3.6745664710482084,28.920099813569447,1,0,0,0,1,1,1710.7375333171904,4888.9567039840385,0.0556268839999996,0,0,0,0,0,0.0030943502235494112,244.886178408,869.99037066
33,120,205,35.12158265,82.26890793,5.550832177999999,69.71518491,grapes,358,0.27499999770833333,0.1609756089708507,0.5853658508030934,86.00193796266066,5.735392128683716,2.6812217421126463,24.485076287765978,1,0,0,0,1,1,1233.5255678407812,4860.207007035492,0.9491678220000006,1,0,0,0,0,0.9009195543202249,183.177461874,666.09986136
35,125,204,19.6491772,80.15215777,6.107741787999999,73.69529586,grapes,364,0.27999999776,0.17156862660995773,0.6127450950355633,84.5596436447868,5.906836980677548,0.0,14.480519271595664,1,0,0,1,0,0,386.0901646369999,5430.996631892934,0.39225821200000066,0,0,0,0,0,0.15386650488143747,213.77096257999997,763.4677234999999
1,132,200,16.27852801,82.94270065,5.620745638,66.57462809,grapes,333,0.007575757518365474,0.004999999975,0.6599999967,101.14840582035883,5.521879448553952,0.0,10.837369481183977,1,0,0,1,0,0,264.99047417235454,4432.181105321818,0.8792543620000002,1,0,0,0,0,0.7730882330960274,5.620745638,741.9384242159999
39,140,203,21.11903604,80.63399198,6.349875906,69.27779761,grapes,382,0.2785714265816327,0.19211822565459002,0.689655169016477,82.73048611807701,5.586145376876804,0.21671260925309055,14.630803044974156,1,0,0,0,0,0,446.0136832588189,4799.413241692121,0.1501240939999997,0,0,0,0,0,0.022537243599320748,247.64516033400002,888.9826268400001
28,145,202,19.2077707,82.90428409999998,6.484323189,66.83113717,grapes,375,0.19310344694411416,0.1386138606999314,0.7178217786246447,88.70738413458037,5.540587582667749,0.0,12.836771583816072,1,0,0,1,0,0,368.9384552637785,4466.400895435357,0.015676810999999624,0,0,0,0,0,0.0002457624031297092,181.561049292,940.226862405
6,128,200,25.96308415,82.57813624,5.838748311,70.31782647,grapes,334,0.04687499963378906,0.02999999985,0.6399999968,98.0680036165381,5.806715054340339,1.0388803965071538,18.256676458857076,1,0,0,0,0,0,674.0817385799812,4944.596719465033,0.6612516890000002,1,0,0,0,0,0.437253796205353,35.032489866,747.359783808
6,139,199,25.67385024,81.6212135,6.29099842,74.10919422,grapes,344,0.04316546731535635,0.030150753617332895,0.6984924588015454,98.77415316434423,6.048882363743586,1.0427848219393379,19.026683538113538,1,0,0,0,0,0,659.146586145948,5492.1726679376825,0.2090015799999998,0,0,0,0,0,0.043681660442496315,37.74599052,874.44878038
29,122,196,41.94865736,81.15595212,5.638328481,73.06862952,grapes,347,0.23770491608438593,0.1479591829185756,0.6224489764160767,83.67994582534894,5.929954198799138,4.136015501935545,30.651309034992614,1,0,0,0,1,1,1759.689854306682,5339.024619931016,0.8616715189999997,1,0,0,0,0,0.7424778066557669,163.511525949,687.8760746820001
37,144,197,11.18994268,80.8084305,6.415555956,66.34234944,grapes,378,0.256944442660108,0.18781725792986165,0.7309644632945966,81.50460109711598,5.361021133928954,0.0,7.423670874901302,1,0,0,1,0,0,125.21481718168558,4401.307329219069,0.08444404399999961,0,0,0,0,0,0.00713079656707387,237.37557037200003,923.840057664
38,120,197,17.5438296,82.94703302,6.323722572,73.77063744,grapes,355,0.3166666640277778,0.1928934000360741,0.6091370527454972,79.51310164578749,6.119055499642129,0.0,12.942194927307401,1,0,0,1,0,0,307.7859570338361,5442.10694830393,0.17627742799999968,0,0,0,0,0,0.03107373162229507,240.301457736,758.8467086400001
38,141,198,13.05809741,80.28297993,5.757009965,70.75633584,grapes,377,0.2695035441879181,0.1919191909499031,0.7121212085246403,81.09459496990742,5.680529490163059,0.0,9.239431257733942,1,0,0,1,0,0,170.51390796904872,5006.459061502869,0.742990035,1,0,0,0,0,0.5520341921093013,218.76637867,811.7384050649999
14,121,203,9.724457611,83.74765639,6.1586894060000015,74.46411148,grapes,338,0.11570247838262415,0.0689655169016477,0.5960591103642409,94.77517255765528,6.236194821613695,0.0,7.241230956280385,1,0,0,1,0,0,94.56507582813583,5544.903898505868,0.3413105939999985,0,0,0,0,0,0.11649292157663182,86.22165168400002,745.2014181260001
6,125,204,27.92004934,82.93262435,5.7335398070000005,69.92092839,grapes,335,0.047999999616,0.02941176456170704,0.6127450950355633,99.67112587571854,5.7987260883711205,1.3517445725231456,19.521957705474065,1,0,0,0,0,0,779.5291551480343,4888.936226919508,0.7664601929999995,1,0,0,0,0,0.5874612274535964,34.401238842000005,716.692475875
32,138,197,9.535585543,80.73112694,5.908724337000001,69.44115171,grapes,367,0.23188405629069525,0.16243654739879926,0.7005076106573218,83.6082133126485,5.606062433559807,0.0,6.621620423351458,1,0,0,1,0,0,90.9273916478706,4822.073550811236,0.5912756629999993,1,0,0,0,0,0.3496069096560888,189.07917878400002,815.4039585060001
11,124,204,13.42988625,80.06633966,6.361141107000001,71.40043037,grapes,339,0.08870967670395422,0.053921568363129564,0.6078431342752788,96.96906723280368,5.716771109874599,0.0,9.588996580701453,1,0,0,1,0,0,180.36184468793903,5098.021457021217,0.1388588929999992,0,0,0,0,0,0.01928179216518523,69.97255217700001,788.7814972680001
23,138,200,9.851242629,80.22631717,5.96537863,68.42802444,grapes,361,0.1666666654589372,0.114999999425,0.68999999655,89.81276820883173,5.489728392039952,0.0,6.741010713815818,1,0,0,1,0,0,97.04698133542682,4682.394528761238,0.53462137,1,0,0,0,0,0.2858200092606769,137.20370849,823.22225094
40,143,201,24.97256132,82.72828653,6.476757723,66.70016285,grapes,384,0.2797202777641939,0.19900497413430362,0.7114427825301354,81.54140052758476,5.517990183852462,0.8588465433104495,16.65673906825611,1,0,0,0,0,0,623.6288188811602,4448.91172421652,0.02324227699999959,0,0,0,0,0,0.0005402034401447099,259.07030892,926.176354389
6,142,202,27.23708304,82.94573346,6.224542938,70.42508897,grapes,350,0.04225352082920056,0.029702970149985297,0.702970293549652,100.42576030746957,5.841460658602407,1.2342314313627352,19.181739963752783,1,0,0,0,0,0,741.8586925278557,4959.693156432416,0.2754570620000001,0,0,0,0,0,0.07587659300567189,37.347257628,883.885097196
37,124,195,18.70679077,83.4795292,6.209928251,66.5964488,grapes,356,0.298387094367846,0.1897435887705457,0.6358974326364234,79.13490590967638,5.559440192215906,0.0,12.458058337266177,1,0,0,1,0,0,349.9440209125572,4435.086992771022,0.290071749,0,0,0,0,0,0.08414161956791899,229.767345287,770.031103124
35,134,204,9.949929082,82.55138983,5.841138354,66.00817551,grapes,373,0.2611940279015371,0.17156862660995773,0.6568627418781238,84.91368166163409,5.449066628493069,0.0,6.5677666515670925,1,0,0,1,0,0,99.00108873682937,4357.079234158964,0.6588616460000001,1,0,0,0,0,0.4340986685698294,204.43984239,782.712539436
119,25,51,26.47330219,80.92254421,6.283818329,53.65742581,watermelon,195,4.759999809600007,2.3333332875817003,0.49019606881968497,48.53864439804639,4.34209541230452,1.2349413634503517,14.204892482056355,1,0,0,0,0,0,700.8357288430587,2879.119344555654,0.2161816710000002,0,0,0,0,0,0.04673451487635232,747.774381151,157.095458225
119,19,55,25.18780042,83.44621709,6.818261382999999,46.87420883,watermelon,193,6.26315756509697,2.1636363242975216,0.34545453917355384,50.64911976859354,3.911475405950175,0.8587772193308677,11.806582168554417,1,0,0,0,0,0,634.4252899977521,2197.19145343845,0.3182613829999994,0,0,0,0,0,0.1012903079090723,811.3731045769999,129.546966277
105,30,50,25.29954705,81.77527562,6.37620108,57.04147057,watermelon,185,3.499999883333337,2.099999958000001,0.5999999880000003,38.83726732577014,4.664581977631869,0.965827843250921,14.431233684869055,1,0,0,0,0,0,640.0670809351637,3253.729364788176,0.12379891999999959,0,0,0,0,0,0.015326172593166298,669.5011134,191.2860324
114,8,50,24.74631269,88.30866319,6.581587932000001,57.95826144,watermelon,172,14.249998218750225,2.279999954400001,0.15999999680000007,53.37914698956263,5.118216588582924,0.554907402643671,14.342532605630097,1,0,0,0,0,0,612.379991751255,3359.160069147391,0.08158793200000058,0,0,0,0,0,0.006656590648036719,750.3010242480001,52.652703456000005
93,22,52,26.58740671,81.32563243,6.932739726,41.87540028,watermelon,167,4.2272725351239755,1.788461504068048,0.42307691494082855,35.64173583501979,3.4055434110303993,1.230156542356244,11.13358298388408,1,0,0,0,0,0,706.8901955629531,1753.5491486102242,0.4327397260000003,0,0,0,0,0,0.18726367045855535,644.744794518,152.520273972
80,26,55,24.53442564,88.989272,6.140099215,49.11618732,watermelon,161,3.0769229585798863,1.454545428099174,0.4727272641322316,27.024680078279065,4.370813753022431,0.49927327358265905,12.050374455228509,1,0,0,0,0,0,601.9380414846893,2412.399856853329,0.3599007849999998,0,0,0,0,0,0.12952857504361606,491.2079372,159.64257959
85,27,45,26.0713757,88.7285657,6.467095849,57.79652846,watermelon,157,3.1481480315500727,1.8888888469135814,0.599999986666667,29.687258770949757,5.12820307269503,0.6843311231316649,15.068350076364025,1,0,0,0,0,0,679.7166308905505,3340.43870202759,0.032904151000000326,0,0,0,0,0,0.0010826831530308225,549.703147165,174.611587923
85,22,53,25.96534238,89.77076659,6.849471704,59.46338556,watermelon,160,3.8636361880165366,1.603773554645782,0.415094331790673,31.50132272355136,5.338073705757936,0.6102087957558494,15.43987165139348,1,0,0,0,0,0,674.199004910624,3535.8942222572164,0.34947170399999994,0,0,0,0,0,0.12213047189666357,582.20509484,150.688377488
82,22,45,26.22338015,85.34866045,6.512196212,54.60159289,watermelon,149,3.727272557851247,1.8222221817283961,0.4888888780246916,30.2709982216202,4.660172811597744,0.9118085572637996,14.318383271500073,1,0,0,0,0,0,687.6656664914141,2981.3339461252986,0.012196212000000095,0,0,0,0,0,0.00014874758714894632,534.000089384,143.268316664
118,13,54,24.41311871,89.81574032,6.039584629,44.07843475,watermelon,185,9.07692237869828,2.1851851447187935,0.24074073628257897,52.91817583149794,3.958937249218064,0.4494434694130659,10.760920601027392,1,0,0,0,0,0,596.000365148552,1942.9084100100076,0.46041537099999985,0,0,0,0,0,0.2119823138530675,712.670986222,78.514600177
83,25,53,26.49195283,80.04678201,6.057697106,57.72799157,watermelon,161,3.3199998672000053,1.5660377063011754,0.47169810430758297,29.005746557076122,4.620939957078908,1.295353499977874,15.293272296430775,1,0,0,0,0,0,701.823564746945,3332.521010705991,0.442302894,0,0,0,0,0,0.19563185004077524,502.788859798,151.44242765
86,15,47,24.04355803,84.18406764,6.423898762,53.78929956,watermelon,148,5.733332951111137,1.8297871951109108,0.31914892937981004,35.557465226494045,4.528202032467262,0.6395264029621487,12.932861453639136,1,0,0,0,0,0,578.0926827419775,2893.288747155417,0.07610123799999968,0,0,0,0,0,0.0057913984251325955,552.455293532,96.35848143000001
101,10,47,25.5421695,83.31883376,6.936997681,57.57343233,watermelon,158,10.099998990000103,2.148936124490721,0.21276595291987335,45.76388678131845,4.79695123729588,0.9244985075975766,14.7055036726964,1,0,0,0,0,0,652.4024227667303,3314.7001102570894,0.43699768100000025,0,0,0,0,0,0.19096697319937797,700.636765781,69.36997681
119,9,50,26.74550678,83.9195902,6.251286661,40.794305,watermelon,178,13.222220753086583,2.3799999524000013,0.17999999640000008,55.59076661940662,3.4234413580938114,1.0847051333107842,10.910643609628877,1,0,0,0,0,0,715.322132919026,1664.175320433025,0.24871333900000003,0,0,0,0,0,0.061858324996528935,743.903112659,56.261579949
104,17,46,25.7131428,80.22972777,6.190015912000001,43.08961827,watermelon,167,6.117646698961958,2.260869516068054,0.3695652093572781,44.298231717906454,3.4570683435153184,1.1295038844486447,11.079695077739991,1,0,0,0,0,0,661.1657126531918,1856.715202654318,0.3099840879999993,0,0,0,0,0,0.09609013481319133,643.761654848,105.23027050400002
95,12,51,25.76484262,84.17269959999999,6.681606702000001,44.22066914,watermelon,158,7.9166660069445,1.862745061514803,0.23529411303344877,41.525092815469215,3.7221730996322093,0.9124189590546311,11.393385809431907,1,0,0,0,0,0,663.8271152333684,1955.4675791893483,0.18160670200000073,0,0,0,0,0,0.03298099421131707,634.75263669,80.17928042400001
102,14,52,26.79489868,89.64815231,6.51075991,57.74091817,watermelon,168,7.28571376530616,1.961538423816569,0.2692307640532545,44.13615298142782,5.176366626623407,0.7033975620434204,15.471620520553211,1,0,0,0,0,0,717.9665952714657,3334.013631114636,0.010759909999999984,0,0,0,0,0,0.00011577566320809965,664.09751082,91.15063874
109,21,55,24.9004602,89.73524177,6.770278088,57.44942094,watermelon,185,5.190475943310669,1.9818181457851247,0.3818181748760332,44.37717130838032,5.155237677597401,0.5030203916873746,14.305170196295167,1,0,0,0,0,0,620.0329181717841,3300.4359663413106,0.2702780880000004,0,0,0,0,0,0.07305024485293597,737.960311592,142.175839848
81,18,50,26.80750629,88.22874955,6.429788072999999,58.79889057,watermelon,149,4.499999750000014,1.6199999676000008,0.35999999280000017,31.50132272355136,5.187752589918387,0.801328614795403,15.762516288002967,1,0,0,0,0,0,718.6423934883895,3457.3095322628346,0.07021192700000078,0,0,0,0,0,0.004929714693053439,520.812833913,115.73618531399998
103,17,51,25.11189154,80.02621335,6.209888345,44.20656987,watermelon,171,6.058823173010401,2.019607803537102,0.33333332679738575,43.31281565541543,3.5376843918883023,1.0210383099789988,11.101105879308719,1,0,0,0,0,0,630.6070967167235,1954.220819671192,0.2901116549999996,0,0,0,0,0,0.08416477236683878,639.6184995350001,105.568101865
105,14,50,26.2148837,87.68839820000002,6.419052193,59.65590798,watermelon,169,7.499999464285753,2.099999958000001,0.2799999944000001,45.82939377008312,5.2311310139327984,0.7651517334771053,15.63872689713602,1,0,0,0,0,0,687.2201274045258,3558.827356918228,0.08094780700000026,0,0,0,0,0,0.0065525474581092915,674.000480265,89.866730702
97,8,52,24.9103226,86.97190046,6.237861736,49.48575692,watermelon,157,12.12499848437519,1.8653845795118351,0.15384615088757403,44.50093631973751,4.303870325033996,0.6397217160631161,12.327061689823825,1,0,0,0,0,0,620.5241720360708,2448.840137945328,0.26213826399999984,0,0,0,0,0,0.06871646945293361,605.0725883920001,49.902893888
120,19,49,25.79448878,84.26830701,6.762471628999998,56.45229202,watermelon,188,6.315789141274255,2.4489795418575606,0.3877550941274471,51.86842327788009,4.757139075359533,0.9115711852095961,14.561580131151734,1,0,0,0,0,0,665.3556514215458,3186.861274311356,0.26247162899999843,0,0,0,0,0,0.06889135602991282,811.4965954799998,128.48696095099996
95,16,55,25.26931156,87.55055105,6.612847999,40.12650421,watermelon,166,5.937499628906273,1.7272726958677693,0.2909090856198348,39.50105483823607,3.5130975552956447,0.6560002526786487,10.139691366961417,1,0,0,0,0,0,638.5381067163496,1610.1363401151477,0.11284799900000042,0,0,0,0,0,0.012734670878304096,628.2205599050001,105.805567984
83,29,52,25.76402693,87.5931128,6.704688865,46.05122728,watermelon,164,2.8620688668252114,1.5961538154585806,0.5576922969674558,27.098585448936877,4.033770345715477,0.7151363193827229,11.864650598014707,1,0,0,0,0,0,663.7850836497652,2120.715533994216,0.2046888649999996,0,0,0,0,0,0.04189753145498806,556.4891757949999,194.435977085
83,9,45,25.85483596,89.13163965,6.049609892,46.85176955,watermelon,137,9.22222119753098,1.844444403456791,0.19999999555555567,37.00450423034111,4.175975040495443,0.6363246700341819,12.11344816150973,1,0,0,0,0,0,668.472542518509,2195.0883099663074,0.4503901079999997,0,0,0,0,0,0.20285124938425136,502.117621036,54.446489028
91,21,50,24.33528185,81.44030363,6.762030215,48.32113628,watermelon,162,4.333333126984137,1.8199999636000008,0.4199999916000002,35.17101079013795,3.935288010389809,0.8046151481437189,11.759084706860605,1,0,0,0,0,0,592.2059427189395,2334.932211390332,0.26203021500000023,0,0,0,0,0,0.06865983357294635,615.344749565,142.002634515
116,5,54,25.37601283,80.99313508,6.65398725,57.23028471,watermelon,175,23.199995360000926,2.1481481083676277,0.092592590877915,55.62673218276743,4.635260180183889,1.0218114966799692,14.52276439065513,1,0,0,0,0,0,643.9420271483247,3275.3054879876595,0.15398725000000013,0,0,0,0,0,0.02371207316256254,771.862521,33.26993625
112,28,54,24.86094646,85.05318563,6.738030547,55.29563514,watermelon,194,3.999999857142862,2.0740740356652956,0.5185185089163239,43.003875794320365,4.703069920091171,0.7265566440012864,13.747018246872347,1,0,0,0,0,0,618.0666588869866,3057.607265536003,0.23803054700000015,0,0,0,0,0,0.05665854130511928,754.659421264,188.664855316
88,29,51,24.71885473,88.94568335,6.095689937,48.45978627,watermelon,168,3.0344826539833565,1.725490162245291,0.5686274398308345,29.816103031751148,4.310288804780098,0.5216371441077028,11.978704170549786,1,0,0,0,0,0,611.0217791628434,2348.350885334081,0.4043100629999996,0,0,0,0,0,0.16346662704306364,536.420714456,176.775008173
118,15,45,24.21495706,84.20576992,6.538006356,48.01138482,watermelon,178,7.8666661422222575,2.6222221639506187,0.3333333259259261,52.97483679383385,4.042835623693501,0.6657200158296038,11.62593621807436,1,0,0,0,0,0,586.3641454176438,2305.0930723341266,0.03800635600000035,0,0,0,0,0,0.0014444830963987628,771.484750008,98.07009534000001
92,21,48,25.81692236,82.043255,6.377427122,54.82963379,watermelon,161,4.38095217233561,1.916666626736112,0.43749999088541686,35.837596645608556,4.498401626589587,1.0445299150331817,14.155323985836626,1,0,0,0,0,0,666.5134801422679,3006.28874154551,0.12257287799999972,0,0,0,0,0,0.015024110421202814,586.723295224,133.925969562
106,14,45,24.47018505,84.16390229,6.417011754,57.26773002,watermelon,165,7.571428030612284,2.355555503209878,0.311111104197531,46.8081189538738,4.819875633773379,0.7079028723358128,14.013519509828404,1,0,0,0,0,0,598.7899563812435,3279.5929016436094,0.08298824600000021,0,0,0,0,0,0.006887048974156551,680.2032459239999,89.838164556
99,5,47,24.13078816,84.84494575,6.649086972,51.19470197,watermelon,151,19.799996040000792,2.106382933906746,0.10638297645993668,47.08856903042747,4.343611711332068,0.6260231866005773,12.353685081524047,1,0,0,0,0,0,582.2949372227963,2620.8975097971215,0.1490869720000001,0,0,0,0,0,0.022226925220128813,658.259610228,33.24543486
98,8,51,26.1793464,86.52258079,6.25933595,49.43050977,watermelon,157,12.249998468750192,1.921568589773165,0.1568627420222992,45.014812376964684,4.27685527506571,0.8328164187660431,12.940584379974144,1,0,0,0,0,0,685.3581779311929,2443.3752961220657,0.24066405000000035,0,0,0,0,0,0.05791918496240267,613.4149231,50.0746876
108,22,46,26.17668721,86.72952049999998,6.121168559,53.33484977,watermelon,176,4.9090906859504235,2.3478260359168255,0.47826085916824224,44.37717130838032,4.6257059464916335,0.8196760099821734,13.961296798216303,1,0,0,0,0,0,685.2189532901776,2844.6061999884687,0.378831441,0,0,0,0,0,0.14351326069013648,661.086204372,134.665708298
119,7,55,26.03867719,84.6378378,6.031424482,44.3993381,watermelon,181,16.999997571428917,2.1636363242975216,0.12727272495867772,56.190153348547945,3.7578639765351602,0.9276713846622024,11.56100032235568,1,0,0,0,0,0,678.0127098050264,1971.3012237181117,0.46857551799999975,0,0,0,0,0,0.21956301606896808,717.7395133580001,42.219971374
117,27,48,26.53259325,82.39053979,6.835268183999999,54.30660782,watermelon,192,4.333333172839512,2.437499949218751,0.5624999882812503,47.085029467974216,4.474350732453636,1.1503544090398956,14.408951360753294,1,0,0,0,0,0,703.9785045699456,2949.2076529152855,0.33526818399999936,0,0,0,0,0,0.11240475520265743,799.726377528,184.55224096799998
109,10,53,26.81938687,87.8274604,6.5517503060000015,46.06193778,watermelon,172,10.89999891000011,2.0566037347810617,0.1886792417230332,49.642052066099495,4.045503016320214,0.8300925672279499,12.353529293036889,1,0,0,0,0,0,719.2795120827284,2121.7021120485915,0.05175030600000152,0,0,0,0,0,0.0026780941710937934,714.1407833540002,65.51750306000001
80,16,46,25.50405534,81.40297428,6.940236218,48.47833278,watermelon,142,4.999999687500019,1.7391303969754262,0.34782607939508525,32.020826556060875,3.9462804764276207,1.0235905872228337,12.363940820120561,1,0,0,0,0,0,650.4568387857826,2350.148749128423,0.4402362179999999,0,0,0,0,0,0.19380792763894344,555.21889744,111.043779488
100,18,52,26.20234499,80.38266489,6.87606733,56.47941847,watermelon,170,5.555555246913597,1.9230768860946754,0.34615383949704154,41.198705481281,4.539966168056087,1.216734801366596,14.79893207585518,1,0,0,0,0,0,686.5628829749782,3189.924710709377,0.3760673299999997,0,0,0,0,0,0.14142663669332867,687.606733,123.76921193999999
91,7,53,25.13735887,89.28272716,6.457216535,43.52897517,watermelon,151,12.999998142857407,1.716981099679602,0.13207546920612323,42.06344414492629,3.8863856136575246,0.5505847668678413,10.942034700916093,1,0,0,0,0,0,631.8868109591676,1894.7716793504767,0.0427834650000003,0,0,0,0,0,0.0018304248774062505,587.606704685,45.200515745
86,6,53,25.92030221,83.47202566,6.921847887999999,42.10681516,watermelon,145,14.333330944444842,1.6226414788180854,0.11320754503381991,40.203648258999245,3.514741155496397,0.9785060301192527,10.914213740478095,1,0,0,0,0,0,671.8620666577308,1772.9838829184055,0.4218478879999994,0,0,0,0,0,0.17795564061006003,595.278918368,41.531087328
107,5,52,26.6634609,89.98405233,6.8814257460000015,57.40847165,watermelon,164,21.399995720000856,2.057692268121303,0.09615384430473377,51.05226080530942,5.165846917138921,0.6674087567549113,15.307085391685337,1,0,0,0,0,0,710.9401471658289,3295.732617188854,0.38142574600000145,0,0,0,0,0,0.14548559971165761,736.3125548220002,34.40712873000001
103,16,49,24.06731461,81.64075303,6.915717008,51.75212401,watermelon,168,6.4374995976562746,2.1020407734277393,0.32653060558100805,43.9203825119955,4.225082375078344,0.7467283342967924,12.45534650284405,1,0,0,0,0,0,579.2356325367194,2678.282339546419,0.41571700799999967,0,0,0,0,0,0.1728206307404718,712.3188518239999,110.651472128
101,20,48,24.6774157,82.75411437,6.206247493999999,57.05709413,watermelon,169,5.049999747500013,2.104166622829862,0.4166666579861113,41.137979208188305,4.721709293253875,0.8066617620616643,14.080216304800398,1,0,0,0,0,0,608.9748456306065,3255.5119905596807,0.2937525060000006,0,0,0,0,0,0.08629053478128038,626.8309968939999,124.12494987999999
85,25,47,26.11440416,87.64081095,6.29542477,58.48160844,watermelon,157,3.399999864000005,1.8085105998189235,0.5319148822996834,30.35347316755256,5.125375589341965,0.7556907694154643,15.27212358729027,1,0,0,0,0,0,681.9621046318252,3420.0985257294797,0.20457522999999966,0,0,0,0,0,0.04185102472955276,535.1111054500001,157.38561925000002
84,7,51,26.81530456,87.65694462,6.399669044,55.74073582,watermelon,142,11.99999828571453,1.6470587912341415,0.1372548992695118,38.630730427126714,4.88606259285179,0.8412168161564653,14.947048074118014,1,0,0,0,0,0,719.0605586455569,3107.029629755031,0.10033095599999964,0,0,0,0,0,0.010066300731873864,537.572199696,44.797683308
102,28,54,25.15623099,80.27525115,6.862157042000001,55.49541453,watermelon,184,3.6428570127551065,1.8888888539094657,0.5185185089163239,37.5410886008029,4.454908339069109,1.0170536129033687,13.960554668024821,1,0,0,0,0,0,632.8359576222364,3079.741033856535,0.36215704200000065,0,0,0,0,0,0.13115772307019025,699.9400182840001,192.14039717600002
98,25,52,25.2801372,83.15393658,6.224066378,49.29456609,watermelon,175,3.919999843200006,1.8846153483727819,0.48076922152366885,36.90979996333404,4.099037222386479,0.8894952613750117,12.461733939696673,1,0,0,0,0,0,639.0853368508238,2429.9542460013777,0.27593362200000016,0,0,0,0,0,0.07613936375003898,609.9585050439999,155.60165945
97,25,50,26.22005978,80.90127035,6.093814669,49.08553937,watermelon,172,3.879999844800006,1.939999961200001,0.4999999900000002,36.555893277737496,3.971082490847939,1.1879524014505844,12.870257766149434,1,0,0,0,0,0,687.4915348667736,2409.39017524382,0.40618533099999965,0,0,0,0,0,0.1649865231195793,591.1000228930001,152.34536672500002
90,16,45,24.92093261,80.61750795,6.291540277999999,50.55710813,watermelon,151,5.624999648437521,1.9999999555555568,0.3555555476543212,37.28717384481336,4.075788066599285,0.9537993719191076,12.599302846642134,1,0,0,0,0,0,621.0528821521615,2556.0211824685125,0.20845972200000062,0,0,0,0,0,0.04345545569631754,566.23862502,100.66464444799999
95,12,46,26.21667586,81.01009354,6.32281728,54.65423596,watermelon,153,7.9166660069445,2.0652173464083186,0.2608695595463139,41.72529209005013,4.4275447674768325,1.1805409307354002,14.328523885392759,1,0,0,0,0,0,687.3140931483067,2987.0855083713573,0.17718272000000024,0,0,0,0,0,0.03139371626659848,600.6676416,75.87380736
82,23,49,26.81383586,87.21986949,6.873283991,51.70497792,watermelon,154,3.5652172362949024,1.6734693536026664,0.4693877455226991,29.56912804486012,4.509701426165732,0.8708171156451815,13.864087910918043,1,0,0,0,0,0,718.981793527022,2673.404741707687,0.3732839910000001,0,0,0,0,0,0.13934093793688815,563.609287262,158.085531793
82,25,51,24.31334971,87.47409052,6.074209622000001,48.11248366,watermelon,158,3.279999868800005,1.6078431057285667,0.49019606881968497,28.53652630109932,4.208595750816861,0.5402862802304425,11.697756406422409,1,0,0,0,0,0,591.1389741207571,2314.8110839337673,0.4257903779999994,0,0,0,0,0,0.18129744599738237,498.08518900400003,151.85524055000002
110,28,46,24.29105004,88.04541346,6.49889585,51.26046418,watermelon,184,3.928571288265311,2.391304295841211,0.6086956389413992,43.096790290383964,4.51324876287962,0.5129772905065042,12.451705004700075,1,0,0,0,0,0,590.055112045784,2627.635187949063,0.0011041499999997484,0,0,0,0,0,1.2191472224994444e-06,714.8785435,181.96908380000002
118,21,51,24.42998931,86.33904774,6.678805092,48.58241822,watermelon,190,5.619047351473935,2.313725444828913,0.41176469780853536,49.66219219218311,4.194559726021226,0.6051787247622035,11.868679577685493,1,0,0,0,0,0,596.8243776867142,2360.251360102988,0.17880509200000017,0,0,0,0,0,0.031971260925128524,788.099000856,140.254906932
120,20,45,25.66576039,88.6984228,6.114128685,54.22722466,watermelon,185,5.999999700000014,2.666666607407409,0.4444444345679015,52.04164998665332,4.809869300163267,0.6403202844428708,13.917829547382592,1,0,0,0,0,0,658.731256396893,2940.5918943261117,0.38587131500000016,0,0,0,0,0,0.14889667173982934,733.6954422,122.2825737
91,7,52,25.07803672,83.46230461,6.405054243,56.39962921,watermelon,150,12.999998142857407,1.7499999663461545,0.13461538202662726,42.035699113967404,4.707243033016074,0.8397902445459471,14.143919723227645,1,0,0,0,0,0,628.9079257296684,3180.918175025485,0.09494575699999963,0,0,0,0,0,0.00901469677230298,582.859936113,44.835379701
81,6,55,24.88910524,85.87059083,6.110142735,51.70699144,watermelon,142,13.499997750000375,1.4727272459504137,0.10909090710743806,38.083242158898884,4.440109904994553,0.6908016841115105,12.869407515939393,1,0,0,0,0,0,619.4675596477954,2673.6129637762338,0.38985726499999984,0,0,0,0,0,0.15198868707328012,494.921561535,36.66085641
101,13,54,25.42900869,82.91481799,6.828982708,56.34144589,watermelon,168,7.7692301715976795,1.8703703357338828,0.24074073628257897,44.034077712607996,4.671540731262784,0.9275560160252165,14.327071171439748,1,0,0,0,0,0,646.6344829560956,3174.358524975798,0.32898270799999985,0,0,0,0,0,0.10822962216301316,689.727253508,88.776775204
101,17,55,24.37118217,87.1269128,6.451499763999999,44.63907691,watermelon,173,5.941176121107286,1.8363636029752073,0.3090909034710745,42.06344414492629,3.8892649614100634,0.5627060924149524,10.879070752742507,1,0,0,0,0,0,593.954520363326,1992.647187376895,0.04850023600000064,0,0,0,0,0,0.002352272892055758,651.6014761639999,109.675495988
111,6,53,26.493064500000006,88.59143088,6.313512998999999,46.06382209,watermelon,170,18.49999691666718,2.0943395831256684,0.11320754503381991,52.5959440768329,4.080859910754852,0.7407657514886828,12.203718097468952,1,0,0,0,0,0,701.8824666011606,2121.875705539172,0.1864870010000006,0,0,0,0,0,0.03477740154197422,700.7999428889999,37.881077993999995
107,10,49,25.83202912,89.00481725,6.755192025,45.24690619,watermelon,166,10.699998930000108,2.1836734248229916,0.20408162848813005,48.80915214724933,4.027192616568843,0.6412422597772168,11.688193982899882,1,0,0,0,0,0,667.293728456528,2047.28251976666,0.2551920250000004,0,0,0,0,0,0.06512296962360081,722.8055466750001,67.55192025000001
115,11,46,24.41592661,89.39655519,6.623167177000001,40.32161859,watermelon,172,10.454544504132318,2.499999945652175,0.23913042958412112,52.91817583149795,3.604613801631065,0.4682403409414539,9.844896802898516,1,0,0,0,0,0,596.1374722249061,1625.8329257174337,0.1231671770000009,0,0,0,0,0,0.015170153490149552,761.6642253550001,72.854838947
84,25,52,24.37190239,81.2514818,6.12532356,44.20899581,watermelon,161,3.359999865600005,1.6153845843195274,0.48076922152366885,29.53528962670475,3.5920464184524907,0.819666915275385,10.774573306412389,1,0,0,0,0,0,593.9896261076876,1954.4353105285973,0.37467644,0,0,0,0,0,0.1403824346910736,514.52717904,153.133089
120,7,47,24.24782473,83.03687902,6.653867608,54.76576239999999,watermelon,174,17.1428546938779,2.5531914350384803,0.14893616704391135,57.29746940310715,4.547577986846864,0.7205636479682586,13.27950607880024,1,0,0,0,0,0,587.9570041367997,2999.288731253253,0.15386760799999966,0,0,0,0,0,0.023675240791641558,798.46411296,46.577073256
91,12,46,24.64458469,85.49938185,6.343942518,48.31219031,watermelon,149,7.583332701388942,1.9782608265595474,0.2608695595463139,39.62743157628732,4.13066240732456,0.6734934905502606,11.906338656541923,1,0,0,0,0,0,607.3555545425824,2334.0677325496576,0.15605748199999958,0,0,0,0,0,0.024353937688180193,577.298769138,76.12731021600001
89,22,52,24.89681131,86.10782926,6.217300786,53.14626213,watermelon,163,4.045454361570256,1.711538428624261,0.42307691494082855,33.56088993655164,4.576309265297244,0.6802733880008306,13.231724600824087,1,0,0,0,0,0,619.8512134057439,2824.525178390672,0.282699214,0,0,0,0,0,0.07991884559621779,553.339769954,136.780617292
113,19,46,25.41864024,81.12122989,6.286387658,49.52320689,watermelon,178,5.947368108033257,2.4565216857277896,0.41304346928166374,48.39765834555772,4.017383451013722,1.0229726339975522,12.588125794679991,1,0,0,0,0,0,646.1072716505472,2452.548020669743,0.21361234200000023,0,0,0,0,0,0.045630232654725066,710.361805354,119.441365502
97,22,50,26.26028739,86.14585891,6.769893799999998,58.97878791,watermelon,169,4.409090708677695,1.939999961200001,0.4399999912000002,37.89898855290644,5.080778341977674,0.8673090476500782,15.487999204304574,1,0,0,0,0,0,689.602693805393,3478.4974233327625,0.2698937999999984,0,0,0,0,0,0.07284266327843913,656.6796985999998,148.93766359999995
117,30,50,24.90123934,87.20772913,6.744966312000001,46.59207341,watermelon,197,3.8999998700000043,2.339999953200001,0.5999999880000003,45.566800780100124,4.063188917544355,0.6269798123598,11.6020037132926,1,0,0,0,0,0,620.0717206679636,2170.8213046428286,0.24496631200000074,0,0,0,0,0,0.06000849401488171,789.161058504,202.34898936000002
90,14,52,24.84740848,89.20454622,6.391858432,59.67927244,watermelon,156,6.428570969387788,1.7307691974852077,0.2692307640532545,38.0,5.323662416749952,0.5232997419862006,14.828752601058861,1,0,0,0,0,0,617.3937081719758,3561.6155589677433,0.10814156799999974,0,0,0,0,0,0.011694598729498568,575.26725888,89.486018048
104,23,47,26.98212846,86.70068316,6.770434148,42.91292205,watermelon,174,4.521738933837438,2.212765910366683,0.4893616917157087,41.60528812542944,3.720579658126827,0.9285753860712127,11.578819753470663,1,0,0,0,0,0,728.0352562319418,1841.518878869376,0.27043414799999965,0,0,0,0,0,0.07313462840448572,704.1251513919999,155.719985404
81,16,45,26.90435747,86.25426228,6.727468157000001,59.75980023,watermelon,142,5.062499683593769,1.799999960000001,0.3555555476543212,32.562759915789286,5.154537482838825,0.9490548690774274,16.077990277237085,1,0,0,0,0,0,723.8444508735448,3571.2337235295086,0.22746815700000056,0,0,0,0,0,0.0517417624489769,544.9249207170001,107.63949051200001
88,5,47,25.86475496,86.67468041,6.662244646,41.16554802,watermelon,140,17.599996480000705,1.8723403856948855,0.10638297645993668,41.50100400391939,3.5680107185360086,0.7814973415903769,10.64736812331413,1,0,0,0,0,0,668.9855491408446,1694.6023437869262,0.16224464600000044,0,0,0,0,0,0.026323325155665458,586.2775288480001,33.31122323
92,7,45,26.70607759,81.14149505,6.944640222,51.51033554,watermelon,144,13.142855265306391,2.0444443990123466,0.1555555520987655,42.579337712087536,4.17962563624275,1.2646659742609905,13.756390176181744,1,0,0,0,0,0,713.2145802431002,2653.314667443387,0.4446402220000003,0,0,0,0,0,0.19770492702020956,638.906900424,48.612481554
81,18,50,26.44019475,80.91934337,6.507110986,47.81847573,watermelon,149,4.499999750000014,1.6199999676000008,0.35999999280000017,31.50132272355136,3.869439657025882,1.2288314465507864,12.643298109493484,1,0,0,0,0,0,699.0838984179276,2286.606621140599,0.007110985999999819,0,0,0,0,0,5.056612189219343e-05,527.075989866,117.127997748
111,5,55,26.283443,84.42478917,6.520663422,50.78669728,watermelon,171,22.199995560000886,2.018181781487604,0.09090908925619838,53.028294334251406,4.287656210504612,0.9786594946328768,13.34849263117135,1,0,0,0,0,0,690.8193759342489,2579.2886206103594,0.020663422000000153,0,0,0,0,0,0.0004269770087500903,723.7936398420001,32.60331711
108,23,51,26.84366082,83.85039964,6.106500787000001,40.228644,watermelon,182,4.695651969754262,2.117647017301039,0.45098038331411017,43.31666346030513,3.373187876375289,1.1052238724238985,10.798840747845281,1,0,0,0,0,0,720.5821262192031,1618.3437980787362,0.39349921299999924,0,0,0,0,0,0.15484163063161877,659.5020849960001,140.44951810100002
113,30,50,26.03967219,83.9862443,6.277484042999999,43.87712348,watermelon,193,3.7666665411111153,2.259999954800001,0.5999999880000003,43.31666346030513,3.6850748117725463,0.9671783495874402,11.425459120593521,1,0,0,0,0,0,678.0645277626594,1925.2019648791675,0.2225159570000006,0,0,0,0,0,0.04951335111962611,709.355696859,188.32452128999998
83,10,53,24.92994759,85.00802358,6.195142279,48.75859458,watermelon,146,8.299999170000083,1.5660377063011754,0.1886792417230332,36.69241520169166,4.1448717577842995,0.7390965802111584,12.15549207441458,1,0,0,0,0,0,621.5022868401469,2377.4005454168055,0.3048577210000003,0,0,0,0,0,0.09293823005331403,514.196809157,61.951422789999995
101,11,51,25.50736962,84.24340241,6.792035575,44.2068997,watermelon,163,9.181817347107515,1.9803921180315271,0.21568627028066137,45.09249752822895,3.724139640725608,0.8677740688173118,11.276017304021671,1,0,0,0,0,0,650.6259049312989,1954.24998108586,0.2920355749999999,0,0,0,0,0,0.08528477706558056,685.995593075,74.712391325
114,21,55,25.4438391,87.93923120000002,6.472756256,57.51549686,watermelon,190,5.4285711700680395,2.0727272350413233,0.3818181748760332,47.056703383612984,5.057868575954415,0.6565688476949997,14.634150478623953,1,0,0,0,0,0,647.3889481466889,3308.0323790526695,0.027243743999999737,0,0,0,0,0,0.0007422215871375217,737.894213184,135.92788137600002
99,6,45,26.12588914,86.5507939,6.000975617000001,40.71210074,watermelon,150,16.499997250000458,2.199999951111112,0.13333333037037046,46.70117771534247,3.5236646403837772,0.8238834558961176,10.636398305897519,1,0,0,0,0,0,682.56208335557,1657.4751466639084,0.4990243829999992,0,0,0,0,0,0.24902533482852987,594.096586083,36.005853702
92,20,55,25.10474753,87.52676159999999,6.5877912620000005,59.26519444,watermelon,167,4.599999770000012,1.6727272423140502,0.3636363570247935,36.004629331980816,5.187290544927525,0.6367273291350124,14.878377437325598,1,0,0,0,0,0,630.2483485450412,3512.363272011007,0.08779126200000054,0,0,0,0,0,0.007707305683552738,606.0767961040001,131.75582524
92,7,48,26.27520631,86.63249555,6.956508826,54.38748495,watermelon,147,13.142855265306391,1.916666626736112,0.14583333029513895,42.50882261366456,4.711723547906567,0.8388384827359309,14.290423877432701,1,0,0,0,0,0,690.386466633064,2957.9985191864766,0.4565088260000003,0,0,0,0,0,0.20840030821589856,639.998811992,48.695561782
91,24,55,26.27061608,83.09194521,6.259086582999999,46.76837499,watermelon,170,3.791666508680562,1.6545454244628106,0.43636362842975224,33.53108010985231,3.8860752522298143,1.0602392024769498,12.286340240477639,1,0,0,0,0,0,690.1452692227546,2187.2808992052574,0.24091341700000068,0,0,0,0,0,0.058039274490616216,569.576879053,150.218077992
110,21,54,26.73690828,87.82430156,6.747537642,47.46447019,watermelon,185,5.2380949886621435,2.0370369993141297,0.38888888168724295,44.992591982829055,4.16853394335219,0.8202656363521913,12.690531860288242,1,0,0,0,0,0,714.8622643731327,2252.8759304173986,0.24753764200000017,0,0,0,0,0,0.061274884206920247,742.2291406200001,141.698290482
112,25,51,25.04746944,85.5667282,6.932537231,56.72496677,watermelon,188,4.479999820800007,2.1960783883121886,0.49019606881968497,44.6579593503032,4.853769813762622,0.7285149832971379,14.208168716565906,1,0,0,0,0,0,627.3757253477339,3217.7218550576044,0.4325372310000004,0,0,0,0,0,0.18708845620114772,776.4441698720001,173.313430775
89,25,54,24.69368934,85.56967628,6.353107392999999,48.99390828,watermelon,168,3.5599998576000056,1.6481481176268868,0.46296295438957497,32.046840717924134,4.192392871211611,0.6773145661731315,12.098403506187738,1,0,0,0,0,0,609.7782932204295,2400.4030485490525,0.14689260700000073,0,0,0,0,0,0.021577437991256665,565.4265579769999,158.82768482499998
100,10,53,24.54356968,84.60808277,6.211748957,42.00660251,watermelon,163,9.9999990000001,1.8867924172303319,0.1886792417230332,45.014812376964684,3.5540981020525697,0.6993424844329762,10.309919757242481,1,0,0,0,0,0,602.3868126370154,1764.5546544331382,0.2882510429999998,0,0,0,0,0,0.08308866379058774,621.1748957,62.117489570000004
83,22,54,25.89762315,81.96664832,6.277245253999999,54.49960057,watermelon,159,3.7727271012396772,1.5370370085733889,0.4074073998628259,30.512292604784715,4.467149593501662,1.0635391234005938,14.114101173873854,1,0,0,0,0,0,670.686884819416,2970.206462289544,0.22275474600000056,0,0,0,0,0,0.049619676865524764,521.0113560819999,138.099395588
95,14,50,26.6333118,84.31756844,6.560443519,56.31866159,watermelon,159,6.785713801020443,1.8999999620000008,0.2799999944000001,40.58324777540605,4.748652603064024,1.0402645831964041,14.999524742851538,1,0,0,0,0,0,709.3332974360193,3171.791643288941,0.06044351899999967,0,0,0,0,0,0.003653418989103321,623.2421343049999,91.84620926599999
119,30,49,25.35794749,80.45846265,6.903020221,47.72078245,watermelon,198,3.9666665344444487,2.4285713790087473,0.6122448854643902,46.87216658103186,3.8395407923821008,1.0470253099517377,12.101010955488137,1,0,0,0,0,0,643.0255009055974,2277.273077640228,0.40302022100000023,0,0,0,0,0,0.16242529853488902,821.4594062990001,207.09060663
97,12,47,25.28784623,89.63667876,6.765094963999998,58.28697664,watermelon,156,8.083332659722279,2.0638297433227715,0.25531914350384805,42.720018726587654,5.224651000971304,0.5479964914921295,14.73952102483922,1,0,0,0,0,0,639.4751669521252,3397.3716458319054,0.26509496399999843,0,0,0,0,0,0.07027533993816047,656.2142115079998,81.18113956799998
110,7,45,26.63838589,84.69546874,6.189213927000001,48.32428609,watermelon,162,15.714283469388075,2.4444443901234583,0.1555555520987655,52.08646657242167,4.092848061918412,1.0159738436944792,12.872809807241792,1,0,0,0,0,0,709.603602824551,2335.2366261081675,0.31078607299999916,0,0,0,0,0,0.09658798317076081,680.8135319700001,43.32449748900001
96,18,50,25.3310446,84.30533791,6.904241707000001,41.53218699,watermelon,164,5.333333037037053,1.919999961600001,0.35999999280000017,39.20884254008696,3.501385058333256,0.8366894358371916,10.520536809792297,1,0,0,0,0,0,641.6618205271891,1724.9225561723251,0.4042417070000006,0,0,0,0,0,0.16341135767827436,662.8072038720001,124.276350726
83,23,55,26.89750174,83.89241484,6.463271076,43.97193745,watermelon,161,3.608695495274109,1.5090908816528932,0.41818181057851256,30.02221399786054,3.688912017873932,1.1110209666829816,11.82735264072546,1,0,0,0,0,0,723.475599853303,1933.5312831067124,0.03672892400000016,0,0,0,0,0,0.001349013858197788,536.4514993079999,148.655234748
120,24,47,26.98603693,89.4138489,6.260838965,58.54876687,watermelon,191,4.999999791666675,2.5531914350384803,0.5106382870076961,50.123181596276716,5.2350705941955065,0.7395524253116009,15.799991849597808,1,0,0,0,0,0,728.2461891873239,3427.95810199761,0.2391610350000004,0,0,0,0,0,0.057198000662271424,751.3006757999999,150.26013516
115,17,55,27.57826922,94.11878202,6.776533055,28.08253201,muskmelon,187,6.764705484429089,2.0909090528925627,0.3090909034710745,49.40985056983408,2.6430937088188626,0.4456945319394459,7.744676281510477,1,0,0,0,0,0,760.5609331707993,788.6286040926747,0.2765330549999998,0,0,0,0,0,0.07647053050763292,779.3013013249999,115.201061935
114,27,48,27.82054812,93.03555162,6.528404377999999,26.32405487,muskmelon,189,4.222222065843627,2.3749999505208343,0.5624999882812503,45.39823785126467,2.449072965705598,0.5446580368504601,7.323496352243555,1,0,0,0,0,0,773.9828976972357,692.9558647987708,0.028404377999999397,0,0,0,0,0,0.0008068086895668498,744.238099092,176.26691820599999
101,25,52,29.09910406,94.22237826,6.750145572,22.52497327,muskmelon,178,4.039999838400006,1.9423076549556222,0.48076922152366885,38.52704677669096,2.122356551742329,0.5257118143157826,6.554565411324485,1,0,0,0,0,0,846.7578570947084,507.3744208142145,0.2501455720000001,0,0,0,0,0,0.06257280719120722,681.764702772,168.7536393
118,18,52,28.04943594,90.83130708,6.562832807,20.76223014,muskmelon,188,6.555555191358045,2.269230725591717,0.34615383949704154,50.846173241782246,1.8858605015119716,0.7380280631307151,5.823688442834672,1,0,0,0,0,0,786.7708565521637,431.0702003863244,0.06283280700000038,0,0,0,0,0,0.003947961635499296,774.4142712260001,118.130990526
95,26,45,29.91690582,94.55695552,6.117530021,28.16057247,muskmelon,166,3.653846013313615,2.111111064197532,0.5777777649382719,35.64173583501978,2.6627779984635267,0.5397815948223085,8.424771944222748,1,0,0,0,0,0,895.0212538427498,793.017841838122,0.3824699789999997,0,0,0,0,0,0.14628328483626019,581.165351995,159.055780546
81,25,49,29.86895762,93.25103208,6.076459669,26.26243014,muskmelon,155,3.239999870400005,1.6530611907538533,0.5102040712203251,28.095076674273972,2.448998715483899,0.6660527838121953,7.844314128498707,1,0,0,0,0,0,892.154629305356,689.7152368583804,0.4235403309999999,0,0,0,0,0,0.17938641198358946,492.193233189,151.911491725
117,24,53,29.17220859,92.21405224,6.293486295,21.30290472,muskmelon,194,4.8749997968750085,2.2075471281594883,0.45283018013527965,47.58501164582534,1.9644271687138228,0.7141433692556325,6.214527800647355,1,0,0,0,0,0,851.0177540184698,453.8137495093983,0.20651370499999988,0,0,0,0,0,0.04264791035282697,736.337896515,151.04367108
114,30,51,29.24908541,90.06998135,6.069171847000001,25.93496537,muskmelon,195,3.7999998733333373,2.2352940738177636,0.5882352825836219,43.71498598878879,2.335961847188796,0.9184359061674283,7.585740172125222,1,0,0,0,0,0,855.5089973214748,672.6224287430992,0.4308281529999993,0,0,0,0,0,0.18561289741739082,691.8855905580001,182.07515541
113,6,52,27.76317235,90.35567642,6.740983646,25.21609113,muskmelon,171,18.83333019444497,2.173076881286983,0.11538461316568052,53.67494760127857,2.278416970719512,0.7487054615070907,7.000786840354963,1,0,0,0,0,0,770.7937389358046,635.8512518764646,0.2409836460000001,0,0,0,0,0,0.058073117639453366,761.731151998,40.445901876
108,26,52,28.82629037,94.26765349,6.201797639,26.23838511,muskmelon,186,4.153845994082846,2.0769230369822496,0.49999999038461557,41.90465367951393,2.4734309956866554,0.505953547987161,7.563553080207444,1,0,0,0,0,0,830.9550164955547,688.4528531806696,0.2982023610000004,0,0,0,0,0,0.08892464810597457,669.794145012,161.24673861399998
81,30,48,28.52379742,92.09688432,6.041027474,29.86681385,muskmelon,159,2.699999910000003,1.6874999648437508,0.6249999869791669,25.865034312755125,2.750640500150424,0.6736455704314556,8.519149478382504,1,0,0,0,0,0,813.6070192571988,892.0265695505518,0.45897252600000016,0,0,0,0,0,0.2106557796228208,489.32322539399996,181.23082422
115,9,52,29.06785065,90.97685539,6.019372459,29.1194739,muskmelon,176,12.77777635802485,2.2115384190088765,0.17307691974852077,53.31353799302137,2.649198166033179,0.8182052771683253,8.46440518331773,1,0,0,0,0,0,844.9399414107055,847.9437602127812,0.4806275409999996,0,0,0,0,0,0.2310028331677063,692.227832785,54.174352131000006
83,7,45,29.08417927,90.73891887,6.704104127000001,25.33014238,muskmelon,135,11.857141163265547,1.844444403456791,0.1555555520987655,38.0,2.298429734384369,0.8412932121893413,7.367064019145444,1,0,0,0,0,0,845.8894838094977,641.6161129910721,0.2041041270000008,0,0,0,0,0,0.04165849465843246,556.4406425410001,46.928728889000006
84,21,55,28.47090661,94.79453182,6.494251024,21.08484101,muskmelon,160,3.9999998095238185,1.5272726995041328,0.3818181748760332,31.533051443419385,1.9987276320420864,0.4409503481410665,6.003045392824081,1,0,0,0,0,0,810.5925231953418,444.5705204169779,0.005748975999999573,0,0,0,0,0,3.3050725048571085e-05,545.517086016,136.379271504
109,26,45,28.27973674,90.38971208,6.224535448999998,21.58992507,muskmelon,180,4.192307531065095,2.422222168395063,0.5777777649382719,43.485629810317796,1.9515071109060735,0.7957065397320222,6.105573972159261,1,0,0,0,0,0,799.7435100837058,466.1248645282145,0.27546455100000156,0,0,0,0,0,0.07588071885763246,678.4743639409999,161.83792167399997
95,27,55,28.47212559,91.21322065,6.160414414,20.88620369,muskmelon,177,3.5185183882030224,1.7272726958677693,0.4909090819834713,34.17601498127012,1.905097905716814,0.7444269818481861,5.946746145600014,1,0,0,0,0,0,810.6619356127329,436.23350458016955,0.3395855860000001,0,0,0,0,0,0.11531837021896346,585.23936933,166.331189178
119,5,55,29.68846716,94.30111601,6.168757984,26.83924845,muskmelon,179,23.79999524000095,2.1636363242975216,0.09090908925619838,57.143095237599205,2.5309710817046627,0.5521345038576474,7.968161462069059,1,0,0,0,0,0,881.4050823103984,720.3452573608274,0.33124201600000003,0,0,0,0,0,0.10972127316374428,734.082200096,30.84378992
110,14,51,27.02415146,91.66737633,6.085444691,21.26034986,muskmelon,175,7.857142295918408,2.1568627028066136,0.2745097985390236,48.41831609353358,1.9488804915240827,0.5852961071726107,5.745429147092298,1,0,0,0,0,0,730.3047621330201,452.00247616960206,0.4145553089999998,0,0,0,0,0,0.17185610422008532,669.39891601,85.196225674
82,18,48,29.09588297,94.16748386,6.1590508160000015,26.70581328,muskmelon,148,4.555555302469149,1.7083332977430563,0.3749999921875002,32.020826556060875,2.514819241012574,0.5305188423007611,7.770292178135519,1,0,0,0,0,0,846.5704058039361,713.2004629462244,0.3409491839999985,0,0,0,0,0,0.11624634607026485,505.04216691200014,110.86291468800003
87,14,48,29.69238699,92.58862544,6.606033244,29.1102594,muskmelon,149,6.214285270408196,1.8124999622395843,0.2916666605902779,36.528527664461556,2.6952789040478393,0.7183391036336095,8.643530874840852,1,0,0,0,0,0,881.6378451639213,847.4072023352884,0.1060332439999998,0,0,0,0,0,0.011243048833163495,574.7248922279999,92.48446541599999
85,9,53,28.20619412,92.86798698,6.447662945,28.78654515,muskmelon,147,9.444443395061846,1.603773554645782,0.16981131755072987,38.157568056677825,2.6733485001893817,0.5852668330848746,8.119588805450444,1,0,0,0,0,0,795.5893867351225,828.6651816729884,0.052337054999999744,0,0,0,0,0,0.0027391673260729983,548.051350325,58.028966505
100,6,53,29.05248036,93.92217834,6.105909623,23.66620626,muskmelon,159,16.666663888889353,1.8867924172303319,0.11320754503381991,47.0,2.2227816449829443,0.5501936120873259,6.87561992564359,1,0,0,0,0,0,844.0466150681858,560.0893187408632,0.3940903770000004,0,0,0,0,0,0.15530722524400242,610.5909623,36.635457738
107,12,46,29.57240298,93.61870344,6.559763394,27.56918621,muskmelon,165,8.916665923611173,2.3260869059546327,0.2608695595463139,48.13522618623496,2.580991467876128,0.6108434220720771,8.152870844327788,1,0,0,0,0,0,874.5270180115128,760.0600282816542,0.05976339399999997,0,0,0,0,0,0.003571663262399232,701.894683158,78.717160728
91,13,47,29.10968327,92.43510994,6.14410903,27.95602304,muskmelon,151,6.999999461538503,1.9361701715708475,0.2765957387958354,39.10669166949991,2.584118063187573,0.6891375241897127,8.137909761832226,1,0,0,0,0,0,847.373660079718,781.5392242130109,0.3558909699999999,0,0,0,0,0,0.12665838252754083,559.11392173,79.87341739
102,25,50,28.20480805,92.91440379,6.099662369,20.36001144,muskmelon,177,4.079999836800006,2.039999959200001,0.4999999900000002,39.28103868280471,1.8917383241051793,0.5813595682285754,5.742502145610041,1,0,0,0,0,0,795.5111971373449,414.53006583693093,0.4003376310000002,0,0,0,0,0,0.1602702187946923,622.165561638,152.491559225
117,25,53,29.11858526,92.12543021,6.413927319,24.52020164,muskmelon,195,4.679999812800007,2.2075471281594883,0.47169810430758297,47.15930449020638,2.258934124920948,0.7180493601593525,7.1399358204673185,1,0,0,0,0,0,847.8920075438892,601.2402884662587,0.0860726810000001,0,0,0,0,0,0.007408506414527777,750.429496323,160.348182975
85,21,52,29.62800691,90.10051615,6.0751441160000015,23.69586761,muskmelon,158,4.047618854875292,1.6346153531804741,0.40384614607988184,32.00520790954705,2.135009902283067,0.9531229891323336,7.020613292875251,1,0,0,0,0,0,877.8187934590078,561.4941417906472,0.4248558839999985,0,0,0,0,0,0.1805025221694202,516.3872498600001,127.57802643600003
104,25,55,29.81196601,90.36881284,6.123802502,22.68766503,muskmelon,184,4.159999833600007,1.8909090565289264,0.4545454462809919,39.878983604567125,2.050257354872683,0.9450088104986838,6.763638987206257,1,0,0,0,0,0,888.7533173813953,514.730144513485,0.3761974979999998,0,0,0,0,0,0.14152455750145984,636.875460208,153.09506255
102,24,54,27.72338349,90.93897939,6.698468621,22.81863447,muskmelon,180,4.249999822916674,1.8888888539094657,0.44444443621399193,39.344631145812,2.0751033297752732,0.6998173698182373,6.326097541299429,1,0,0,0,0,0,768.5859921336046,520.6900790754721,0.19846862099999996,0,0,0,0,0,0.039389793521641625,683.243799342,160.763246904
116,25,50,29.26092798,92.92367701,6.088885814,28.70627683,muskmelon,191,4.639999814400007,2.319999953600001,0.4999999900000002,47.014182257413914,2.667492796310567,0.6553331757360822,8.399722988965728,1,0,0,0,0,0,856.201906250747,824.0503294405949,0.4111141859999998,0,0,0,0,0,0.16901487393044246,706.310754424,152.22214535
100,17,48,29.72791119,94.29753295,6.367800632000001,26.52364146,muskmelon,165,5.882352595155729,2.0833332899305566,0.35416665928819463,41.94043395102154,2.5011139545283365,0.5547309302630125,7.88492457758282,1,0,0,0,0,0,883.7487037205273,703.503556298631,0.13219936799999932,0,0,0,0,0,0.017476672899599244,636.7800632000001,108.25261074400001
110,25,54,28.91105641,90.78413842,6.425930938,23.44398467,muskmelon,189,4.399999824000007,2.0370369993141297,0.46296295438957497,43.2087954009366,2.128341949397638,0.821230624061317,6.777903632695452,1,0,0,0,0,0,835.8491827422021,549.6204172071949,0.07406906200000041,0,0,0,0,0,0.005486225945559905,706.85240318,160.64827344999998
104,25,51,28.96361426,93.88482153,6.469983276000002,23.56130173,muskmelon,180,4.159999833600007,2.0392156462898896,0.49019606881968497,40.26164427839479,2.21204860793553,0.5481410093613701,6.824204547711906,1,0,0,0,0,0,838.8909510020753,555.134939212101,0.03001672399999844,0,0,0,0,0,0.0009010037196920823,672.8782607040001,161.74958190000004
107,11,54,28.59052369,91.33617236,6.094016337999999,29.44008034,muskmelon,172,9.727271842975288,1.9814814447873808,0.20370369993141296,48.08672720547046,2.6889442522264875,0.7442681658749675,8.417073143962734,1,0,0,0,0,0,817.4180448684513,866.7183304256546,0.4059836620000006,0,0,0,0,0,0.1648227338109307,652.059748166,67.03417971799999
98,26,52,27.33897716,90.69759008,6.150090898999999,28.69113835,muskmelon,176,3.7692306242603606,1.8846153483727819,0.49999999038461557,36.460023770334175,2.602217104996867,0.6827017393583743,7.843863760450501,1,0,0,0,0,0,747.4196721550016,823.1814198188407,0.3499091010000006,0,0,0,0,0,0.12243637896262863,602.7089081019999,159.90236337399998
88,17,52,29.90415889,90.75284363,6.646962425,25.37828397,muskmelon,157,5.176470283737042,1.6923076597633142,0.3269230706360948,35.50117368951812,2.3031514367271457,0.9158530596915563,7.5891623619442,1,0,0,0,0,0,894.2587189183661,644.0572972619589,0.1469624249999999,0,0,0,0,0,0.021597954361880594,584.9326934,112.998361225
87,25,46,27.42711692,90.02696201,6.379690748,21.7508774,muskmelon,158,3.4799998608000053,1.891304306710776,0.5434782490548207,31.533051443419385,1.9581654133739679,0.7407091919933174,5.9656385756238555,1,0,0,0,0,0,752.2467425433503,473.1006676698308,0.1203092520000002,0,0,0,0,0,0.014474316116799552,555.033095076,159.49226869999998
120,8,46,29.55657523,90.70937262,6.732834334,28.36535596,muskmelon,174,14.999998125000236,2.6086955954631392,0.17391303969754263,56.95612346359257,2.5730036432745775,0.8878657949086783,8.383827773574689,1,0,0,0,0,0,873.5911393266496,804.5934187375075,0.23283433399999964,0,0,0,0,0,0.05421182708922339,807.9401200799999,53.862674672
95,13,46,29.84070774,93.76312893,6.126019932,23.28207838,muskmelon,154,7.307691745562174,2.0652173464083186,0.28260868950850676,41.25934237640408,2.1830005169023057,0.6137522541193114,6.947536965173526,1,0,0,0,0,0,890.4678384240958,542.0551736924635,0.37398006799999983,0,0,0,0,0,0.1398610912612845,581.97189354,79.638259116
108,22,47,28.53545677,91.72742702,6.161123579,25.1290048,muskmelon,177,4.9090906859504235,2.2978722915346323,0.46808509642372137,44.23799272118933,2.3050189538772297,0.7061018904746013,7.170676301435225,1,0,0,0,0,0,814.2722930725388,631.4668822384231,0.33887642100000015,0,0,0,0,0,0.11483722870976934,665.4013465319999,135.544718738
82,13,52,27.11535046,94.86907886,6.442810053,26.51924782,muskmelon,147,6.3076918224852445,1.5769230465976338,0.24999999519230778,34.597687784012386,2.5158566127434634,0.36508302093722705,7.190786985748909,1,0,0,0,0,0,735.2422305686222,703.2705049385747,0.05718994700000035,0,0,0,0,0,0.0032706900378628493,528.310424346,83.756530689
120,23,55,27.84492803,91.60666594,6.732049075,26.47844429,muskmelon,198,5.217391077504735,2.181818142148761,0.41818181057851256,49.42671342502959,2.4256020006849304,0.6584510163244769,7.372903756014143,1,0,0,0,0,0,775.3400169958796,701.1080120186335,0.23204907499999994,0,0,0,0,0,0.0538467732083556,807.8458889999999,154.83712872499999
110,22,47,29.03157242,91.82172592,6.243673725,24.93861254,muskmelon,179,4.999999772727283,2.340425482118607,0.46808509642372137,45.34681172181054,2.2899064454729556,0.7386267462412881,7.240071360093302,1,0,0,0,0,0,842.8321971777046,621.9343954202453,0.25632627500000016,0,0,0,0,0,0.0657031592553757,686.80410975,137.36082195
95,23,45,27.82424457,90.56698742,6.266208727,21.19014526,muskmelon,163,4.130434603024582,2.111111064197532,0.5111110997530867,36.89625093872457,1.9191276191903928,0.7380619745780668,5.895997841880663,1,0,0,0,0,0,774.1885858911745,449.02225613990055,0.23379127299999958,0,0,0,0,0,0.05465835933096033,595.289829065,144.122800721
106,10,49,27.72653142,92.00687531,6.350623739,20.21126747,muskmelon,165,10.599998940000107,2.1632652619741783,0.20408162848813005,48.28043081829324,1.8595755659693491,0.6175912906126277,5.603883425449789,1,0,0,0,0,0,768.7605445842472,408.49533274388017,0.14937626099999957,0,0,0,0,0,0.02231326735033999,673.1661163340001,63.50623739
99,12,52,28.69708334,94.30759855,6.002927293,22.21807088,muskmelon,163,8.249999312500059,1.9038461172337287,0.23076922633136104,43.54690957270485,2.095332909106485,0.49507289815386885,6.375938316973872,1,0,0,0,0,0,823.5225922229055,493.64267362870396,0.49707270700000006,0,0,0,0,0,0.2470812760443079,594.289802007,72.035127516
106,20,51,29.73019662,90.97015715,6.342573112,20.49035619,muskmelon,177,5.2999997350000125,2.078431331795464,0.39215685505574793,43.55456348076513,1.8640109226637753,0.8786214637820112,6.091823183425341,1,0,0,0,0,0,883.8845910638595,419.8546967930713,0.15742688799999982,0,0,0,0,0,0.024783225065364487,672.312749872,126.85146224
83,11,53,29.54097171,92.91778307,6.163921247999999,21.9653077,muskmelon,147,7.545453859504195,1.5660377063011754,0.2075471658953365,36.16628264005025,2.0409676959344005,0.6757123137321307,6.488765333671451,1,0,0,0,0,0,872.6690095710204,482.4747423556793,0.3360787520000006,0,0,0,0,0,0.1129489275458779,511.60546358399995,67.80313372799999
117,19,55,28.80311922,91.78336933,6.121745389,25.16359891,muskmelon,191,6.157894412742399,2.127272688595042,0.34545453917355384,49.57149718672348,2.3095998924285155,0.7233197937471847,7.247901394089921,1,0,0,0,0,0,829.6196768015334,633.2067101033532,0.378254611,0,0,0,0,0,0.14307655074276132,716.244210513,116.313162391
98,26,49,27.29035669,90.53330091,6.130160472999999,23.49535234,muskmelon,173,3.7692306242603606,1.9999999591836743,0.5306122340691382,36.77408507812714,2.127111803383692,0.6901561304299846,6.411965459158262,1,0,0,0,0,0,744.7635682674277,552.0315815807435,0.3698395270000008,0,0,0,0,0,0.1367812757315843,600.7557263539999,159.38417229799998
113,20,48,27.46583649,94.87679041,6.440584681,27.27899847,muskmelon,181,5.649999717500013,2.354166617621529,0.4166666579861113,47.71093515467218,2.588143820432901,0.3824904510293996,7.492405115879802,1,0,0,0,0,0,754.3721740954155,744.1437575262624,0.05941531900000019,0,0,0,0,0,0.0035301801318717834,727.7860689529999,128.81169362
101,17,47,29.49401389,94.72981338,6.185053234,26.30820876,muskmelon,165,5.941176121107286,2.148936124490721,0.3617021199637847,42.567593307585526,2.4921717061968813,0.500352249731722,7.759346745884597,1,0,0,0,0,0,869.896855343513,692.1218481597407,0.31494676600000027,0,0,0,0,0,0.09919146541385893,624.690376634,105.14590497799999
98,7,45,27.79161808,92.51054946,6.157724816,26.85422624,muskmelon,150,13.999998000000286,2.177777729382717,0.1555555520987655,45.70557952810576,2.4842992247855493,0.5835493823672981,7.463223994959943,1,0,0,0,0,0,772.3740355045828,721.1494669491045,0.342275184,0,0,0,0,0,0.11715230158223386,603.457031968,43.104073712
93,22,48,29.12533739,91.52291141,6.776987974,21.90440445,muskmelon,163,4.2272725351239755,1.9374999596354177,0.45833332378472247,35.92121007612819,2.00475486796616,0.773562934686693,6.379731699332674,1,0,0,0,0,0,848.285278081332,479.8029343091799,0.27698797399999986,0,0,0,0,0,0.0767223377406246,630.2598815819999,149.093735428
95,21,47,27.93114233,93.56161439,6.431970877,20.66127836,muskmelon,163,4.523809308390033,2.021276552738797,0.44680850113173404,37.5410886008029,1.9331025587227717,0.5106375264833385,5.77093106592909,1,0,0,0,0,0,780.1487118587179,426.8884234694043,0.06802912299999964,0,0,0,0,0,0.00462796157614908,611.037233315,135.071388417
109,12,48,29.45771748,92.12534736,6.708743843,20.76212031,muskmelon,169,9.083332576388953,2.2708332860243066,0.2499999947916668,49.03400180826905,1.9127175454888612,0.7447623992225608,6.1160467437775,1,0,0,0,0,0,867.7571191314976,431.0656397669145,0.2087438429999997,0,0,0,0,0,0.043573991990408525,731.253078887,80.504926116
118,12,47,27.96872279,92.17444796,6.010739645,28.94766949,muskmelon,177,9.833332513888958,2.5106382444545057,0.25531914350384805,54.00925846556311,2.6682354549692846,0.6235965488547904,8.096293433823508,1,0,0,0,0,0,782.2494545038654,837.9675689022768,0.48926035499999987,0,0,0,0,0,0.23937569497472588,709.26727811,72.12887574
100,14,49,29.48882958,91.07574233,6.365956657999999,26.01909355,muskmelon,163,7.142856632653098,2.0408162848813003,0.28571427988338205,43.24735059322517,2.369708259819965,0.8468076015863791,7.672726155220273,1,0,0,0,0,0,869.591069998283,676.9932291636517,0.1340433420000009,0,0,0,0,0,0.017967617534529204,636.5956657999999,89.12339321199998
89,9,47,29.47156259,90.77069618,6.6683827660000015,28.75226067,muskmelon,145,9.88888779012358,1.8936169809868728,0.19148935762788602,40.01666319589045,2.609862717764733,0.8741592879325608,8.473740499399003,1,0,0,0,0,0,868.5730014962876,826.6924936356288,0.16838276600000146,0,0,0,0,0,0.028352755885811248,593.4860661740001,60.01544489400001
95,16,46,27.076726500000003,90.14362622,6.74669542,24.4514648,muskmelon,157,5.937499628906273,2.0652173464083186,0.34782607939508525,39.878983604567125,2.204143703462687,0.6975086152283119,6.620656249139773,1,0,0,0,0,0,733.1491179558025,597.874130865639,0.24669542,0,0,0,0,0,0.0608586302489764,640.9360649,107.94712672
95,7,45,27.30008597,90.80015308,6.031665834,25.09484511,muskmelon,147,13.571426632653338,2.111111064197532,0.1555555520987655,44.13615298142782,2.2786157775068894,0.6715967342683972,6.850914289068341,1,0,0,0,0,0,745.2946939693909,629.751251094891,0.468334166,0,0,0,0,0,0.21933689104291557,573.00825423,42.221660838
87,6,45,29.82729394,90.79007335,6.40077205,22.84203589,muskmelon,138,14.499997583333736,1.9333332903703715,0.13333333037037046,40.50925820105819,2.0738301139164323,0.905086563553895,6.8131611867905955,1,0,0,0,0,0,889.6674637831608,521.758603600048,0.0992279500000004,0,0,0,0,0,0.00984618606120258,556.8671683499999,38.404632299999996
93,20,50,29.93061247,93.22980899,6.448792688999999,24.34814338,muskmelon,163,4.649999767500011,1.8599999628000008,0.3999999920000002,36.69241520169166,2.269972756578533,0.6723214326818794,7.28754843870776,1,0,0,0,0,0,895.8415628293195,592.8320860530379,0.051207311000000644,0,0,0,0,0,0.002622188699850787,599.737720077,128.97585378
84,29,49,29.94349168,93.90741192,6.251420275,20.39020503,muskmelon,162,2.8965516242568405,1.7142856793002923,0.5918367226155771,27.83882181415011,1.914791382885466,0.6058159888314717,6.105539346692992,1,0,0,0,0,0,896.6126939902293,415.76046116543733,0.24857972499999992,0,0,0,0,0,0.061791879681075586,525.1193031,181.291187975
111,5,47,28.03306461,91.47355778,6.2744528110000015,21.17924769,muskmelon,163,22.199995560000886,2.361702077410594,0.10638297645993668,53.37914698956263,1.9373411373081464,0.6849346124669189,5.937192188849633,1,0,0,0,0,0,785.8527114284344,448.56053271437037,0.22554718899999848,0,0,0,0,0,0.05087153446580104,696.4642620210002,31.37226405500001
111,5,52,29.8843055,94.0371147,6.135996372,21.0000988,muskmelon,168,22.199995560000886,2.13461534356509,0.09615384430473377,53.113086899558006,1.9747886995669324,0.5893897996665911,6.2757336806938335,1,0,0,0,0,0,893.0717152173303,441.00414960976144,0.36400362799999986,0,0,0,0,0,0.1324986411971623,681.095597292,30.67998186
111,15,54,27.7058373,92.91185695,6.194090172,22.06207161,muskmelon,180,7.3999995066667,2.055555517489713,0.277777772633745,48.28043081829324,2.0498280414489765,0.5462007710242576,6.11248166527609,1,0,0,0,0,0,767.6134204940712,486.735003724768,0.3059098279999999,0,0,0,0,0,0.09358082286698952,687.544009092,92.91135258
89,11,47,29.78714005,94.65343534,6.327822962000001,27.8659442,muskmelon,147,8.090908355371969,1.8936169809868728,0.23404254821186068,39.03844259188627,2.637607347522748,0.5232757711380063,8.300467825108852,1,0,0,0,0,0,887.2737123583141,776.5108461575137,0.17217703799999917,0,0,0,0,0,0.029644932414453158,563.1762436180001,69.606052582
110,15,48,28.57819995,92.86597437,6.2125672110000005,27.598717800000006,muskmelon,173,7.333332844444477,2.291666618923612,0.31249999348958346,48.232077845903895,2.5629818198596634,0.6119709830256468,7.8872167565202425,1,0,0,0,0,0,816.7135123821799,761.6892242040371,0.28743278899999947,0,0,0,0,0,0.08261760819231821,683.38239321,93.188508165
95,30,52,29.48069921,90.33698678,6.640470862999999,26.0365768,muskmelon,177,3.1666665611111147,1.8269230417899416,0.5769230658284026,33.06055050963308,2.352065894178055,0.9161212180107353,7.675764890988643,1,0,0,0,0,0,869.1116259104947,677.9033314622982,0.1404708629999991,0,0,0,0,0,0.01973206335196452,630.844731985,199.21412588999996
115,12,52,27.51492243,94.96218673,6.685553129,21.01796432,muskmelon,179,9.58333253472229,2.2115384190088765,0.23076922633136104,51.926229723843164,1.9959118524403174,0.37858775940874645,5.783076579013077,1,0,0,0,0,0,757.0709563289171,441.7548241567931,0.18555312899999965,0,0,0,0,0,0.03442996368169051,768.8386098349999,80.226637548
120,25,50,28.05457761,94.81637388,6.327210469,21.84869328,muskmelon,195,4.799999808000008,2.3999999520000013,0.4999999900000002,49.24428900898052,2.0716138708259235,0.4175191888476316,6.129558613008454,1,0,0,0,0,0,787.0593248755133,477.36539804351713,0.17278953100000027,0,0,0,0,0,0.029856222023200055,759.26525628,158.18026172499998
102,11,45,29.03167341,93.12603235,6.35544263,24.15591199,muskmelon,158,9.272726429752144,2.2666666162962974,0.2444444390123458,45.98188048931158,2.249544241424493,0.6208343084570516,7.012865478143832,1,0,0,0,0,0,842.8380609849011,583.5080840686257,0.14455737000000024,0,0,0,0,0,0.02089683322131697,648.2551482599999,69.90986893
94,5,55,28.5854649,91.89216849,6.085682343999999,26.88372572,muskmelon,154,18.799996240000752,1.7090908780165295,0.09090908925619838,44.61315202194677,2.4704038535011867,0.6960950284421898,7.684837979502873,1,0,0,0,0,0,817.1288035491322,722.7347085881896,0.4143176560000006,0,0,0,0,0,0.17165912007333484,572.0541403359999,30.428411719999996
84,18,46,27.08808014,93.42402083,6.781050372999999,25.32159689,muskmelon,148,4.666666407407422,1.8260869168241975,0.3913043393194709,33.12602199681292,2.3656453953002234,0.4661106735593065,6.8591344582909475,1,0,0,0,0,0,733.7640856710624,641.1832690596576,0.28105037299999935,0,0,0,0,0,0.07898931216343877,569.608231332,122.05890671399999
107,22,54,27.99611732,90.84660317,6.630301421,21.61893763,muskmelon,183,4.863636142561993,1.9814814447873808,0.4074073998628259,42.930175867331364,1.9640070478295901,0.7319163492919614,6.052463142232427,1,0,0,0,0,0,783.7825849952039,467.3784642498301,0.13030142100000042,0,0,0,0,0,0.01697846031461935,709.442252047,145.866631262
80,18,52,27.87317436,91.14849627,6.484799661,24.05207925,muskmelon,150,4.444444197530878,1.5384615088757403,0.34615383949704154,31.04834939252005,2.192310855804369,0.6968943221448041,6.704077986557881,1,0,0,0,0,0,776.9138489029614,578.5025162482805,0.01520033899999973,0,0,0,0,0,0.00023105030571491278,518.78397288,116.726393898
86,18,45,28.96586565,90.71832938,6.566759102000001,22.25838137,muskmelon,149,4.777777512345693,1.9111110686419763,0.39999999111111134,34.23935357645254,2.0192431725893156,0.8321821178647221,6.44733284349883,1,0,0,0,0,0,839.02137285385,495.43554121236303,0.06675910200000068,0,0,0,0,0,0.004456777699846495,564.7412827720001,118.20166383600001
113,28,48,28.87726019,92.48839665,6.170520517999999,24.44267592,muskmelon,189,4.0357141415816375,2.354166617621529,0.5833333211805558,44.44097208657794,2.2606639056763633,0.6668245738202566,7.0583751228168765,1,0,0,0,0,0,833.8961560809589,597.4444061301479,0.3294794820000009,0,0,0,0,0,0.1085567290589889,697.2688185339999,172.774574504
115,18,53,29.17052093,94.19790371,6.0124803510000016,22.06994464,muskmelon,186,6.388888533950636,2.1698112798148816,0.33962263510145974,49.122296363260546,2.078942520083751,0.5320824546532029,6.437917820450613,1,0,0,0,0,0,850.919291327568,487.08245641266467,0.48751964899999845,0,0,0,0,0,0.23767540816108168,691.4352403650001,108.22464631800003
82,20,54,29.34033587,90.01506395,6.541150335,21.44532907,muskmelon,156,4.09999979500001,1.5185184903978057,0.37037036351166,31.04834939252005,1.9304026676648438,0.9326265634747114,6.2921315775647475,1,0,0,0,0,0,860.8553089644087,459.90213892058705,0.041150335000000204,0,0,0,0,0,0.001693350070612242,536.37432747,130.8230067
98,22,47,29.07265321,91.91533173,6.341400922,28.83568362,muskmelon,167,4.454545252066125,2.085106338614759,0.46808509642372137,38.7341365378568,2.6504414255936277,0.7334939153160058,8.383298299575374,1,0,0,0,0,0,845.2191646689232,831.4966498327364,0.15859907799999995,0,0,0,0,0,0.02515366754245007,621.457290356,139.510820284
117,25,54,28.68275966,92.50969311,6.150686363999999,29.11187663,muskmelon,196,4.679999812800007,2.166666626543211,0.46296295438957497,47.035447625523176,2.693130772897481,0.6503653450551203,8.350089606298608,1,0,0,0,0,0,822.7007017133233,847.5013609203402,0.34931363600000065,0,0,0,0,0,0.12202001629554095,719.630304588,153.7671591
83,15,49,28.92705913,91.39356832,6.438008152999999,23.20076686,muskmelon,147,5.533332964444469,1.6938775164514794,0.3061224427321951,34.0,2.1204008710958018,0.7683012450566524,6.711299548205646,1,0,0,0,0,0,836.7747499105163,538.2755828920743,0.06199184700000071,0,0,0,0,0,0.0038429890944714972,534.3546766989999,96.57012229499999
120,16,51,27.99901833,91.64193051,6.547041902999999,23.28618248,muskmelon,187,7.499999531250029,2.3529411303344876,0.3137254840445984,52.91817583149795,2.13399071667534,0.6685635105392379,6.5199025009324485,1,0,0,0,0,0,783.9450274436759,542.246294491859,0.04704190299999933,0,0,0,0,0,0.002212940637861346,785.64502836,104.75267044799999
111,5,50,27.59350075,91.79742953,6.399891457000001,24.84266123,muskmelon,166,22.199995560000886,2.219999955600001,0.09999999800000005,53.20087718575074,2.2804924435985883,0.6228622501587284,6.85495991282001,1,0,0,0,0,0,761.4012836402505,617.1578169885452,0.10010854299999927,0,0,0,0,0,0.010021720381582703,710.3879517270001,31.999457285000005
85,21,47,29.87331077,90.60932469,6.186770318,24.69720481,muskmelon,153,4.047618854875292,1.8085105998189235,0.44680850113173404,32.18695387886216,2.2377970495647195,0.9271705567579615,7.377872744394688,1,0,0,0,0,0,892.4146963609979,609.9519254270871,0.31322968200000023,0,0,0,0,0,0.09811283368582127,525.87547703,129.922176678
90,23,54,28.55852465,90.45773041,6.159020864,27.26588346,muskmelon,167,3.9130433081285516,1.6666666358024698,0.42592591803840896,33.53108010985231,2.4664099354151583,0.8166774950296042,7.786734048964373,1,0,0,0,0,0,815.5893301846576,743.4284008543017,0.3409791359999996,0,0,0,0,0,0.11626677118730624,554.31187776,141.657479872
99,29,55,29.19378695,91.46241065,6.660954816,26.48240255,muskmelon,183,3.413792985731276,1.799999967272728,0.5272727176859506,35.38361202590826,2.422144377026707,0.7849277755048902,7.731216179688367,1,0,0,0,0,0,852.2771964819902,701.3176448202465,0.16095481600000028,0,0,0,0,0,0.025906452793593944,659.434526784,193.16768966400002
102,11,47,27.98780984,92.78226196,6.504906978999999,27.14509034,muskmelon,160,9.272726429752144,2.1702127197827084,0.23404254821186068,45.82939377008312,2.5185828828537455,0.5765391893845432,7.59731626525541,1,0,0,0,0,0,783.3174996400008,736.8559295667612,0.004906978999999367,0,0,0,0,0,2.407844290643479e-05,663.500511858,71.55397676899999
80,18,51,28.05380704,91.81758779,6.706053225,20.76582087,muskmelon,149,4.444444197530878,1.5686274202229917,0.3529411695501732,31.02149792213995,1.906667580762639,0.6589956906107992,5.825603317141848,1,0,0,0,0,0,787.0160894375535,431.2193164049275,0.20605322499999978,0,0,0,0,0,0.042457931532900534,536.484258,120.70895804999999
87,21,52,27.350629600000005,94.29119509999998,6.067665497999999,27.21244021,muskmelon,160,4.142856945578241,1.6730768909023677,0.40384614607988184,33.02019584032374,2.5658935089881942,0.419633102785652,7.442773726958563,1,0,0,0,0,0,748.0569395163965,740.5169021828249,0.4323345020000007,0,0,0,0,0,0.1869131216195886,527.8868983259999,127.42097545799999
114,8,52,29.34081108,94.5513539,6.419083092,28.22908103,muskmelon,174,14.249998218750225,2.1923076501479297,0.15384615088757403,53.25410782277739,2.6690978307393065,0.5089477386187884,8.282641334632418,1,0,0,0,0,0,860.8831948322509,796.8810157983058,0.08091690799999984,0,0,0,0,0,0.0065475460002804384,731.775472488,51.352664736
99,6,46,28.61475136,94.22253035,6.39637861,28.98574189,muskmelon,151,16.499997250000458,2.15217386625709,0.13043477977315696,46.65118790913403,2.7311099449477916,0.4977146452469623,8.294197971674864,1,0,0,0,0,0,818.8039953946218,840.1732329137008,0.10362138999999981,0,0,0,0,0,0.010737392465532061,633.24148239,38.37827166
89,25,50,27.04863538,91.34685096,6.375923383,25.08146686,muskmelon,164,3.5599998576000056,1.7799999644000009,0.4999999900000002,32.25419869309007,2.291113015118599,0.6099289247175705,6.784194518916935,1,0,0,0,0,0,731.6286759201878,629.0799798492782,0.12407661700000006,0,0,0,0,0,0.015395006886164703,567.457181087,159.39808457499998
96,13,55,29.5275305,94.57459443,6.700337732,21.13545688,muskmelon,164,7.384614816568091,1.745454513719009,0.2363636320661158,41.50100400391939,1.9988772625187532,0.5169071704304484,6.240778476556349,1,0,0,0,0,0,871.8750574284303,446.7075375263393,0.20033773200000038,0,0,0,0,0,0.04013520686290398,643.232422272,87.10439051600001
82,26,47,28.50416396,93.46806467,6.565312652999999,24.20007242,muskmelon,155,3.1538460325443833,1.7446808139429615,0.5531914775916708,28.29016319029166,2.261933933971244,0.5554864902243667,6.89802832103554,1,0,0,0,0,0,812.4873630585629,585.6435051332447,0.06531265299999944,0,0,0,0,0,0.004265742641898336,538.3556375459999,170.698128978
106,21,52,28.89578588,94.78993038,6.286515359,23.0362503,muskmelon,179,5.047618807256247,2.038461499260356,0.40384614607988184,43.015501081974314,2.183604562153254,0.46347663759412944,6.656505561468857,1,0,0,0,0,0,834.9664416228072,530.66882788425,0.21348464099999998,0,0,0,0,0,0.04557569194289887,666.370628054,132.016822539
90,15,52,27.04927452,91.3821731,6.448061578,23.65747461,muskmelon,157,5.999999600000027,1.7307691974852077,0.2884615329142013,37.501111094650696,2.1618714399198753,0.6074942758394057,6.3991752517582,1,0,0,0,0,0,731.6632520583213,559.6761049227947,0.051938422000000095,0,0,0,0,0,0.002697599679850094,580.32554202,96.72092367
106,16,54,28.96017885,91.69532178,6.585872508,24.7458198,muskmelon,176,6.624999585937525,1.9629629266117978,0.29629629080932796,45.1811169996198,2.2690759092708954,0.7441140214289963,7.166433671978711,1,0,0,0,0,0,838.6919590239872,612.355597574072,0.08587250799999957,0,0,0,0,0,0.00737408763020999,698.1024858479999,105.373960128
24,128,196,22.75088787,90.69489172,5.521466996,110.4317855,apple,348,0.18749999853515625,0.12244897896709704,0.6530612211578509,86.62563131083085,10.015598828368766,0.2559730949648856,25.12421169194392,1,0,0,0,0,0,517.6028988733132,12195.179248718012,0.978533004,1,0,0,0,0,0.957526839917264,132.515207904,706.747775488
7,144,197,23.8494014,94.34814995,6.133220586,114.0512495,apple,348,0.04861111077353395,0.03553299474348734,0.7309644632945966,98.04590761474952,10.760524389810865,0.2175623949506005,27.20054029497049,1,0,0,0,0,0,568.793947138322,13007.68751251125,0.3667794139999998,0,0,0,0,0,0.13452713853418324,42.932544102,883.183764384
14,128,205,22.60800988,94.58900601,6.226289556,116.0396587,apple,347,0.10937499914550781,0.06829268259369423,0.624390240856633,96.09543867079921,10.97607597417265,0.1411192578654061,26.23425750361428,1,0,0,0,0,0,511.1221107341777,13465.202391212486,0.2737104439999998,0,0,0,0,0,0.07491740715467701,87.16805378400001,796.965063168
8,120,201,21.18667419,91.13435689,6.321152192,122.233323,apple,329,0.06666666611111112,0.039800994826860725,0.5970149224029109,96.91405126880896,11.139655282132646,0.10520629856388336,25.897175895620336,1,0,0,0,0,0,448.8751632332122,14940.985251622329,0.17884780800000044,0,0,0,0,0,0.031986538426405024,50.569217536,758.53826304
20,129,201,23.41044706,91.69913296,5.587905967,116.07779309999998,apple,350,0.15503875848807164,0.09950248706715181,0.6417910415831292,91.12811494447438,10.644232983180268,0.28309667592018894,27.174330302091825,1,0,0,0,0,0,548.0490315490626,13474.054050966402,0.9120940329999998,1,0,0,0,0,0.8319155250342047,111.75811934000001,720.839869743
32,137,204,22.86006627,93.12859895,5.824151692999999,117.7296726,apple,373,0.23357664063082745,0.1568627443291042,0.6715686241589773,86.69678963683334,10.963999464080203,0.19652662370747595,26.913081175814032,1,0,0,0,0,0,522.5826298687917,13860.275810503192,0.6758483070000008,1,0,0,0,0,0.45677093407476727,186.37285417599998,797.9087819409999
27,139,205,22.48403042,93.40819246,5.7721799460000005,105.5473627,apple,371,0.1942446029191036,0.13170731643069603,0.6780487771802499,89.98518396565811,9.858988368727024,0.16374250452145378,23.73130113697573,1,0,0,0,0,0,505.5316239274854,11140.24577292535,0.7278200539999995,1,0,0,0,0,0.5297220310045622,155.84885854200002,802.3330124940001
0,123,205,22.02775403,92.96129462,5.790993052,121.1349176,apple,328,0.0,0.0,0.5999999970731708,103.1810706153669,11.260858763783022,0.14272763200277677,26.683301693371178,1,0,0,0,0,0,485.2219476061813,14673.668261958788,0.7090069479999999,1,0,0,0,0,0.5026908523122745,0.0,712.292145396
22,144,196,21.91191314,91.68748063,6.4992268210000015,117.0761277,apple,362,0.152777776716821,0.11224489738650563,0.7346938738025823,89.3159187006064,10.734415190729155,0.15892815010007524,25.65361940929948,1,0,0,0,0,0,480.13193745490463,13706.819677226707,0.0007731789999985139,0,0,0,0,0,5.97805766038702e-07,142.98299006200003,935.8886622240002
1,124,199,23.71059131,93.27392415,5.658473817000001,112.66765890000002,apple,324,0.008064516063995839,0.005025125602888816,0.6231155747582132,99.96499387285532,10.508954670396674,0.24957718599410877,26.71416814032385,1,0,0,0,0,0,562.1921402698476,12694.001362006753,0.8415261829999992,1,0,0,0,0,0.7081663166745481,5.658473817000001,701.650753308
30,122,197,21.37784654,92.72043743,5.573241391,106.1417017,apple,349,0.24590163732867512,0.1522842631863743,0.6192893369579222,83.64408725865405,9.841505011188575,0.10030120099788004,22.69081010437057,1,0,0,0,0,0,457.01232268779,11266.060839771782,0.9267586090000002,1,0,0,0,0,0.8588815193556152,167.19724173,679.935449702
29,121,196,22.84852833,94.32130209,6.079497202000001,123.5977843,apple,346,0.2396694195068643,0.1479591829185756,0.6173469356257809,83.64408725865405,11.65790395061496,0.16175931874146784,28.240274761037796,1,0,0,0,0,0,522.0552468468126,15276.412283869327,0.42050279799999934,0,0,0,0,0,0.17682260312582826,176.30541885800002,735.6191614420001
13,126,204,23.1094265,92.79630809,6.3831802710000005,108.183792,apple,343,0.10317460235575712,0.06372548988369858,0.6176470557958478,96.03298044595583,10.039056492776478,0.22399350522789635,25.00065389715288,1,0,0,0,0,0,534.0455931589023,11703.732851499264,0.11681972899999948,0,0,0,0,0,0.01364684908363332,82.981343523,804.280714146
9,139,199,23.25230817,94.54128292,5.867420996,105.3558408,apple,347,0.06474820097303452,0.04522613042599934,0.6984924588015454,97.1253485622231,9.96047635234728,0.17753430157002537,24.49766477791059,1,0,0,0,0,0,540.6698352326487,11099.853190674943,0.6325790040000001,1,0,0,0,0,0.4001561963016322,52.806788964,815.5715184439999
0,133,200,23.67287749,90.4935574,5.708418722,104.2298028,apple,333,0.0,0.0,0.664999996675,101.79882121124979,9.432125642472482,0.3491599903551708,24.674193524912592,1,0,0,0,0,0,560.4051286565488,10863.851791726887,0.7915812779999998,1,0,0,0,0,0.6266009196801129,0.0,759.2196900260001
30,143,199,23.76881552,90.59810302,5.7983508000000015,102.2648546,apple,372,0.2097902083231454,0.1507537680866645,0.7185929612131007,86.08716512930368,9.265001832376122,0.35434015255665147,24.307144631670234,1,0,0,0,0,0,564.9565912237929,10458.100486359142,0.7016491999999985,1,0,0,0,0,0.49231159986063794,173.95052400000003,829.1641644000002
36,140,198,23.34386401,91.47684705,6.28188384,104.4267991,apple,374,0.25714285530612246,0.18181818089990817,0.707070703499643,82.08126054912493,9.552634329191779,0.28500264401230324,24.377249971899904,1,0,0,0,0,0,544.9359869173733,10904.95637027176,0.21811616000000011,0,0,0,0,0,0.04757465925314565,226.14781824,879.4637376
37,137,199,22.63946441,90.18451645,5.697945522,108.3405879,apple,373,0.2700729907293942,0.1859296473068862,0.6884422075957678,81.73942337289476,9.77064353167022,0.2590761949716543,24.527728839205267,1,0,0,0,0,0,512.5453487716566,11737.682986517628,0.8020544779999996,1,0,0,0,0,0.6432913856798519,210.823984314,780.6185365140001
33,121,203,22.45696744,94.76285385,5.6059340870000005,114.8407725,apple,357,0.27272727047332834,0.16256157555388387,0.5960591103642409,85.01764522732913,10.8826393404386,0.12867497569071357,25.789754888169472,1,0,0,0,0,0,504.31538660122015,13188.403028396757,0.8940659129999995,1,0,0,0,0,0.7993538567885227,184.99582487100002,678.318024527
7,144,195,22.96388477,93.58065995,5.85648105,104.64729859999998,apple,346,0.04861111077353395,0.035897435713346484,0.7384615346745562,97.22311110704764,9.79296326497271,0.19026184207646046,24.03108506542182,1,0,0,0,0,0,527.3400037298379,10951.05710427756,0.6435189499999998,1,0,0,0,0,0.4141166390091023,40.99536735,843.3332712
35,128,205,21.07273439,93.56585985,6.041053829,107.8737015,apple,368,0.27343749786376953,0.17073170648423558,0.624390240856633,85.12539769853257,10.093295636049733,0.06902123408984769,22.731938593756446,1,0,0,0,0,0,444.0601346714887,11636.735475311101,0.458946171,0,0,0,0,0,0.21063158787556124,211.436884015,773.254890112
29,128,198,22.44075021,92.70785115,5.685062404,121.4977331,apple,355,0.22656249822998048,0.14646464572492604,0.6464646431996736,84.91368166163409,11.263793755297229,0.17798313836988774,27.265002795783495,1,0,0,0,0,0,503.58726998761506,14761.699148438836,0.814937596,1,0,0,0,0,0.6641232853742592,164.866809716,727.687987712
2,143,196,22.71271308,90.45261746,5.669489065,109.8852597,apple,341,0.013986013888209694,0.01020408158059142,0.7295918330122866,100.27129865187412,9.939409360136855,0.2589930949602163,24.95792375287387,1,0,0,0,0,0,515.8673354544031,12074.770299336446,0.8305109350000004,1,0,0,0,0,0.6897484131545749,11.33897813,810.736936295
34,140,198,21.70416965,93.44006288,5.751707342,115.1781396,apple,372,0.242857141122449,0.17171717084991328,0.707070703499643,83.16249154516716,10.762252606625418,0.11179245745812415,24.99845881849783,1,0,0,0,0,0,471.0709801959812,13266.003841717087,0.7482926580000004,1,0,0,0,0,0.5599419020167056,195.558049628,805.23902788
29,144,204,22.43324518,92.48667725,5.800448951,119.1025189,apple,377,0.20138888749035494,0.14215686204825068,0.7058823494809688,88.92881047969401,11.015396225166326,0.18281756367221846,26.71856008039284,1,0,0,0,0,0,503.25048930599326,14185.41000832486,0.6995510490000001,1,0,0,0,0,0.4893716701570005,168.213019579,835.264648944
32,141,203,21.25941052,92.84416234,5.821347769,109.06584709999998,apple,376,0.2269503530003521,0.15763546720376617,0.6945812773665947,86.56981768106789,10.126127213902016,0.09012137228416182,23.18675617210451,1,0,0,0,0,0,451.96253565788663,11895.359003640575,0.678652231,1,0,0,0,0,0.46056885064127745,186.283128608,820.810035429
13,144,197,22.9215706,94.89613443,6.28022267,105.6941544,apple,354,0.09027777715084877,0.0659898473807622,0.7309644632945966,94.71536306217698,10.029966684407576,0.14911303595664227,24.226760220869004,1,0,0,0,0,0,525.3983987707843,11171.25427433104,0.21977733000000033,0,0,0,0,0,0.04830207478192904,81.64289471,904.35206448
25,143,198,22.81212536,91.51861705,6.027314401,107.855225,apple,366,0.17482517360262118,0.12626262562493623,0.7222222185746353,88.3911760301898,9.870761033616587,0.238507120815666,24.604069134310063,1,0,0,0,0,0,520.3930634403551,11632.749559800626,0.47268559900000007,0,0,0,0,0,0.22343167550198886,150.682860025,861.905959343
9,137,200,21.12152071,90.6878768,5.636687393,102.8017203,apple,346,0.06569343017742021,0.044999999775,0.684999996575,97.32591295915664,9.322869745394458,0.10443739022871462,21.713286643400775,1,0,0,0,0,0,446.11863710295887,10568.193696639431,0.8633126070000001,1,0,0,0,0,0.7453086574051366,50.730186537,772.226172841
6,144,198,21.11478672,90.31528693,5.559363609,104.5086618,apple,348,0.041666666377314816,0.030303030149984696,0.7272727235996327,99.0151503558925,9.43872977713733,0.10796389517446446,22.066781042996112,1,0,0,0,0,0,445.8342182310884,10922.06039122678,0.940636391,1,0,0,0,0,0.8847968200735048,33.356181654,800.548359696
37,126,196,23.59997268,90.97597665,5.596449493,107.17281909999998,apple,359,0.2936507913202318,0.18877550924094127,0.6428571395772595,79.68897874444956,9.750151887956275,0.32486237523682054,25.29275602798582,1,0,0,0,0,0,556.9587104967464,11486.01315384132,0.9035505070000003,1,0,0,0,0,0.8164035186999575,207.068631241,705.1526361179999
2,120,203,23.12652652,94.71203306,5.893492998999999,108.62118329999998,apple,325,0.01666666652777778,0.009852216700235386,0.5911330020141231,101.0066004443934,10.287733103725918,0.16532968874793255,25.12030676221231,1,0,0,0,0,0,534.8362288802632,11798.561461492196,0.6065070010000007,1,0,0,0,0,0.3678507422620148,11.786985997999999,707.2191598799999
11,143,197,22.98458907,93.3204487,5.875718516,122.1952483,apple,351,0.07692307638515332,0.05583756316833725,0.7258883211883842,95.68698971124549,11.403315400363912,0.19935715802484283,28.086075684821157,1,0,0,0,0,0,528.2913347167633,14931.678707098654,0.6242814839999999,1,0,0,0,0,0.3897273712652422,64.632903676,840.227747788
10,141,201,22.12659387,90.97818277,6.386021424,104.5412275,apple,352,0.07092198531261003,0.049751243533575906,0.7014925338234203,97.6746299370176,9.510970902495151,0.19185741217578378,23.131412835637757,1,0,0,0,0,0,489.5861562879216,10928.868247206758,0.11397857600000005,0,0,0,0,0,0.012991115786987788,63.86021424,900.429020784
24,142,202,22.53779727,91.48135786,5.710819862,101.8474768,apple,368,0.16901408331680223,0.11881188059994119,0.702970293549652,90.56121318386438,9.317145472278847,0.21618586766998937,22.95417784579428,1,0,0,0,0,0,507.9523057836194,10372.908530526538,0.7891801379999999,1,0,0,0,0,0.6228052902136988,137.059676688,810.936420404
23,138,195,22.49095104,91.70292746,5.7959857160000015,124.3915101,apple,356,0.1666666654589372,0.11794871734385273,0.7076923040631165,87.61468674447985,11.407065627340158,0.20667601472468436,27.976833634507656,1,0,0,0,0,0,505.84287868367704,15473.247784958403,0.7040142839999985,1,0,0,0,0,0.4956361120760306,133.30767146800002,799.8460288080003
18,125,204,22.35548159,94.47811755,6.046673619,116.7366261,apple,347,0.14399999884800002,0.0882352936851211,0.6127450950355633,93.35059364210457,11.029056683066198,0.13006692453119112,26.097034956572635,1,0,0,0,0,0,499.76755712082894,13627.4398732112,0.4533263810000001,0,0,0,0,0,0.20550480771055726,108.840125142,755.834202375
13,121,196,22.20700989,93.50574163,6.443382913,120.1593771,apple,330,0.10743801564100813,0.06632653027384423,0.6173469356257809,91.9945650568554,11.235591669534339,0.14332892450805262,26.683804756359397,1,0,0,0,0,0,493.15128825455776,14438.275905060005,0.05661708700000023,0,0,0,0,0,0.0032054945403655953,83.763977869,779.649332473
26,122,202,22.44516988,94.73763514,5.617227184,107.1843273,apple,350,0.21311475235151842,0.12871287064993628,0.6039603930497011,88.12112875657763,10.154389692473742,0.12867376053242438,24.05770434722022,1,0,0,0,0,0,503.7856509420593,11488.480018753527,0.8827728160000001,1,0,0,0,0,0.77928784466857,146.047906784,685.301716448
28,123,202,22.76643029,92.12438519,6.442289294,120.4359949,apple,353,0.22764227457201403,0.1386138606999314,0.6089108880746986,87.12251909428086,11.095091984908475,0.21787339362756591,27.41897682297645,1,0,0,0,0,0,518.3103481494294,14504.828867552826,0.057710705999999945,0,0,0,0,0,0.0033305255870184295,180.384100232,792.401583162
26,121,201,22.19109412,90.02575116,6.162034371,112.3126628,apple,348,0.21487603128201627,0.12935323318729736,0.6019900467562684,87.60707733967615,10.11103183334979,0.21854517984740812,24.923408710626227,1,0,0,0,0,0,492.44465824269855,12614.134225226504,0.33796562900000016,0,0,0,0,0,0.11422076638536574,160.212893646,745.606158891
21,137,196,23.6119202,91.70293849,5.812781806,123.5900822,apple,354,0.1532846704139805,0.10714285659620992,0.6989795882705123,89.03370148432559,11.333573705960644,0.29968324068611524,29.181991584178405,1,0,0,0,0,0,557.522775531168,15274.508418202757,0.6872181939999997,1,0,0,0,0,0.4722688461646213,122.06841792600001,796.351107422
21,135,198,23.86087054,94.92048112,5.7650151260000015,105.0241329,apple,354,0.1555555544032922,0.10606060552494644,0.6818181783746556,89.71621926942753,9.96894122407882,0.19611364801165776,25.05967238702655,1,0,0,0,0,0,569.3411429266399,11030.068491396862,0.7349848739999985,1,0,0,0,0,0.5402027650087936,121.06531764600004,778.2770420100002
5,144,205,21.42177231,92.62665309,6.184922574,102.8045658,apple,354,0.03472222198109568,0.024390243783462225,0.7024390209637121,102.50365847129555,9.52244285242468,0.10483220468662066,22.022560009960134,1,0,0,0,0,0,458.8923289014828,10568.778749326531,0.3150774260000002,0,0,0,0,0,0.09927378437478561,30.924612869999997,890.6288506559999
2,123,205,22.36629253,90.78572467,5.739652177000001,124.9831618,apple,330,0.016260162469429573,0.00975609751338489,0.5999999970731708,102.12247548899312,11.346686915560863,0.21803670882742293,27.954099581431215,1,0,0,0,0,0,500.25104153753375,15620.79073352498,0.7603478229999991,1,0,0,0,0,0.578128811940838,11.479304354000002,705.9772177710001
15,133,199,23.99686172,91.61001707,5.8247786360000005,117.6102915,apple,347,0.11278195403923343,0.07537688404333225,0.6683417051842125,93.21659365871149,10.774280811922676,0.33533601604370433,28.22277901974391,1,0,0,0,0,0,575.8493724088013,13832.180666714972,0.6752213639999995,1,0,0,0,0,0.45592389040201986,87.37167954,774.695558588
31,130,198,21.80129837,92.73446667,5.554823557000001,120.05866709999998,apple,359,0.23846153662721895,0.15656565577492093,0.6565656532496684,83.9781717670332,11.133576462629575,0.13087393344509676,26.174348233516024,1,0,0,0,0,0,475.2966106177647,14414.083545828618,0.9451764429999994,1,0,0,0,0,0.893358508402131,172.19953026700003,722.1270624100001
25,143,200,23.80436344,92.80441624,6.024248787,100.6192543,apple,368,0.17482517360262118,0.124999999375,0.714999996425,89.25431828955578,9.337911157815608,0.2737461578600175,23.951772984189823,1,0,0,0,0,0,566.6477187836086,10124.234335888068,0.4757512129999997,0,0,0,0,0,0.22633921667097107,150.606219675,861.4675765410001
16,143,204,23.71475278,91.53331177,5.631333387000001,121.8961665,apple,363,0.11188811110567755,0.0784313721645521,0.7009803887206844,95.91141746424145,11.15755981181233,0.314516536397858,28.90737453377218,1,0,0,0,0,0,562.3894994165178,14858.675407395724,0.8686666129999994,1,0,0,0,0,0.7545816845408907,90.10133419200001,805.2806743410001
19,122,202,23.34467359,90.37981478,5.811975094,112.8954016,apple,343,0.15573770364149422,0.09405940547495344,0.6039603930497011,91.74057626444981,10.203465486121717,0.3217637943624232,26.355063001639635,1,0,0,0,0,0,544.9737850236435,12745.371702425282,0.6880249059999999,1,0,0,0,0,0.47337827127630866,110.427526786,709.060961468
10,125,196,22.31253665,90.03577124,5.730557448,113.0688155,apple,331,0.07999999936,0.0510204079029571,0.6377550987869638,93.86337588928566,10.180238006735767,0.23042644196484033,25.22852089815838,1,0,0,0,0,0,497.84929175759316,12784.55703857304,0.7694425520000001,1,0,0,0,0,0.5920418408282728,57.30557448,716.319681
20,139,202,23.50201428,92.21083961,5.66999105,107.9868949,apple,361,0.14388489105118785,0.099009900499951,0.6881188084746593,92.42474416157901,9.957562245605827,0.272777509149904,25.379095459926592,1,0,0,0,0,0,552.3446752173239,11661.169470143645,0.8300089499999999,1,0,0,0,0,0.6889148570801022,113.399821,788.12875595
28,123,198,23.46260321,91.45665004,5.682751473,111.7763395,apple,349,0.22764227457201403,0.14141414069992858,0.6212121180746862,85.19585279421372,10.222689564403728,0.29582230995649383,26.2256390195475,1,0,0,0,0,0,550.4937493899024,12493.950072019261,0.8172485270000003,1,0,0,0,0,0.6678951548836702,159.117041244,698.9784311789999
28,136,200,23.06204373,92.39544055,6.245858905,114.7399101,apple,364,0.20588235142733566,0.1399999993,0.6799999966,86.9329243344162,10.601444542356896,0.23285493583284733,26.461368243024687,1,0,0,0,0,0,531.8578610044323,13165.246969756083,0.2541410949999996,0,0,0,0,0,0.06458769616779882,174.88404934000002,849.4368110800001
2,131,199,22.47420512,91.22759742,6.017370134,124.2179699,apple,332,0.01526717545597576,0.010050251205777632,0.6582914539784349,100.06164766449398,11.332106950366876,0.21704723378137228,27.91700135122586,1,0,0,0,0,0,505.08989577583424,15430.104046077306,0.4826298659999999,0,0,0,0,0,0.23293158755517787,12.034740268,788.275487554
2,140,197,22.69780133,92.82223419,5.53456749,105.0508234,apple,339,0.01428571418367347,0.010152284212424954,0.7106598948697468,100.26464980241042,9.751052131487134,0.19364186148646526,23.84422719086115,1,0,0,0,0,0,515.1901852161498,11035.675497017988,0.9654325100000003,1,0,0,0,0,0.9320599313649007,11.06913498,774.8394486
27,138,201,23.66682067,93.90191078,5.952367662,105.4004751,apple,366,0.1956521724952741,0.13432835754065495,0.6865671607633475,88.09653795694811,9.89730600900981,0.22360599599400197,24.944941427245002,1,0,0,0,0,0,560.1184006259392,11109.260151305718,0.5476323379999997,1,0,0,0,0,0.2999011776233459,160.713926874,821.4267373560001
30,127,204,22.50050273,92.45878335,6.126436584,100.9343903,apple,361,0.23622047058094117,0.1470588228085352,0.6225490165561323,87.19136042827485,9.332270925312043,0.1885683282084645,22.710745244960357,1,0,0,0,0,0,506.2726231027375,10187.751145232734,0.37356341599999965,0,0,0,0,0,0.1395496257735888,183.79309752,778.0574461680001
32,145,203,23.83053666,90.84422164,6.406818518,109.5966791,apple,380,0.22068965365041618,0.15763546720376617,0.7142857107670655,86.96167738339305,9.956225007168356,0.35071544658814674,26.117476791068057,1,0,0,0,0,0,567.894477503604,12011.432069748378,0.09318148200000032,0,0,0,0,0,0.008682788587716383,205.018192576,928.98868511
29,139,205,23.64142354,93.74461474,6.155939452999999,116.6912176,apple,373,0.20863309202422237,0.1414634139440809,0.6780487771802499,88.91194145520237,10.939173237453508,0.2277850713753302,27.587464986799027,1,0,0,0,0,0,558.9169069976662,13616.84026497055,0.34406054700000066,0,0,0,0,0,0.11837766000193967,178.52224413699997,855.6755839669999
26,126,195,21.41363812,92.99124545,5.878568981,118.3979065,apple,347,0.20634920471151424,0.13333333264957264,0.6461538428402367,84.97254458549146,11.00996878410765,0.09907842605603466,25.353299239565963,1,0,0,0,0,0,458.5438975343172,14018.064263582743,0.6214310190000001,1,0,0,0,0,0.38617651137537845,152.842793506,740.699691606
40,136,202,22.85267372,94.57645809999998,5.935336307999999,117.53140259999998,apple,378,0.2941176448961938,0.198019800999902,0.6732673233996668,81.4616474176652,11.115703773433125,0.1547159544744891,26.859067954717588,1,0,0,0,0,0,522.2446961527786,13813.630597123281,0.5646636920000008,1,0,0,0,0,0.31884508506307174,237.41345231999998,807.2057378879999
6,124,200,22.98208095,93.84505029,5.971332179,109.5852253,apple,330,0.04838709638397503,0.02999999985,0.6199999969000001,97.75479527879949,10.28403097931948,0.1835455827839902,25.18496518768588,1,0,0,0,0,0,528.176044792353,12008.92160405176,0.528667821,1,0,0,0,0,0.279489664960888,35.827993074,740.445190196
35,138,200,21.19909519,90.80819418,5.67130617,103.6838922,apple,373,0.2536231865679479,0.174999999125,0.68999999655,83.3446658961048,9.415347016235788,0.11021850146176015,21.980047004174985,1,0,0,0,0,0,449.4016368746812,10750.34950174122,0.8286938299999997,1,0,0,0,0,0.6867334638800685,198.49571595,782.6402514600001
17,136,196,23.87192332,90.49939035,5.882155987999999,103.0548094,apple,349,0.12499999908088236,0.08673469343502707,0.6938775474802166,91.106165177409,9.326397423335449,0.3678563205805204,24.60116507754015,1,0,0,0,0,0,569.8687229959598,10620.293740470328,0.6178440120000008,1,0,0,0,0,0.38173122316425717,99.99665179599998,799.9732143679998
33,134,205,21.0365275,94.33919546,6.08551916,114.7412734,apple,372,0.24626865487859212,0.1609756089708507,0.6536585333967877,86.43494663618414,10.824599418611898,0.058675795778348416,24.137579532641183,1,0,0,0,0,0,442.5354892582562,13165.559821453548,0.4144808400000004,0,0,0,0,0,0.17179436672710593,200.82213227999998,815.45956744
16,143,197,22.61711614,93.51978375,5.90402645,116.9256766,apple,356,0.11188811110567755,0.08121827369939963,0.7258883211883842,92.9211134959829,10.934863990454437,0.1695947853856527,26.445216074102806,1,0,0,0,0,0,511.53394249024853,13671.613848367788,0.5959735500000001,1,0,0,0,0,0.3551844722996026,94.4644232,844.27578235
27,120,200,21.45278675,90.74531921,6.1102188260000005,116.7036582,apple,347,0.22499999812500002,0.134999999325,0.5999999970000001,86.58136828055638,10.590310716333736,0.13445077627191537,25.036186923094892,1,0,0,0,0,0,460.22205934097565,13619.74383726243,0.38978117399999945,0,0,0,0,0,0.15192936360481785,164.97590830200002,733.2262591200001
29,145,205,22.81227579,92.12992101,6.212302608,109.3383552,apple,379,0.19999999862068968,0.1414634139440809,0.7073170697204045,89.4725283723073,10.073334027939323,0.22132832608964648,24.942567132473805,1,0,0,0,0,0,520.3999267190202,11954.875917841366,0.2876973920000001,0,0,0,0,0,0.08276978936360173,180.156775632,900.78387816
3,141,197,21.98141856,91.12719303,6.142803397000001,115.4789148,apple,341,0.02127659559378301,0.01522842631863743,0.7157360369759592,99.84654893051302,10.523269359874524,0.17580744409655377,25.383903610733785,1,0,0,0,0,0,483.18276190991253,13335.37976338566,0.35719660299999934,0,0,0,0,0,0.12758941319473913,18.428410191,866.1352789770001
15,123,204,22.52709326,92.54780429,6.365972687999999,115.3830068,apple,342,0.1219512185207218,0.0735294114042676,0.6029411735149942,94.82088377567464,10.67844393171814,0.18832393550941917,25.992437548028143,1,0,0,0,0,0,507.4699307447375,13313.238258208847,0.13402731200000062,0,0,0,0,0,0.01796332036194551,95.48959031999999,783.0146406239999
5,136,195,22.35628673,91.92360477,6.264202804,107.7697413,apple,336,0.036764705612024225,0.0256410255095332,0.6974358938593032,97.24710792614863,9.906583105426348,0.19030302906684313,24.093312373207233,1,0,0,0,0,0,499.8035563539741,11614.317139868926,0.23579719600000004,0,0,0,0,0,0.055600317641462435,31.32101402,851.931581344
10,136,204,21.19852186,92.15595143,6.276198595,105.8554351,apple,350,0.07352941122404845,0.04901960760284506,0.6666666633986928,98.43441132720474,9.755208335677116,0.09401263682046736,22.43978754967161,1,0,0,0,0,0,449.3773290488978,11205.373140210311,0.22380140499999968,0,0,0,0,0,0.05008706887997388,62.76198595,853.56300892
7,141,195,23.8812458,93.45067555,5.514253142,104.9116663,apple,343,0.049645389718827024,0.035897435713346484,0.7230769193688363,96.79531669111546,9.804066088811169,0.254195380143998,25.05421290197876,1,0,0,0,0,0,570.3139009600176,11006.457725842554,0.9857468579999997,1,0,0,0,0,0.9716968680568716,38.599771994,777.5096930220001
2,129,201,22.78234161,94.36803516,5.682343744,122.1449949,apple,332,0.015503875848807164,0.009950248706715181,0.6417910415831292,100.75878787149702,11.526583173341221,0.15670050120388976,27.827489997635077,1,0,0,0,0,0,519.0350892347374,14919.399779121026,0.8176562560000002,1,0,0,0,0,0.6685617529759379,11.364687488,733.022342976
29,138,197,22.19055385,92.43764169,5.830892252000001,121.6622761,apple,364,0.21014492601344256,0.14720812108016182,0.7005076106573218,85.231058501777,11.246173885321651,0.16565753111049983,26.997532893106182,1,0,0,0,0,0,492.42068016974986,14801.70942583263,0.6691077479999992,1,0,0,0,0,0.4477051784336304,169.09587530800002,804.6631307760001
30,137,200,22.91430043,90.70475565,5.603413172000001,118.6044645,apple,367,0.21897810059140074,0.14999999925000002,0.684999996575,85.94378007356515,10.7579889714716,0.2708913460616009,27.177383318922697,1,0,0,0,0,0,525.0651641962983,14067.018999331762,0.8965868279999993,1,0,0,0,0,0.8038679401431004,168.10239516000001,767.667604564
29,132,204,23.08950736,90.22507299,6.0967531,108.2166601,apple,365,0.21969696803259872,0.14215686204825068,0.6470588203575548,87.95642860719921,9.76385605625652,0.3019970894085778,24.98669369853568,1,0,0,0,0,0,533.1253501274941,11710.845523198932,0.4032469000000001,0,0,0,0,0,0.16260806235961006,176.8058399,804.7714092
14,139,197,21.72484506,92.83975602,6.056529526,121.6961761,apple,350,0.10071942373583148,0.07106598948697468,0.7055837527635342,93.52183345793287,11.298243297690956,0.12350311457297744,26.43830570166975,1,0,0,0,0,0,471.9688928810064,14809.959277362212,0.4434704739999997,0,0,0,0,0,0.19666606130978442,84.79141336400001,841.8576041140001
18,125,203,22.44307715,91.59234006,6.160267496,102.5565807,apple,346,0.14399999884800002,0.08866995030211847,0.6157635437647117,92.8780562529887,9.393397214865232,0.2054056188438438,23.01685252890301,1,0,0,0,0,0,503.69171196085216,10517.852244875612,0.33973250399999966,0,0,0,0,0,0.11541817427410979,110.88481492800001,770.033437
33,143,204,21.1316077,91.95769858,5.814434775,122.5391946,apple,380,0.23076922915545994,0.1617647050893887,0.7009803887206844,86.66217937101128,11.268422321262763,0.09100730212592936,25.894501881611586,1,0,0,0,0,0,446.5448439866993,15015.85421321667,0.6855652250000004,1,0,0,0,0,0.4699996777293012,191.87634757499998,831.464172825
40,144,196,22.71750705,92.25479855,5.987262638,107.0289866,apple,380,0.27777777584876545,0.2040816316118284,0.7346938738025823,79.43131204590124,9.873937597793649,0.210476395440452,24.31431757639855,1,0,0,0,0,0,516.0851265667997,11455.20397262298,0.5127373620000002,1,0,0,0,0,0.26289960239071924,239.49050552,862.1658198719999
9,143,197,23.75033085,92.88160462,5.570020684,117.6602827,apple,349,0.06293706249694361,0.04568527895591229,0.7258883211883842,96.79531669111546,10.928475857218826,0.26696337796111463,27.944706420295315,1,0,0,0,0,0,564.0782154844618,13843.942125043919,0.9299793159999998,1,0,0,0,0,0.8648615281878276,50.130186156,796.512957812
38,135,203,23.76121837,93.661643,5.9655513110000005,100.825956,apple,376,0.2814814793964335,0.18719211730447233,0.6650246272658885,82.92365967161201,9.443524696005708,0.23839944784018108,23.95747557880012,1,0,0,0,0,0,564.5954984268255,10165.873403313937,0.5344486889999995,1,0,0,0,0,0.28563540117381825,226.690949818,805.349426985
28,130,196,22.13450646,94.67695747,6.062356467000001,112.9203223,apple,354,0.21538461372781068,0.14285714212827988,0.6632653027384423,84.64041587799531,10.690952551895792,0.11362068667139738,24.99435603414632,1,0,0,0,0,0,489.93637622778175,12750.999188335876,0.43764353299999925,0,0,0,0,0,0.19153186197672142,169.74598107600002,788.10634071
35,142,203,21.17089176,90.23730166,5.895319002000001,123.6495149,apple,380,0.24647887150366993,0.17241379225411926,0.6995073857167124,85.04312631443727,11.157798576143964,0.11431063041671678,26.17770496124407,1,0,0,0,0,0,448.2066579136359,15289.202535005323,0.6046809979999992,1,0,0,0,0,0.365639109342275,206.33616507000002,837.1352982840001
12,129,205,22.36238282,91.15761594,6.119432215,118.68327250000002,apple,346,0.09302325509284298,0.058536585080309345,0.6292682896133254,97.22311110704766,10.818884173057366,0.20889096191185857,26.540407739753785,1,0,0,0,0,0,500.0761653882312,14085.71917130926,0.3805677850000002,0,0,0,0,0,0.1448318389798064,73.43318658,789.4067557349999
1,135,203,22.77856513,92.70124029,5.624203283,113.7759219,apple,339,0.007407407352537723,0.004926108350117693,0.6650246272658885,102.78132126023678,10.547169075268174,0.2028007922245491,25.916522472249437,1,0,0,0,0,0,518.8630293816519,12944.9604041949,0.8757967170000001,1,0,0,0,0,0.7670198895079782,5.624203283,759.267443205
0,145,205,21.22503442,90.09877774,5.52078314,113.9760462,apple,350,0.0,0.0,0.7073170697204045,105.39607835841583,10.269102454257773,0.12129338068570186,24.191455036505104,1,0,0,0,0,0,450.50208613018475,12990.539107384535,0.9792168600000002,1,0,0,0,0,0.9588656589082599,0.0,800.5135553
31,121,201,23.15791104,90.34396882,5.731535257999999,110.712841,apple,353,0.2561983449900963,0.1542288549540853,0.6019900467562684,85.04900548115383,10.002237455277617,0.3049288746590621,25.638781228636645,1,0,0,0,0,0,536.2888437365538,12257.333162291281,0.7684647420000008,1,0,0,0,0,0.5905380596971278,177.67759299799997,693.515766218
35,131,203,22.42776057,93.91722423,5.893490899,102.7230739,apple,369,0.2671755704795758,0.17241379225411926,0.6453201938654177,84.2852300228219,9.64746596506116,0.14767523170557387,23.038485064436163,1,0,0,0,0,0,503.0044441852467,10552.029911464862,0.6065091010000003,1,0,0,0,0,0.3678532895958286,206.272181465,772.047307769
29,140,195,23.64082979,90.95257927,5.560521058,116.7431319,apple,364,0.20714285566326532,0.14871794795529258,0.7179487142669296,84.5596436447868,10.618088958362815,0.3294011891644756,27.599045103994193,1,0,0,0,0,0,558.8888331597515,13628.958845820796,0.939478942,1,0,0,0,0,0.8826206824614394,161.255110682,778.47294812
33,138,198,22.29423493,90.69033986,6.222390797999999,122.7418744,apple,369,0.23913043304977946,0.16666666582491582,0.696969693449648,83.51646544245033,11.131502304389432,0.21358547479616685,27.364361836221523,1,0,0,0,0,0,497.032911114032,15065.567731225376,0.2776092020000007,0,0,0,0,0,0.0770668690350772,205.33889633399997,858.6899301239999
14,140,197,23.35225078,90.90054697,6.071255131,113.0381382,apple,351,0.09999999928571429,0.07106598948697468,0.7106598948697468,93.64293886887575,10.275228590850451,0.3050364851739087,26.396949509506975,1,0,0,0,0,0,545.3276164920105,12777.620687722301,0.428744869,0,0,0,0,0,0.18382216269382715,84.997571834,849.97571834
35,145,195,22.03911546,94.58075845,6.231950009,110.9804014,apple,375,0.2413793086801427,0.1794871785667324,0.7435897397764629,81.8535277187245,10.496610537497443,0.11050459226079362,24.45909880251746,1,0,0,0,0,0,485.7226102592111,12316.649494905123,0.2680499909999998,0,0,0,0,0,0.07185079767509998,218.118250315,903.632751305
40,120,197,23.80593812,92.48879468,5.889480679,119.6335548,apple,357,0.3333333305555556,0.20304568424849906,0.6091370527454972,78.50477692471968,11.064763286735728,0.2858718265453481,28.47989002644429,1,0,0,0,0,0,566.7226897732692,14312.187434084603,0.610519321,1,0,0,0,0,0.372733841314301,235.57922716000002,706.73768148
25,132,198,22.31944084,90.85174383,5.732757516,100.1173443,apple,355,0.18939393795913684,0.12626262562493623,0.6666666632996633,87.30597535869657,9.09583531728351,0.21218838975479962,22.345631431617612,1,0,0,0,0,0,498.1574394102598,10023.482629684742,0.7672424839999996,1,0,0,0,0,0.5886610292544897,143.3189379,756.723992112
31,137,196,22.14464104,93.82567435,6.400321212000001,120.6310784,apple,364,0.22627737061111408,0.158163264499167,0.6989795882705123,83.6082133126485,11.31829227844772,0.13241712183314674,26.713319294360975,1,0,0,0,0,0,490.38512679045226,14551.857075946948,0.09967878799999941,0,0,0,0,0,0.009935860777148826,198.40995757200002,876.844006044
36,144,196,23.65167552,94.50528753,6.496934492,115.3611268,apple,376,0.2499999982638889,0.18367346845064558,0.7346938738025823,81.61699169494875,10.90223645801879,0.20064907016137729,27.28483938695176,1,0,0,0,0,0,559.4017549033673,13308.189576565677,0.003065507999999717,0,0,0,0,0,9.397339298062265e-06,233.889641712,935.558566848
10,140,197,22.16939473,90.27185592,6.229498836,124.4683112,apple,347,0.07142857091836735,0.050761421062124765,0.7106598948697468,95.8453615639971,11.235985455252122,0.2110418449983272,27.5938712236928,1,0,0,0,0,0,491.4820626945518,15492.360492980046,0.2705011639999997,0,0,0,0,0,0.07317087972535473,62.294988360000005,872.1298370400001
22,30,12,15.78144173,92.51077745,6.354006743999999,119.035002,orange,64,0.7333333088888897,1.8333331805555684,2.499999791666684,9.018499505645789,11.012020578782307,0.0,18.785439478934332,1,0,0,1,0,0,249.05390307738537,14169.331701140005,0.14599325600000057,0,0,0,0,0,0.021314030797481703,139.78814836799998,190.62020231999998
37,6,13,26.03097313,91.50819306,7.511755067999999,101.2847738,orange,56,6.16666563888906,2.846153627218952,0.4615384260355057,16.258331197676263,9.268386634928829,0.5121385948028754,26.36541225265928,1,0,0,0,0,0,677.611562094782,10258.605403717165,1.0117550679999994,0,1,0,0,0,1.0236483176236832,277.934937516,45.070530407999996
27,13,6,13.36050601,91.35608208,7.335158382,111.2266885,orange,46,2.076922917159776,4.4999992500001245,2.1666663055556157,10.692676621563628,10.16123448409259,0.0,14.860448401766478,1,0,0,1,0,0,178.5031208432461,12371.37623467603,0.8351583820000004,0,0,0,0,0,0.6974895230248586,198.049276314,95.35705896600001
7,16,9,18.87957654,92.04304496,7.813916602999999,114.6659511,orange,32,0.4374999726562517,0.7777776913580343,1.7777775802469358,4.725815626252608,10.554203292478462,0.0,21.64844600324347,1,0,0,1,0,0,356.4384103297183,13148.28034166759,1.3139166029999991,0,1,0,0,0,1.7263768396390573,54.697416221,125.02266564799999
20,7,9,29.47741671,91.57802915,7.1291369410000005,111.1727497,orange,36,2.85714244897965,2.2222219753086696,0.7777776913580343,7.0,10.180981312712253,0.7981852726492284,32.770854697034274,1,0,0,0,0,0,868.9180958949872,12359.38027585885,0.6291369410000005,0,0,0,0,0,0.39581329053083814,142.58273882,49.903958587000005
26,27,10,28.06903173,92.91487288,6.079998496,114.1339416,orange,63,0.9629629272976693,2.599999740000026,2.699999730000027,9.539392014169456,10.604740675057345,0.5717011554236348,32.03629228240367,1,0,0,0,0,0,787.8705422597467,13026.55662515221,0.420001504,0,0,0,0,0,0.17640126336226203,158.079960896,164.159959392
5,23,15,25.66901098,92.04670813,7.408939392000001,112.5424199,orange,43,0.21739129489603065,0.3333333111111126,1.533333231111118,9.018499505645789,10.359159276779204,0.45087298938174736,28.888526121288706,1,0,0,0,0,0,658.8981246913605,12665.796276947916,0.9089393920000006,0,0,0,0,0,0.8261708183293308,37.04469696,170.405606016
0,18,14,29.77149434,92.00719952,7.207991261,114.41617859999998,orange,32,0.0,0.0,1.2857141938775576,9.451631252505216,10.527112172766152,0.7810160465106928,34.06340613594329,1,0,0,0,0,0,886.3418752366521,13091.061925427093,0.7079912610000001,0,0,0,0,0,0.5012516256523702,0.0,129.743842698
39,24,14,30.55472573,90.90343769,7.189259647,106.0711985,orange,77,1.6249999322916695,2.7857140867347083,1.7142855918367434,12.583057392117915,9.642236583548371,0.9601172026790521,32.40976378019887,1,0,0,0,1,0,933.5912644355241,11251.0991512264,0.6892596470000001,0,0,0,0,0,0.47507886098256474,280.38112623300003,172.542231528
13,23,6,23.96147583,90.26408017,7.365338111,102.6958703,orange,42,0.5652173667296797,2.1666663055556157,3.8333326944445507,8.54400374531753,9.26974826988712,0.3856861108936272,24.60744614034265,1,0,0,0,0,0,574.1523239516742,10546.44177667442,0.8653381109999998,0,0,0,0,0,0.748810046349048,95.749395443,169.402776553
21,17,15,23.98289638,91.5473145,7.455991072000001,118.4901697,orange,53,1.2352940449827032,1.399999906666673,1.1333332577777828,3.0550504633038935,10.847456830684271,0.3366617047922849,28.417374619637158,1,0,0,0,0,0,575.179318773817,14039.920315534797,0.9559910720000007,0,0,0,0,0,0.9139189297437105,156.57581251200003,126.75184822400001
33,12,8,25.26052689,90.31153735,6.822282114,117.36952959999998,orange,53,2.7499997708333526,4.124999484375065,1.4999998125000236,13.428824718989125,10.599822656222328,0.5096641829308569,29.648161585274508,1,0,0,0,0,0,638.0942187604131,13775.606478525271,0.32228211400000006,0,0,0,0,0,0.10386576100430904,225.135309762,81.867385368
6,9,12,31.08368929,90.14362642,7.028746406000002,109.6894658,orange,27,0.6666665925926009,0.4999999583333368,0.7499999375000053,3.0,9.887806227284566,1.092449822868849,34.095532733132806,1,0,0,0,1,0,966.1957398772606,12031.778907489368,0.5287464060000016,0,0,0,0,0,0.27957276185791846,42.172478436000006,63.258717654000016
19,7,10,14.78003032,91.22062116,6.118430299,100.1961762,orange,36,2.7142853265306677,1.899999810000019,0.699999930000007,6.244997998398398,9.139957430820807,0.0,14.809025221840622,1,0,0,1,0,0,218.4492962601193,10039.273725101446,0.3815697010000001,0,0,0,0,0,0.14559543672122946,116.250175681,42.829012093
24,18,6,26.56608303,94.45239715,6.285312759,116.3796525,orange,48,1.3333332592592633,3.9999993333334443,2.9999995000000834,9.16515138991168,10.99233715810899,0.3642602093056467,30.917515113175472,1,0,0,0,0,0,705.756767556854,13544.223516020758,0.21468724100000003,0,0,0,0,0,0.04609061144819209,150.847506216,113.135629662
9,11,8,24.85903405,94.39000473,6.559236744,111.78037340000002,orange,28,0.8181817438016598,1.1249998593750177,1.3749998281250215,1.5275252316519468,10.55094997394717,0.2725915803726895,27.78752108472315,1,0,0,0,0,0,617.9715738990595,12494.85187744343,0.059236743999999675,0,0,0,0,0,0.0035089918397214976,59.033130696,72.15160418399999
31,8,7,34.51465139,93.63812684,7.163245982,103.5684926,orange,46,3.8749995156250607,4.428570795918458,1.14285697959186,13.576941236277534,9.6979596467064,0.9234037110479769,35.74630417076794,1,0,0,0,1,0,1191.2611605732288,10726.432659436254,0.6632459820000003,0,0,0,0,0,0.4398952326391447,222.060625442,57.305967856
22,17,5,24.12188673,90.72351622,6.945562889,102.835632,orange,44,1.2941175709342605,4.399999120000176,3.399999320000136,8.736894948054104,9.329610127745951,0.38236615393842266,24.805894669119635,1,0,0,0,0,0,581.8654194149501,10575.167208839424,0.44556288899999963,0,0,0,0,0,0.198526288054026,152.802383558,118.074569113
13,5,8,23.85340379,90.10522549,7.474710503,103.923226,orange,26,2.599999480000104,1.6249997968750256,0.6249999218750099,4.041451884327381,9.364025712378231,0.38128561598029426,24.789226729374267,1,0,0,0,0,0,568.9848723687865,10800.036902247077,0.9747105029999998,0,0,0,0,0,0.9500605646585127,97.17123653899999,37.373552515
16,8,9,24.60297538,91.28408653,7.601189842999999,111.2948115,orange,33,1.9999997500000315,1.7777775802469358,0.8888887901234679,4.358898943540674,10.159445203306039,0.40119135116620386,27.381835072562406,1,0,0,0,0,0,605.3063975488861,12386.53506682053,1.1011898429999993,0,1,0,0,0,1.2126190703263633,121.61903748799999,60.809518743999995
4,13,6,15.63211033,94.25966183,7.5611432239999985,101.4705704,orange,23,0.3076922840236705,0.6666665555555741,2.1666663055556157,4.725815626252608,9.564581651601207,0.0,15.86199151740832,1,0,0,1,0,0,244.3628733692927,10296.276657301356,1.0611432239999985,0,1,0,0,0,1.126024941841111,30.244572895999994,98.29486191199999
0,25,14,19.33516809,91.97978938,6.361671475,116.450422,orange,39,0.0,0.0,1.7857141581632745,12.529964086141668,10.71108528877212,0.0,22.515884835214344,1,0,0,1,0,0,373.84872506855424,13560.700783978085,0.13832852500000037,0,0,0,0,0,0.019134780828675726,0.0,159.04178687499999
8,7,10,28.2620488,91.98317355,6.929216014,105.2132259,orange,25,1.14285697959186,0.7999999200000081,0.699999930000007,1.5275252316519468,9.677846417715054,0.6623541135103072,29.735413247912238,1,0,0,0,0,0,798.7434023735814,11069.82290428443,0.42921601399999965,0,0,0,0,0,0.1842263866740479,55.433728112,48.504512098
4,23,5,22.67594476,93.36348717,7.477935216,110.3332655,orange,32,0.17391303591682453,0.799999840000032,4.599999080000184,10.692676621563626,10.301098417933453,0.17758941732111275,25.01911033668414,1,0,0,0,0,0,514.1984707585715,12173.42947589349,0.9779352159999997,0,0,0,0,0,0.956357286692966,29.911740864,171.99250996799998
33,14,8,21.03200078,92.9641969,7.684420446,110.6823944,orange,55,2.3571426887755225,4.124999484375065,1.7499997812500274,13.051181300301263,10.289499906365059,0.07260954287126417,23.27872205353068,1,0,0,0,0,0,442.3450568099206,12250.592430117153,1.1844204459999998,0,1,0,0,0,1.4028517929028386,253.58587471799999,107.581886244
30,7,15,33.23453301,91.06053924,7.825531916,115.7659902,orange,52,4.285713673469475,1.9999998666666756,0.46666663555555765,11.67618659209133,10.541713493264554,1.1830958851981972,38.47428622737237,1,0,0,0,1,0,1104.5341843927797,13401.764486986496,1.325531916,0,1,0,0,0,1.7570348603346313,234.76595748,54.778723412
21,29,12,22.30318989,92.15987039,6.438668989,117.3688104,orange,62,0.7241379060642101,1.749999854166679,2.4166664652777947,8.504900548115383,10.816694354292483,0.18057307254041646,26.17698865514607,1,0,0,0,0,0,497.4322792693982,13775.437654711148,0.061331011000000046,0,0,0,0,0,0.0037614929102821265,135.212048769,186.721400681
11,14,5,11.50322938,94.8933184,6.946354724,115.56837759999998,orange,30,0.7857142295918408,2.199999560000088,2.799999440000112,4.58257569495584,10.966666852568226,0.0,13.294095566072537,1,0,0,1,0,0,132.32428616889518,13356.049901096176,0.44635472399999987,0,0,0,0,0,0.19923253963711607,76.409901964,97.24896613599999
9,8,15,14.34320488,94.35734702,7.994465371,110.22231229999998,orange,32,1.1249998593750177,0.5999999600000027,0.5333332977777802,3.7859388972001824,10.400284971037914,0.0,15.809412076662438,1,0,0,1,0,0,205.7275262296558,12148.958128758728,1.4944653710000004,0,1,0,0,0,2.233426745118169,71.95018833900001,63.955722968
5,18,14,33.105698100000005,93.48447453,7.434118807000001,119.1709113,orange,37,0.27777776234567986,0.3571428316326549,1.2857141938775576,6.6583281184793925,11.140630022141739,0.8539050977268065,39.45236211799679,1,0,0,0,1,0,1095.987246688344,14201.706100072468,0.9341188070000008,0,0,0,0,0,0.8725779455911048,37.17059403500001,133.81413852600002
29,25,14,30.49183837,90.4582865,7.781988584,113.3302105,orange,68,1.1599999536000019,2.0714284234693983,1.7857141581632745,7.767453465154029,10.25165665051431,1.00110115814847,34.55646461004077,1,0,0,0,1,0,929.7522071822043,12843.736611974311,1.2819885839999996,0,1,0,0,0,1.643494729506324,225.67766893599998,194.5497146
33,12,15,30.25578031,92.03272799,6.052318465,116.7173125,orange,60,2.7499997708333526,2.199999853333343,0.7999999466666703,11.357816691600547,10.741812673036327,0.8171059140457213,35.313733653736165,1,0,0,0,1,0,915.4122421669836,13622.931037222657,0.4476815350000001,0,0,0,0,0,0.2004187567799563,199.726509345,72.62782158
8,16,6,12.22816189,90.26457428,7.106650373,108.4161706,orange,30,0.4999999687500019,1.3333331111111482,2.6666662222222963,5.291502622129181,9.786139484276854,0.0,13.257304855906586,1,0,0,1,0,0,149.52794320804838,11754.066047568305,0.6066503729999999,0,0,0,0,0,0.36802467506103903,56.853202984,113.706405968
15,14,8,10.01081312,90.22399223,6.22094286,119.3941064,orange,37,1.0714284948979647,1.8749997656250295,1.7499997812500274,3.7859388972001824,10.772212928141393,0.0,11.95232086799796,1,0,0,1,0,0,100.21637932356413,14254.952643054521,0.2790571399999999,0,0,0,0,0,0.07787288738497956,93.31414290000001,87.09320004
16,7,8,22.79196751,90.60901895,6.420457311,116.5084074,orange,31,2.28571395918372,1.9999997500000315,0.8749998906250137,4.932882862316248,10.556712493940921,0.2621931397862566,26.554558361026434,1,0,0,0,0,0,519.4737829768956,13574.208994884373,0.07954268900000017,0,0,0,0,0,0.0063270393733507475,102.727316976,44.943201177
0,12,7,20.18432263,90.65458473,6.969249676,116.8130969,orange,19,0.0,0.0,1.71428546938779,6.027713773341708,10.58964279049475,0.017225715210085653,23.57793235239053,1,0,0,0,0,0,407.40688003193014,13645.29960736879,0.46924967599999956,0,0,0,0,0,0.22019525842610457,0.0,83.63099611199999
5,25,6,30.72119881,94.01331956,6.0113021810000005,106.8118019,orange,36,0.19999999200000032,0.8333331944444675,4.166665972222338,11.269427669584644,10.041732064804116,0.6418439120917828,32.81386601424236,1,0,0,0,1,0,943.7920563235455,11408.761025124844,0.48869781899999953,0,0,0,0,0,0.23882555829535632,30.056510905000003,150.28255452500002
6,8,11,24.35590861,92.39651663,6.600948787999999,119.6946577,orange,25,0.7499999062500118,0.5454544958677732,0.7272726611570308,2.5166114784235836,11.059369430700206,0.3312007867737484,29.152721440464326,1,0,0,0,0,0,593.2102842186721,14326.811081920168,0.10094878799999929,0,0,0,0,0,0.0101906577986688,39.605692727999994,52.807590303999994
10,5,5,21.21306973,91.35349216,7.817846496,112.9834361,orange,20,1.99999960000008,1.99999960000008,0.99999980000004,2.8867513459481287,10.321431443971212,0.10488816930911689,23.967255083242993,1,0,0,0,0,0,449.9943273698423,12765.256832962785,1.3178464959999996,0,1,0,0,0,1.736719387019477,78.17846496,39.08923248
1,17,6,10.78689755,91.38411917,6.8198271,117.5293447,orange,24,0.05882352595155729,0.16666663888889352,2.83333286111119,8.18535277187245,10.740315642036808,0.0,12.677770003975356,1,0,0,1,0,0,116.35715875419602,13813.146865611418,0.31982710000000036,0,0,0,0,0,0.10228937389441023,6.8198271,115.9370607
1,30,10,11.89925671,91.34663797,7.291405641,103.5771468,orange,41,0.033333332222222255,0.09999999000000101,2.9999997000000302,14.84362938547488,9.461424130705144,0.0,12.32491059062555,1,0,0,1,0,0,141.59231025048,10728.22533922875,0.7914056409999999,0,0,0,0,0,0.6263228886066207,7.291405641,218.74216923
0,23,15,22.56664172,93.37488907,7.598729065,109.8585753,orange,38,0.0,0.0,1.533333231111118,11.67618659209133,10.258032282025741,0.1700428611256601,24.791391086647412,1,0,0,0,0,0,509.25331851884454,12068.90656694577,1.0987290649999997,0,1,0,0,0,1.2072055582757735,0.0,174.770768495
24,27,9,18.86883219,93.24688124,6.157135092000001,119.3936976,orange,60,0.8888888559670793,2.6666663703704034,2.999999666666704,9.643650760992955,11.133089940911672,0.0,22.528196445580058,1,0,0,1,0,0,356.0328282143802,14254.855026600244,0.34286490799999925,0,0,0,0,0,0.11755634513784795,147.77124220800002,166.24264748400003
36,11,13,17.34083741,93.04897191,7.1917274,112.7194284,orange,60,3.272726975206639,2.769230556213034,0.8461537810650938,13.892443989449804,10.488426926902857,0.0,19.546492808325365,1,0,0,1,0,0,300.70464208005546,12705.669538822725,0.6917274000000004,0,0,0,0,0,0.4784867959107606,258.9021864,79.10900140000001
40,21,8,34.90665289,92.87820148,7.418761774,102.1906333,orange,69,1.904761814058961,4.999999375000079,2.6249996718750412,16.09347693943108,9.491282229006197,1.0616217849015568,35.67132965212375,1,0,0,0,1,0,1218.4744159829452,10442.92553425507,0.918761774,0,0,0,0,0,0.8441231973636272,296.75047096000003,155.793997254
40,22,6,24.53610067,91.90997228,6.488221135,115.9787989,orange,68,1.8181817355371936,6.66666555555574,3.666666055555657,17.009801096230767,10.659608191966695,0.3669718016101055,28.456674853960852,1,0,0,0,0,0,602.0202360883744,13451.081794286642,0.011778865000000138,0,0,0,0,0,0.00013874166068822825,259.5288454,142.74086497
32,18,13,13.8377282,91.74780462,6.044167236,107.9873218,orange,63,1.7777776790123512,2.461538272189364,1.384615278106517,9.848857801796104,9.907599701943466,0.0,14.94299208114335,1,0,0,1,0,0,191.48272173707525,11661.261669536756,0.45583276400000017,0,0,0,0,0,0.20778350873587986,193.413351552,108.795010248
9,10,10,22.3551049,93.52211892,6.010391864,101.5164589,orange,29,0.8999999100000091,0.8999999100000091,0.99999990000001,0.5773502691896257,9.494034341583092,0.15256089473125303,22.69411087786039,1,0,0,0,0,0,499.75071509000406,10305.59142759539,0.4896081360000002,0,0,0,0,0,0.23971612683739468,54.093526776,60.103918639999996
13,16,8,34.74004942,93.12316972,6.949838549,100.1967854,orange,37,0.8124999492187531,1.6249997968750256,1.9999997500000315,4.041451884327381,9.330642252202619,1.0136481818015233,34.808412765211344,1,0,0,0,1,0,1206.8710337040422,10039.395804493652,0.44983854899999987,0,0,0,0,0,0.20235472016642528,90.347901137,111.197416784
15,9,11,11.54785707,94.14861001,7.907956251,108.82891709999998,orange,35,1.6666664814815022,1.3636362396694328,0.8181817438016598,3.055050463303893,10.24609127385852,0.0,12.567407797536786,1,0,0,1,0,0,133.35300290914896,11843.733197158668,1.4079562509999999,0,1,0,0,0,1.9823408047299746,118.619343765,71.171606259
29,11,5,23.13338811,91.94670335,7.639788459,104.4224145,orange,45,2.636363396694237,5.799998840000232,2.199999560000088,12.489995996796797,9.601296769122241,0.25234103969412797,24.156442420117916,1,0,0,0,0,0,535.1536454478893,10904.04065000981,1.139788459,0,1,0,0,0,1.2991177312695947,221.553865311,84.037673049
1,15,9,29.98364695,94.55239717,7.53350946,115.3560318,orange,25,0.06666666222222252,0.11111109876543349,1.6666664814815022,7.023769168568493,10.90718933470875,0.5438694337854081,34.587945310441725,1,0,0,0,0,0,899.0190844222443,13307.01407264261,1.0335094600000003,0,1,0,0,0,1.0681418039094923,7.53350946,113.0026419
18,5,11,20.87947369,90.93756231,6.251586885,102.4550786,orange,34,3.599999280000144,1.6363634876033195,0.4545454132231443,6.506407098647712,9.317015094163448,0.07970175515619382,21.39208118035582,1,0,0,0,0,0,435.9524215714023,10497.043130932176,0.24841311499999996,0,0,0,0,0,0.061709075704003205,112.52856393,31.257934425000002
14,22,9,17.24944623,91.13772765,6.543191814,112.50905159999998,orange,45,0.6363636074380178,1.5555553827160686,2.4444441728395367,6.557438524302,10.253819302880595,0.0,19.407188359624953,1,0,0,1,0,0,297.54339524166124,12658.286691931458,0.04319181400000005,0,0,0,0,0,0.0018655327966106004,91.60468539600001,143.950219908
33,15,7,15.83388699,91.68293851,7.651225301,109.7571416,orange,55,2.199999853333343,4.7142850408164225,2.1428568367347376,13.316656236958787,10.062857264346164,0.0,17.378821764398275,1,0,0,1,0,0,250.71197721209126,12046.63013220245,1.1512253010000002,0,1,0,0,0,1.325319693662541,252.49043493300002,114.768379515
4,6,7,23.01014302,91.11764246,6.708889665,112.6738296,orange,17,0.6666665555555741,0.57142848979593,0.857142734693895,1.5275252316519465,10.266573720091765,0.2673716655017538,25.926409337071096,1,0,0,0,0,0,529.4666818008548,12695.391876729836,0.20888966500000006,0,0,0,0,0,0.04363489214381225,26.83555866,40.25333799
17,16,14,16.39624284,92.18151927,6.625538653,102.944161,orange,47,1.0624999335937542,1.2142856275510268,1.1428570612244957,1.5275252316519468,9.48954916095548,0.0,16.87897462716057,1,0,0,1,0,0,268.83677926825123,10597.50028399392,0.12553865299999956,0,0,0,0,0,0.015759953397054296,112.634157101,106.008618448
12,20,10,24.45132792,93.10527686,6.528354932,109.4711098,orange,42,0.5999999700000015,1.199999880000012,1.99999980000002,5.291502622129181,10.19233798610046,0.30690673613752056,26.767140034861253,1,0,0,0,0,0,597.8674370513716,11983.923880843655,0.028354932000000055,0,0,0,0,0,0.0008040021687246271,78.340259184,130.56709864
34,29,8,31.87859192,91.15248149,6.450640306,105.3437825,orange,71,1.1724137526753877,4.249999468750067,3.624999546875057,13.796134724383252,9.602347184417837,1.0509606188493645,33.582114536267376,1,0,0,0,1,0,1016.2446228018894,11097.312511407306,0.04935969399999962,0,0,0,0,0,0.0024363793917735986,219.321770404,187.06856887400002
39,28,10,31.34920143,91.48247612,7.181907673,109.1549823,orange,77,1.3928570931122466,3.899999610000039,2.799999720000028,14.6401275039985,9.985768061638773,0.9666709419895514,34.219215272107846,1,0,0,0,1,0,982.7724302987141,11914.810160913314,0.6819076730000004,0,0,0,0,0,0.4649980744962755,280.094399247,201.09341484400002
31,25,12,18.05142392,90.03969587,7.016482298,111.7793889,orange,68,1.2399999504000019,2.583333118055574,2.083333159722237,9.71253485622231,10.064582181090454,0.0,20.177771345524427,1,0,0,1,0,0,325.85390553954824,12494.631782857443,0.5164822979999997,0,0,0,0,0,0.26675396414736047,217.510951238,175.41205745
12,6,8,30.84835031,92.86773675,6.388617138,107.4142681,orange,26,1.9999996666667221,1.4999998125000236,0.7499999062500118,3.055050463303893,9.975319973104723,0.7737329023913905,33.13552970641059,1,0,0,0,1,0,951.6207168484772,11537.824991458678,0.11138286200000014,0,0,0,0,0,0.012406141947311074,76.663405656,38.331702828
12,29,13,22.45616931,91.52781832,7.57125447,118.0069295,orange,54,0.41379308917954866,0.9230768520710114,2.230769059171611,9.539392014169456,10.800916803777048,0.20809112631160254,26.499835886052338,1,0,0,0,0,0,504.27954007938587,13925.63541001797,1.0712544700000004,0,1,0,0,0,1.1475861394949818,90.85505364000001,219.56637963
26,11,11,13.70319166,90.95589386,7.609348255,106.2944879,orange,48,2.3636361487603503,2.3636361487603503,0.9999999090909174,8.660254037844387,9.668110159335454,0.0,14.565737400952507,1,0,0,1,0,0,187.77746167069355,11298.518157923245,1.1093482549999996,0,1,0,0,0,1.2306535508715442,197.84305462999998,83.70283080499999
19,24,15,20.48954522,93.72485075,7.137136973,111.83919509999998,orange,58,0.7916666336805569,1.2666665822222278,1.5999998933333406,4.509249752822894,10.48211186874763,0.030719693201240846,22.91534245369852,1,0,0,0,0,0,419.82146332242485,12508.00556061586,0.6371369729999996,0,0,0,0,0,0.4059435223636022,135.605602487,171.29128735199998
39,21,9,13.20844373,94.02769434,6.354022554,106.2696156,orange,69,1.857142768707487,4.333332851851906,2.333333074074103,15.0996688705415,9.992286933266094,0.0,14.036562378613302,1,0,0,1,0,0,174.46298576857635,11293.231199771762,0.14597744599999984,0,0,0,0,0,0.02130941474068287,247.806879606,133.434473634
16,29,13,32.31944397,93.67804556,6.196907944,117.6236473,orange,58,0.5517241189060649,1.230769136094682,2.230769059171611,8.504900548115382,11.018753390702772,0.7788296350447272,38.01530878459392,1,0,0,0,1,0,1044.5464585299694,13835.322404154798,0.30309205599999967,0,0,0,0,0,0.09186479441030693,99.150527104,179.710330376
36,29,13,20.68185224,90.91510525,7.829507245,109.7513927,orange,78,1.241379267538646,2.769230556213034,2.230769059171611,11.789826122551595,9.978059418654581,0.061945558354517545,22.698620869556148,1,0,0,0,0,0,427.7390120771931,12045.368199589613,1.3295072450000003,0,1,0,0,0,1.7675895145074907,281.86226082,227.055710105
37,23,12,31.52675982,90.50621806,6.395258356,113.1169398,orange,72,1.6086955822306268,3.0833330763889104,1.916666506944458,12.529964086141668,10.237786419818693,1.094325442058337,35.66210592647999,1,0,0,0,1,0,993.9365847479663,12795.442069716823,0.10474164399999975,0,0,0,0,0,0.010970811987822682,236.624559172,147.090942188
39,9,15,25.35467646,91.81183218,7.992041984,116.7555937,orange,63,4.333332851851906,2.599999826666678,0.5999999600000027,15.874507866387544,10.719544974860666,0.43844989476283536,29.603003031587146,1,0,0,0,0,0,642.8596183912781,13631.868660239481,1.492041984,0,1,0,0,0,2.2261892820186566,311.689637376,71.928377856
31,5,14,17.66545409,91.69865887,6.583411671,110.6857506,orange,50,6.1999987600002475,2.2142855561224604,0.3571428316326549,13.203534880225574,10.1497348860393,0.0,19.5531404564149,1,0,0,1,0,0,312.06826820589777,12251.335385885403,0.08341167100000035,0,0,0,0,0,0.0069575068590123,204.08576180100002,32.917058355
18,12,8,12.59093977,91.81668769,6.206053072,119.39167179999998,orange,38,1.4999998750000105,2.2499997187500353,1.4999998125000236,5.033222956847166,10.962147842447576,0.0,15.032533486734074,1,0,0,1,0,0,158.53176429176767,14254.371295198911,0.29394692800000044,0,0,0,0,0,0.08640479648063744,111.708955296,74.472636864
20,20,10,11.86631922,93.68394562,6.976997772000001,106.060149,orange,50,0.9999999500000024,1.99999980000002,1.99999980000002,5.773502691896257,9.936133231365096,0.0,12.585435845547636,1,0,0,1,0,0,140.80953183094138,11248.7552059022,0.4769977720000007,0,0,0,0,0,0.22752687449296466,139.53995544000003,139.53995544000003
5,8,5,11.03367937,92.22706805,6.562594972,112.7715925,orange,18,0.6249999218750099,0.99999980000004,1.599999680000064,1.7320508075688772,10.40059333560437,0.0,12.442855936892968,1,0,0,1,0,0,121.74208043996359,12717.432074986056,0.0625949720000003,0,0,0,0,0,0.003918130519680822,32.812974860000004,52.500759776
20,8,12,25.2990432,94.96419851,7.260416405,117.9733424,orange,40,2.4999996875000394,1.6666665277777895,0.6666666111111158,6.110100926607787,11.2032439065618,0.26684929642134353,29.846126858259918,1,0,0,0,0,0,640.0415868354662,13917.709517027639,0.760416405,0,0,0,0,0,0.578233108993124,145.2083281,58.08333124
25,21,11,32.23797837,90.15406807,6.460044777999999,104.7052254,orange,57,1.1904761337868508,2.2727270661157215,1.909090735537206,7.211102550927978,9.439602017996293,1.2049430199183242,33.754847916711746,1,0,0,0,1,0,1039.287249384588,10963.184226064806,0.03995522200000057,0,0,0,0,0,0.0015964197650693292,161.50111944999998,135.660940338
14,19,14,17.68408797,94.35815354,6.699164936,108.0638166,orange,47,0.7368420664819965,0.9999999285714337,1.3571427602040886,2.8867513459481287,10.196702198861201,0.0,19.110100391283463,1,0,0,1,0,0,312.72696733069876,11677.788458158435,0.19916493599999985,0,0,0,0,0,0.03966667173188403,93.78830910399999,127.28413378399999
37,18,12,10.2708877,90.19147747,7.401121811,106.69552040000002,orange,67,2.055555441358031,3.0833330763889104,1.4999998750000105,13.051181300301263,9.623026624306528,0.0,10.958577081214592,1,0,0,1,0,0,105.49113414601128,11383.93407342682,0.9011218110000003,0,0,0,0,0,0.8120205182599203,273.841507007,133.220192598
26,15,6,17.22034507,94.78797376,6.912033409,108.0054343,orange,47,1.7333332177777856,4.333332611111231,2.4999995833334028,10.016652800877813,10.237616272365804,0.0,18.598908480812142,1,0,0,1,0,0,296.5402843298733,11665.173838331617,0.4120334090000002,0,0,0,0,0,0.16977153013216142,179.71286863400002,103.680501135
13,22,5,19.667056,90.50096668,7.764040111,100.1737964,orange,40,0.590909064049588,2.599999480000104,4.399999120000176,8.504900548115383,9.065825410205505,0.0,19.701236635313983,1,0,0,1,0,0,386.79309170713594,10034.789485188652,1.264040111,0,1,0,0,0,1.5977974022168921,100.932521443,170.808882442
32,25,9,10.35609594,93.75652041,7.796034006,101.1456947,orange,66,1.279999948800002,3.5555551604938715,2.777777469135837,11.789826122551595,9.483068389524178,0.0,10.474745182311494,1,0,0,1,0,0,107.24872311848448,10230.45155634561,1.2960340060000002,0,1,0,0,0,1.6797041447084085,249.473088192,194.90085015
19,7,9,27.255435,91.71369387,6.969883482999999,101.139435,orange,35,2.7142853265306677,2.1111108765432363,0.7777776913580343,6.429100507328637,9.275871179774764,0.6012075551631654,27.56599296579225,1,0,0,0,0,0,742.8587370392249,10229.185312119227,0.4698834829999994,0,0,0,0,0,0.2207904875962107,132.427786177,48.789184381
28,7,9,34.591784600000004,92.13229786,6.730757538,115.5650287,orange,44,3.99999942857151,3.1111107654321373,0.7777776913580343,11.590225767142474,10.647271646387848,1.1480381492383915,39.97600580083218,1,0,0,0,1,0,1196.5915618127974,13355.275858431824,0.23075753799999976,0,0,0,0,0,0.053249041343821336,188.461211064,47.115302766
24,30,11,32.39523995,94.51768464,6.601395755,113.25373,orange,65,0.7999999733333342,2.1818179834710927,2.7272724793388656,9.71253485622231,10.704480336443707,0.6795461436877064,36.688817585825134,1,0,0,0,1,0,1049.451571418076,12826.4073589129,0.10139575500000042,0,0,0,0,0,0.01028109913202011,158.43349812000002,198.04187265000002
7,17,10,10.16431299,91.22320999,6.465913274,106.362551,orange,34,0.4117646816609011,0.699999930000007,1.6999998300000172,5.131601439446884,9.702733324945084,0.0,10.811022587788376,1,0,0,1,0,0,103.31325855868276,11312.9922552276,0.034086725999999956,0,0,0,0,0,0.0011619048893990731,45.261392918,109.920525658
18,23,8,21.49118657,93.43949693,6.41354791,101.4819888,orange,49,0.7826086616257103,2.2499997187500353,2.8749996406250453,7.637626158259733,9.482425980927895,0.09782934070427764,21.809683547954506,1,0,0,0,0,0,461.87110018654835,10298.594050803325,0.08645208999999987,0,0,0,0,0,0.007473963865368078,115.44386238,147.51160193
7,20,12,16.53460397,94.76759975,6.475275337,110.0447896,orange,39,0.34999998250000086,0.5833332847222263,1.6666665277777895,6.557438524302,10.428680575385762,0.0,18.195470149979748,1,0,0,1,0,0,273.3931284447397,12109.855718108269,0.024724662999999758,0,0,0,0,0,0.0006113089604635571,45.326927359,129.50550674000002
20,23,11,31.852069399999998,90.12220323,6.407715561,109.9455062,orange,54,0.8695651795841226,1.8181816528925772,2.090908900826464,6.244997998398398,9.908531253981623,1.1707233283713585,35.0199189370053,1,0,0,0,1,0,1014.5543250624162,12088.014333574238,0.09228443900000016,0,0,0,0,0,0.008516417681544751,128.15431122,147.377457903
18,14,11,28.04799508,90.00621688,6.550814117000001,117.1311498,orange,43,1.2857141938775576,1.6363634876033195,1.272727157024804,3.511884584284246,10.542531672302568,0.8042991738034708,32.85293913305143,1,0,0,0,0,0,786.6900280077042,13719.70625347004,0.050814117000000714,0,0,0,0,0,0.0025820744864897614,117.91465410600001,91.71139763800001
34,11,10,31.75048899,94.59551226,7.36220835,115.1989301,orange,55,3.090908809917381,3.3999996600000344,1.099999890000011,13.576941236277534,10.897301804613432,0.6350537368545991,36.576223617998295,1,0,0,0,1,0,1008.0935511041113,13270.793496184686,0.8622083500000004,0,0,0,0,0,0.7434032388097231,250.31508390000002,80.98429185
20,29,10,29.07412717,93.27189064,7.36549204,100.7896871,orange,59,0.689655148632581,1.99999980000002,2.899999710000029,9.50438495292217,9.400844672831017,0.6105171994630736,29.303721801699083,1,0,0,0,0,0,845.3048706973323,10158.561025715906,0.8654920400000004,0,0,0,0,0,0.7490764713033622,147.30984080000002,213.59926916
37,24,13,19.14381903,90.71037456,7.8546243,108.0230792,orange,74,1.541666602430558,2.846153627218952,1.8461537041420228,12.013880860626733,9.798813975356545,0.0,20.679742792681573,1,0,0,1,0,0,366.48580705339015,11668.985639849472,1.3546243000000002,0,1,0,0,0,1.8350069941504905,290.6210991,188.5109832
12,8,10,16.14820285,91.4448027,7.995848977,107.4287664,orange,30,1.4999998125000236,1.199999880000012,0.7999999200000081,2.0,9.82380234775239,0.0,17.347815117524643,1,0,0,1,0,0,260.7644552847481,11540.93985022577,1.4958489769999996,0,1,0,0,0,2.2375641619919455,95.95018772399999,63.966791816
34,10,14,34.05296914,92.05811721,6.725600855,116.8020848,orange,58,3.3999996600000344,2.4285712551020535,0.7142856632653098,12.858201014657274,10.75258001289076,1.1160703376136702,39.774577891820634,1,0,0,0,1,0,1159.6047072497925,13642.727013626392,0.2256008549999997,0,0,0,0,0,0.050895745776730894,228.67042906999998,67.25600854999999
6,13,9,34.51423957,90.56151463,7.786725333,118.32719679999998,orange,28,0.4615384260355057,0.6666665925926009,1.4444442839506353,3.511884584284246,10.715890164130087,1.3699243783812003,40.839732180017364,1,0,0,0,1,0,1191.2327330953538,14001.325502545926,1.2867253329999997,0,1,0,0,0,1.65566208258396,46.720351998,101.22742932899999
27,30,5,32.71748548,90.54608254,7.656978112000001,113.328978,orange,62,0.899999970000001,5.399998920000216,5.99999880000024,13.650396819628845,10.261494996161844,1.2023005802666848,37.0783919217824,1,0,0,0,1,0,1070.433856134011,12843.457254524485,1.156978112000001,0,1,0,0,0,1.3385983516470865,206.73840902400002,229.70934336000002
13,8,12,25.16296632,92.54736032,7.105904818,114.3117197,orange,33,1.6249997968750256,1.083333243055563,0.6666666111111158,2.6457513110645907,10.579247911874742,0.3847772766293559,28.7642195279238,1,0,0,0,0,0,633.1748740214543,13067.169260771367,0.605904818,0,0,0,0,0,0.3671206484756131,92.376762634,56.847238544
6,7,7,27.68167318,94.47316879,7.199106204,113.9995146,orange,20,0.857142734693895,0.857142734693895,0.9999998571428775,0.5773502691896258,10.769895384783869,0.4245531107624393,31.556973058358384,1,0,0,0,0,0,766.2750300443314,12995.889329035612,0.6991062039999996,0,0,0,0,0,0.488749484471289,43.194637224,50.39374342799999
40,17,15,21.35093384,90.9492967,7.871063004,107.0862095,orange,72,2.352941038062292,2.6666664888889007,1.1333332577777828,13.892443989449804,9.739415440293858,0.12226901363769663,22.863905742108795,1,0,0,0,0,0,455.86237584005715,11467.45626507789,1.3710630039999998,0,1,0,0,0,1.8798137609375034,314.84252016,133.808071068
31,26,9,11.69894639,93.25638873,7.566165721,103.2005992,orange,66,1.1923076464497058,3.4444440617284378,2.8888885679012706,11.532562594670797,9.624115196164126,0.0,12.073382774566769,1,0,0,1,0,0,136.86534663609402,10650.363675239041,1.066165721,0,1,0,0,0,1.1367093446354497,234.551137351,196.720308746
61,68,50,35.21462816,91.49725058,6.7932454170000005,243.0745066,papaya,179,0.8970588103373704,1.2199999756000006,1.3599999728000005,9.073771725877467,22.240649039990064,1.2936617076295565,85.59778365094466,1,0,0,0,1,1,1240.0700364470647,59085.215758833445,0.2932454170000005,0,0,0,0,0,0.08599287459150419,414.38797043700004,461.940688356
58,46,45,42.39413392,90.79028064,6.576261427,88.46607497,papaya,149,1.2608695378071841,1.2888888602469142,1.0222221995061733,7.234178138070235,8.03185977364558,2.0624368871345657,37.5044262965494,1,0,0,0,1,1,1797.2625908268947,7826.246420597659,0.07626142700000038,0,0,0,0,0,0.005815805248076387,381.423162766,302.508025642
45,47,55,38.4191628,91.14220381,6.751452932,119.2653877,papaya,147,0.9574467881394301,0.8181818033057854,0.8545454390082647,5.291502622129181,10.870110273232067,1.631531900728298,45.82076346451419,1,0,0,0,1,1,1476.032070252904,14224.232703231313,0.2514529320000003,0,0,0,0,0,0.06322857701139677,303.81538194,317.318287804
39,65,53,35.33294932,92.11508608,6.560743092999999,235.6133585,papaya,157,0.5999999907692309,0.7358490427198294,1.2264150711997157,13.012814197295423,21.703544799825398,1.2089898552792255,83.24914854995491,1,0,0,0,1,1,1248.4173076496884,55513.654703649525,0.06074309299999925,0,0,0,0,0,0.0036897233472065576,255.86898062699998,426.44830104499994
31,68,45,42.92325255,90.07600528,6.938313356,196.2408242,papaya,144,0.45588234623702434,0.6888888735802473,1.511111077530865,18.681541692269406,17.676589516790752,2.2749023727142643,84.23294457756752,1,0,0,0,1,1,1842.4056094710816,38510.4610826953,0.4383133560000001,0,0,0,0,0,0.1921185980479828,215.087714036,471.805308208
70,68,45,33.83508569,92.85470152,6.991626158,203.4044028,papaya,183,1.0294117495674744,1.5555555209876553,1.511111077530865,13.892443989449804,18.887055109847854,0.9885581675142666,68.82205398461277,1,0,0,0,1,0,1144.8130236496427,41373.351078424654,0.49162615799999987,0,0,0,0,0,0.24169627922984083,489.41383106,475.430578744
68,62,50,33.20258348,92.76437927,6.977700268,197.5282582,papaya,180,1.096774175858481,1.3599999728000005,1.2399999752000006,9.16515138991168,18.32358626020729,0.9552888671744347,65.58448482544495,1,0,0,0,1,0,1102.411549746369,39017.41278752587,0.4777002680000004,0,0,0,0,0,0.22819754604727224,474.48361822400005,432.617416616
34,65,47,23.48546973,93.71043692,6.833768535,191.7760562,papaya,146,0.523076915029586,0.7234042399275694,1.3829786939791768,15.56705923844749,17.97141801729648,0.21922081730265536,45.03950762823879,1,0,0,0,0,0,551.5672884387462,36778.05573162556,0.3337685349999999,0,0,0,0,0,0.11140143495604617,232.34813019,444.194954775
38,68,54,29.33710543,90.81781439,6.739170045,202.0572747,papaya,160,0.5588235211937718,0.7037036906721539,1.2592592359396437,15.01110699893027,18.35040006985384,0.8573503511839892,59.27775570772372,1,0,0,0,0,0,860.6657550109355,40827.142259191256,0.23917004499999983,0,0,0,0,0,0.057202310425301946,256.08846171,458.26356305999997
69,64,47,40.21199348,94.50766912,6.993473247000001,186.6762324,papaya,180,1.0781249831542972,1.4680850751471262,1.3617020986871895,11.532562594670797,17.642335604227423,1.110109559365626,75.06623440139764,1,0,0,0,1,1,1617.0044196355623,34848.01574305881,0.4934732470000007,0,0,0,0,0,0.24351584550472372,482.54965404300003,447.58228780800005
58,51,47,42.13473976,91.70445386,6.757470637000001,197.402901,papaya,156,1.137254879661669,1.2340425269352655,1.0851063598913542,5.5677643628300215,18.10272522658465,1.8361975497597252,83.17519861504044,1,0,0,0,1,1,1775.336294642925,38967.905323215804,0.25747063700000083,0,0,0,0,0,0.06629112891718619,391.93329694600004,344.63100248700005
59,47,53,32.86316618,91.4618874,6.8506632320000005,47.271547,papaya,159,1.2553191222272528,1.1132075261658958,0.886792436098256,6.0,4.323544908937807,1.0982716123735192,15.534927046466805,1,0,0,0,1,0,1079.9876913742958,2234.5991557732086,0.3506632320000005,0,0,0,0,0,0.12296470227668617,404.18913068800003,321.981171904
44,64,54,29.80744318,91.38048469,6.74274935,232.7046126,papaya,162,0.6874999892578127,0.8148147997256519,1.1851851632373118,10.0,21.26466028898668,0.8453540664196505,69.36329517798411,1,0,0,0,0,0,888.4836689289285,54151.436725316074,0.24274935000000042,0,0,0,0,0,0.058927246925422706,296.68097140000003,431.5359584
56,57,48,31.56213762,93.0484859,6.506120752,63.62250788,papaya,161,0.9824561231148049,1.1666666423611116,1.1874999752604172,4.932882862316248,5.919978027394819,0.8037436269157042,20.080623494380944,1,0,0,0,1,0,996.1685311438193,4047.823508940662,0.006120752000000174,0,0,0,0,0,3.7463605045506125e-05,364.342762112,370.848882864
69,60,54,36.32268069,93.06134398,6.98992719,141.1736926,papaya,183,1.1499999808333337,1.2777777541152269,1.11111109053498,7.54983443527075,13.137813567975382,1.132574666322062,51.27806958138016,1,0,0,0,1,1,1319.3371325076987,19930.011482319296,0.4899271900000004,0,0,0,0,0,0.24002865150129649,482.30497611000004,419.3956314
56,58,49,37.13165026,94.60761797,6.69215564,172.47880619999995,papaya,163,0.9655172247324617,1.1428571195335282,1.1836734452311541,4.725815626252609,16.317809004891263,0.9238040300626871,64.04422709080718,1,0,0,0,1,1,1378.7594510309582,29748.93858817714,0.19215564000000018,0,0,0,0,0,0.03692378998380967,374.76071584,388.14502712
49,55,53,38.4418717,93.63739039,6.544029776,77.71566883,papaya,157,0.8909090747107441,0.9245282844428626,1.0377358294766825,3.0550504633038935,7.277092421654664,1.1733843010480716,29.87535770242549,1,0,0,0,1,1,1477.7774997992608,6039.7251816942335,0.044029776000000354,0,0,0,0,0,0.0019386211746102071,320.657459024,359.92163768
38,51,52,32.66160599,90.78931681,6.927803911,78.85085502,papaya,141,0.7450980246059211,0.7307692167159766,0.9807692119082845,7.810249675906654,7.158815257150159,1.1662204145049626,25.753955586378535,1,0,0,0,1,0,1066.7805058460037,6217.457337385059,0.4278039109999998,0,0,0,0,0,0.18301618626689575,263.256548618,353.317999461
54,65,47,27.92765919,91.55594211,6.721835879,149.91075569999995,papaya,166,0.8307692179881659,1.1489361457673162,1.3829786939791768,9.073771725877467,13.725220470535549,0.6694161313255048,41.86656494104948,1,0,0,0,0,0,779.9541478327915,22473.234674545067,0.22183587900000035,0,0,0,0,0,0.04921115721170279,362.979137466,436.91933213500005
57,57,51,39.01793345,91.48815629,6.99223441,105.8841531,papaya,165,0.9999999824561407,1.1176470369088818,1.1176470369088818,3.4641016151377544,9.687145947447089,1.61877677213581,41.31380839065411,1,0,0,0,1,1,1522.399130708629,11211.453877704242,0.49223441,0,0,0,0,0,0.24229471438804812,398.55736137,398.55736137
39,52,53,32.51247398,94.65904123,6.704204398,51.07048113,papaya,144,0.7499999855769234,0.7358490427198294,0.9811320569597726,7.810249675906654,4.834282778920607,0.6682860763787782,16.60427688885206,1,0,0,0,1,0,1057.0609643001771,2608.194042849686,0.2042043979999999,0,0,0,0,0,0.04169943616254236,261.463971522,348.618628696
58,67,45,38.72382798,91.72514851,6.702424548,62.62377075,papaya,170,0.8656716288705727,1.2888888602469142,1.48888885580247,11.06044001535804,5.744174672299944,1.5493689585880677,24.250321259819557,1,0,0,0,1,1,1499.5348534246311,3921.7366629485555,0.20242454799999976,0,0,0,0,0,0.04097569763300421,388.740623784,449.06244471599996
61,64,52,43.30204933,92.83405443,6.641098708,110.562229,papaya,177,0.9531249851074222,1.173076900517752,1.2307692071005922,6.244997998398398,10.263939984888124,1.669812171682351,47.87571094192757,1,0,0,0,1,1,1875.0674761777536,12224.006481448441,0.14109870800000035,0,0,0,0,0,0.019908845399269362,405.10702118800003,425.030317312
34,62,55,27.58548913,90.72526502,6.585346229,238.5008779,papaya,151,0.5483870879292405,0.618181806942149,1.12727270677686,14.571661996262929,21.63805535498016,0.703534013744208,65.79163374805907,1,0,0,0,0,0,760.959210541348,56882.66875907071,0.08534622899999977,0,0,0,0,0,0.0072839788045204025,223.90177178599998,408.29146619799997
31,48,45,40.78881819,92.90951393,6.563134737,132.7923586,papaya,124,0.6458333198784726,0.6888888735802473,1.0666666429629637,9.073771725877465,12.337673491144256,1.4740282578795756,54.16443371956683,1,0,0,0,1,1,1663.7276893368748,17633.810502550994,0.06313473700000038,0,0,0,0,0,0.003985995016059217,203.457176847,315.03046737600005
47,46,52,23.19451074,91.40301608,6.502289472999999,206.3999208,papaya,145,1.021739108223063,0.9038461364644974,0.8846153676035506,3.214550253664318,18.865575279793127,0.27463157464047283,47.87345179730749,1,0,0,0,0,0,537.9853284679753,42600.92730624627,0.0022894729999993757,0,0,0,0,0,5.241686617726141e-06,305.607605231,299.10531575799996
32,68,52,32.68067385,92.61715632,6.800321319,248.8592986,papaya,152,0.47058822837370257,0.6153846035502961,1.3076922825443793,18.036999011291577,23.048640560121758,0.9361943279161368,81.32889572086361,1,0,0,0,1,0,1068.0264432900738,61930.95049968395,0.30032131900000003,0,0,0,0,0,0.09019289464589977,217.610282208,462.421849692
36,59,46,34.28879307,93.61082872,6.721130542999999,127.2509777,papaya,141,0.6101694811835682,0.7826086786389418,1.2826086677693769,11.532562594670797,11.91206947792724,0.9129354630870701,43.63282442310485,1,0,0,0,1,0,1175.7213301972797,16192.811325605899,0.22113054299999924,0,0,0,0,0,0.04889871704747451,241.96069954799998,396.54670203699993
61,51,51,39.30050027,94.16193416,6.574677594,120.9512466,papaya,163,1.1960784079200313,1.1960784079200313,0.9999999803921573,5.773502691896258,11.389003318919123,1.1267759132119775,47.534444996601366,1,0,0,0,1,1,1544.52932147227,14629.204054094012,0.07467759399999974,0,0,0,0,0,0.005576743045628796,401.055333234,335.30855729399997
70,54,46,39.73149053,91.12220596,6.919342407,122.7628653,papaya,170,1.2962962722908098,1.5217390973534979,1.1739130179584127,12.220201853215572,11.186423096106337,1.7517210902755043,48.77551620102616,1,0,0,0,1,1,1578.5913397354798,15070.721096665944,0.41934240700000025,0,0,0,0,0,0.17584805430855385,484.35396849,373.644489978
44,56,49,39.23342464,91.25589286,6.519779582999999,64.4478499,papaya,149,0.7857142716836738,0.8979591653477722,1.1428571195335282,6.027713773341708,5.881246085531761,1.681791257212759,25.285098622616815,1,0,0,0,1,1,1539.2616089825594,4153.525356732929,0.019779582999999157,0,0,0,0,0,0.00039123190365385565,286.87030165199997,365.10765664799993
34,68,51,27.34734861,94.17756725,6.687088097999999,40.35153141,papaya,153,0.49999999264705897,0.6666666535947715,1.333333307189543,17.0,3.8002090630057626,0.4277944317253102,11.03507396416635,1,0,0,0,0,0,747.877475996869,1628.2460871322166,0.18708809799999937,0,0,0,0,0,0.03500195641325737,227.360995332,454.721990664
50,59,47,40.76998685,92.09278584,6.747975732,209.8678411,papaya,156,0.8474576127549558,1.0638297645993668,1.2553191222272528,6.244997998398398,19.32731414512545,1.6423273412333372,85.5630912188489,1,0,0,0,1,1,1662.1918277491732,44044.51072797485,0.24797573199999956,0,0,0,0,0,0.06149196366093561,337.3987866,398.130568188
39,70,52,26.26559543,90.79668055,6.65149129,59.49373381,papaya,161,0.5571428491836736,0.7499999855769234,1.3461538202662728,15.56705923844749,5.4018335434733045,0.5766427628675009,15.626383428735727,1,0,0,0,0,0,689.881503292437,3539.5043626551374,0.15149129000000006,0,0,0,0,0,0.02294961094586412,259.40816031,465.6043903
34,61,49,28.12971499,93.3210737,6.502675132,117.8201907,papaya,144,0.5573770400429994,0.6938775368596422,1.2448979337775932,13.527749258468683,10.995106699662754,0.5429776725821525,33.14248384458448,1,0,0,0,0,0,791.2808654186307,13881.597336584366,0.0026751320000002465,0,0,0,0,0,7.1563312174253194e-06,221.09095448800002,396.663183052
44,60,55,34.2804607,90.55561637,6.825371185,98.54047745,papaya,159,0.7333333211111114,0.7999999854545458,1.0909090710743805,8.18535277187245,8.923393672878836,1.348701492639384,33.78012964583961,1,0,0,0,1,0,1175.1499858042444,9710.225696073958,0.32537118499999984,0,0,0,0,0,0.10586640802830412,300.31633214,409.5222711
31,62,52,33.7960155,93.00754254,6.99104104,182.026807,papaya,145,0.499999991935484,0.5961538346893493,1.1923076693786987,15.821925715074423,16.92986599547287,0.9646805150125062,61.51780790787509,1,0,0,0,1,0,1142.1706636762403,33133.75846661525,0.4910410399999998,0,0,0,0,0,0.24112130296428141,216.72227224,433.44454448
65,62,51,31.53243779,90.87394933,6.5116248410000015,207.0735119,papaya,178,1.0483870798647246,1.2745097789311808,1.2156862506728188,7.371114795831994,18.817587827985754,1.052456116201628,65.29532631943574,1,0,0,0,1,0,994.2946329802201,42879.43933059944,0.011624841000001496,0,0,0,0,0,0.00013513692827531577,423.2556146650001,403.72074014200007
44,57,53,42.30495821,90.51431779,6.93172108,74.876786,papaya,154,0.7719298110187752,0.830188663581346,1.0754716778212892,6.658328118479393,6.777421203097823,2.1157774528739033,31.67659302629113,1,0,0,0,1,1,1789.7094891498466,5606.533081689795,0.43172108,0,0,0,0,0,0.18638309091636637,304.99572752,395.10810156
50,47,48,24.63676897,90.61964344,6.712772332999999,218.2299187,papaya,145,1.0638297645993668,1.0416666449652783,0.9791666462673616,1.5275252316519465,19.775917420534192,0.4349454622494391,53.76480089353783,1,0,0,0,0,0,606.9703852811548,47624.297415808614,0.21277233299999931,0,0,0,0,0,0.0452720656902626,335.63861664999996,315.500299651
43,50,48,28.28222883,91.37059792,6.63016515,179.27208069999998,papaya,141,0.8599999828000003,0.8958333146701394,1.0416666449652783,3.605551275463989,16.38019720392149,0.7147068269263802,50.70214009187626,1,0,0,0,0,0,799.8844675924832,32138.478918507302,0.13016514999999984,0,0,0,0,0,0.016942966274522457,285.09710144999997,331.5082575
60,46,53,24.48620746,92.98254537,6.761953186,183.49095,papaya,159,1.3043477977315696,1.1320754503381991,0.8679245119259527,7.0,17.061455583359404,0.3148175731131755,44.929974687324865,1,0,0,0,0,0,599.5743557741596,33668.9287319025,0.2619531860000004,0,0,0,0,0,0.0686194716555508,405.71719116,311.04984655600003
70,68,55,42.84609252,94.63548176,6.691202286,78.80996390000001,papaya,193,1.0294117495674744,1.2727272495867774,1.236363613884298,8.144527815247079,7.45821890116471,1.2255828003626745,33.766990047572605,1,0,0,0,1,1,1835.7876442323998,6211.010409919305,0.19120228600000022,0,0,0,0,0,0.03655831417162588,468.38416002,455.00175544800004
59,62,52,43.67549305,93.10887229,6.608667683999999,103.8235658,papaya,173,0.9516128878772115,1.1346153627958584,1.1923076693786987,5.131601439446884,9.66689512876461,1.6315084620476756,45.34545426524118,1,0,0,0,1,1,1907.5486931605983,10779.33281542693,0.10866768399999938,0,0,0,0,0,0.01180866554592372,389.91139335599996,409.73739640799994
60,58,51,42.07213781,92.92203105,6.840802254,165.7412972,papaya,169,1.0344827407847803,1.1764705651672438,1.137254879661669,4.725815626252609,15.401017964685678,1.5622590607930098,69.73090696606567,1,0,0,0,1,1,1770.0647799036317,27470.177597538725,0.34080225399999975,0,0,0,0,0,0.11614617633148035,410.44813524,396.766530732
42,60,47,33.46873719,92.12746225,6.834808347999999,136.8277041,papaya,149,0.6999999883333335,0.8936170022634681,1.2765957175192402,9.291573243177568,12.60558914422692,1.0603314197310398,45.794504688339856,1,0,0,0,1,0,1120.156369093289,18721.820609277158,0.33480834799999926,0,0,0,0,0,0.1120966298904886,287.061950616,410.08850087999997
35,66,47,31.7018373,91.66232213,6.953439161,48.83810592,papaya,148,0.5303030222681361,0.7446808352195567,1.4042552892711642,15.631165450257807,4.4766141970581,0.9756614989455048,15.482576879160067,1,0,0,0,1,0,1005.0064881956714,2385.160589853139,0.45343916100000037,0,0,0,0,0,0.20560707272838424,243.370370635,458.92698462600003
34,65,48,41.41968393,90.03863107,6.665024507999999,199.3096432,papaya,147,0.523076915029586,0.7083333185763893,1.3541666384548618,15.524174696260024,17.945567432778134,2.133693739907224,82.55342425545074,1,0,0,0,1,1,1715.5902168611,39724.33387251131,0.16502450799999924,0,0,0,0,0,0.02723308824064181,226.61083327199998,433.22659301999994
36,54,46,42.54744013,94.94482086,6.662875839,214.41038480000003,papaya,136,0.6666666543209879,0.7826086786389418,1.1739130179584127,9.018499505645789,20.35715557535967,1.1398134900557504,91.22613010528262,1,0,0,0,1,1,1810.2846616159343,45971.813110084084,0.1628758389999998,0,0,0,0,0,0.026528538929953854,239.863530204,359.795295306
39,64,52,28.91842453,94.63676767,6.678695788,63.68794608,papaya,155,0.6093749904785158,0.7499999855769234,1.2307692071005922,12.503332889007368,6.027221356552447,0.47831582771961073,18.417550621851895,1,0,0,0,0,0,836.2752772973057,4056.1544758889877,0.17869578799999974,0,0,0,0,0,0.031932184648940855,260.469135732,427.436530432
37,52,47,43.08022702,93.90305729,6.54277684,211.8529059,papaya,136,0.7115384478550298,0.7872340258035314,1.1063829551833415,7.637626158259733,19.89363555978068,1.407188218747339,91.26671281018699,1,0,0,0,1,1,1855.9059600947382,44881.65373827425,0.04277684000000015,0,0,0,0,0,0.0018298580403856128,242.08274308,340.22439568
33,47,46,29.20300896,93.96834049,6.839443833,209.4083305,papaya,126,0.7021276446355821,0.7173912887523634,1.021739108223063,7.810249675906654,19.677753301866453,0.5550941651419917,61.15353351890141,1,0,0,0,0,0,852.8157323178402,43851.84888279723,0.3394438329999998,0,0,0,0,0,0.11522211576173176,225.70164648899998,321.453860151
34,48,48,41.04224355,91.37258067,6.805277038,181.527598,papaya,130,0.7083333185763893,0.7083333185763893,0.9999999791666672,8.082903768654761,16.586645092086332,1.8154025874983772,74.50299888162493,1,0,0,0,1,1,1684.4657556175168,32952.26883564961,0.30527703799999983,0,0,0,0,0,0.09319406993005334,231.379419292,326.653297824
49,54,50,25.62446619,93.18240298,6.762522087000001,97.26336657,papaya,153,0.9074073906035669,0.9799999804000005,1.0799999784000005,2.6457513110645907,9.063234218917202,0.38345343936034715,24.923218481985415,1,0,0,0,0,0,656.6132675224532,9460.162476530195,0.2625220870000007,0,0,0,0,0,0.06891784616283593,331.363582263,365.176192698
40,65,49,35.32876402,91.06138506,6.678449317999999,163.9069365,papaya,154,0.6153846059171599,0.8163265139525202,1.3265305851728453,12.662279942148386,14.92559265863147,1.370179190809064,57.90629480849625,1,0,0,0,1,1,1248.1215671808466,26865.483832815033,0.1784493179999993,0,0,0,0,0,0.03184415909466488,267.13797272,434.09920566999995
68,52,49,24.42561272,92.27749066,6.577192175,63.35298768,papaya,169,1.3076922825443793,1.3877550737192843,1.0612244681382763,10.214368964029708,5.846054728924295,0.34176835565422814,15.474355417266112,1,0,0,0,0,0,596.6105567474258,4013.6010479822316,0.07719217500000042,0,0,0,0,0,0.00595863188123069,447.2490679,342.0139931
50,46,52,31.18298415,90.21646909,6.734005647999999,54.01872359,papaya,148,1.0869564981096413,0.9615384430473377,0.8846153676035506,3.055050463303893,4.873378507038489,1.0940907109756504,16.84465001510201,1,0,0,0,1,0,972.3785004991512,2918.0224982928225,0.23400564799999923,0,0,0,0,0,0.054758643295899544,336.70028239999994,309.76425980799996
65,63,50,31.88342554,91.3256535,6.524459342,79.27201575,papaya,178,1.031746015369111,1.2999999740000006,1.2599999748000006,8.144527815247079,7.239568642631042,1.030809507409096,25.274634115708324,1,0,0,0,1,0,1016.5528241647244,6284.052481068247,0.024459342000000106,0,0,0,0,0,0.0005982594110729691,424.08985723,411.040938546
40,49,47,42.93368602,91.1756748,6.501521192,246.36132680000003,papaya,136,0.8163265139525202,0.8510638116794934,1.0425531693073795,4.725815626252609,22.462160215613327,2.0237430347517384,105.77199852301814,1,0,0,0,1,1,1843.3013952639437,60693.90334265641,0.0015211920000002266,0,0,0,0,0,2.3140251008646895e-06,260.06084768,318.574538408
42,53,48,23.11407669,94.31994776,6.758479569,231.5153161,papaya,143,0.7924528152367394,0.8749999817708337,1.104166643663195,5.507570547286102,21.83651252019189,0.17688118278566275,53.51262771244992,1,0,0,0,0,0,534.2605412312014,53599.341588882926,0.25847956900000035,0,0,0,0,0,0.06681168759042594,283.85614189800003,358.199417157
49,55,51,24.87212063,93.90560147,6.676578778,135.16945249999998,papaya,155,0.8909090747107441,0.9607842948865825,1.0784313514033068,3.0550504633038935,12.693168737383091,0.2969264480545471,33.619509280710545,1,0,0,0,0,0,618.6223846332716,18270.78088914975,0.17657877799999966,0,0,0,0,0,0.031180064839973164,327.152360122,367.21183278999996
59,62,49,43.36051537,93.35191636,6.941496806,114.778071,papaya,170,0.9516128878772115,1.2040816080799672,1.2653060966264063,6.8068592855540455,10.71475288395414,1.5530266005326547,49.768363117344514,1,0,0,0,1,1,1880.1342931520064,13174.00558248104,0.44149680599999996,0,0,0,0,0,0.1949194297082016,409.548311554,430.372801972
63,58,47,26.83054058,90.75379971,6.864143752,144.66564440000005,papaya,168,1.0862068778240195,1.3404255033952022,1.2340425269352655,8.18535277187245,13.128956916795687,0.631565462916528,38.81457442606051,1,0,0,0,0,0,719.8779078150268,20928.148669667265,0.3641437520000004,0,0,0,0,0,0.13260067212063778,432.441056376,398.12033761600003
70,65,52,30.42012134,93.12659793,6.583528529,75.95295,papaya,187,1.07692306035503,1.3461538202662728,1.249999975961539,9.29157324317757,7.073239836247394,0.7162168358800716,23.10497955130953,1,0,0,0,1,0,925.3837823403235,5768.850613702501,0.08352852899999963,0,0,0,0,0,0.0069770151569037795,460.84699702999995,427.92935438499995
63,50,52,28.64555584,93.22642604,6.751747609,115.8163936,papaya,165,1.2599999748000006,1.2115384382396455,0.9615384430473377,7.0,10.79714845216993,0.5856131190754986,33.17624970056218,1,0,0,0,0,0,820.5678693825581,13413.43702651012,0.2517476089999997,0,0,0,0,0,0.06337685863721673,425.360099367,337.58738045
40,64,47,32.50037548,93.47888842,6.893509446,71.73759526,papaya,151,0.6249999902343751,0.8510638116794934,1.3617020986871895,12.342339054382412,6.705950662828662,0.8151634329697601,23.314987819822687,1,0,0,0,1,0,1056.2744063409855,5146.282573687576,0.3935094460000004,0,0,0,0,0,0.1548496840912272,275.74037784,441.184604544
63,58,50,43.03714283,94.6428898,6.720744449,41.5856585,papaya,171,1.0862068778240195,1.2599999748000006,1.1599999768000004,6.557438524302,3.9357868946759336,1.2341251283344972,17.897279245441037,1,0,0,0,1,1,1852.1956629698204,1729.3669928786223,0.22074444899999968,0,0,0,0,0,0.04872811176431346,423.406900287,389.80317804199996
45,58,49,30.10773379,90.34546355,6.827812549,75.24521981,papaya,152,0.7758620555885852,0.9183673281965852,1.1836734452311541,6.658328118479393,6.798064263656093,0.9758548430245161,22.654630470095142,1,0,0,0,1,0,906.4756339695078,5661.843104255216,0.3278125489999999,0,0,0,0,0,0.10746106728187733,307.251564705,396.013127842
66,69,47,23.69212243,93.61055571,6.912299695,87.53393983,papaya,182,0.9565217252678011,1.4042552892711642,1.4680850751471262,11.930353445448855,8.194100750972002,0.23590610578344431,20.73864819232613,1,0,0,0,0,0,561.3166652381092,7662.190622162059,0.41229969499999974,0,0,0,0,0,0.16999103849709282,456.21177987,476.948678955
54,67,52,35.67667332,93.30641944,6.586107335,141.3381168,papaya,173,0.8059701372243263,1.0384615184911248,1.2884615136834325,8.144527815247079,13.187753609000511,1.0493307578022266,50.42473820737603,1,0,0,0,1,1,1272.8250191819998,19976.46326057044,0.08610733500000034,0,0,0,0,0,0.0074144731408022834,355.64979609,441.26919144500005
69,67,52,27.71948962,94.43877142,6.827305908,82.83061083,papaya,188,1.0298507308977503,1.326923051405326,1.2884615136834325,9.29157324317757,7.8224211227533464,0.42929846297757385,22.960222571204444,1,0,0,0,0,0,768.3701047932879,6860.910090470913,0.3273059079999996,0,0,0,0,0,0.1071291574117042,471.08410765199994,457.429495836
67,68,49,35.26824831,92.38282957,6.821774589,149.8488208,papaya,184,0.9852941031574397,1.3673469108704712,1.3877550737192843,10.692676621563628,13.84345807323187,1.1630084954482947,52.849054209350925,1,0,0,0,1,1,1243.8493388558177,22454.66909515051,0.32177458900000033,0,0,0,0,0,0.10353888612611914,457.058897463,463.880672052
45,57,47,23.16855863,90.78821158,6.656458831,161.68920930000004,papaya,149,0.7894736703601111,0.9574467881394301,1.2127659316432782,6.429100507328637,14.679474144131307,0.2918809169592508,37.461059255053925,1,0,0,0,0,0,536.7821089917475,26143.400404059223,0.15645883100000013,0,0,0,0,0,0.024479365797886603,299.540647395,379.418153367
56,50,52,33.08706051,92.25197542,6.770384816,88.1300769,papaya,158,1.1199999776000005,1.076923056213018,0.9615384430473377,3.0550504633038935,8.13017368794151,1.0139886651142742,29.159651871412535,1,0,0,0,1,0,1094.7535731924015,7766.910454399915,0.270384816,0,0,0,0,0,0.07310794872335384,379.14154969599997,338.5192408
70,50,53,37.4620912,90.44967809,6.933809742999999,172.3458448,papaya,173,1.3999999720000007,1.3207546920612323,0.9433962086151659,10.785793124908958,15.588626182309103,1.667685921817781,64.56435755838646,1,0,0,0,1,1,1403.4082770771176,29703.09021982569,0.4338097429999994,0,0,0,0,0,0.18819089312172554,485.36668201,346.69048714999997
44,47,45,38.73218907,94.73613484,6.579441304,218.142147,papaya,136,0.9361701928474427,0.9777777560493832,1.0444444212345685,1.5275252316519465,20.6659438524791,0.9860371741610569,84.49122881739733,1,0,0,0,1,1,1500.1824701542273,47585.996297769605,0.07944130400000038,0,0,0,0,0,0.006310920781220477,289.49541737600003,309.23374128800003
50,60,47,32.57720726,92.74889453,6.92791761,93.7942847,papaya,157,0.8333333194444447,1.0638297645993668,1.2765957175192402,6.8068592855540455,8.699316219157094,0.9119865636030972,30.555558524753472,1,0,0,0,1,0,1061.2744328609967,8797.367842384656,0.4279176099999997,0,0,0,0,0,0.18311348094811186,346.3958805,415.6750566
52,51,53,38.38231475,93.10378595,6.985804083,210.2735346,papaya,156,1.0196078231449448,0.9811320569597726,0.9622641327874693,1.0,19.57726215634832,1.2676837725047219,80.70784988612216,1,0,0,0,1,1,1473.2020855680676,44214.9593531774,0.48580408299999966,0,0,0,0,0,0.23600560705947057,363.261812316,356.27600823299997
35,68,45,42.93605359,90.09448142,6.612429546,234.8466111,papaya,148,0.5147058747837372,0.7777777604938276,1.511111077530865,16.921386861996076,21.158383640298915,2.2719350498762085,100.83386679619488,1,0,0,0,1,1,1843.5046978833518,55152.93074515464,0.11242954600000044,0,0,0,0,0,0.012640402813766214,231.43503411,449.64520912800003
68,69,52,25.65492304,92.74501561,6.813383387000001,52.95477913,papaya,189,0.9855072320940981,1.3076922825443793,1.326923051405326,9.539392014169456,4.911291817035952,0.41026378381851364,13.585507831803481,1,0,0,0,0,0,658.1750761883228,2804.2086327070833,0.3133833870000009,0,0,0,0,0,0.09820914724759233,463.31007031600006,470.12345370300005
32,55,52,37.58899717,91.99740365,6.967759599999999,159.6577388,papaya,139,0.5818181712396696,0.6153846035502961,1.0576922873520715,12.503332889007368,14.688097442229866,1.407576445528024,60.013742919218,1,0,0,0,1,1,1412.932708246268,25490.593558729026,0.46775959999999905,0,0,0,0,0,0.2187990433921591,222.96830719999997,383.22677799999997
32,55,51,29.60718808,93.15642801,6.57398033,62.68710535,papaya,138,0.5818181712396696,0.6274509680891968,1.0784313514033068,12.288205727444508,5.839706816692561,0.6574748324694988,18.559889182882245,1,0,0,0,0,0,876.5855860044941,3929.673177161999,0.07398033000000037,0,0,0,0,0,0.005473089226908955,210.36737056,361.56891815
48,62,47,25.34756111,93.02871078,6.803094965,174.40123369999995,papaya,157,0.7741935359001043,1.0212765740153922,1.3191489081032148,8.386497083606084,16.224321929552485,0.37279395119434255,44.206459288701396,1,0,0,0,0,0,642.4988542251845,30415.790316082,0.30309496499999966,0,0,0,0,0,0.09186655780835101,326.54855832,421.79188782999995
39,69,53,25.9300384,93.02357765,6.964955435,241.8202079,papaya,161,0.5652173831127916,0.7358490427198294,1.301886767888929,15.01110699893027,22.494980886924793,0.4137045243011828,62.70407276742984,1,0,0,0,0,0,672.3668914254746,58477.01294879923,0.46495543500000025,0,0,0,0,0,0.21618355653603946,271.63326196500003,480.581925015
49,61,45,32.76795887,94.57377401,6.764213299,240.4795923,papaya,155,0.8032786753560873,1.0888888646913586,1.3555555254320995,8.326663997864532,22.743062616197133,0.6928183025964512,78.8002538956077,1,0,0,0,1,0,1073.7391285060116,57830.434312774225,0.2642132989999997,0,0,0,0,0,0.06980866736846324,331.44645165099996,412.61701123899996
48,57,54,29.02328049,90.20396783,6.617703177999999,126.8069869,papaya,159,0.8421052483841185,0.8888888724279839,1.055555536008231,4.58257569495584,11.43849336694683,0.8839234595897341,36.803547488904556,1,0,0,0,0,0,842.3508104012147,16080.01192665677,0.1177031779999993,0,0,0,0,0,0.013854038111299519,317.64975254399997,377.20908114599996
69,66,49,40.00439101,90.17015833,6.52711001,92.11877372,papaya,184,1.0454545296143254,1.4081632365680974,1.3469387480216584,10.785793124908958,8.306364411497844,1.9663999633307125,36.85155443256592,1,0,0,0,1,1,1600.3513000809687,8485.868471676562,0.02711001000000035,0,0,0,0,0,0.000734952642200119,450.37059069000003,430.78926066
53,55,55,33.32315744,91.25271223,6.709668804,234.496633,papaya,163,0.9636363461157028,0.9636363461157028,0.9999999818181822,1.1547005383792517,21.39845377005292,1.1654149213269653,78.141682206089,1,0,0,0,1,0,1110.4328217710276,54988.67088833669,0.20966880399999965,0,0,0,0,0,0.04396100737079027,355.612446612,369.03178421999996
38,61,52,31.22790131,94.94021378,6.620729882000001,46.44279118,papaya,151,0.6229508094598228,0.7307692167159766,1.173076900517752,11.590225767142474,4.409288523169098,0.5681078032785802,14.503108995299785,1,0,0,0,1,0,975.1818202270997,2156.932852589086,0.1207298820000009,0,0,0,0,0,0.014575704407734142,251.58773551600004,403.86452280200007
57,64,55,26.68386496,92.9585411,6.583760498999999,62.50689682,papaya,176,0.8906249860839847,1.0363636175206616,1.1636363424793392,4.725815626252609,5.81054993707543,0.4706416040899012,16.679255938135338,1,0,0,0,0,0,712.0286492035159,3907.112150066126,0.08376049899999938,0,0,0,0,0,0.007015821192728896,375.27434844299995,421.36067193599996
51,57,55,24.70528368,90.14732171,6.6764073370000006,108.4103158,papaya,163,0.8947368264081259,0.9272727104132235,1.0363636175206616,3.0550504633038935,9.772899615105295,0.46359646362227314,26.783076056773865,1,0,0,0,0,0,610.3510417092743,11752.796571855732,0.17640733700000055,0,0,0,0,0,0.031119548547431763,340.496774187,380.55521820900003
56,65,45,38.2016825,93.97379963,6.751298936,218.09088140000003,papaya,166,0.8615384482840239,1.244444416790124,1.4444444123456799,10.016652800877813,20.4948287898137,1.0968698581612246,83.31438607387956,1,0,0,0,1,1,1459.368545830806,47563.63254982888,0.2512989360000004,0,0,0,0,0,0.0631511552347323,378.07274041600004,438.83443084000004
54,66,52,36.56769731,93.79503425,6.867554147000001,104.4218596,papaya,172,0.8181818057851242,1.0384615184911248,1.2692307448224858,7.571877794400365,9.79425189763069,1.0280199436491713,38.184669544001174,1,0,0,0,1,1,1337.1964865557811,10903.924762322113,0.3675541470000008,0,0,0,0,0,0.13509605097689817,370.84792393800006,453.25857370200004
58,55,47,26.05375792,93.69111672,6.7424900270000006,240.6863901,papaya,160,1.0545454353719013,1.2340425269352655,1.1702127410593035,5.686240703077327,22.550176667774554,0.3819245212265559,62.70784942304084,1,0,0,0,0,0,678.7983017539626,57929.938379369385,0.24249002700000055,0,0,0,0,0,0.058801413194461,391.064421566,370.83695148500004
68,70,54,31.29986342,92.76039164,6.986228647000001,54.77830202,papaya,192,0.9714285575510206,1.2592592359396437,1.2962962722908098,8.717797887081348,5.081256748749403,0.8180658568229027,17.145533716055102,1,0,0,0,1,0,979.6814501106542,3000.662372194336,0.4862286470000008,0,0,0,0,0,0.2364182971634514,475.06354799600007,489.03600529000005
42,59,55,40.10207731,94.35110201,6.979102243,149.1199989,papaya,156,0.7118643947141629,0.7636363497520664,1.0727272532231409,8.888194417315589,14.06963622794499,1.135545841112835,59.80021724354915,1,0,0,0,1,1,1608.1766045772167,22236.774071936004,0.4791022429999998,0,0,0,0,0,0.22953895924763087,293.122294206,411.767032337
43,64,47,38.58954491,91.58076549,6.8256647820000005,102.2708231,papaya,154,0.6718749895019533,0.9148935975554554,1.3617020986871895,11.150485789118488,9.366040266790375,1.5650973803146675,39.465845210001156,1,0,0,0,1,1,1489.152976360907,10459.321257551494,0.3256647820000005,0,0,0,0,0,0.10605755023510784,293.503585626,436.84254604800003
35,67,49,41.31330062,91.1508798,6.617066674,239.7427554,papaya,151,0.522388051904656,0.7142856997084551,1.3673469108704712,16.041612554021288,21.8527630803862,1.8860395904511456,99.04564525307327,1,0,0,0,1,1,1706.7888081184924,57476.588766784225,0.11706667400000015,0,0,0,0,0,0.01370460616142231,231.59733359,443.343467158
56,59,55,37.03551903,91.79430166,6.551892637999999,188.5181422,papaya,170,0.9491525262855505,1.0181817996694218,1.0727272532231409,2.0816659994661326,17.304891213489576,1.397883302255094,69.81867242948347,1,0,0,0,1,1,1371.6296698214924,35539.08993853942,0.0518926379999991,0,0,0,0,0,0.0026928458785989507,366.90598772799996,386.5616656419999
39,64,53,23.012401800000006,91.07355541,6.598860305,208.3357976,papaya,156,0.6093749904785158,0.7358490427198294,1.2075471470274124,12.529964086141668,18.973881806610144,0.26890037750516327,47.943070836946774,1,0,0,0,0,0,529.5706366046435,43403.80456162817,0.09886030499999965,0,0,0,0,0,0.009773359904692955,257.35555189499996,422.32705952
18,30,29,26.762749300000007,92.86056895,6.4200187170000005,224.5903664,coconut,77,0.5999999800000007,0.620689633769323,1.0344827229488716,6.6583281184793925,20.85558920459296,0.48282182335785806,60.106556711583444,1,0,0,0,0,0,716.2447500946508,50440.832679686246,0.07998128299999951,0,0,0,0,0,0.006397005630326012,115.560336906,192.60056151
37,23,28,25.61294367,94.3138837,5.7400545670000005,224.3206759,coconut,88,1.6086955822306268,1.3214285242346955,0.8214285420918378,7.094598884597588,21.15655413833799,0.3191585049296879,57.455128358430265,1,0,0,0,0,0,656.0228834425931,50319.76563623284,0.7599454329999995,1,0,0,0,0,0.5775170611375567,212.382018979,132.02125504100002
13,28,33,28.130115000000004,95.64807631,5.686972967000001,151.0761899,coconut,74,0.46428569770408223,0.3939393820018369,0.8484848227731873,10.408329997330664,14.45014694017925,0.3538164007092442,42.497905956488395,1,0,0,0,0,0,791.3033699132252,22824.015154700865,0.8130270329999991,1,0,0,0,0,0.6610129563887817,73.930648571,159.23524307600002
2,21,35,25.02887163,91.53720922,6.293662362999999,179.8248944,coconut,58,0.09523809070294806,0.057142855510204135,0.5999999828571434,16.563010998406458,16.460668981657207,0.4255828846416761,45.00814197815907,1,0,0,0,0,0,626.444415071019,32336.992645971153,0.20633763700000074,0,0,0,0,0,0.042575220442744074,12.587324725999999,132.16690962299998
10,18,35,27.79797651,99.64573002,6.381975465,181.6942283,coconut,63,0.5555555246913597,0.28571427755102063,0.5142856995918372,12.767145334803704,18.10505401937404,0.02762588982238155,50.50731890285977,1,0,0,0,0,0,772.7274980505118,33012.79259753252,0.11802453499999999,0,0,0,0,0,0.013929790861966222,63.81975465,114.87555837
7,11,32,29.25902906,95.11294697,5.542169138999999,184.7624496,coconut,50,0.636363578512402,0.21874999316406274,0.34374998925781286,13.428824718989125,17.573301070852096,0.45249366022531085,54.05969882043185,1,0,0,0,0,0,856.0907815339244,34137.162782192536,0.9578308610000006,1,0,0,0,0,0.9174399582840025,38.79518397299999,60.963860528999994
39,5,31,27.10134661,93.69979946,5.551963184,150.9502632,coconut,75,7.799998440000312,1.2580644755463073,0.1612903173777317,17.776388834631177,14.144009390274217,0.44739907747049207,40.90955403853928,1,0,0,0,0,0,734.4829880753585,22785.98196014927,0.9480368160000001,1,0,0,0,0,0.8987738044914181,216.526564176,27.75981592
34,6,27,25.84726298,90.92669463,5.8607404810000014,147.8888994,coconut,67,5.66666572222238,1.259259212620029,0.22222221399176983,14.571661996262929,13.447048794910591,0.530540025962362,38.22523274614565,1,0,0,0,0,0,668.0810035572784,21871.126565743325,0.6392595189999986,1,0,0,0,0,0.4086527326321095,199.26517635400006,35.16444288600001
31,30,29,26.58580443,90.98617591,5.558807063,178.8116076,coconut,90,1.03333329888889,1.0689654803805007,1.0344827229488716,1.0,16.269384383843494,0.5936328262316272,47.538504294675015,1,0,0,0,0,0,706.8049971902076,31973.591012496378,0.9411929370000003,1,0,0,0,0,0.8858441446586865,172.323018953,166.76421188999998
25,7,35,28.38503882,99.18843684,5.55771171,189.67113490000003,coconut,67,3.571428061224563,0.7142856938775517,0.19999999428571447,14.189197769195175,18.81318338439977,0.06804988601481918,53.83822527169958,1,0,0,0,0,0,805.7104288129069,35975.13941425401,0.9422882899999996,1,0,0,0,0,0.8879072214711233,138.94279275000002,38.903981970000004
16,18,26,28.43647052,91.81320717,5.568365926,145.54144130000003,coconut,60,0.8888888395061756,0.6153845917159773,0.6923076656804744,5.291502622129181,13.362626501897298,0.6906763636364239,41.38684904965761,1,0,0,0,0,0,808.6328556348291,21182.311135681353,0.9316340739999998,1,0,0,0,0,0.867942047837837,89.093854816,100.230586668
26,10,33,28.27298134,96.93649473,6.07071786,198.8234862,coconut,69,2.599999740000026,0.7878787640036738,0.30303029384756686,11.789826122551595,19.273251822226527,0.2534432193370161,56.21332715286348,1,0,0,0,0,0,799.3614738519883,39530.77866472158,0.42928213999999976,0,0,0,0,0,0.1842831557229794,157.83866436,60.707178600000006
27,8,32,27.00648436,96.46168931,5.627860548999998,144.3331315,coconut,67,3.374999578125053,0.8437499736328133,0.24999999218750027,12.662279942148386,13.922617687892375,0.24791118510305835,38.979304584845735,1,0,0,0,0,0,729.3501974869247,20832.052848596293,0.8721394510000016,1,0,0,0,0,0.7606272219905841,151.95223482299997,45.02288439199999
37,18,30,27.63551259,99.34854917,6.38488418,157.91715369999997,coconut,85,2.055555441358031,1.2333332922222235,0.5999999800000007,9.60902353693305,15.688840109150895,0.049741610142309635,43.64121489253314,1,0,0,0,0,0,763.7215561120486,24937.827432709415,0.11511581999999976,0,0,0,0,0,0.013251652014272345,236.24071466,114.92791524
19,15,34,26.29644905,99.65809151,5.6858890660000005,215.9195049,coconut,68,1.2666665822222278,0.558823512975779,0.44117645761245716,10.016652800877813,21.518125778118094,0.021528093870473993,56.77916259504075,1,0,0,0,0,0,691.5032326392459,46621.23259626112,0.8141109339999995,1,0,0,0,0,0.6627766128583514,108.03189225400001,85.28833599000001
0,19,33,27.1326009,95.23797989,6.234458417000001,204.7206567,coconut,52,0.0,0.0,0.5757575583103771,16.563010998406458,19.497181785862196,0.3396558892240406,55.54603874227011,1,0,0,0,0,0,736.1780315986808,41910.54727967926,0.2655415829999992,0,0,0,0,0,0.07051233230214546,0.0,118.45470992300001
31,20,26,25.56567803,97.61361544,6.443168642000001,199.7936345,coconut,77,1.5499999225000038,1.1923076464497058,0.7692307396449716,5.507570547286102,19.502579005442918,0.132818481167232,51.078597320705,1,0,0,0,0,0,653.6038931336248,39917.49638671959,0.05683135799999928,0,0,0,0,0,0.003229803252124082,199.73822790200003,128.86337284
9,17,32,25.94951662,93.40548703,5.842317989,172.0540491,coconut,58,0.5294117335640156,0.2812499912109378,0.5312499833984381,11.67618659209133,16.070792251669033,0.39234164515820547,44.64719406658745,1,0,0,0,0,0,673.3774128116563,29602.595811705207,0.6576820110000003,1,0,0,0,0,0.4325456275930046,52.580861901,99.31940581299999
22,11,29,28.03380598,95.01630593,5.955742971,218.0055713,coconut,62,1.9999998181818348,0.7586206634958391,0.37931033174791956,9.073771725877467,20.71408405708523,0.4003803122205653,61.11525888383257,1,0,0,0,0,0,785.8942777242838,47526.42911783939,0.5442570289999997,1,0,0,0,0,0.29621571361590654,131.026345362,65.513172681
31,6,26,29.12859129,91.30924833,5.741367375,157.2388553,coconut,63,5.166665805555699,1.1923076464497058,0.23076922189349144,13.228756555322953,14.357361685712638,0.7933431999831493,45.801463509411505,1,0,0,0,0,0,848.4748305398638,24724.057616054342,0.7586326249999997,1,0,0,0,0,0.5755234597143902,177.982388625,34.44820425
34,6,30,27.0828252,97.00155491,5.948342571,171.7575545,coconut,70,5.66666572222238,1.1333332955555568,0.19999999333333354,15.14375558880073,16.660749854039064,0.21237462444268293,46.51679825302973,1,0,0,0,0,0,733.4794208137549,29500.65752782047,0.5516574289999996,1,0,0,0,0,0.30432591897088956,202.243647414,35.690055426
24,6,32,28.11321494,90.01734526,6.387067562,172.48136409999995,coconut,62,3.9999993333334443,0.7499999765625008,0.1874999941406252,13.316656236958787,15.526314503105464,0.8099142357742981,48.490056620876985,1,0,0,0,0,0,790.3528542626391,29749.82096179675,0.11293243799999964,0,0,0,0,0,0.012753735552623761,153.28962148800002,38.322405372000006
1,8,26,27.5136304,94.18955816,5.562911913,156.6732553,coconut,35,0.12499998437500197,0.03846153698224858,0.30769229585798863,12.897028081435403,14.756984692195878,0.43657512446455904,43.10650039889041,1,0,0,0,0,0,756.9998577878042,24546.508926298975,0.9370880870000002,1,0,0,0,0,0.87813408279732,5.562911913,44.503295304
31,13,33,27.63834933,95.48763389,5.85971872,205.5463111,coconut,77,2.384615201183446,0.9393939109274573,0.3939393820018369,11.015141094572204,19.627130901756843,0.34467028653033227,56.809607496746565,1,0,0,0,0,0,763.8783536871115,42249.28600681798,0.64028128,1,0,0,0,0,0.40996011751843836,181.65128032,76.17634336
10,9,28,29.01256899,94.01014388,6.282955072999999,150.05003119999995,coconut,47,1.1111109876543348,0.35714284438775556,0.32142855994898,10.692676621563626,14.106225022310484,0.539839915216737,43.53336882141651,1,0,0,0,0,0,841.7291593995095,22515.01186312096,0.21704492700000078,0,0,0,0,0,0.04710850033643567,62.829550729999994,56.54659565699999
36,27,26,26.58413917,95.78923137,6.25449571,171.6262299,coconut,89,1.3333332839506191,1.3846153313609488,1.0384614985207115,5.507570547286102,16.43994464505191,0.27724286672590265,45.62535580884015,1,0,0,0,0,0,706.7164554099284,29455.562789687654,0.2455042900000004,0,0,0,0,0,0.060272356408404296,225.16184556,168.87138417
38,24,33,28.28905147,97.00396405,5.973853124,142.9403233,coconut,95,1.5833332673611138,1.1515151166207542,0.7272727052341605,7.094598884597588,13.865777982688574,0.24834296195520403,40.4364616297214,1,0,0,0,0,0,800.2704330723092,20431.93602510852,0.5261468760000003,1,0,0,0,0,0.2768305351245597,227.006418712,143.37247497599998
11,6,25,28.69164799,96.65248672,6.081568052000001,178.9635457,coconut,42,1.8333330277778286,0.4399999824000007,0.23999999040000036,9.848857801796104,17.297271724133363,0.2909540707161032,51.34759056266678,1,0,0,0,0,0,823.2106643820711,32027.950689515987,0.4184319479999994,0,0,0,0,0,0.17508529510707418,66.89724857200001,36.489408312
16,14,30,29.70931288,96.30484325,6.37466756,209.84539930000005,coconut,60,1.1428570612244957,0.5333333155555561,0.4666666511111116,8.717797887081348,20.209128286320166,0.3587743302639389,62.343626242322344,1,0,0,0,0,0,882.6432718017338,44035.09160737646,0.1253324400000002,0,0,0,0,0,0.015708220516353653,101.99468096,89.24534584
33,14,35,27.14865285,96.66355213,6.027707171,149.2433497,coconut,82,2.3571426887755225,0.9428571159183682,0.39999998857142893,11.590225767142472,14.42639231378177,0.2385110757475194,40.517558911764525,1,0,0,0,0,0,737.0493515698132,22273.577429676494,0.4722928289999997,0,0,0,0,0,0.22306051632482296,198.914336643,84.387900394
16,6,29,29.28725038,91.95614918,5.868285082000001,132.1491176,coconut,51,2.6666662222222963,0.5517241189060649,0.20689654458977433,11.532562594670797,12.151923972030964,0.7470525658470833,38.70284294647265,1,0,0,0,0,0,857.7430348208102,17463.389282458633,0.6317149179999992,1,0,0,0,0,0.39906373762374575,93.89256131200001,35.209710492000006
32,11,31,25.06871967,93.31410447,6.205931637999999,134.84190690000003,coconut,74,2.9090906446281233,1.0322580312174827,0.3548386982310097,11.846237095944574,12.582651787400616,0.33888930184476057,33.8031396384434,1,0,0,0,0,0,628.4407058930449,18182.339856428276,0.29406836200000086,0,0,0,0,0,0.08647620152936356,198.58981241599997,68.265248018
38,14,30,26.92449525,91.20106019,5.5707453860000005,194.9022136,coconut,82,2.7142855204081773,1.2666666244444458,0.4666666511111116,12.220201853215574,17.77528851369784,0.6092821691938085,52.476437242876855,1,0,0,0,0,0,724.9284444672726,37986.87286618003,0.9292546139999995,1,0,0,0,0,0.8635141376402882,211.688324668,77.99043540400001
8,6,33,28.27804288,93.64761266,6.095261012999999,171.9457959,coconut,47,1.3333331111111482,0.2424242350780535,0.18181817630854014,15.044378795195678,16.102313292958616,0.525853347908892,48.62290589495929,1,0,0,0,0,0,799.6477091231187,29565.35672768446,0.4047389870000009,0,0,0,0,0,0.16381364759778688,48.76208810399999,36.571566078
23,6,33,29.18032562,92.73041222,6.025789594,204.9603677,coconut,62,3.8333326944445507,0.6969696758494038,0.18181817630854014,13.650396819628845,19.006059385583775,0.6673718294357289,59.808102686809306,1,0,0,0,0,0,851.4914032892285,42008.75232771921,0.4742104060000001,0,0,0,0,0,0.22487550915868493,138.593160662,36.154737564
29,25,35,28.3575072,91.64509299,5.542873799,160.73069909999995,coconut,89,1.1599999536000019,0.8285714048979599,0.7142856938775517,5.033222956847167,14.730179865367205,0.6982619549140552,45.57921956989282,1,0,0,0,0,0,804.1482145980518,25834.357633174724,0.9571262010000003,1,0,0,0,0,0.916090564640693,160.743340171,138.571844975
24,14,33,29.38072512,93.27565685,6.366219551,218.5241851,coconut,71,1.7142855918367434,0.7272727052341605,0.42424241138659363,9.50438495292217,20.382986902813485,0.630792147027049,64.203990144951,1,0,0,0,0,0,863.2270085769991,47752.81947361906,0.13378044899999963,0,0,0,0,0,0.017897208534641502,152.789269224,89.127073714
32,12,30,25.39241091,98.08951196,5.579845008,218.080385,coconut,74,2.666666444444463,1.0666666311111122,0.3999999866666671,11.015141094572204,21.391398532698904,0.10302136550320537,55.37586747331,1,0,0,0,0,0,644.7745318222869,47559.054321748226,0.9201549919999996,1,0,0,0,0,0.8466852093025193,178.555040256,66.95814009600001
30,25,31,26.31270635,98.62048026,5.804965067,208.1181381,coconut,86,1.199999952000002,0.9677419042663902,0.8064515868886585,3.2145502536643185,20.524710730239004,0.08708503022648388,54.76151453934047,1,0,0,0,0,0,692.3585154613303,43313.159406210674,0.6950349329999996,1,0,0,0,0,0.483073558090314,174.14895201000002,145.124126675
14,21,35,29.52501367,91.91185319,6.121005506,194.3100272,coconut,70,0.6666666349206364,0.39999998857142893,0.5999999828571434,10.692676621563628,17.85939469335131,0.7703970893021688,57.370062092980724,1,0,0,0,0,0,871.7264322136868,37756.386670464744,0.3789944939999996,0,0,0,0,0,0.14363682648231577,85.694077084,128.54111562600002
27,22,29,28.83214859,92.17170353,6.000248647,145.41723869999996,coconut,78,1.2272726714876059,0.9310344506539844,0.7586206634958391,3.605551275463989,13.403354613607638,0.6914067762961246,41.926914337458975,1,0,0,0,0,0,831.2927923158389,21146.173311132767,0.49975135299999973,0,0,0,0,0,0.24975141482533034,162.006713469,132.005470234
40,5,29,28.48444906,97.76865458,5.820978791,160.389421,coconut,74,7.99999840000032,1.379310297265162,0.17241378715814526,17.897858344878397,15.6810579000352,0.18931736551254275,45.68604292237394,1,0,0,0,0,0,811.3638382517348,25724.76636871524,0.6790212090000001,1,0,0,0,0,0.46106980227182176,232.83915164,29.104893955
17,11,32,28.74013335,93.39676499,5.620733794,156.76508230000005,coconut,60,1.5454544049586905,0.5312499833984381,0.34374998925781286,10.816653826391969,14.64135155021111,0.5771315452878865,45.054493699257264,1,0,0,0,0,0,825.9952649757822,24575.29102852579,0.8792662059999996,1,0,0,0,0,0.7731090610136337,95.55247449800001,61.828071734000005
30,30,35,25.00872392,95.59224018,6.001936419,165.8092179,coconut,95,0.9999999666666678,0.857142832653062,0.857142832653062,2.886751345948129,15.850074581554756,0.22077252044048876,41.46676953852222,1,0,0,0,0,0,625.4362721067803,27492.696740609677,0.49806358100000026,0,0,0,0,0,0.2480673307185438,180.05809256999999,180.05809256999999
28,10,30,29.8690834,91.14723422,6.305740522000001,192.7678575,coconut,68,2.799999720000028,0.9333333022222232,0.33333332222222256,11.015141094572204,17.570257057640084,0.8736868380348605,57.57799212506816,1,0,0,0,0,0,892.1621431561556,37159.4468851403,0.19425947799999932,0,0,0,0,0,0.03773674479283222,176.56073461600002,63.05740522000001
39,7,29,27.54273211,94.59086121,6.362544111,150.2012138,coconut,75,5.571427775510318,1.344827539833533,0.24137930202140337,16.3707055437449,14.207662168129337,0.40799684838779543,41.36951794290235,1,0,0,0,0,0,758.602092083225,22560.404626993313,0.13745588899999994,0,0,0,0,0,0.018894121420780306,248.139220329,44.537808777
32,20,35,26.52166434,98.38227669,5.588655387,144.6261698,coconut,87,1.599999920000004,0.9142856881632662,0.5714285551020413,7.937253933193772,14.228651853878523,0.10550248422813782,38.357267302154455,1,0,0,0,0,0,703.3986793636277,20916.728991018437,0.9113446129999998,1,0,0,0,0,0.8305490036441194,178.836972384,111.77310774
7,15,32,25.03512351,95.89739958,6.182232762000001,174.796583,coconut,54,0.46666663555555765,0.21874999316406274,0.468749985351563,12.767145334803704,16.762537765169636,0.20657099826877875,43.76054044530966,1,0,0,0,0,0,626.7574091609546,30553.84542847589,0.3177672379999992,0,0,0,0,0,0.10097601754614811,43.27562933400001,92.73349143000002
29,17,29,29.20394909,95.66997327,5.959493188,211.2506267,coconut,75,1.7058822525951616,0.9999999655172426,0.5862068763376939,6.928203230275509,20.21034180965975,0.3985334558125917,61.693525473773946,1,0,0,0,0,0,852.8706424513117,44626.82728114275,0.5405068120000003,1,0,0,0,0,0.29214761381840365,172.825302452,101.31138419599999
34,15,34,27.05826457,91.10510371,5.677282677999999,224.70069530000004,coconut,83,2.2666665155555656,0.9999999705882362,0.44117645761245716,10.969655114602888,20.471380149015612,0.6278253133753148,60.80010862490356,1,0,0,0,0,0,732.1496815401172,50490.40246830346,0.8227173220000008,1,0,0,0,0,0.676863791918853,193.02761105199997,85.15924016999999
14,23,25,26.18552389,96.96637916,5.6121227970000005,135.4186222,coconut,62,0.6086956257088858,0.5599999776000009,0.9199999632000014,5.8594652770823155,13.131053465569993,0.18764534179021847,35.460075667689836,1,0,0,0,0,0,685.6816613937607,18338.203238546328,0.8878772029999995,1,0,0,0,0,0.7883259276071023,78.56971915800001,129.07882433100002
18,19,29,27.59376845,92.48519606,6.206077742000001,162.8432736,coconut,66,0.9473683711911383,0.620689633769323,0.655172391200952,6.082762530298219,15.060592085948223,0.5706568106750763,44.93459585358398,1,0,0,0,0,0,761.4160572722153,26517.931756764458,0.2939222579999994,0,0,0,0,0,0.0863902937478182,111.709399356,117.91547709800001
7,21,35,25.76011662,94.65830608,5.764812076,131.24514140000002,coconut,63,0.3333333174603182,0.19999999428571447,0.5999999828571434,14.0,12.423442766154084,0.3076877992754494,33.80890148272391,1,0,0,0,0,0,663.5836082760003,17225.287141106,0.7351879239999999,1,0,0,0,0,0.5405012835954296,40.353684532,121.06105359600001
24,27,34,28.87862994,95.11320315,6.203376525,145.0583117,coconut,85,0.8888888559670793,0.7058823321799315,0.7941176237024229,5.131601439446884,13.796960669318121,0.4338806082310765,41.89085303305472,1,0,0,0,0,0,833.9752672114644,21041.913793254353,0.29662347499999964,0,0,0,0,0,0.08798548592107541,148.88103660000002,167.49116617500002
39,29,29,26.50908611,94.48414544,6.143662699,199.8778403,coconut,97,1.344827539833533,1.344827539833533,0.9999999655172426,5.773502691896258,18.885286933138293,0.35903172301276115,52.98578879993528,1,0,0,0,0,0,702.7316463873948,39951.15104299231,0.35633730099999994,0,0,0,0,0,0.12697627208396456,239.602845261,178.166218271
29,8,28,26.87037587,91.72546257,6.100429497,214.4128874,coconut,65,3.624999546875057,1.035714248724491,0.28571427551020445,11.846237095944574,19.667121277734324,0.5684918229448378,57.61354875809987,1,0,0,0,0,0,722.0170993950783,45972.88628320507,0.39957050299999963,0,0,0,0,0,0.15965658686767273,176.912455413,48.803435976
10,24,27,27.57283516,94.90485697,5.7084096010000005,145.9298935,coconut,61,0.41666664930555625,0.37037035665294976,0.8888888559670793,9.073771725877467,13.849455670264831,0.38584678282812956,40.23700898391856,1,0,0,0,0,0,760.2612387605323,21295.53381692134,0.7915903989999995,1,0,0,0,0,0.6266153597889784,57.08409601,137.00183042400002
0,29,32,28.05912437,98.3670985,5.868255858,171.65163959999995,coconut,61,0.0,0.0,0.9062499716796885,17.672954855748753,16.884873740219696,0.13159756272459575,48.163947038508155,1,0,0,0,0,0,787.3144604111278,29464.285377368273,0.6317441419999996,1,0,0,0,0,0.3991006609513157,0.0,170.17941988200002
32,11,31,29.51611558,92.56492864,6.461225827000001,131.2116167,coconut,74,2.9090906446281233,1.0322580312174827,0.3548386982310097,11.846237095944574,12.145593936574535,0.7075299840730774,38.72857243955858,1,0,0,0,0,0,871.2010789319188,17216.48835702772,0.0387741729999993,0,0,0,0,0,0.0015034364918338748,206.75922646400002,71.073484097
37,10,32,28.96318258,95.16333673,6.165084855,222.803013,coconut,79,3.699999630000037,1.1562499638671888,0.3124999902343753,14.364307617610162,21.202678150577565,0.4335189596698987,64.53084344893114,1,0,0,0,0,0,838.8659451624155,49641.182601878165,0.3349151450000001,0,0,0,0,0,0.11216815435037109,228.108139635,61.65084855
20,29,27,25.09897688,92.36099489,6.047044342,157.7592626,coconut,76,0.689655148632581,0.7407407133058995,1.0740740342935542,4.725815626252608,14.570802446848768,0.38951110442091846,39.59596084603248,1,0,0,0,0,0,629.9586404227745,24887.98493609576,0.4529556579999996,0,0,0,0,0,0.2051688281142126,120.94088684,175.364285918
31,29,35,27.1872282,92.19906776,6.137102505,141.3220576,coconut,95,1.0689654803805007,0.885714260408164,0.8285714048979599,3.0550504633038935,13.029761964645024,0.5606708018161712,38.42155029664744,1,0,0,0,0,0,739.1453771988753,19971.923964297715,0.36289749500000035,0,0,0,0,0,0.13169459187727528,190.250177655,177.97597264499998
17,30,27,29.03065024,90.79093862,5.894027065,205.5720367,coconut,74,0.5666666477777784,0.6296296063100145,1.1111110699588491,6.8068592855540455,18.66407816601809,0.8316381236147169,59.678898965621435,1,0,0,0,0,0,842.7786533572121,42259.86227298615,0.6059729349999996,1,0,0,0,0,0.3672031979525137,100.19846010500001,176.82081195
1,12,30,27.754298,95.94643831,5.56222383,131.09000759999998,coconut,43,0.08333332638888948,0.033333332222222255,0.3999999866666671,14.6401275039985,12.57761932725083,0.31432525305643577,36.383111357526644,1,0,0,0,0,0,770.3010574728039,17184.59009256805,0.9377761700000002,1,0,0,0,0,0.8794241450198693,5.56222383,66.74668596
6,13,29,27.31155708,99.96906006,5.832608027999999,201.8258633,coconut,48,0.4615384260355057,0.20689654458977433,0.4482758466111777,11.789826122551595,20.17634184989905,0.002262191373617468,55.12178585738227,1,0,0,0,0,0,745.9211501340982,40733.67909679029,0.6673919720000008,1,0,0,0,0,0.4454120442900498,34.995648167999995,75.82390436399999
15,28,32,28.84270971,99.64328526,6.2185718739999984,224.4016682,coconut,75,0.5357142665816333,0.468749985351563,0.874999972656251,8.888194417315589,22.360119437272466,0.03154324895098135,64.72352174332337,1,0,0,0,0,0,831.9019034153283,50356.108690942885,0.28142812600000155,0,0,0,0,0,0.07920179010387275,93.27857810999998,174.12001247199996
27,24,29,26.61423461,96.97300803,6.142010637,191.006688,coconut,80,1.124999953125002,0.9310344506539844,0.8275861783590973,2.5166114784235836,18.522493089207707,0.20021235052166067,50.834968065110715,1,0,0,0,0,0,708.3174838761219,36483.554860729346,0.3579893629999997,0,0,0,0,0,0.12815638402114557,165.83428719900002,147.40825528800002
3,23,30,29.70143197,95.65754365,6.078807239,215.1968037,coconut,56,0.1304347769376184,0.09999999666666677,0.7666666411111119,14.0118997046558,20.58519764327323,0.42128044862219577,63.91653225256995,1,0,0,0,0,0,882.1750610685382,46309.664322696335,0.42119276100000036,0,0,0,0,0,0.17740334191880341,18.236421717,139.81256649699998
8,26,26,25.54759871,91.64194826,5.702484758,212.867626,coconut,60,0.30769229585798863,0.30769229585798863,0.9999999615384629,10.392304845413264,19.507603968121032,0.4636711705093721,54.38256687398362,1,0,0,0,0,0,652.6797998471936,45312.62619887588,0.7975152420000002,1,0,0,0,0,0.6360305612223189,45.619878064,148.26460370799998
20,28,26,26.37978453,91.49882979,5.547594847,167.0470997,coconut,74,0.7142856887755111,0.7692307396449716,1.0769230355029602,4.163331998932265,15.28461414236346,0.5423563419265482,44.06666496447428,1,0,0,0,0,0,695.8930318492272,27904.733518181736,0.952405153,1,0,0,0,0,0.9070755754609533,110.95189694,155.332655716
26,18,27,27.45907759,92.90736493,5.836075368,142.1430003,coconut,71,1.4444443641975353,0.9629629272976693,0.6666666419753096,4.932882862316247,13.2061316011172,0.5290451530468507,39.031156741130935,1,0,0,0,0,0,754.0009420936402,20204.632534285804,0.6639246319999996,1,0,0,0,0,0.4407959169763349,151.737959568,105.04935662400001
1,6,35,27.02269204,95.71935435,6.231662767,147.16824590000004,coconut,42,0.16666663888889352,0.028571427755102068,0.1714285665306124,18.35755975068582,14.08684947837004,0.30061656132315595,39.76882187022694,1,0,0,0,0,0,730.2258850886793,21658.49260128288,0.26833723299999956,0,0,0,0,0,0.07200487061409605,6.231662767,37.389976602000004
27,30,31,28.98545306,90.73966792,5.718120393,148.8398374,coconut,88,0.899999970000001,0.8709677138397511,0.9677419042663902,2.081665999466133,13.505677418942795,0.8320827922485214,43.14190120415732,1,0,0,0,0,0,840.1564890934634,22153.29719725844,0.7818796069999996,1,0,0,0,0,0.6113357198424738,154.38925061100002,171.54361179
23,7,34,26.1055118,91.52421214,5.852038202,134.1279669,coconut,64,3.2857138163265978,0.676470568339101,0.20588234688581333,13.576941236277534,12.275956496462497,0.5174902279352672,35.01479222617959,1,0,0,0,0,0,681.4977463399391,17990.31150472749,0.6479617979999999,1,0,0,0,0,0.41985449166739264,134.596878646,40.964267414
0,26,31,25.0707247,95.02156793,5.547933273,192.9036306,coconut,57,0.0,0.0,0.8387096503642048,16.64331697709324,18.33000543900153,0.25244258464621105,48.36233816403096,1,0,0,0,0,0,628.5412369831901,37211.81069866126,0.9520667270000001,1,0,0,0,0,0.9064310526604926,0.0,144.246265098
38,6,25,25.54963273,96.92786777,6.156259104,191.2996157,coconut,69,6.333332277777954,1.5199999392000023,0.23999999040000036,16.09347693943108,18.542263855021417,0.17049205574495852,48.87634922525142,1,0,0,0,0,0,652.7837326378872,36595.54296696769,0.3437408959999999,0,0,0,0,0,0.11815780358288275,233.937845952,36.937554624
25,12,26,28.56973521,95.67906668,6.436314406,134.83703480000003,coconut,63,2.083333159722237,0.9615384245562144,0.4615384437869829,7.810249675906654,12.901081643562684,0.3702925441246616,38.52258380737556,1,0,0,0,0,0,816.2297699695138,18181.02595365642,0.06368559399999985,0,0,0,0,0,0.004055854883132816,160.90786015,77.235772872
40,5,32,26.07010807,96.7036223,5.981169595,143.533473,coconut,77,7.99999840000032,1.2499999609375012,0.15624999511718765,18.33939293797189,13.880206760399247,0.20009368878537998,37.41933152772427,1,0,0,0,0,0,679.6505347814791,20601.857871441724,0.5188304050000001,1,0,0,0,0,0.26918498915246414,239.2467838,29.905847975
0,19,31,25.51791333,94.38420565,6.271952832999999,178.7297725,coconut,50,0.0,0.0,0.6129032060353804,15.631165450257807,16.869267603417715,0.3098746650240369,45.60810844145617,1,0,0,0,0,0,651.1639007173916,31944.331577901754,0.2280471670000006,0,0,0,0,0,0.05200551037672616,0.0,119.16710382699999
26,9,32,25.9490364,94.73860514,6.470465614,144.15711090000005,coconut,67,2.8888885679012706,0.8124999746093758,0.2812499912109378,11.930353445448855,13.657243607678296,0.3130022953691288,37.40738118062938,1,0,0,0,0,0,673.352490088525,20781.272623034914,0.029534385999999913,0,0,0,0,0,0.0008722799563969908,168.232105964,58.234190526
35,30,34,28.2974764,95.41122824,6.141502001,182.4482352,coconut,99,1.166666627777779,1.0294117344290667,0.8823529152249143,2.6457513110645907,17.4076102106524,0.3807522538358647,51.62824629793649,1,0,0,0,0,0,800.747170608557,33287.358527594515,0.3584979989999999,0,0,0,0,0,0.12852081528700393,214.952570035,184.24506003
19,30,30,29.56549169,91.40896307,5.826381164,224.83157290000003,coconut,79,0.6333333122222229,0.6333333122222229,0.9999999666666678,6.3508529610858835,20.551620944186112,0.8217749236239814,66.4725600022458,1,0,0,0,0,0,874.1182988714592,50549.236172688026,0.6736188360000002,1,0,0,0,0,0.45376233621399514,110.701242116,174.79143492
31,13,33,29.69952329,95.21224392,6.342463714,148.30036919999995,coconut,77,2.384615201183446,0.9393939109274573,0.3939393820018369,11.015141094572204,14.120010925696452,0.4643895160479904,44.04450268970997,1,0,0,0,0,0,882.0616836532523,21992.999504856292,0.15753628600000003,0,0,0,0,0,0.024817681406673803,196.616375134,82.452028282
17,29,26,26.14162144,93.28415295,6.071897347,195.4115025,coconut,72,0.5862068763376939,0.6538461286982258,1.1153845724852087,6.244997998398398,18.22879648739931,0.41246190230040725,51.083735233766134,1,0,0,0,0,0,683.3843715122678,38185.65530930751,0.42810265299999983,0,0,0,0,0,0.18327188150563828,103.222254899,176.085023063
2,30,30,26.00175125,94.79998418,6.331051715,209.540094,coconut,62,0.06666666444444451,0.06666666444444451,0.9999999666666678,16.165807537309522,19.864397596275715,0.3120920144770481,54.48409401089618,1,0,0,0,0,0,676.0910680668767,43907.05099352884,0.16894828499999992,0,0,0,0,0,0.0285435230044412,12.66210343,189.93155145
30,13,25,27.15116142,91.48889469,6.413184638,164.9182225,coconut,68,2.3076921301775286,1.199999952000002,0.5199999792000009,8.736894948054104,15.088185890764489,0.6086428793442918,44.77721280196976,1,0,0,0,0,0,737.1855664548965,27198.020112559512,0.08681536200000028,0,0,0,0,0,0.007536907079191094,192.39553913999998,83.371400294
8,15,33,28.97318719,98.09861043,5.50158009,213.9011021,coconut,56,0.5333332977777802,0.2424242350780535,0.45454544077135034,12.897028081435401,20.983400885455556,0.17061524532723665,61.97396671290602,1,0,0,0,0,0,839.4455759467802,45753.68147959463,0.99841991,1,0,0,0,0,0.996842316684408,44.01264072,82.52370135
18,12,35,26.13958446,96.38580769,6.338720873,131.3387935,coconut,65,1.4999998750000105,0.5142856995918372,0.3428571330612248,11.930353445448855,12.659195692527623,0.22189638941927542,34.33141485567749,1,0,0,0,0,0,683.2778757414734,17249.878678035646,0.16127912700000024,0,0,0,0,0,0.026010956805882206,114.096975714,76.064650476
8,28,30,25.51618488,94.33465411,6.015672239,135.1272491,coconut,66,0.28571427551020445,0.26666665777777804,0.9333333022222232,12.165525060596439,12.747182304684308,0.31251095338388135,34.47931870361413,1,0,0,0,0,0,651.0756908303407,18259.373449333452,0.4843277610000003,0,0,0,0,0,0.23457338007527342,48.125377912,168.438822692
40,22,29,27.55821802,99.98187601,5.735364307,174.62564809999995,coconut,91,1.8181817355371936,1.379310297265162,0.7586206634958391,9.073771725877467,17.459399896500088,0.0013698506781234918,48.12371682223598,1,0,0,0,0,0,759.4553804378528,30494.116974345015,0.7646356929999998,1,0,0,0,0,0.5846677430095899,229.41457228000002,126.178014754
27,10,33,27.81132822,97.48410555,6.465906333,154.06212209999995,coconut,70,2.699999730000027,0.8181817933884306,0.30303029384756686,11.930353445448855,15.018608172053382,0.19652477315826417,42.84672243992814,1,0,0,0,0,0,773.4699773605684,23735.137465955293,0.034093666999999606,0,0,0,0,0,0.0011623781295068622,174.57947099100002,64.65906333000001
21,20,31,25.60033702,99.7240104,5.855457599,165.82487319999996,coconut,72,1.0499999475000026,0.677419332986473,0.6451612695109268,6.082762530298219,16.536721379575475,0.015456347740150068,42.45172640218765,1,0,0,0,0,0,655.3772555375825,27497.888571796062,0.6445424009999998,1,0,0,0,0,0.4154349066868446,122.964609579,117.10915198000001
3,9,35,26.91641934,99.84671638,6.318552972999999,225.6323656,coconut,47,0.33333329629630043,0.0857142832653062,0.2571428497959186,17.009801096230767,22.52865081421167,0.010601737938731853,60.73215369165791,1,0,0,0,0,0,724.4936300867261,50909.96440625207,0.18144702700000082,0,0,0,0,0,0.03292302360713902,18.955658918999998,56.86697675699999
22,16,27,29.1797902,90.27214288,6.006784979,188.9252083,coconut,65,1.3749999140625053,0.8148147846364894,0.5925925706447196,5.507570547286101,17.054683397291363,0.8929968745717618,55.12797941685299,1,0,0,0,0,0,851.460156116016,35692.73433119839,0.49321502100000014,0,0,0,0,0,0.24326105694003058,132.149269538,96.108559664
27,8,30,26.44600063,98.29937782,6.008386282999999,221.2258168,coconut,65,3.374999578125053,0.899999970000001,0.26666665777777804,11.930353445448853,21.746360149161305,0.1096221164367195,58.50538090465065,1,0,0,0,0,0,699.3909493219604,48940.86201882716,0.4916137170000008,0,0,0,0,0,0.24168404674255686,162.22642964099998,48.067090263999994
22,8,33,28.43572863,95.8840407,5.665785202,203.9283708,coconut,63,2.749999656250043,0.6666666464646471,0.2424242350780535,12.529964086141668,19.553476205671895,0.34721115706924754,57.98851812026816,1,0,0,0,0,0,808.5906627190017,41586.7804171423,0.8342147979999996,1,0,0,0,0,0.6959143292021802,124.647274444,45.326281616
28,27,32,28.94099669,93.00109012,5.764615485,191.7723087,coconut,87,1.0370369986282593,0.874999972656251,0.8437499736328133,2.6457513110645907,17.83503376392916,0.6257723007068828,55.50081751320357,1,0,0,0,0,0,837.5812894105909,36776.618384128094,0.7353845149999998,1,0,0,0,0,0.5407903849017849,161.40923358,155.644618095
23,21,26,26.45488737,93.45042636,5.901495543999999,149.2220255,coconut,70,1.0952380430839026,0.8846153505917173,0.8076922766272201,2.5166114784235836,13.944861905277792,0.4227676016772097,39.47651877725768,1,0,0,0,0,0,699.8610657593856,22267.21289432265,0.5985044560000006,1,0,0,0,0,0.35820758385185664,135.734397512,123.93140642399999
37,5,34,25.79490531,93.84150618,5.779032666,152.42387119999995,coconut,76,7.399998520000296,1.0882352621107276,0.1470588192041524,17.67295485574875,14.30368565119432,0.3568788853912021,39.31759324587635,1,0,0,0,0,0,665.3771399518662,23233.036511594175,0.720967334,1,0,0,0,0,0.5197938966950676,213.824208642,28.89516333
19,26,29,26.93141945,98.80313612,5.67154928,166.5712879,coconut,74,0.7307692026627229,0.655172391200952,0.8965516932223554,5.131601439446884,16.457765632067407,0.08295965576834431,44.86001222761609,1,0,0,0,0,0,725.3013535918383,27745.99395266468,0.8284507200000002,1,0,0,0,0,0.6863305954685187,107.75943631999999,147.46028128
133,47,24,24.40228894,79.19732001,7.231324765,90.8022356,cotton,204,2.8297871738343154,5.541666435763898,1.9583332517361145,57.4543296888929,7.191293710436614,0.9157940804233629,22.157823895091543,1,0,0,0,0,0,595.4717055112462,8245.045989957907,0.7313247650000001,0,0,0,0,0,0.5348359119023054,961.766193745,339.872263955
136,36,20,23.09595631,84.86275707,6.925412377000001,71.29581071,cotton,192,3.7777776728395094,6.799999660000017,1.7999999100000044,62.864934582006846,6.050359064391434,0.4686424276513636,16.466449292441897,1,0,0,0,0,0,533.4231978734288,5083.092624796151,0.4254123770000007,0,0,0,0,0,0.1809756905047907,941.8560832720001,249.31484557200002
104,47,18,23.9656349,76.97696717,7.633437412,90.75616738,cotton,169,2.212765910366683,5.777777456790141,2.6111109660493907,43.75309512861157,6.986134516885284,0.9130094249449382,21.750291723523695,1,0,0,0,0,0,574.3516561600981,8236.681917506576,1.1334374120000001,0,1,0,0,0,1.284680366921258,793.877490848,358.771558364
133,47,23,24.88738107,75.62137159,6.827354668,89.76050416,cotton,203,2.8297871738343154,5.782608444234415,2.043478172022688,57.83885660465059,6.787812439189101,1.1914764700359823,22.3390387206524,1,0,0,0,0,0,619.3817365233944,8056.948107057377,0.3273546679999999,0,0,0,0,0,0.10716107866139016,908.038170844,320.88566939599997
126,38,23,25.36243778,83.63276077,6.176716425,88.43618918,cotton,187,3.3157893864265953,5.478260631379972,1.652173841209833,55.64470624716545,7.396162653101403,0.8776830200125009,22.42957345578059,1,0,0,0,0,0,643.2532501443713,7820.959556680749,0.3232835749999996,0,0,0,0,0,0.10451226986478036,778.2662695500001,234.71522415
126,50,19,24.69457084,81.7358876,6.6287228360000015,78.58494391,cotton,195,2.519999949600001,6.631578598337968,2.631578808864273,55.054518434003214,6.423210142480065,0.8574216949152245,19.40621464342922,1,0,0,0,0,0,609.8218289717784,6175.593409337847,0.12872283600000145,0,0,0,0,0,0.01656956850788327,835.2190773360002,331.4361418000001
113,41,20,25.0017188,80.53965818,7.256877571,96.32600992,cotton,174,2.7560974937537197,5.649999717500013,2.049999897500005,48.774993593028796,7.75806391280009,0.9733515753552018,24.083158131458504,1,0,0,0,0,0,625.0859429542734,9278.70018710794,0.7568775710000004,0,0,0,0,0,0.5728636574828607,820.027165523,297.531980411
121,45,22,22.45942937,81.30681027,6.443785385,64.23026638,cotton,188,2.688888829135804,5.499999750000011,2.0454544524793428,51.810552335729184,5.22235808215022,0.45974579840944346,14.425751311778956,1,0,0,0,0,0,504.4259676260185,4125.5271192457585,0.05621461500000002,0,0,0,0,0,0.0031600829395982276,779.698031585,289.970342325
121,47,16,23.60564038,79.29573149,7.7232401510000015,72.49800885,cotton,184,2.5744680303304674,7.562499527343779,2.937499816406261,53.94750534856392,5.7487826433292435,0.7465214657801846,17.113619251791576,1,0,0,0,0,0,557.2262577498866,5255.961287214679,1.2232401510000015,0,1,0,0,0,1.4963164670185065,934.5120582710002,362.9922870970001
129,60,22,24.58453146,79.12404171,5.947448589,71.94608134,cotton,211,2.149999964166667,5.86363609710745,2.727272603305791,54.24327915358117,5.692664740817213,0.9570648753815283,17.68760700126949,1,0,0,0,0,0,604.3991871077297,5176.238620181897,0.5525514109999996,1,0,0,0,0,0.3053130617980905,767.2208679810001,356.84691534
107,45,25,23.0865933,83.55546146,7.2277455160000015,71.84080724,cotton,177,2.377777724938273,4.2799998288000065,1.7999999280000027,42.7551166528639,6.002691800597109,0.5075760247915578,16.585594990935757,1,0,0,0,0,0,532.9907901996049,5161.101584894837,0.7277455160000015,0,0,0,0,0,0.5296135360581085,773.3687702120002,325.2485482200001
122,59,18,23.5000992,83.63488952,6.219469084,79.81328183,cotton,199,2.067796575122092,6.777777401234588,3.2777775956790225,52.38638499966698,6.675175008080673,0.5727951009895963,18.756200404825574,1,0,0,0,0,0,552.2546624098406,6370.159956475007,0.280530916,0,0,0,0,0,0.07869759483179907,758.775228248,366.948675956
140,38,15,24.1472953,75.88298598,6.021439523,69.91563467,cotton,193,3.6842104293628837,9.333332711111153,2.5333331644444557,66.53069467045519,5.305407125446412,1.000203788951801,16.88273476463408,1,0,0,0,0,0,583.091870305402,4888.195971308906,0.47856047700000026,0,0,0,0,0,0.22902013014646777,843.0015332199999,228.81470187399998
102,49,21,24.69315538,84.84422454,6.253343655,89.799462,cotton,172,2.0816326105789265,4.857142625850351,2.3333332222222274,41.137979208188305,7.618965717499198,0.7112840913817098,22.174320682064057,1,0,0,0,0,0,609.7519226208229,8063.943375489445,0.2466563449999999,0,0,0,0,0,0.060839352528758966,637.8410528100001,306.413839095
111,40,25,24.48469200000001,84.44932014,6.187455798999999,90.94342484,cotton,176,2.7749999306250017,4.439999822400007,1.5999999360000026,45.93836450433704,7.6801103989411885,0.6974000956270328,22.2672174663255,1,0,0,0,0,0,599.5001423348644,8270.70652162873,0.3125442010000006,0,0,0,0,0,0.09768387757872876,686.807593689,247.49823195999997
131,35,18,24.49112609,82.24415809,7.0576933660000005,64.02949379,cotton,184,3.742857035918371,7.2777773734568125,1.944444336419759,60.92892033618627,5.266051809687434,0.7974372485191646,15.681544058897622,1,0,0,0,0,0,599.8152571562788,4099.776075003649,0.5576933660000005,0,0,0,0,0,0.3110218904804105,924.5578309460001,247.01926781000003
135,43,16,23.47986888,81.73049149,6.720449769,86.76287924,cotton,194,3.139534810708493,8.437499472656283,2.68749983203126,62.38856732874488,7.091172763372719,0.6357549411684418,20.371810282064743,1,0,0,0,0,0,551.3042426219926,7527.797214014824,0.22044976900000002,0,0,0,0,0,0.04859810065215337,907.260718815,288.979340067
100,46,18,24.18586246,76.04203958,6.4316895060000006,69.08056728,cotton,164,2.1739129962192827,5.555555246913597,2.5555554135802545,41.68133075290823,5.253027231314612,1.0028472714024383,16.70773098892856,1,0,0,0,0,0,584.9559429340372,4772.1247757266065,0.06831049399999944,0,0,0,0,0,0.0046663235905239605,643.1689506,295.857717276
123,39,24,25.00755095,78.17952126,7.453106264,86.06411872,cotton,186,3.153846072978306,5.124999786458342,1.6249999322916695,53.3572862878164,6.728451599193404,1.0926715904394178,21.52252833857249,1,0,0,0,0,0,625.3776045168458,7407.032531050254,0.9531062639999996,0,0,0,0,0,0.908411550476037,916.7320704719999,290.67114429599997
117,56,15,25.99237426,77.0543546,7.368258226,89.1188212,cotton,188,2.0892856769770414,7.799999480000035,3.733333084444461,51.32575701666107,6.866993250278797,1.3749889487404738,23.16409754240422,1,0,0,0,0,0,675.6035196719105,7942.164292077569,0.868258226,0,0,0,0,0,0.7538723470166672,862.086212442,412.622460656
121,36,24,23.66457347,81.69105088,7.352401887,99.36898373,cotton,181,3.3611110177469166,5.0416664565972305,1.4999999375000026,52.880368127815956,8.117556705781322,0.6709448920873183,23.515246161178197,1,0,0,0,0,0,560.0120375170279,9874.194927533004,0.8524018870000001,0,0,0,0,0,0.7265889769611609,889.6406283270001,264.686467932
101,58,18,25.66891439,81.38103349,6.652143699,78.59595817,cotton,177,1.741379280321047,5.611110799382733,3.2222220432098863,41.50903516103452,6.396220304011409,1.0554932717546714,20.174729216657514,1,0,0,0,0,0,658.8931659611492,6177.32464066039,0.1521436989999998,0,0,0,0,0,0.02314770514540254,671.866513599,385.824334542
107,42,24,22.04612876,84.62978302,6.144631795,86.00758678,cotton,173,2.547618986961453,4.458333147569452,1.7499999270833364,43.66157731156002,7.278803407265221,0.3144944301021831,18.961343324887537,1,0,0,0,0,0,486.03179330249907,7397.30498371923,0.35536820500000044,0,0,0,0,0,0.12628656112492234,657.475602065,258.07453539
100,41,22,22.4204752,84.55794703,7.318802162000001,93.46595573,cotton,163,2.439024330755504,4.545454338842984,1.8636362789256236,40.67349669420289,7.903289333725665,0.37377106250971337,20.95551142488763,1,0,0,0,0,0,502.67770819381496,8735.88488052232,0.8188021620000008,0,0,0,0,0,0.6704369804958755,731.8802162000001,300.07088864200006
125,39,21,25.03149561,82.21276599,7.954629324,95.0191318,cotton,185,3.205128122945433,5.9523806689342535,1.857142768707487,55.58177159225255,7.811785647246366,0.8949638983535774,23.784709805177112,1,0,0,0,0,0,626.5757724734493,9028.63540802577,1.454629324,0,1,0,0,0,2.1159464702406967,994.3286654999999,310.230543636
105,60,23,23.53371386,77.21705554,6.207652157,87.54004943,cotton,188,1.7499999708333338,4.565217192816643,2.6086955387523676,41.06498914322678,6.759584858810656,0.8050840660991218,20.60142474575876,1,0,0,0,0,0,553.8356880443561,7663.260254206843,0.29234784299999994,0,0,0,0,0,0.08546726130675261,651.803476485,372.45912942
102,46,19,22.77076388,82.5993307,6.631005298,81.49543437,cotton,167,2.2173912561436686,5.368420770083117,2.4210525041551314,42.335957923889396,6.731468334067776,0.48213145984264905,18.557132933373065,1,0,0,0,0,0,518.5076876787127,6641.505823154977,0.13100529799999983,0,0,0,0,0,0.017162388104068758,676.362540396,305.026243708
131,49,22,25.49848236,79.9751579,7.306918817000001,67.05961949,cotton,202,2.6734693331945034,5.95454518388431,2.2272726260330624,56.76559991168361,5.3631036574266675,1.1010624104863538,17.099185246340774,1,0,0,0,0,0,650.1726026632311,4496.992566143588,0.8069188170000006,0,0,0,0,0,0.6511179772286804,957.2063650270001,358.03902203300004
139,35,15,25.248679,83.4630147,5.898293044,86.55517751,cotton,189,3.9714284579591874,9.266666048888931,2.333333177777788,66.57326790837296,7.224156052878239,0.8679732746741867,21.85403892738009,1,0,0,0,0,0,637.495791245041,7491.798753787609,0.6017069560000001,1,0,0,0,0,0.3620512608987861,819.862733116,206.44025654
108,36,19,22.78249615,77.51235009,7.238566893,64.61444234,cotton,163,2.999999916666669,5.6842102271468296,1.8947367423822765,47.247574893674,5.008417275528199,0.6257179929712285,14.72078283845447,1,0,0,0,0,0,519.0421308247649,4175.026158909184,0.7385668929999998,0,0,0,0,0,0.5454810554356732,781.765224444,260.588408148
118,45,23,23.37044424,77.43198948,7.977651226,71.67870701,cotton,186,2.6222221639506187,5.130434559546323,1.9565216540642758,49.72926703662542,5.550224887138322,0.7606422106539344,16.75163225372502,1,0,0,0,0,0,546.1776639749493,5137.837038625423,1.4776512259999999,0,1,0,0,0,2.1834531456993025,941.362844668,358.99430517
107,51,22,24.86560781,78.22080815,5.983075895,79.56866268,cotton,180,2.0980391745482514,4.863636142561993,2.3181817128099222,43.2087954009366,6.223925098244345,1.0596900596084837,19.785231601670638,1,0,0,0,0,0,618.298451760733,6331.172080683626,0.5169241050000002,1,0,0,0,0,0.2672105303300512,640.189120765,305.136870645
125,60,17,24.14386157,84.51591287,6.785723961,80.36146974,cotton,202,2.083333298611112,7.352940743944662,3.5294115570934377,54.3721742560782,6.791822974650981,0.6416391360453859,19.40236200964304,1,0,0,0,0,0,582.9260515113228,6457.9658187729365,0.2857239610000004,0,0,0,0,0,0.08163818188952976,848.2154951250001,407.14343766
113,37,20,25.03300222,79.04368718,7.393441155,97.10087029,cotton,170,3.054053971512055,5.649999717500013,1.8499999075000044,49.52103929981007,7.675210816108517,1.0547316894607444,24.30726301533502,1,0,0,0,0,0,626.651200146525,9428.579011075406,0.8934411549999997,0,0,0,0,0,0.7982370974477334,835.458850515,273.557322735
131,52,16,23.65724079,84.47601498,6.486068274,88.54479121,cotton,199,2.5192307207840248,8.187499488281281,3.2499997968750125,58.82459802950916,7.479911108656933,0.5677495123849294,20.947254463552454,1,0,0,0,0,0,559.6650417960398,7840.180050422493,0.013931726000000033,0,0,0,0,0,0.00019409298933907693,849.674943894,337.275550248
115,48,16,25.54359718,84.09229796,7.175934962,88.94245493,cotton,179,2.39583328342014,7.187499550781277,2.9999998125000116,50.52062285179522,7.47937542126743,0.8818589216922424,22.71910240932225,1,0,0,0,0,0,652.4753568941039,7910.760288975081,0.6759349620000004,0,0,0,0,0,0.45688807285394195,825.2325206300001,344.44487817600003
113,38,25,22.00085141,79.47270984,7.388265887999999,90.42224164,cotton,176,2.97368413227147,4.519999819200007,1.5199999392000023,47.500877184882945,7.186100572938085,0.41072057460115124,19.893663024807545,1,0,0,0,0,0,484.037462764899,8176.181783202549,0.8882658879999994,0,0,0,0,0,0.7890162877844275,834.8740453439999,280.75410374399996
111,41,18,23.64328417,78.1258666,6.10539819,80.96157332,cotton,170,2.70731700713861,6.166666324074093,2.2777776512345747,48.4389650316079,6.325193076924439,0.7969368394868832,19.141974848550504,1,0,0,0,0,0,559.0048863433726,6554.776354449736,0.39460181000000016,0,0,0,0,0,0.15571058845527622,677.69919909,250.32132579
111,53,19,23.96436009,78.02763149,6.419536555,84.63148859,cotton,183,2.0943395831256684,5.842104955678686,2.7894735373961295,46.51881339845203,6.60359460415066,0.8710638080381673,20.281394675234864,1,0,0,0,0,0,574.2905545231848,7162.488860959301,0.08046344500000036,0,0,0,0,0,0.006474365981268083,712.5685576049999,340.235437415
122,48,16,24.65425757,75.6350708,6.307585854,61.82980133,cotton,186,2.541666613715279,7.62499952343753,2.9999998125000116,54.36910887627275,4.676501401144484,1.1340065617161403,15.243678474917486,1,0,0,0,0,0,607.8324163279023,3822.9243325072703,0.19241414599999995,0,0,0,0,0,0.0370232035809093,769.525474188,302.764120992
108,46,17,24.3017998,84.87668973,6.93221485,65.0247867,cotton,171,2.3478260359168255,6.352940802768187,2.7058821937716355,46.486557196677836,5.519088645495331,0.6505745309482398,15.80219348421103,1,0,0,0,0,0,590.5774735192801,4228.222885380498,0.43221485000000026,0,0,0,0,0,0.18680967656052272,748.6792038,318.88188310000004
132,41,22,24.29144926,81.02453404,7.810865753,90.41694635,cotton,195,3.2195121165972655,5.99999972727274,1.8636362789256236,58.7962583843564,7.32599094732843,0.8143224935219717,21.963586645051674,1,0,0,0,0,0,590.0745071511545,8175.224187258779,1.3108657529999999,0,1,0,0,0,1.7183690223882566,1031.0342793959999,320.245495873
103,42,17,24.29470232,84.61527627,6.527541661,81.05902285,cotton,162,2.4523808939909313,6.058823173010401,2.4705880899654065,44.23799272118933,6.858831612628993,0.6607280869579006,19.69304830490828,1,0,0,0,0,0,590.2325608174133,6570.565185396823,0.027541660999999884,0,0,0,0,0,0.0007585430906389146,672.336791083,274.156749762
133,50,25,25.72180042,81.19666206,7.569454601,99.93100821,cotton,208,2.659999946800001,5.319999787200008,1.9999999200000032,56.536124144951195,8.114064302942456,1.0758894692249399,25.704054489470018,1,0,0,0,0,0,661.6110168463123,9986.206401867088,1.0694546010000003,0,1,0,0,0,1.14373314360007,1006.7374619330001,378.47273005
127,37,18,24.87663664,76.30050373,7.041065585,91.9223468,cotton,182,3.432432339663991,7.0555551635802685,2.055555441358031,58.22656896411924,7.013721364883754,1.1557383185982535,22.867188204396665,1,0,0,0,0,0,618.8470505185905,8449.71784121947,0.5410655850000001,0,0,0,0,0,0.29275196727139235,894.2153292950001,260.519426645
110,39,25,22.60612115,77.34264002,7.208795456,75.13617229,cotton,174,2.820512748191981,4.399999824000007,1.5599999376000024,45.574115460423364,5.81122992590617,0.5904782504704156,16.98537413535013,1,0,0,0,0,0,511.0367134484773,5645.444386392564,0.7087954559999998,0,0,0,0,0,0.5023909984462477,792.96750016,281.143022784
131,38,19,23.86814008,75.68339729,6.814341946,90.4547185,cotton,188,3.4473683303324125,6.894736479224395,1.9999998947368476,59.93607705992555,6.845920396990613,0.940600255519876,21.589858920549673,1,0,0,0,0,0,569.6881108785024,8182.056098914242,0.31434194599999987,0,0,0,0,0,0.09881085901506684,892.678794926,258.944993948
108,38,24,23.41022496,76.43836957,7.442217061,78.82199603,cotton,170,2.842105188365653,4.499999812500008,1.5833332673611138,45.003703551300454,6.025024862786213,0.8035046019068153,18.45240658858527,1,0,0,0,0,0,548.0386326778071,6212.907058153335,0.942217061,0,0,0,0,0,0.8877729900394777,803.759442588,282.804248318
122,40,17,24.96440768,81.31677618,6.854558957,80.03995829,cotton,179,3.049999923750002,7.17647016608999,2.352941038062292,55.19359866264686,6.5085913737244665,0.9275113981916693,19.981501494417557,1,0,0,0,0,0,623.2216508132431,6406.39492306494,0.35455895700000006,0,0,0,0,0,0.1257120539889279,836.256192754,274.18235828
111,50,15,25.16820129,80.30351815,7.884550475,84.62419032,cotton,176,2.219999955600001,7.3999995066667,3.333333111111126,48.58326186386967,6.7956202032911746,1.0179538290563155,21.298386559770293,1,0,0,0,0,0,633.4383561739576,7161.253587315581,1.3845504750000002,0,1,0,0,0,1.916980017822726,875.185102725,394.22752375
140,40,17,22.72767171,77.07598065,6.006085786,77.55176318,cotton,197,3.4999999125000025,8.23529363321802,2.352941038062292,65.39367961304313,5.977378198235063,0.6252919906048756,17.625710140867053,1,0,0,0,0,0,516.5470613575343,6014.275972326803,0.49391421400000013,0,0,0,0,0,0.24395125079123792,840.85201004,240.24343144
100,40,20,22.45145981,76.25674874,7.432043735,86.84998693,cotton,160,2.499999937500002,4.999999750000012,1.9999999000000048,41.63331998932265,6.622897631393294,0.5820562622262183,19.4990899105792,1,0,0,0,0,0,504.0680476000452,7542.920229741171,0.9320437349999997,0,0,0,0,0,0.8687055239527497,743.2043735,297.28174939999997
123,50,16,23.04920461,75.53835214,6.498052108,70.65644296,cotton,189,2.4599999508000012,7.687499519531279,3.124999804687512,54.67174773134658,5.337271269272304,0.7458856942290863,16.285748107998344,1,0,0,0,0,0,531.2658331536453,4992.3329317597345,0.0019478919999995625,0,0,0,0,0,3.7942832436622956e-06,799.260409284,324.9026054
107,36,21,25.29250148,75.66653335,6.205263534,62.64174227,cotton,164,2.9722221396604964,5.095237852607721,1.714285632653065,45.93836450433704,4.73988348057506,1.2878490825865563,15.843663590737535,1,0,0,0,0,0,639.7106311158021,3923.9878746211048,0.2947364659999998,0,0,0,0,0,0.08686958439016905,663.963198138,223.389487224
118,50,19,22.95604064,82.33733678,6.360812227,66.48339303,cotton,187,2.359999952800001,6.210525988919684,2.631578808864273,50.63924696649165,5.474065522188215,0.5221155028895328,15.261954722817729,1,0,0,0,0,0,526.9798018653316,4420.041548781453,0.13918777299999974,0,0,0,0,0,0.019373236152699456,750.5758427860001,318.04061135
103,51,20,22.80213132,84.14668447,7.0466074339999984,91.6389565,cotton,174,2.019607803537102,5.149999742500013,2.549999872500006,41.94043395102154,7.711114357765556,0.44423071972455425,20.895635201407675,1,0,0,0,0,0,519.937192734525,8397.698348408894,0.5466074339999984,0,0,0,0,0,0.29877968690406265,725.8005657019999,359.3769791339999
133,57,19,23.54234715,75.98203329,7.947011366,84.12536744,cotton,209,2.3333332923976617,6.999999631578967,2.999999842105271,58.045958802773974,6.392016469359563,0.8507997592396339,19.80508604393787,1,0,0,0,0,0,554.2421093311132,7077.077446915013,1.447011366,0,1,0,0,0,2.0938418933331855,1056.952511678,452.979647862
129,47,20,24.41212325,80.80343786,6.281913857999999,98.60457373,cotton,196,2.744680792666366,6.449999677500016,2.349999882500006,56.76559991168361,7.967588546103843,0.8469759813796375,24.07147006910472,1,0,0,0,0,0,595.9517615731905,9722.861960475006,0.21808614200000065,0,0,0,0,0,0.04756156533244445,810.366887682,295.249951326
116,52,19,22.94276687,75.37170612,6.114525877,67.08022574,cotton,187,2.2307691878698233,6.105262836565114,2.736841961218844,49.31869152089635,5.05595106093854,0.7247532729468776,15.390059807397934,1,0,0,0,0,0,526.3705516511695,4499.756685329359,0.38547412299999984,0,0,0,0,0,0.148590299502619,709.2850017320001,317.955345604
114,40,23,25.53676123,81.13668716,6.7539780610000015,95.4262599,cotton,177,2.8499999287500017,4.956521523629498,1.7391303591682452,48.38388161361178,7.7425705963551525,1.0444165920187323,24.368776141382238,1,0,0,0,0,0,652.1261741180311,9106.17107850235,0.25397806100000153,0,0,0,0,0,0.0645048554693205,769.9534989540002,270.15912244000003
131,60,17,25.32023717,81.79475917,7.4250413160000015,83.46532547,cotton,208,2.1833332969444452,7.705881899654005,3.5294115570934377,57.57024694521757,6.827026195864317,0.968561989525676,21.133618363716415,1,0,0,0,0,0,641.1144103450496,6966.46055581303,0.9250413160000015,0,0,0,0,0,0.8557014363070147,972.6804123960002,445.5024789600001
107,43,18,22.426733,81.53480799,6.745104394,65.54475812,cotton,168,2.4883720351541387,5.944444114197549,2.3888887561728467,45.902069670114,5.344179268065194,0.44810090802003294,14.699547899068218,1,0,0,0,0,0,502.95835305328893,4296.115317009306,0.24510439400000017,0,0,0,0,0,0.06007616395810732,721.7261701580001,290.039488942
123,44,21,25.78544484,75.00539324,7.6411165689999985,91.39578861,cotton,188,2.7954544819214893,5.857142578231305,2.0952379954648572,53.50077881053072,6.855177065172963,1.4460491870747112,23.56681065811455,1,0,0,0,0,0,664.8891655966827,8353.190175643806,1.1411165689999985,0,1,0,0,0,1.3021470240463282,939.8573379869998,336.2091290359999
112,49,25,25.68959532,77.90621048,6.470135478,66.19426787,cotton,186,2.2857142390670564,4.479999820800007,1.959999921600003,44.93328387732194,5.156944565249722,1.2570472145405702,17.005039540839785,1,0,0,0,0,0,659.9553077053658,4381.681098845315,0.02986452199999956,0,0,0,0,0,0.0008918896742884577,724.655173536,317.036638422
119,44,15,22.14593688,82.85975490000001,7.091992365,60.65381719,cotton,178,2.704545393078514,7.93333280444448,2.933333137777791,53.66873702010635,5.025760426112807,0.3678188409232927,13.432356070207991,1,0,0,0,0,0,490.44252029294415,3678.885539717939,0.5919923650000003,0,0,0,0,0,0.3504549602182936,843.9470914350001,312.04766406
130,59,19,25.07278712,82.50257909,6.520403794,93.51042684,cotton,208,2.2033897931628847,6.84210490304711,3.105262994459842,56.21684207898317,7.714851386106758,0.887606914254667,23.44567025659654,1,0,0,0,0,0,628.644653964838,8744.19992779899,0.02040379399999992,0,0,0,0,0,0.0004163148095944327,847.65249322,384.703823846
127,53,24,22.21506982,76.17851932,6.127939627999999,70.40557612,cotton,204,2.3962263698825215,5.291666446180565,2.208333241319448,53.113086899558006,5.363392540693151,0.5276624292198107,15.640647892231248,1,0,0,0,0,0,493.50932710747486,4956.945148789116,0.37206037200000086,0,0,0,0,0,0.13842892041277902,778.2483327559999,324.78080028399995
134,52,18,23.9643129,76.59175937,7.994679507000001,76.13090645,cotton,204,2.576923027366865,7.44444403086422,2.8888887283950706,59.632206063502295,5.831000067438381,0.9279759029581309,18.244248635284283,1,0,0,0,0,0,574.2882927691064,5795.914916898651,1.4946795070000007,0,1,0,0,0,2.2340668286457652,1071.287053938,415.72333436400004
109,36,18,25.40059227,76.53237965,7.524707577,62.51388670000001,cotton,163,3.027777693672842,6.055555219135821,1.999999888888895,48.19059382631981,4.784336510321485,1.2673904905750473,15.878897472796758,1,0,0,0,0,0,645.1900876667838,3907.986030340438,1.024707577,0,1,0,0,0,1.050025618361211,820.193125893,270.889472772
100,48,17,23.7805123,83.03878838,7.827877817999999,66.26555904,cotton,165,2.0833332899305566,5.882352595155729,2.82352924567475,41.94043395102154,5.502611734004956,0.6412206915231295,15.758289418170964,1,0,0,0,0,0,565.5127652504514,4391.124314883726,1.3278778179999993,0,1,0,0,0,1.7632594995364392,782.7877818,375.738135264
132,52,19,24.16402322,76.7433897,6.436691764,61.94626051,cotton,203,2.5384614896449715,6.947368055401681,2.736841961218844,58.10622456616273,4.75396601077665,0.9684106530769121,14.968708773558092,1,0,0,0,0,0,583.9000181766992,3837.339191172786,0.06330823600000013,0,0,0,0,0,0.0040079327454317125,849.6433128479999,334.707971728
102,37,25,25.31468463,77.91757121,5.907930899,72.82902109,cotton,164,2.7567566822498195,4.079999836800006,1.4799999408000024,41.428653530296316,5.6746604369346665,1.1736114488328244,18.436437008049687,1,0,0,0,0,0,640.8332579163582,5304.0663129276645,0.5920691009999999,1,0,0,0,0,0.35054582035894805,602.608951698,218.593443263
111,39,22,22.60361557,80.35090459999998,6.135025006,88.57395505,cotton,172,2.8461537731755446,5.045454316115713,1.772727192148764,47.247574893674,7.116997412267236,0.511586907198554,20.0209162946466,1,0,0,0,0,0,510.92343683634635,7845.34551319942,0.3649749939999998,0,0,0,0,0,0.13320674624529988,680.9877756660001,239.265975234
117,51,15,22.9535715,78.71555832,6.044556594,99.75336197,cotton,183,2.2941176020761254,7.799999480000035,3.3999997733333487,51.73006862551025,7.852141581765605,0.628651203394601,22.896959263437758,1,0,0,0,0,0,526.8664446056122,9950.733224317843,0.45544340599999966,0,0,0,0,0,0.20742869606888054,707.2131214980001,308.272386294
136,36,24,22.74446976,80.41198458,7.59781958,90.07326633,cotton,196,3.7777776728395094,5.666666430555565,1.4999999375000026,61.49254697386776,7.242970103198192,0.5375871597860374,20.486686822271114,1,0,0,0,0,0,517.3109046635545,8113.193307355111,1.0978195800000004,0,1,0,0,0,1.2052078302313771,1033.30346288,273.52150488
134,56,18,23.80834611,83.91902605,6.691268104,70.97358303,cotton,208,2.392857100127552,7.44444403086422,3.1111109382716142,59.13825608972024,5.956033963156408,0.6124191458749382,16.897636294450624,1,0,0,0,0,0,566.8373444935521,5037.249488116304,0.19126810399999972,0,0,0,0,0,0.036583487607754706,896.629925936,374.71101382399996
112,54,15,25.46228792,81.56641891,6.1754923060000015,76.88582484,cotton,181,2.0740740356652956,7.466666168888922,3.599999760000016,48.80915214724933,6.2713013971403235,1.006895273102475,19.576890090427682,1,0,0,0,0,0,648.328106120978,5911.430061327161,0.32450769399999846,0,0,0,0,0,0.10530524346519664,691.6551382720002,333.4765845240001
105,56,15,25.96779712,81.97904282,7.272316208999999,74.14169043,cotton,176,1.8749999665178578,6.999999533333365,3.733333084444461,45.05922029211484,6.078064814508154,1.075454163584473,19.252963752200856,1,0,0,0,0,0,674.3264872654803,5496.990259817953,0.7723162089999986,0,0,0,0,0,0.5964723266841296,763.5932019449998,407.24970770399995
140,45,15,25.5308271,80.04662756,5.801047545,99.39557151,cotton,200,3.1111110419753105,9.333332711111153,2.9999998000000136,65.2559065015063,7.956280293774317,1.1035865302754508,25.37651150727496,1,0,0,0,0,0,651.8231324100944,9879.479635799524,0.6989524549999997,1,0,0,0,0,0.4885345343505266,812.1466563,261.04713952500003
126,46,25,24.43847399,81.69801729,6.757457943,60.79645852,cotton,197,2.7391303752362965,5.039999798400008,1.8399999264000029,53.29477773040556,4.966950119337727,0.8123287422376471,14.85772670225134,1,0,0,0,0,0,597.2390109599064,3696.2093685740806,0.25745794300000036,0,0,0,0,0,0.06628459241379143,851.439700818,310.843065378
106,49,24,23.03887865,76.47039772,6.983395572999999,90.64770699,cotton,179,2.1632652619741783,4.416666482638896,2.0416665815972257,42.02776859807493,6.931866205931324,0.7150360601168336,20.88421521243367,1,0,0,0,0,0,530.7899294494258,8217.006782544895,0.48339557299999925,0,0,0,0,0,0.2336712799959976,740.2399307379999,342.18638307699996
121,53,19,23.51308653,76.72621429,7.976889497999999,80.11272117,cotton,193,2.2830188248487016,6.368420717451541,2.7894735373961295,51.93585787616619,6.146745811844439,0.8176282307990747,18.83697345023973,1,0,0,0,0,0,552.8652381672674,6418.048093262166,1.4768894979999994,0,1,0,0,0,2.18120258930269,965.203629258,422.77514339399994
108,60,17,22.75805656,76.75768356,6.558902588,97.76600619,cotton,185,1.7999999700000007,6.352940802768187,3.5294115570934377,45.52288801617636,7.504292166057022,0.6410362332693783,22.2496429851733,1,0,0,0,0,0,517.929138388159,9558.191966343118,0.05890258799999959,0,0,0,0,0,0.0034695148730976956,708.3614795039999,393.53415528
116,56,17,24.71252544,77.7293114,7.979090365,85.24963302,cotton,189,2.0714285344387764,6.823529010380646,3.2941174532872086,49.86983055916673,6.626395271747303,1.04951186593818,21.06733724757414,1,0,0,0,0,0,610.7089136226472,7267.499930044675,1.4790903650000002,0,1,0,0,0,2.187708307835834,925.57448234,446.82906044000003
100,52,19,23.45969093,82.44777468,7.903528672999999,93.50153555,cotton,171,1.9230768860946754,5.263157617728546,2.736841961218844,40.7308237088326,7.70899353526041,0.6072527474092038,21.935171254834078,1,0,0,0,0,0,550.3570985311243,8742.537150207914,1.4035286729999994,0,1,0,0,0,1.9698927359331393,790.3528673,410.98349099599994
129,43,16,25.5503704,77.85055621,6.73210948,78.58488484,cotton,188,2.9999999302325597,8.06249949609378,2.68749983203126,59.01129835322498,6.117876994492796,1.2293761718847982,20.078729155033447,1,0,0,0,0,0,652.8214275771961,6175.5841253160615,0.2321094800000001,0,0,0,0,0,0.05387481070587044,868.44212292,289.48070764
118,44,23,22.08458267,82.82904143,6.6916904760000016,67.06459777,cotton,185,2.6818181208677703,5.130434559546323,1.9130433950850696,49.90323970779185,5.554896347177616,0.3579428266230997,14.810936536818629,1,0,0,0,0,0,487.7287917080643,4497.66027405189,0.19169047600000155,0,0,0,0,0,0.03674523858910717,789.6194761680002,294.43438094400005
117,43,25,24.68854799,78.51206972,7.839849298,69.31153566,cotton,185,2.720930169280694,4.679999812800007,1.7199999312000027,48.75790534193745,5.441792120138187,1.0074719232355414,17.112011744025065,1,0,0,0,0,0,609.524401854533,4804.088975547452,1.3398492979999999,0,1,0,0,0,1.7951961413510924,917.262367866,337.11351981399997
126,37,21,25.84997269,84.16855231,6.61448588,77.03421249,cotton,184,3.405405313367424,5.999999714285727,1.761904678004539,56.57148869645674,6.483858143624221,0.9261353662966363,19.913322890621572,1,0,0,0,0,0,668.2210880737459,5934.2698939544725,0.11448588000000015,0,0,0,0,0,0.013107016719374434,833.42522088,244.73597756
120,48,16,22.46054478,75.40989245,7.456971816,71.85436078,cotton,184,2.4999999479166677,7.499999531250029,2.9999998125000116,53.26662494783514,5.418529618483298,0.6050506077179107,16.138880879374657,1,0,0,0,0,0,504.4760718143852,5163.0491631024015,0.9569718160000003,0,0,0,0,0,0.9157950566183384,894.83661792,357.934647168
102,45,16,23.65629976,77.52425987,7.2942193,74.8984994,cotton,163,2.2666666162962974,6.374999601562524,2.8124998242187607,43.75309512861157,5.806450731358639,0.8217804324314137,17.7182135338058,1,0,0,0,0,0,559.620518334976,5609.785212371801,0.7942193,0,0,0,0,0,0.6307842964924899,744.0103686,328.2398685
131,56,20,22.00817088,81.83896111,7.762647875,92.23645249,cotton,207,2.339285672512756,6.549999672500016,2.799999860000007,56.630380539071076,7.548535448253473,0.36470469449445553,20.299556077649218,1,0,0,0,0,0,484.35958548328006,8507.563167940029,1.2626478749999999,0,1,0,0,0,1.5942796562420152,1016.906871625,434.708281
114,40,17,24.32630461,80.13456404,6.363406102000001,69.45072055,cotton,171,2.8499999287500017,6.705881958477532,2.352941038062292,50.68530358989675,5.5654032135381195,0.859439271734078,16.894793834832868,1,0,0,0,0,0,591.7690959785073,4823.402584914193,0.13659389799999921,0,0,0,0,0,0.01865789297083419,725.4282956280001,254.53624408000002
101,37,18,22.92360984,82.68738535,7.63737841,92.91915074,cotton,156,2.729729655953253,5.611110799382733,2.055555441358031,43.485629810317796,7.683241623633118,0.5061533054686818,21.300423582279077,1,0,0,0,0,0,525.4918880965449,8633.968574242845,1.1373784100000002,0,1,0,0,0,1.2936296475341285,771.37521941,282.58300117
106,46,20,23.43821725,78.63388824,6.2006719760000015,81.15072105,cotton,172,2.3043477759924396,5.2999997350000125,2.299999885000006,44.10593308539491,6.381196729641116,0.7346133401865987,19.02028229964048,1,0,0,0,0,0,549.3500278581976,6585.439526934913,0.29932802399999847,0,0,0,0,0,0.08959726595174367,657.2712294560001,285.23091089600007
113,38,20,22.10718988,78.58320116,6.364729934,74.94136567,cotton,171,2.97368413227147,5.649999717500013,1.8999999050000047,49.3254498205541,5.889132413650728,0.45129261777643737,16.567430007332035,1,0,0,0,0,0,488.7278443903744,5616.208288484654,0.13527006600000036,0,0,0,0,0,0.018297990755644453,719.2144825419999,241.859737492
102,53,21,23.03814028,76.11021529,6.913678684,91.49697481,cotton,176,1.9245282655749385,4.857142625850351,2.5238094036281233,40.796241656963126,6.963854451172807,0.7258051720797912,21.07920140868406,1,0,0,0,0,0,530.7559075609585,8371.696399381774,0.41367868399999974,0,0,0,0,0,0.17113005359597164,705.195225768,366.424970252
110,39,18,24.54795322,75.39752705,7.766259768999999,63.88079866,cotton,167,2.820512748191981,6.111110771604957,2.166666546296303,48.21134029803915,4.816454244942953,1.1189089607291542,15.681428571619188,1,0,0,0,0,0,602.6020072913084,4080.7564374394583,1.2662597689999986,0,1,0,0,0,1.6034138025879299,854.2885745899998,302.88413099099995
107,58,15,23.73868041,75.77503808,7.55606399,76.63669195,cotton,180,1.844827554399525,7.13333285777781,3.8666664088889062,46.03259714593562,5.807148250836479,0.9056939056329999,18.1925393788067,1,0,0,0,0,0,563.5249476081178,5873.182553039194,1.0560639900000002,0,1,0,0,0,1.1152711509747204,808.49884693,438.25171142
120,60,15,22.31871914,83.86129998,7.288377241,65.35747011,cotton,195,1.9999999666666672,7.9999994666667025,3.9999997333333512,52.67826876426369,5.480962406828593,0.3742111263109237,14.586950190860348,1,0,0,0,0,0,498.1252240502023,4271.598899179543,0.7883772410000001,0,0,0,0,0,0.6215386741267722,874.60526892,437.30263446
89,47,38,25.52468965,72.24850829,6.002524871,151.8869972,jute,174,1.8936169809868728,2.3421052015235473,1.2368420727146823,27.2213151776324,10.973608976347407,1.5331837902229777,38.76868465400419,1,0,0,0,0,0,651.5097817288171,23069.659918432808,0.4974751289999997,0,0,0,0,0,0.24748150397356633,534.224713519,282.118668937
60,37,39,26.59104992,82.94164078,6.033485257000001,161.2469997,jute,136,1.6216215777940115,1.538461499013808,0.9487179243918481,12.741009902410928,13.374090725970168,1.1243249717231225,42.87727018472925,1,0,0,0,0,0,707.083935847932,26000.5949122518,0.4665147429999994,0,0,0,0,0,0.2176360054363555,362.00911542000006,223.23895450900002
63,41,45,25.29781791,86.88705350000002,7.121933578999999,196.6249511,jute,149,1.5365853283759676,1.3999999688888896,0.9111110908641981,11.718930554164631,17.084162645660587,0.694700028205717,49.741822094904535,1,0,0,0,0,0,639.9795910075168,38661.371395077396,0.6219335789999993,0,0,0,0,0,0.38680137668774844,448.681815477,291.999276739
86,40,39,25.72100868,88.16513579,6.207459637,175.60866969999995,jute,165,2.1499999462500017,2.205128148586458,1.0256409993425386,26.851443164195103,15.482562210001754,0.6770736087203139,45.16832117636952,1,0,0,0,0,0,661.5702875166354,30838.40487380368,0.29254036299999964,0,0,0,0,0,0.08557986398417156,533.8415287820001,248.29838548
96,41,40,23.58419277,72.00460848,6.090060478,190.4242157,jute,177,2.341463357525284,2.3999999400000016,1.0249999743750007,32.046840717924134,13.71142109658957,1.0034087987930334,44.91001411144861,1,0,0,0,0,0,556.2141486125204,36261.38192496012,0.40993952200000017,0,0,0,0,0,0.1680504116975886,584.645805888,249.692479598
100,35,36,25.31042337,72.01364411,6.346715209,190.5577618,jute,171,2.857142775510207,2.7777777006172863,0.9722221952160502,37.242448899072144,13.722758840663353,1.486193983593931,48.23097627597613,1,0,0,0,0,0,640.6175311686421,36312.26058222554,0.15328479099999992,0,0,0,0,0,0.023496227151913657,634.6715209,222.135032315
63,37,43,23.41798979,85.08640476,6.661957897000001,185.7446728,jute,143,1.702702656683712,1.4651162449972968,0.8604650962682536,13.613718571108091,15.80434641187456,0.5097451626251263,43.49766851177291,1,0,0,0,0,0,548.4022458045442,34501.083473579056,0.16195789700000063,0,0,0,0,0,0.026230360400662813,419.70334751100006,246.49244218900003
70,43,40,24.35564134,88.80391021,6.176860192,169.11680280000004,jute,153,1.6279069388858853,1.7499999562500013,1.0749999731250008,16.522711641858304,15.01823337085348,0.4876615153567591,41.18948193564309,1,0,0,0,0,0,593.1972650827169,28600.492989294104,0.32313980799999964,0,0,0,0,0,0.10441933551427664,432.38021344000003,265.604988256
67,55,44,26.284017,75.14640198,7.251847296,182.2685447,jute,166,1.2181817960330583,1.5227272381198356,1.2499999715909098,11.50362261782493,13.696825328335796,1.5618043246884636,47.9074952746006,1,0,0,0,0,0,690.8495496562889,33221.8223870559,0.7518472960000002,0,0,0,0,0,0.5652743565025119,485.873768832,398.85160128
74,40,40,25.13842773,83.12053888,6.386259977999999,169.33884650000005,jute,154,1.8499999537500014,1.8499999537500014,0.9999999750000007,19.629909152447276,14.075536174397605,0.8673389108646486,42.569123546218144,1,0,0,0,0,0,631.9405487364329,28675.644933950578,0.11374002200000088,0,0,0,0,0,0.012936792604560685,472.5832383719999,255.45039911999996
89,53,44,24.88692811,71.91711523,7.319735475,150.2498675,jute,186,1.6792452513349954,2.0227272267561993,1.2045454271694223,23.811761799581316,10.805537034289731,1.3723903899240388,37.39257651009525,1,0,0,0,0,0,619.3591907523081,22575.022683767555,0.8197354749999999,0,0,0,0,0,0.6719662489734755,651.4564572749999,387.945980175
74,46,45,25.75734909,88.36668522,6.025028997000001,189.4263485,jute,165,1.6086956172022693,1.6444444079012355,1.0222221995061733,16.46207763315433,16.73897851027352,0.669770542623166,48.791205851584984,1,0,0,0,0,0,663.4410321441239,35882.34150604345,0.4749710029999994,0,0,0,0,0,0.22559745369082543,445.852145778,277.151333862
89,41,38,23.12844351,74.68322732,6.344751947000001,199.83629130000003,jute,168,2.170731654372399,2.3421052015235473,1.0789473400277017,28.61817604250837,14.92441916994364,0.7920209318489131,46.21902374579955,1,0,0,0,0,0,534.9248991952611,39934.54332053847,0.15524805299999933,0,0,0,0,0,0.0241019579602906,564.682923283,260.13482982700003
60,55,40,24.9949957,88.95692783,7.02777956,151.4935635,jute,155,1.0909090710743805,1.4999999625000011,1.374999965625001,10.408329997330664,13.476401994979021,0.5516009800393968,37.865809682601764,1,0,0,0,0,0,624.7498100430186,22950.29978192853,0.5277795599999999,0,0,0,0,0,0.27855126395379354,421.6667736,386.5278758
67,43,38,25.21622704,70.88259632,7.299304715,195.8645552,jute,148,1.5581394986479187,1.7631578483379515,1.1315789175900286,15.50268793897798,13.88338819963796,1.5188298841021148,49.38965093011813,1,0,0,0,0,0,635.8581061328272,38362.92398369385,0.7993047149999999,0,0,0,0,0,0.6388880274212311,489.053415905,313.870102745
70,38,35,24.39736241,79.26861738,7.014063944,164.2697011,jute,143,1.8421052146814418,1.9999999428571447,1.0857142546938785,19.39931270260195,13.021432083622864,0.9116340264051533,40.077474307190755,1,0,0,0,0,0,595.231292564881,26984.534699483338,0.5140639440000001,0,0,0,0,0,0.26426173852083523,490.98447608000004,266.53442987200003
74,49,38,23.31410442,71.4509053,7.4880144039999985,164.49703730000004,jute,161,1.5102040508121624,1.9473683698060957,1.2894736502770092,18.44812546936228,11.75346223425287,0.9461468093226856,38.35101104392836,1,0,0,0,0,0,543.5474649066635,27059.275280477606,0.9880144039999985,0,0,0,0,0,0.9761724625114723,554.1130658959999,366.91270579599995
90,40,39,25.72668885,81.86171563,6.626503893,191.9649389,jute,169,2.2499999437500016,2.307692248520712,1.0256409993425386,29.160475533388226,15.714579239162125,1.0387231085980821,49.38622253189561,1,0,0,0,0,0,661.8625191847143,36850.53776688073,0.12650389299999976,0,0,0,0,0,0.016003234944155387,596.38535037,265.06015572
82,35,44,26.96656378,78.21047693,6.239011,169.8391177,jute,161,2.3428570759183693,1.8636363212809928,0.7954545273760335,24.94660965609021,13.283198396687405,1.5179810220293644,45.799773997959775,1,0,0,0,0,0,727.1955621008079,28845.325901114455,0.26098900000000036,0,0,0,0,0,0.0681152581210002,511.59890199999995,218.36538499999997
73,45,37,23.70467146,74.63745355,6.742688094,181.2783964,jute,155,1.6222221861728403,1.9729729196493806,1.2162161833455087,18.90326250501043,13.530157890923487,0.939599019862393,42.97144829457647,1,0,0,0,0,0,561.9114490265385,32861.85700135553,0.24268809400000002,0,0,0,0,0,0.05889751096935285,492.216230862,303.42096423
85,53,38,24.90075709,73.84186449,6.588017308,153.8990984,jute,176,1.603773554645782,2.236842046398894,1.3947368054016631,24.00694344004112,11.364196369185978,1.281946680618132,38.32204065628408,1,0,0,0,0,0,620.0477036551853,23684.932488332888,0.0880173080000004,0,0,0,0,0,0.007747046507566935,559.9814711800001,349.16491732400004
81,56,36,23.39605743,72.60512854,7.097586415,174.78764109999997,jute,173,1.4464285455994903,2.249999937500002,1.5555555123456803,22.54624876411447,12.690479149268883,0.9303455676562794,40.893416892298276,1,0,0,0,0,0,547.3755032678581,30550.7194813024,0.5975864150000003,0,0,0,0,0,0.3571095233925526,574.9044996150001,397.46483924
84,55,38,26.8748389,79.78725152,6.956682742999999,173.1017097,jute,177,1.5272726995041328,2.21052625761773,1.44736838296399,23.259406699226016,13.811309650375922,1.389593895262199,46.52080561502067,1,0,0,0,0,0,722.2569659009532,29964.20190106307,0.4566827429999991,0,0,0,0,0,0.20855912775400323,584.361350412,382.61755086499994
80,45,42,23.1426498,74.99739774,7.380396262,151.9035477,jute,167,1.777777738271606,1.904761859410432,1.0714285459183681,21.1266025033211,11.392370784973961,0.7857442299186859,35.15450607798695,1,0,0,0,0,0,535.5822397654401,23074.687803846173,0.8803962619999997,0,0,0,0,0,0.775097578143572,590.43170096,332.11783178999997
76,54,45,24.29496635,77.62976013,6.176618831,184.9800516,jute,175,1.4074073813443078,1.6888888513580256,1.199999973333334,15.947831618540913,14.359957034543022,0.960794274830784,44.94084129043264,1,0,0,0,0,0,590.2453899476322,34217.61948993866,0.32338116900000013,0,0,0,0,0,0.10457538046380664,469.423031156,333.537416874
76,56,39,24.39459498,89.89106506,6.551130445,197.1220049,jute,171,1.3571428329081638,1.9487178987508231,1.435897399079554,18.520259177452136,17.71950696722354,0.444246747404706,48.087114711810756,1,0,0,0,0,0,595.0962642382412,38857.08481579563,0.05113044500000008,0,0,0,0,0,0.002614322405898033,497.88591382,366.86330492
81,40,45,25.7629429,80.76238215,6.427726565,174.5071843,jute,166,2.0249999493750015,1.799999960000001,0.888888869135803,22.368132093076824,14.09361590635708,1.1086529320157077,44.95818624760676,1,0,0,0,0,0,663.7292268686604,30452.75737231417,0.07227343499999961,0,0,0,0,0,0.005223449406699168,520.6458517650001,257.1090626
76,44,45,25.4879684,84.48235878,6.740947635,168.7848886,jute,165,1.72727268801653,1.6888888513580256,0.9777777560493832,18.193405398660254,14.25934551534753,0.8516032465789745,43.019839070343195,1,0,0,0,0,0,649.6365331593986,28488.338619714406,0.24094763500000038,0,0,0,0,0,0.05805576281209341,512.31202026,296.60169594
69,47,40,25.37122686,76.2403666,6.130136384,183.8270791,jute,156,1.4680850751471262,1.7249999568750012,1.1749999706250007,15.132745950421556,14.015043901591199,1.2761838110183312,46.639185268572646,1,0,0,0,0,0,643.6991523815855,33792.395010437656,0.36986361599999995,0,0,0,0,0,0.13679909444059543,422.979410496,288.116410048
82,40,45,26.21312799,81.70476368,6.667633355,180.1237765,jute,167,2.0499999487500014,1.8222221817283961,0.888888869135803,22.94195574342635,14.716970592081635,1.136706448634566,47.21607607436654,1,0,0,0,0,0,687.1280790201215,32444.57486062195,0.16763335500000043,0,0,0,0,0,0.02810094170855617,546.74593511,266.70533420000004
69,57,35,24.30748599,78.54340987,6.1868143920000005,186.2337571,jute,161,1.2105262945521704,1.9714285151020425,1.6285713820408179,17.243356208503418,14.627434315535323,0.9242396137814726,45.268744415733124,1,0,0,0,0,0,590.8538751540462,34683.0122835818,0.3131856079999995,0,0,0,0,0,0.09808522505832935,426.890193048,352.64842034400004
81,36,38,23.76554749,87.98329901,6.334837865,150.31661519999997,jute,155,2.249999937500002,2.13157889127424,0.9473683961218844,25.423086620891123,13.225351701312707,0.4524945825097502,35.72356657071655,1,0,0,0,0,0,564.8012474994453,22595.084805184862,0.1651621350000001,0,0,0,0,0,0.027278530837758257,513.121867065,228.05416313999999
67,60,38,24.79853023,78.53037059,7.16214284,162.2847429,jute,165,1.1166666480555558,1.7631578483379515,1.5789473268698073,15.132745950421556,12.744281001039871,1.0302266575078207,40.244231026734276,1,0,0,0,0,0,614.9671015682239,26336.3377781191,0.6621428399999996,0,0,0,0,0,0.43843314056326504,479.86357028,429.72857039999997
72,51,40,23.20683504,74.09956958,7.422318499,199.4766779,jute,163,1.4117646782006927,1.7999999550000012,1.2749999681250008,16.258331197676267,14.781135973638296,0.8305840782193797,46.292223583525136,1,0,0,0,0,0,538.5571925737719,39790.945026020345,0.9223184990000002,0,0,0,0,0,0.8506714135976133,534.4069319280001,378.538243449
65,39,45,23.66805429,70.89000744,6.768001309,184.4633281,jute,149,1.6666666239316252,1.4444444123456799,0.8666666474074078,13.613718571108091,13.076606701416164,1.067770330915761,43.65888063984883,1,0,0,0,0,0,560.1767938743874,34026.71941372826,0.26800130899999974,0,0,0,0,0,0.07182470162571335,439.920085085,263.952051051
78,50,43,25.12417673,85.72530641,6.348441469,159.5718087,jute,171,1.5599999688000008,1.8139534461871292,1.162790670632775,18.520259177452136,13.679342195205404,0.7314605272175813,40.09110322904551,1,0,0,0,0,0,631.2242563602734,25463.16213178939,0.15155853100000005,0,0,0,0,0,0.022969988318877976,495.178434582,317.42207344999997
77,52,41,23.89069041,83.46409075,6.097294061,167.72306319999996,jute,170,1.4807692022929,1.8780487346817383,1.2682926519928621,18.44812546936228,13.998852967792782,0.6433610353960533,40.07019777528063,1,0,0,0,0,0,570.765088266466,28131.02592919118,0.4027059389999996,0,0,0,0,0,0.1621720733058714,469.49164269700003,317.05929117200003
89,52,42,23.09433785,81.45139295,6.14132902,196.6587013,jute,183,1.711538428624261,2.1190475685941057,1.238095208616781,24.758836806279895,16.018125156622975,0.5739565685959183,45.41702488964434,1,0,0,0,0,0,533.3484407299426,38674.64479700262,0.3586709800000003,0,0,0,0,0,0.12864487189416063,546.57828278,319.34910904
62,49,37,24.21744605,82.85284045,7.479248124,166.13658859999995,jute,148,1.2653060966264063,1.6756756303871452,1.324324288531776,12.503332889007368,13.764888268183086,0.7231722031286726,40.23403871351544,1,0,0,0,0,0,586.4846931846606,27601.366071645636,0.9792481239999997,0,0,0,0,0,0.9589268883575188,463.71338368799996,366.483158076
90,48,45,24.06475727,71.31342851,6.509174788999999,153.63902119999997,jute,183,1.874999960937501,1.9999999555555568,1.0666666429629637,25.15949125081825,10.956525354692573,1.1660395001535229,36.97285752378384,1,0,0,0,0,0,579.1125424640179,23604.948835294043,0.00917478899999935,0,0,0,0,0,8.417675319450908e-05,585.8257310099999,312.44038987199997
66,47,36,24.85441411,74.44070479999998,6.57256106,175.572958,jute,149,1.4042552892711642,1.833333282407409,1.3055555192901245,15.17673658377628,13.069774737340795,1.2407540326053539,43.637630046496376,1,0,0,0,0,0,617.7419007513671,30825.863580869765,0.07256105999999996,0,0,0,0,0,0.005265107428323593,433.78902996,308.91036981999997
80,52,39,26.41915161,76.85691248,7.165696848,197.2101782,jute,171,1.5384615088757403,2.051281998685077,1.3333332991453002,20.952326839756964,15.156965406082605,1.4855898751437888,52.10125596900917,1,0,0,0,0,0,697.9715717921656,38891.85438567575,0.6656968479999996,0,0,0,0,0,0.4431522934371346,573.2557478399999,372.61623609599997
89,52,45,24.89326318,77.01222585,7.207457207999999,196.469984,jute,186,1.711538428624261,1.9777777338271616,1.1555555298765439,23.643180835073778,15.130590780553886,1.1248522883835086,48.907790186823895,1,0,0,0,0,0,619.6745517487439,38600.45461296026,0.7074572079999992,0,0,0,0,0,0.5004957011511542,641.463691512,374.78777481599997
77,51,44,23.25583402,82.7015932,7.124333547000001,166.2160846,jute,172,1.5098038919646297,1.7499999602272738,1.1590908827479345,17.3877351409933,13.746335011885986,0.5632074135123935,38.65493674911878,1,0,0,0,0,0,540.8338159657894,27627.786779754355,0.6243335470000009,0,0,0,0,0,0.3897923779096023,548.5736831190001,363.34101089700005
94,37,41,24.7634518,87.06071115,6.4635387070000005,179.1630865,jute,172,2.540540471877285,2.292682870910174,0.9024390023795366,31.817186131607134,15.598065722518964,0.616356787632524,44.3669645688198,1,0,0,0,0,0,613.2285450509231,32099.41156420648,0.03646129299999945,0,0,0,0,0,0.001329425887231809,607.572638458,239.150932159
75,41,35,24.97042599,78.62697699,6.856833064,166.6415254,jute,151,1.8292682480666282,2.142857081632655,1.1714285379591847,21.571586249817916,13.102519383204303,1.06233029053772,41.61109876861405,1,0,0,0,0,0,623.5221741220674,27769.397987638848,0.3568330639999999,0,0,0,0,0,0.12732983556362804,514.2624797999999,281.130155624
60,55,36,26.12797248,80.49172597,7.132389299,150.6326874,jute,151,1.0909090710743805,1.6666666203703717,1.5277777353395074,12.662279942148386,12.124684996325474,1.1954616638813866,39.35726710975643,1,0,0,0,0,0,682.6709459156374,22690.206513346122,0.6323892989999997,0,0,0,0,0,0.39991622548971106,427.94335794,392.281411445
62,56,35,25.97825807,81.65769588,6.235357637999999,163.3488091,jute,153,1.1071428373724495,1.771428520816328,1.5999999542857157,14.177446878757825,13.338687375847979,1.0965502762778419,42.43517518226965,1,0,0,0,0,0,674.8698923515201,26682.833434388245,0.2646423620000009,0,0,0,0,0,0.07003557976493953,386.5921735559999,349.18002772799997
84,40,42,26.2830571,73.35763537,6.704273839,186.6898282,jute,166,2.0999999475000015,1.9999999523809537,0.952380929705216,24.846193538112296,13.695124344383542,1.6739549824931041,49.067794145697896,1,0,0,0,0,0,690.7990905218604,34853.091953345516,0.20427383899999985,0,0,0,0,0,0.041727801299797855,563.159002476,268.17095356
100,56,40,26.38905406,83.31240346,7.433313409,176.1516409,jute,196,1.7857142538265314,2.499999937500002,1.399999965000001,31.069813860616115,14.675616576801836,1.0661795642552894,46.48475174467807,1,0,0,0,0,0,696.3821741816024,31029.40059176255,0.9333134090000001,0,0,0,0,0,0.8710739194192015,743.3313409,416.265550904
75,56,44,25.2746335,73.7459581,6.109478059,168.0432282,jute,175,1.3392856903698984,1.704545415805786,1.2727272438016537,15.631165450257807,12.392508865825937,1.3848044891614366,42.47231004911864,1,0,0,0,0,0,638.8070985593223,28238.52654387727,0.39052194100000026,0,0,0,0,0,0.15250738640240769,458.210854425,342.130771304
78,46,42,23.09499564,78.45959697,7.095413294,155.3851533,jute,166,1.6956521370510407,1.8571428129251712,1.0952380691609984,19.731531449264992,12.191456503039667,0.6666745346169277,35.886194379842316,1,0,0,0,0,0,533.378823611619,24144.545866064505,0.5954132940000001,0,0,0,0,0,0.35451699067193054,553.442236932,326.389011524
82,48,36,25.79351957,81.76904006,6.352076782999999,193.2418382,jute,166,1.7083332977430563,2.2777777145061746,1.3333332962962974,23.86070689089771,15.801199609043836,1.0562142319227608,49.843871353544735,1,0,0,0,0,0,665.305651807973,37342.40803091497,0.14792321700000066,0,0,0,0,0,0.021881278127629286,520.8702962059999,304.89968558399994
100,58,41,23.17403323,87.88255345,6.6587699910000016,160.6217342,jute,199,1.7241379013079674,2.439024330755504,1.4146341118381924,30.369941279714936,14.115848141063193,0.3846117801244883,37.22253405811027,1,0,0,0,0,0,537.0358161451442,25799.341497415448,0.15876999100000155,0,0,0,0,0,0.025207910042140576,665.8769991000001,386.2086594780001
88,50,40,25.63215038,79.95150917,7.0518224720000005,182.2582277,jute,178,1.7599999648000009,2.1999999450000014,1.249999968750001,25.32455988429677,14.571820363264496,1.1291611524661103,46.716703003986815,1,0,0,0,0,0,657.0071331029341,33218.061564345044,0.5518224720000005,0,0,0,0,0,0.3045080406041913,620.560377536,352.5911236
67,41,40,25.84879500000001,87.81661683,7.333143205,152.6194403,jute,148,1.634146301606188,1.6749999581250012,1.0249999743750007,15.30795000427338,13.402522909634161,0.7125811056778026,39.4502862532944,1,0,0,0,0,0,668.1602029520255,23292.693557485265,0.8331432049999998,0,0,0,0,0,0.6941276000376717,491.320594735,300.658871405
72,42,43,26.56767277,80.90424543,6.352771037,181.2915605,jute,157,1.7142856734693888,1.6744185657111963,0.9767441633315311,17.03917055884274,14.667256905079693,1.2541466731199207,48.164948553266576,1,0,0,0,0,0,705.8412364137996,32866.62990852516,0.14722896299999988,0,0,0,0,0,0.021676367546055335,457.399514664,266.816383554
89,40,43,26.24532085,72.97198375,7.124050134,189.9711184,jute,172,2.2249999443750017,2.0697673937263397,0.9302325365062202,27.465129406819358,13.862569364854128,1.6879863342026373,49.858529546413386,1,0,0,0,0,0,688.8168665194447,36089.02582614682,0.624050134,0,0,0,0,0,0.3894385697454179,634.040461926,284.96200536
89,57,43,26.91515043,73.19897535,6.998787171,177.22330480000005,jute,189,1.5614034813788864,2.0697673937263397,1.3255813645213637,23.57965224510319,12.972564319500739,1.8533311713288814,47.69991908393743,1,0,0,0,0,0,724.4253226695292,31408.09976423372,0.49878717100000003,0,0,0,0,0,0.24878864195418326,622.892058219,398.930868747
61,41,44,24.36972377,82.11319791,6.537914957999999,159.92109340000005,jute,146,1.4878048417608576,1.3863636048553727,0.9318181606404964,10.785793124908958,13.1316323923378,0.7816038426195869,38.97232871154372,1,0,0,0,0,0,593.883436626103,25574.756114251537,0.03791495799999911,0,0,0,0,0,0.0014375440401416966,398.8128124379999,268.05451327799994
79,45,43,25.71901283,79.15532398,7.171054239,187.1735424,jute,167,1.7555555165432108,1.8372092595997849,1.0465116035694977,20.231987873991358,14.815782389156267,1.1921096959557331,48.13918738422149,1,0,0,0,0,0,661.4676209497046,35033.934974564596,0.671054239,0,0,0,0,0,0.4503137916798692,566.513284881,322.697440755
84,40,43,25.01157559,88.33130229999998,7.228268227999999,169.4168014,jute,167,2.0999999475000015,1.9534883266630623,0.9302325365062202,24.583192089989726,14.964806699162459,0.5847856056040925,42.373811344321176,1,0,0,0,0,0,625.5789134942838,28702.05259660704,0.7282682279999992,0,0,0,0,0,0.5303746119142588,607.174531152,289.13072911999996
98,43,35,25.40785911,76.44048625,7.319952206,188.6372826,jute,176,2.279069714440239,2.7999999200000025,1.228571393469389,34.29771615331454,14.419525606822665,1.2740653106010773,47.928694991940546,1,0,0,0,0,0,645.55930455361,35584.02438671226,0.819952206,0,0,0,0,0,0.6723216201242663,717.355316188,314.757944858
75,36,44,23.28081,74.27607475,6.613341342999999,153.7447398,jute,155,2.0833332754629645,1.704545415805786,0.8181817995867773,20.5993527406405,11.419555785804102,0.8439531119945245,35.79302075783238,1,0,0,0,0,0,541.9961142561,23637.445016169702,0.1133413429999992,0,0,0,0,0,0.012846260033043469,496.0006007249999,238.08028834799998
89,58,35,23.98651719,82.09053379,6.096838784,167.0576456,jute,182,1.5344827321640908,2.542857070204084,1.6571428097959198,27.098585448936873,13.713851301004645,0.7139639490988918,40.07131087905328,1,0,0,0,0,0,575.3530069061655,27908.2569534152,0.403161216,0,0,0,0,0,0.16253896608659865,542.618651776,353.616649472
91,41,37,24.48556447,83.20630007,6.132570522999999,192.2316221,jute,169,2.2195121409875087,2.459459392987584,1.1081080781592412,30.088757590391353,15.994882031395443,0.753292237258495,47.068997761022274,1,0,0,0,0,0,599.5428674145264,36952.99653519721,0.36742947700000084,0,0,0,0,0,0.13500442056849415,558.0639175929999,251.43539144299996
77,48,36,25.86705009,84.09985284,7.36008498,154.83908469999997,jute,161,1.6041666332465285,2.1388888294753103,1.3333332962962974,21.07921567168317,13.021944237150292,0.9328695982609125,40.05230359824652,1,0,0,0,0,0,669.104280358569,23975.142150733765,0.8600849799999999,0,0,0,0,0,0.7397461728216002,566.72654346,353.28407904
66,58,35,23.5643831,79.46283115,7.321619041,185.25947,jute,159,1.1379310148632584,1.8857142318367364,1.6571428097959198,16.09347693943108,14.721241983548492,0.7320233757078646,43.65525123982957,1,0,0,0,0,0,555.2801508835656,34321.0712246809,0.8216190409999999,0,0,0,0,0,0.6750578485337596,483.226856706,424.653904378
62,59,41,24.2248758,74.89465426,7.175170657000001,192.4931257,jute,162,1.0508474398161451,1.5121950850684127,1.4390243551457476,11.357816691600547,14.41670609672822,1.060669676675591,46.631220624362875,1,0,0,0,0,0,586.8446075254257,37053.603441756,0.6751706570000007,0,0,0,0,0,0.4558554160738126,444.86058073400005,423.33506876300004
82,35,35,25.49386782,86.97061481,7.299076163,176.5268267,jute,152,2.3428570759183693,2.3428570759183693,0.9999999714285723,27.135462651912412,15.352646648557322,0.7158172000972556,45.003515865738464,1,0,0,0,0,0,649.9372964236314,31161.72054477183,0.7990761629999996,0,0,0,0,0,0.638522714274802,598.524245366,255.46766570499997
61,41,35,24.97178693,79.47557931,6.842966478999998,195.7571622,jute,137,1.4878048417608576,1.742857093061226,1.1714285379591847,13.613718571108091,15.557913869926635,1.0204304653236358,48.884061444798505,1,0,0,0,0,0,623.5901424773189,38320.866552597116,0.34296647899999844,0,0,0,0,0,0.11762600571765637,417.4209552189999,280.56162563899994
99,57,38,24.80624984,82.09281674,6.356295567999999,156.3616174,jute,194,1.7368420747922444,2.6052630893351822,1.499999960526317,31.214312956291913,12.836165602388196,0.8606639667822565,38.787453466108914,1,0,0,0,0,0,615.3500311245,24448.955395943984,0.14370443200000071,0,0,0,0,0,0.020650963776442828,629.273261232,362.30884737599996
70,42,43,23.16814977,76.66724969,6.508342839,157.1215052,jute,155,1.666666626984128,1.6279069388858853,0.9767441633315311,15.88500340992514,12.046073670837036,0.739216475280939,36.40214564561434,1,0,0,0,0,0,536.763163765151,24687.167396313627,0.00834283899999999,0,0,0,0,0,6.960296257992084e-05,455.58399873,273.350399238
90,59,35,24.25133493,89.86454053,7.098227926,175.1742112,jute,184,1.5254237029589204,2.571428497959186,1.685714237551022,27.574142476844738,15.74195000219318,0.43089232876410277,42.48208466909757,1,0,0,0,0,0,588.127245887038,30686.004269542205,0.5982279259999999,0,0,0,0,0,0.3578766514462613,638.84051334,418.79544763399997
73,43,42,26.58361011,78.00774772,6.310699968,154.8238864,jute,158,1.6976743791238518,1.7380951967120193,1.0238094994331073,17.61628034896508,12.077462671321138,1.4478841445227855,41.15777831772532,1,0,0,0,0,0,706.6883264804941,23970.4358000001,0.18930003200000023,0,0,0,0,0,0.03583450211520111,460.681097664,271.360098624
67,46,44,26.82489244,78.20392774,7.093328631,153.91998069999997,jute,157,1.4565217074669194,1.5227272381198356,1.0454545216942155,12.741009902410928,12.037147048404991,1.487558487889677,41.288869266443754,1,0,0,0,0,0,719.5748544175691,23691.360458688363,0.5933286310000003,0,0,0,0,0,0.35203886436433457,475.253018277,326.293117026
84,37,42,25.49674786,81.13449097,6.691074249,169.92882340000003,jute,163,2.270270208911616,1.9999999523809537,0.8809523599773248,25.81343319539912,13.787088587690027,1.0369894638846315,43.32632364376269,1,0,0,0,0,0,650.0841514364146,28875.805022108398,0.1910742489999997,0,0,0,0,0,0.036509368630913884,562.050236916,247.569747213
72,41,36,24.09874353,80.57226761,6.187746776,176.8604109,jute,149,1.756097518143963,1.999999944444446,1.1388888572530873,19.5021366350801,14.250044356649362,0.7962929243608394,42.62113682889517,1,0,0,0,0,0,580.7494397247169,31279.60494371684,0.312253224,0,0,0,0,0,0.09750207589839417,445.517767872,253.697617816
71,56,37,23.18866654,86.20899734,6.491506245,176.103677,jute,164,1.2678571202168372,1.918918867056247,1.5135134726077442,17.03917055884274,15.181721422057219,0.43974908734993007,40.836094424208675,1,0,0,0,0,0,537.7142559033156,31012.50505292033,0.008493754999999936,0,0,0,0,0,7.214387400002391e-05,460.896943395,363.52434972000003
64,53,38,26.24347471,78.51063754,6.855362875,183.4065252,jute,155,1.2075471470274124,1.6842104819944612,1.3947368054016631,13.051181300301261,14.399363222448077,1.3416829105303338,48.13224505735178,1,0,0,0,0,0,688.7199648544097,33637.95348593824,0.35536287499999997,0,0,0,0,0,0.1262827729282656,438.743224,363.334232375
65,54,39,23.75091572,71.14782585,7.124571593,160.0889553,jute,158,1.2037036814128947,1.6666666239316252,1.3846153491124271,13.051181300301261,11.389981112192835,1.0822207357541258,38.02259285033147,1,0,0,0,0,0,564.1059975385431,25628.473609045403,0.6245715929999998,0,0,0,0,0,0.39008967478255735,463.09715354499997,384.72686602199997
60,58,37,26.13871511,79.1188943,6.067302109,171.4892533,jute,155,1.0344827407847803,1.6216215777940115,1.5675675252008778,12.741009902410928,13.568040105428626,1.2818315907409714,44.82508736435327,1,0,0,0,0,0,683.2324276017423,29408.56399739156,0.4326978910000001,0,0,0,0,0,0.187227464875848,364.03812654,351.903522322
86,39,43,26.14576648,71.23690851,6.432051512,193.1007598,jute,168,2.205128148586458,1.9999999534883732,0.9069767230935646,26.057628441590765,13.755901159084088,1.7677124354041518,50.48767372841371,1,0,0,0,0,0,683.6011048266915,37287.90343533729,0.06794848799999986,0,0,0,0,0,0.004616997021486126,553.156430032,250.850008968
90,50,44,26.91643698,73.48655995,6.253408852000001,171.4716375,jute,184,1.7999999640000008,2.045454498966943,1.1363636105371908,25.006665778014735,12.600860768868419,1.8337853722883306,46.15405524626155,1,0,0,0,0,0,724.4945796983116,29402.522466931412,0.24659114799999937,0,0,0,0,0,0.0608071942719576,562.80679668,312.67044260000006
91,38,36,26.5232969,77.17331847,7.287318722999999,157.8548562,jute,165,2.3947367790858745,2.5277777075617305,1.0555555262345688,31.192947920964443,12.182183089558654,1.4890522086193625,41.86831218099405,1,0,0,0,0,0,703.4852784455495,24918.155625922678,0.7873187229999994,0,0,0,0,0,0.6198707715863497,663.146003793,276.918111474
87,48,38,23.81579631,80.94023552,7.161865733,190.312216,jute,173,1.8124999622395843,2.2894736239612206,1.2631578614958459,25.890796305508513,15.403915585373113,0.7272817897225307,45.324369715607226,1,0,0,0,0,0,567.1921538794096,36218.73955883066,0.661865733,0,0,0,0,0,0.4380662485196272,623.082318771,343.769555184
72,41,36,26.50838667,86.84264005,6.065898282999999,152.9801697,jute,149,1.756097518143963,1.999999944444446,1.1388888572530873,19.5021366350801,13.285201812045017,0.8563318611097186,40.55257491249818,1,0,0,0,0,0,702.6945638462337,23402.9323214408,0.4341017170000008,0,0,0,0,0,0.18844430070234877,436.7446763759999,248.70182960299996
71,54,35,26.63952463,70.95705996,7.311077075,199.3355744,jute,160,1.314814790466393,2.0285713706122466,1.5428570987755115,18.0092568789868,14.14426630486184,1.9283131572319323,53.10204943863998,1,0,0,0,0,0,709.6642725123767,39734.67122137794,0.811077075,0,0,0,0,0,0.6578460215905557,519.086472325,394.79816205
82,46,41,23.325013100000003,79.79609448,6.581693772,187.3096148,jute,169,1.7826086568998118,1.9999999512195135,1.121951192147532,22.368132093076824,14.946575719593204,0.671782505251624,43.68999218965954,1,0,0,0,0,0,544.0562361151717,35084.891796524375,0.08169377200000039,0,0,0,0,0,0.006673872383588047,539.698889304,302.757913512
71,52,43,26.47549543,73.96164569,6.732826127,180.2513601,jute,166,1.3653845891272196,1.6511627522985408,1.2093022974580863,14.29452109492771,13.331687230856803,1.686112443391258,47.72244060578834,1,0,0,0,0,0,700.9518582639508,32490.552817899872,0.23282612700000005,0,0,0,0,0,0.054208005413820155,478.030655017,350.106958604
80,43,43,23.78756036,74.36794079,6.014572075,172.64426540000005,jute,166,1.8604650730124404,1.8604650730124404,0.9999999767441866,21.361959960016154,12.83919850700025,0.970829714089689,41.06785884010361,1,0,0,0,0,0,565.8480278806434,29806.042375505654,0.48542792499999976,0,0,0,0,0,0.2356402703698054,481.165766,258.626599225
77,55,43,25.49941707,75.99987588,6.663559451,193.71418280000003,jute,175,1.399999974545455,1.7906976327744737,1.2790697376960527,17.243356208503418,14.722253848995635,1.319866922676467,49.395987395914204,1,0,0,0,0,0,650.2202709098074,37525.184617871826,0.16355945100000024,0,0,0,0,0,0.02675169401142148,513.094077727,366.495769805
95,57,41,23.24925555,73.65346838,6.434610995,184.7674863,jute,193,1.6666666374269012,2.317073114217729,1.3902438685306375,27.73685875028629,13.608766209849135,0.8560661408953549,42.95706506319824,1,0,0,0,0,0,540.5278836292058,34139.023993620685,0.06538900500000011,0,0,0,0,0,0.00427572197489004,611.288044525,366.772826715
63,47,35,26.98582182,89.05587886,7.432768147000001,193.8778713,jute,145,1.3404255033952022,1.7999999485714302,1.342857104489797,14.047538337136984,17.265964220127472,0.7645368026053525,52.31953689742692,1,0,0,0,0,0,728.2345793007883,37588.62897981937,0.9327681470000009,0,0,0,0,0,0.8700564160578153,468.26439326100007,349.34010290900005
93,43,38,23.61475336,86.14290267,6.987332927000001,150.2355238,jute,174,2.162790647376962,2.447368356648201,1.1315789175900286,30.4138126514911,12.941724104279869,0.5008998913346455,35.477748404474106,1,0,0,0,0,0,557.6565762536313,22570.71261146037,0.48733292700000064,0,0,0,0,0,0.23749338173838794,649.821962211,300.45531586100003
87,44,43,23.87484465,86.79261344,6.718725189,177.5147313,jute,174,1.977272682334712,2.0232557669010287,1.0232557901568422,25.11971337416094,15.406967453626368,0.5117657115249792,42.38136632873992,1,0,0,0,0,0,570.0082070616336,31511.479828511197,0.2187251889999997,0,0,0,0,0,0.047840708303085594,584.529091443,295.623908316
88,52,39,23.92887902,88.07112278,6.880204617,154.6608736,jute,179,1.6923076597633142,2.256410198553585,1.3333332991453002,25.383721817994566,13.621156788087662,0.46867115441813945,37.00861333501912,1,0,0,0,0,0,572.5912511537962,23919.985822715178,0.3802046170000004,0,0,0,0,0,0.144555550788117,605.458006296,357.77064008400004
90,39,37,24.81441246,81.68688879,6.86106911,190.7886386,jute,166,2.307692248520712,2.4324323666910175,1.0540540255661075,30.038863715748857,15.584930303713701,0.8816687079078969,47.34307970902277,1,0,0,0,0,0,615.7550657350032,36400.304618841416,0.36106910999999986,0,0,0,0,0,0.130370902196192,617.4962199,267.58169528999997
90,39,43,24.44743944,82.286484,6.7693455,190.9684885,jute,172,2.307692248520712,2.0930232071389954,0.9069767230935646,28.36077102854105,15.714125473459434,0.7877978967947104,46.68690557552087,1,0,0,0,0,0,597.6772951724676,36468.96359997463,0.2693455,0,0,0,0,0,0.07254699837025001,609.241095,264.0044745
84,38,43,26.57421679,73.81994896,7.26158085,159.3223075,jute,165,2.21052625761773,1.9534883266630623,0.8837209096809091,25.238858928247925,11.761164607839426,1.7211333111022495,42.33865538988043,1,0,0,0,0,0,706.188998001918,25383.597667124555,0.7615808499999996,0,0,0,0,0,0.580005391086722,609.9727914,275.9400723
91,21,26,26.33377983,57.36469955,7.261313694,191.6549412,coffee,138,4.333333126984137,3.4999998653846203,0.8076922766272201,39.05124837953327,10.994228119210915,2.7004260603619996,50.469990248923956,1,0,0,0,0,0,693.4679601349148,36731.61648637545,0.761313694,0,0,0,0,0,0.5795985406719257,660.7795461540001,152.487587574
107,21,26,26.45288458,55.32222678,7.235070264,144.68613359999995,coffee,154,5.095237852607721,4.115384457100598,0.8076922766272201,48.27352621606727,8.004359094940575,2.883005138800749,38.273655924472585,1,0,0,0,0,0,699.7551026028017,20934.077256117034,0.735070264,0,0,0,0,0,0.5403282930170297,774.152518248,151.936475544
83,38,35,25.70822684,52.88667115,7.18915558,136.73250919999998,coffee,156,2.1842104688365667,2.3714285036734717,1.0857142546938785,26.888659319497503,7.231327249574749,2.6893356826331627,35.15150362915986,1,0,0,0,0,0,660.9129272568963,18695.77907212808,0.6891555800000004,0,0,0,0,0,0.474935413445137,596.69991314,273.18791204
108,24,31,24.12832546,56.18107663,6.431899747999999,147.27578180000003,coffee,163,4.499999812500008,3.4838708553590045,0.7741935234131121,46.60829682935575,8.274111983048961,1.8089877697815995,35.53517995646345,1,0,0,0,0,0,582.1760895036841,21690.15590480122,0.0681002520000007,0,0,0,0,0,0.004637644322463598,694.6451727839999,154.36559395199998
116,28,34,23.44372334,60.39523266,6.42321105,122.2103248,coffee,178,4.142856994897964,3.4117646055363355,0.8235293875432533,49.16638417997945,7.380920999750168,1.3638786166402768,28.650650439027405,1,0,0,0,0,0,549.6081640424607,14935.363487721494,0.07678895000000008,0,0,0,0,0,0.005896542842102512,745.0924818,179.8499094
116,23,25,23.4123707,52.26994674,6.869720196,139.3670753,coffee,164,5.043478041587911,4.639999814400007,0.9199999632000014,53.12563725107995,7.284709603240571,1.6287263525386348,32.629136302984136,1,0,0,0,0,0,548.1391017942185,19423.18167767587,0.3697201960000003,0,0,0,0,0,0.13669302333027863,796.887542736,158.003564508
109,31,27,23.05951896,50.40609436,6.973839707000001,164.4971875,coffee,167,3.516128918834551,4.037036887517152,1.1481481056241443,46.23130252689549,8.291660755079613,1.5173349460603085,37.932260140229246,1,0,0,0,0,0,531.7414146665994,27059.324695410156,0.47383970700000067,0,0,0,0,0,0.22452406792984647,760.1485280630001,216.18903091700003
89,25,34,23.07895447,63.65861483,7.184801627000001,129.8765443,coffee,148,3.5599998576000056,2.6176469818339125,0.7352940960207619,34.64582706955245,8.267760909045132,1.118934703151632,29.97414852620638,1,0,0,0,0,0,532.6381394283329,16867.916759309865,0.6848016270000006,0,0,0,0,0,0.4689532683418479,639.4473448030001,179.620040675
118,18,32,27.6496114,51.11044023,6.351823783,122.8392822,coffee,168,6.555555191358045,3.687499884765629,0.5624999824218756,54.147945482723536,6.278369790779203,3.7398613375757344,33.96458417484937,1,0,0,0,0,0,764.50101057101,15089.489251411236,0.1481762169999996,0,0,0,0,0,0.021956191284430975,749.5152063940001,114.332828094
111,32,34,25.46743689,69.35161206,6.392048018,171.37644619999998,coffee,177,3.468749891601566,3.264705786332183,0.9411764429065753,45.044422518220834,11.885232813083858,1.675681268421871,43.645188280309796,1,0,0,0,0,0,648.5903417461328,29369.886312141487,0.10795198200000033,0,0,0,0,0,0.011653630417728397,709.5173299979999,204.545536576
84,36,28,26.7350622,55.55164819,6.119892347,140.63052130000003,coffee,148,2.3333332685185204,2.9999998928571467,1.28571423979592,30.28751117760146,7.812257244033904,2.9936241412783264,37.59765734173926,1,0,0,0,0,0,714.7635508378689,19776.943521109763,0.3801076529999996,0,0,0,0,0,0.1444818278691681,514.070957148,220.31612449200003
85,33,25,26.20811417,52.50987966,6.910823945,189.0944824,coffee,143,2.5757574977043185,3.399999864000005,1.3199999472000021,32.578111260988315,9.929328515193989,2.9482408901775927,49.55809783656255,1,0,0,0,0,0,686.8652483477549,35756.72327412391,0.41082394499999975,0,0,0,0,0,0.1687763137853628,587.420035325,228.057190185
99,15,27,27.0424167,57.27927475,6.501157208,165.6872119,coffee,141,6.59999956000003,3.6666665308642026,0.5555555349794246,45.43126676640219,9.490443332981569,3.0085714893671174,44.80582626060998,1,0,0,0,0,0,731.2923009764389,27452.2521871955,0.0011572080000004092,0,0,0,0,0,1.3391303552649472e-06,643.6145635920001,97.51735812000001
81,30,31,24.65090184,51.93952357,7.027585558999999,135.1386537,coffee,142,2.699999910000003,2.6129031415192534,0.9677419042663902,29.160475533388226,7.0190372890692165,2.235245582595636,33.312896871484526,1,0,0,0,0,0,607.6669615253154,18262.45572384852,0.5275855589999994,0,0,0,0,0,0.27834652206534183,569.234430279,210.82756676999998
95,39,29,27.35152643,55.99375012,7.13411409,148.98125249999995,coffee,163,2.435897373438529,3.27586195600476,1.344827539833533,35.5715241918776,8.342019025049623,3.2351310907800435,40.74864665328252,1,0,0,0,0,0,748.1059980509885,22195.41359646874,0.6341140899999997,0,0,0,0,0,0.40210067913652775,677.7408385499999,278.23044950999997
81,34,30,25.17787724,62.26244581,6.6477659970000005,135.0119649,coffee,145,2.3823528711072686,2.699999910000003,1.1333332955555568,28.36077102854105,8.406175148287874,1.9540042293366764,33.99314678183389,1,0,0,0,0,0,633.92550231251,18228.230666158834,0.14776599700000048,0,0,0,0,0,0.021834789869404153,538.469045757,226.024043898
80,15,28,23.11438731,68.00096043,6.703270635,161.8944624,coffee,123,5.333332977777801,2.8571427551020445,0.5357142665816333,34.39476704383968,11.008978931498525,0.9965740276899588,37.42091307257833,1,0,0,0,0,0,534.2749007166891,26209.816955785016,0.20327063499999998,0,0,0,0,0,0.041318951053303216,536.2616508,100.549059525
104,20,26,27.22783677,52.95261751,7.493191968,175.7260273,coffee,150,5.199999740000012,3.9999998461538517,0.7692307396449716,46.861498055439924,9.305153110168717,3.4005080109347614,47.84639587564964,1,0,0,0,0,0,741.355095173764,30879.636670640346,0.9931919679999996,0,0,0,0,0,0.9864302852997123,779.291964672,149.86383936
109,29,28,23.26316991,60.51600210000001,6.724688502999999,194.1755471,coffee,166,3.7586205600475666,3.8928570038265353,1.035714248724491,46.47938611183815,11.750727816072251,1.2884299387378308,45.17138744554507,1,0,0,0,0,0,541.1750742615293,37704.143091584316,0.22468850299999943,0,0,0,0,0,0.050484923380380756,732.991046827,195.01596658699998
100,32,26,25.234661,57.53161469,6.043485685,124.2261737,coffee,158,3.1249999023437534,3.8461536982248576,1.2307691834319545,41.10150037812894,7.146932359721411,2.2230760031522987,31.348053806466154,1,0,0,0,0,0,636.7881157849209,15432.142232142573,0.4565143149999997,0,0,0,0,0,0.20840531979991897,604.3485685,193.39154192
100,24,28,25.59535262,57.72920846,7.101661011,195.7733251,coffee,152,4.166666493055563,3.5714284438775556,0.8571428265306134,42.770706486254504,11.30183909560525,2.365199841928128,50.10887289524397,1,0,0,0,0,0,655.1220757421409,38327.19482071029,0.601661011,0,0,0,0,0,0.36199597215754215,710.1661011,170.439864264
83,21,28,25.5674832,60.49244602,7.466900682999999,190.2257843,coffee,132,3.9523807641723443,2.964285608418371,0.7499999732142867,33.95585369269929,11.507222988379914,2.199576430567432,48.63594544297073,1,0,0,0,0,0,653.6961971822823,36185.84901255012,0.9669006829999987,0,0,0,0,0,0.9348969307858639,619.7527566889999,156.80491434299998
120,23,28,25.67324193,51.29043632,6.877799264,196.2736367,coffee,171,5.217391077504735,4.285714132653067,0.8214285420918378,54.616847217685496,10.066960464456164,2.763411390613811,50.389805594800265,1,0,0,0,0,0,659.1153511963101,38523.34046344359,0.3777992640000001,0,0,0,0,0,0.14273228387894177,825.33591168,158.189383072
104,26,30,24.40726724,62.65692638,6.410992833,148.6977358,coffee,160,3.9999998461538517,3.466666551111115,0.8666666377777787,43.924177093411025,9.31694308489329,1.6458090500633418,36.29305375653515,1,0,0,0,0,0,595.7146941247772,22111.0166320466,0.08900716700000011,0,0,0,0,0,0.007922275777365909,666.743254632,166.685813658
108,33,31,23.69287069,66.76090123,7.393825704,144.6576424,coffee,172,3.2727271735537222,3.4838708553590045,1.0645160946930292,43.890014050274964,9.65747457643106,1.2274769360974802,34.273548157034604,1,0,0,0,0,0,561.352121533061,20925.833504726274,0.8938257040000002,0,0,0,0,0,0.7989243891310959,798.533176032,243.996248232
91,25,26,24.53460016,66.99765375,7.482414225,180.5059257,coffee,142,3.639999854400006,3.4999998653846203,0.9615384245562144,37.81974792794544,12.093473509871826,1.496524445856254,44.286407135601685,1,0,0,0,0,0,601.946605011072,32582.389212813923,0.9824142250000003,0,0,0,0,0,0.9651377094823512,680.899694475,187.060355625
86,26,27,27.13140403,52.89368299,6.081172981,192.4280381,coffee,139,3.3076921804733774,3.1851850672153676,0.9629629272976693,34.35597958628648,10.178227645649043,3.3593417896357147,52.20842848391334,1,0,0,0,0,0,736.1130846391002,37028.549847015056,0.4188270190000001,0,0,0,0,0,0.17541607184442642,522.980876366,158.110497506
98,18,27,27.56088634,68.49299897,6.516312148,167.43580749999995,coffee,143,5.444444141975326,3.6296294951989077,0.6666666419753096,43.82160806421112,11.468180590638616,2.382208537020929,46.14679259753618,1,0,0,0,0,0,759.6024558463986,28034.74963317704,0.016312147999999915,0,0,0,0,0,0.00026608617237390124,638.598590504,117.293618664
111,27,31,23.59302313,55.27564977,6.0433309510000015,191.3980675,coffee,169,4.111110958847742,3.5806450457856434,0.8709677138397511,47.384948383778294,10.57965254578482,1.6069562485061075,45.156590335648005,1,0,0,0,0,0,556.6307404127149,36633.220242734555,0.4566690489999985,0,0,0,0,0,0.20854662031456303,670.8097355610001,163.16993567700004
84,39,35,23.17714381,52.13864034,6.959404135,117.3113562,coffee,158,2.153846098619331,2.3999999314285736,1.1142856824489806,27.209067116190024,6.11645460870943,1.5206242258195273,27.189421731935354,1,0,0,0,0,0,537.1799951894213,13761.95429348328,0.45940413499999977,0,0,0,0,0,0.21105215925509802,584.58994734,271.416761265
98,27,27,24.71384065,51.29142534,7.238109556,197.6439711,coffee,152,3.6296294951989077,3.6296294951989077,0.9999999629629643,40.99186911246343,10.137440987576767,2.2960445923586796,48.84541607198606,1,0,0,0,0,0,610.7739196735926,39063.13931217763,0.7381095560000004,0,0,0,0,0,0.5448057166585177,709.3347364880001,195.428958012
118,21,34,24.38534644,64.72543073,7.234258375,119.6324109,coffee,173,5.619047351473935,3.4705881332179964,0.61764704065744,52.65295180076169,7.743259324770847,1.546912067707279,29.17277785248932,1,0,0,0,0,0,594.6451209988206,14311.913737746438,0.7342583749999996,0,0,0,0,0,0.5391353612576401,853.6424882499999,151.919425875
103,27,31,27.15998538,51.59100753,6.691541233,126.1752206,coffee,161,3.8148146735253823,3.3225805379812727,0.8709677138397511,42.770706486254504,6.5095067560740105,3.4660767834573,34.26917146814275,1,0,0,0,0,0,737.6648058418136,15920.186293458664,0.1915412329999997,0,0,0,0,0,0.03668804393916018,689.228746999,180.671613291
82,24,33,26.53543168,67.09608099,6.809593554,120.6494434,coffee,139,3.4166665243055614,2.4848484095500485,0.7272727052341605,31.214312956291913,8.095104825764821,2.150413146941082,32.01485062570727,1,0,0,0,0,0,704.1291344439476,14556.288192729802,0.3095935540000001,0,0,0,0,0,0.09584816867835098,558.386671428,163.430245296
86,31,35,27.01207284,60.76645256,6.485761419,191.4508931,coffee,152,2.774193458896985,2.457142786938778,0.885714260408164,30.664855018951798,11.63379161313078,2.751084924208755,51.71485469700253,1,0,0,0,0,0,729.6520791134656,36653.44446878763,0.014238580999999861,0,0,0,0,0,0.00020273718889355705,557.775482034,201.058603989
88,35,35,27.55906475,58.45742907,6.784460602,117.9389993,coffee,158,2.5142856424489817,2.5142856424489817,0.9999999714285723,30.599564267050166,6.89441068616653,3.1402298354133773,32.50288518258905,1,0,0,0,0,0,759.5020498946926,13909.607555885403,0.28446060200000023,0,0,0,0,0,0.08091783409020253,597.032532976,237.45612107
84,27,29,23.32293161,53.00366334,7.167092586,168.26442869999997,coffee,140,3.111110995884778,2.8965516242568405,0.9310344506539844,32.34707611722168,8.918631130912232,1.561656126417159,39.2441976296582,1,0,0,0,0,0,543.9591388847373,28312.91796573737,0.6670925859999999,0,0,0,0,0,0.4450125182961672,602.035777224,193.511499822
120,40,33,24.23850608,54.30329632,6.73410539,115.1564012,coffee,193,2.9999999250000022,3.6363635261708027,1.2121211753902674,48.33563212924119,6.253372177508404,1.9368575638363839,27.912191306371195,1,0,0,0,0,0,587.505176990197,13260.996737335363,0.23410538999999986,0,0,0,0,0,0.05480533362705203,808.0926468,269.36421559999997
106,40,30,23.42611644,64.10651528,6.779984384,122.6847408,coffee,176,2.649999933750002,3.5333332155555595,1.3333332888888902,41.29568177586288,7.864891210718039,1.2297525808808085,28.740270233920185,1,0,0,0,0,0,548.7829314604384,15051.545625163184,0.2799843839999996,0,0,0,0,0,0.07839125528385922,718.678344704,271.19937536
113,21,33,26.02241444,55.83288958,7.277422737999999,176.90209240000004,coffee,167,5.380952124716565,3.424242320477506,0.6363636170798904,50.01333155602947,9.87695499144016,2.659926435664824,46.03419563735975,1,0,0,0,0,0,677.1660532871205,31294.350295498152,0.7774227379999994,0,0,0,0,0,0.6043861135594157,822.348769394,152.82587749799998
117,34,25,24.83846178,56.7685316,7.21270048,124.4135035,coffee,176,3.4411763693771658,4.679999812800007,1.359999945600002,50.71817557181383,7.062771904906461,2.091738075466777,30.902400516006466,1,0,0,0,0,0,616.9491835965207,15478.719853144514,0.7127004799999996,0,0,0,0,0,0.5079419741922299,843.88595616,245.23181631999998
80,30,25,26.24092174,65.64381357,7.487266991,148.37712019999995,coffee,135,2.6666665777777805,3.199999872000005,1.199999952000002,30.4138126514911,9.74004001646228,2.1441427079448,38.935523991747715,1,0,0,0,0,0,688.5859737648046,22015.769798845235,0.9872669910000003,0,0,0,0,0,0.9746961115181946,598.98135928,224.61800973
88,21,27,24.43011925,66.02411187,7.231166546,181.6368274,coffee,136,4.1904759909297145,3.2592591385459575,0.7777777489711944,37.072002014098636,11.99241021196948,1.5051723604055953,44.37409353573668,1,0,0,0,0,0,596.8307265692206,32991.93706793739,0.7311665459999999,0,0,0,0,0,0.5346045179895699,636.342656048,151.854497466
113,33,34,26.00373964,62.144510200000006,6.559817161000002,153.477776,coffee,180,3.424242320477506,3.323529314013844,0.9705882067474058,45.902069670114,9.537801216105315,2.272745047038756,39.909961276302404,1,0,0,0,0,0,676.1944752649073,23555.42772590618,0.05981716100000156,0,0,0,0,0,0.003578092750100108,741.2593391930002,216.47396631300006
87,23,28,26.22367404,62.26594559,6.979590627,193.7461968,coffee,138,3.782608531190933,3.1071427461734733,0.8214285420918378,35.59494346111537,12.063790148218233,2.3484445485546446,50.80737111372891,1,0,0,0,0,0,687.6810801561699,37537.58877446433,0.4795906270000003,0,0,0,0,0,0.23000716950625344,607.224384549,160.53058442100001
113,15,29,27.09617155,63.55324262,6.779230041,190.2440566,coffee,157,7.533332831111145,3.896551589774083,0.5172413614744358,53.00314456080255,12.090626686112811,2.586324428097086,51.5488559400151,1,0,0,0,0,0,734.2025126670295,36192.801071624,0.27923004099999993,0,0,0,0,0,0.07796941579686165,766.052994633,101.688450615
98,29,30,25.64004392,61.03273481,6.217974349,199.4735636,coffee,157,3.379310228299647,3.266666557777781,0.9666666344444454,39.55165398985652,12.17441710880447,2.1977708711388715,51.14510931582913,1,0,0,0,0,0,657.411852219529,39789.70257528325,0.28202565099999966,0,0,0,0,0,0.0795384678219736,609.361486202,180.321256121
97,29,27,27.74576987,54.36976075,7.205078785,139.8619431,coffee,153,3.3448274708680183,3.5925924595336123,1.0740740342935542,39.84971769034255,7.604260384377112,3.5344133234354143,38.80577286823634,1,0,0,0,0,0,769.8277456789998,19561.363127707635,0.7050787850000004,0,0,0,0,0,0.49713609305707684,698.8926421450001,208.947284765
85,35,32,26.24928198,54.28617819,6.854011265,133.1120232,coffee,152,2.4285713591836755,2.6562499169921905,1.0937499658203136,29.771350881902105,7.226143010666615,2.8567856287416395,34.94095031905102,1,0,0,0,0,0,689.0248044655527,17718.81072039734,0.3540112649999996,0,0,0,0,0,0.12532397574689993,582.5909575249999,239.89039427499998
82,29,35,26.67377159,52.24226285,6.246872394,156.15438980000005,coffee,146,2.8275861093935823,2.3428570759183693,0.8285714048979599,29.022979401386987,8.157858677112962,3.187242293943576,41.65226526301028,1,0,0,0,0,0,711.4900908354912,24384.19345381036,0.2531276059999996,0,0,0,0,0,0.06407358491929104,512.243536308,181.15929942600002
103,33,25,27.10210397,55.74973320000001,6.911066044,139.5013171,coffee,161,3.121212026629939,4.119999835200006,1.3199999472000021,42.91076011134425,7.777161209373599,3.142699955138392,37.80779199996139,1,0,0,0,0,0,734.5240396006899,19460.617472634753,0.411066044,0,0,0,0,0,0.16897529252980995,711.839802532,228.065179452
112,17,28,27.62975458,61.26002598,6.777417989,196.6492664,coffee,157,6.588234906574417,3.999999857142862,0.6071428354591845,51.96473162957097,12.046739168611941,2.9557649420817604,54.333709689690394,1,0,0,0,0,0,763.403338151031,38670.93397565816,0.2774179889999999,0,0,0,0,0,0.07696074062080407,759.070814768,115.216105813
99,19,33,27.536454700000004,55.51673151,6.273741983,130.6377143,coffee,151,5.210526041551261,2.999999909090912,0.5757575583103771,42.72391992003231,7.252578909873187,3.3524613788282256,35.972995019334924,1,0,0,0,0,0,758.2563374451523,17066.212397528423,0.22625801700000014,0,0,0,0,0,0.05119269025677235,621.100456317,119.20109767699999
120,20,34,23.56960509,50.56339727,6.906124587000001,130.3797119,coffee,174,5.999999700000014,3.5294116608996573,0.5882352768166096,54.147945482723536,6.592441168747846,1.7646914873731587,30.729983212309733,1,0,0,0,0,0,555.5262840985539,16998.869275127,0.40612458700000076,0,0,0,0,0,0.16493718016592118,828.7349504400001,138.12249174000002
114,27,28,24.99451759,57.93250202,7.162802357,192.8736822,coffee,169,4.222222065843627,4.071428426020413,0.96428567984694,49.94330118577799,11.173654983656338,2.101068586283995,48.2078464239597,1,0,0,0,0,0,624.7259095568195,37200.25728538659,0.6628023570000003,0,0,0,0,0,0.4393069644447559,816.559468698,193.39566363900002
100,40,35,27.56441788,54.41094079,6.9557873510000015,177.816092,coffee,175,2.499999937500002,2.857142775510207,1.1428571102040825,36.17089069035118,9.675140853321192,3.448546946205027,49.01397065676525,1,0,0,0,0,0,759.7971330632637,31618.562574152464,0.45578735100000145,0,0,0,0,0,0.20774210933159853,695.5787351000001,278.23149404000003
108,35,25,23.98143338,61.10935084,6.971963169,161.5279095,coffee,168,3.085714197551023,4.319999827200006,1.3999999440000022,45.31004303683677,9.87086569208727,1.548405287354929,38.736708006849184,1,0,0,0,0,0,575.1091469593781,26091.265547440187,0.47196316900000035,0,0,0,0,0,0.22274923289252288,752.972022252,244.018710915
115,31,30,24.22984659,67.37768353,6.840927967000001,122.4073418,coffee,176,3.709677299687829,3.83333320555556,1.03333329888889,48.7886598845811,8.24752313754894,1.3798739407853038,29.659111133036944,1,0,0,0,0,0,587.0854657749347,14983.557326542026,0.3409279670000007,0,0,0,0,0,0.11623187868275359,786.7067162050001,212.06876697700002
87,28,30,25.60153969,68.66257977,6.536676653,168.8383605,coffee,145,3.1071427461734733,2.8999999033333363,0.9333333022222232,33.50124375800596,11.592877396067266,1.7553780320055394,43.22521987535278,1,0,0,0,0,0,655.4388344986453,28506.39197632796,0.03667665299999978,0,0,0,0,0,0.001345176875282393,568.690868811,183.026946284
82,24,26,24.31274458,53.57285558,6.089443602999999,184.4103931,coffee,132,3.4166665243055614,3.1538460325443833,0.9230768875739658,32.92415526630866,9.879391356997328,2.0022841546223225,44.83522785337695,1,0,0,0,0,0,591.1095490123193,34007.19308329652,0.4105563970000006,0,0,0,0,0,0.16855655511762208,499.33437544599997,146.146646472
94,26,27,26.36629861,52.25738495,7.456460375,177.31761609999995,coffee,147,3.615384476331366,3.4814813525377275,0.9629629272976693,38.97435053981015,9.266154922954016,3.039437438305801,46.75209214905943,1,0,0,0,0,0,695.181702391688,31441.53697938696,0.9564603749999998,0,0,0,0,0,0.9148164489451402,700.90727525,193.86796975
87,28,35,26.5602777,57.1621814,6.759211911,152.0616227,coffee,150,3.1071427461734733,2.4857142146938798,0.7999999771428579,32.2335229225724,8.692174060755757,2.8102798607822526,40.38798926424624,1,0,0,0,0,0,705.4483515011173,23122.73709815715,0.2592119110000004,0,0,0,0,0,0.06719081480427214,588.0514362570001,189.257933508
118,40,35,26.35034208,58.50650238,7.460174812000001,121.5586297,coffee,193,2.949999926250002,3.371428475102044,1.1428571102040825,46.54388610046795,7.1119702578525885,2.634979039826659,32.031114753710476,1,0,0,0,0,0,694.3405277330188,14776.500454541721,0.9601748120000009,0,0,0,0,0,0.921935669599237,880.3006278160001,298.40699248000004
87,38,29,25.20406808,57.88370456,6.652642579,156.1457255,coffee,154,2.2894736239612206,2.9999998965517274,1.310344782401904,31.214312956291913,9.038293043148858,2.191760687471535,39.35507495902991,1,0,0,0,0,0,635.2450477812748,24381.48759192135,0.1526425790000001,0,0,0,0,0,0.023299756923771276,578.779904373,252.80041800200001
92,40,30,23.35723208,55.18792166,6.026287448,171.6976946,coffee,162,2.2999999425000017,3.0666665644444477,1.3333332888888902,33.28663395418648,9.475638918787405,1.504445469745211,40.103829003731626,1,0,0,0,0,0,545.560290438981,29480.098330954872,0.4737125520000003,0,0,0,0,0,0.22440358192235296,554.418445216,241.05149791999997
97,22,26,23.60567546,59.68849145,6.074190142000001,185.1568059,coffee,145,4.409090708677695,3.730769087278112,0.8461538136094686,42.19399641339196,11.05173042587146,1.453502171343152,43.70751469285613,1,0,0,0,0,0,557.2279139228463,34283.04277109027,0.42580985799999915,0,0,0,0,0,0.18131403516997943,589.196443774,133.63218312400002
99,40,32,24.18471151,69.94807345,7.0455430560000005,163.27087319999995,coffee,171,2.4749999381250016,3.0937499033203157,1.2499999609375012,36.59234892706397,11.420483030839232,1.257586429314596,39.4865896632779,1,0,0,0,0,0,584.9002708219265,26657.378035490463,0.5455430560000005,0,0,0,0,0,0.2976172259498197,697.5087625440001,281.82172224000004
89,28,33,26.44414097,53.83876189,6.9932360010000005,175.3723314,coffee,150,3.178571315051024,2.6969696152433453,0.8484848227731873,33.8673884437522,9.441829192338771,2.974695257305763,46.37570653779157,1,0,0,0,0,0,699.2925916412325,30755.45462067143,0.49323600100000053,0,0,0,0,0,0.24328175268247254,622.3980040890001,195.81060802800002
112,39,29,26.12492233,63.37479229,6.726528895,147.8035305,coffee,180,2.871794798159108,3.862068832342454,1.344827539833533,45.31004303683677,9.36701804516618,2.2432655254386717,38.61355754412286,1,0,0,0,0,0,682.5115667485327,21845.88362826443,0.2265288950000004,0,0,0,0,0,0.051315340269921204,753.37123624,262.334626905
111,28,26,27.77363343,64.47858698,6.937352845,192.7121236,coffee,165,3.9642855727040867,4.269230605029592,1.0769230355029602,48.507731342539614,12.425805423643112,2.7613044373310927,53.52315878383252,1,0,0,0,0,0,771.3747139040136,37137.96258242168,0.4373528450000004,0,0,0,0,0,0.19127751102959437,770.0461657950001,194.24587966
114,20,26,25.55656667,62.67087838,7.27905689,193.5866233,coffee,160,5.699999715000014,4.384615215976337,0.7692307396449716,52.62445565830903,12.132243724829175,2.0742175301406838,49.47409444786626,1,0,0,0,0,0,653.1380999581548,37475.78072069611,0.7790568899999997,0,0,0,0,0,0.6069296378564716,829.81248546,145.5811378
117,26,30,27.92374437,67.96910852,7.079850922,115.2325531,coffee,173,4.499999826923084,3.8999998700000043,0.8666666377777787,51.42308171758411,7.832253906690564,2.5380459603073096,32.177243558668515,1,0,0,0,0,0,779.7354996411068,13278.541293944321,0.5798509220000003,0,0,0,0,0,0.3362270917442505,828.342557874,184.076123972
111,29,31,26.05968403,52.31098539,6.136286518,161.3432535,coffee,171,3.827586074910825,3.5806450457856434,0.9354838407908438,46.776062254106,8.440024576613567,2.8898036023865363,42.04554206582192,1,0,0,0,0,0,679.107131743437,26031.645449965265,0.36371348199999964,0,0,0,0,0,0.13228749698856407,681.127803498,177.952309022
119,30,28,26.35770906,64.57578034,6.5052036960000015,163.62694960000005,coffee,177,3.9666665344444487,4.249999848214291,1.0714285331632667,51.97114584074513,10.566337955073854,2.252168822758122,43.12831531932085,1,0,0,0,0,0,694.7288268916061,26773.778635400955,0.005203696000001479,0,0,0,0,0,2.707845206043139e-05,774.1192398240001,195.15611088000006
116,40,33,24.91370487,54.15319242,7.042089492000001,129.5481144,coffee,189,2.899999927500002,3.515151408631776,1.2121211753902674,46.03259714593562,7.0154439667513735,2.252776816797989,32.27523488626597,1,0,0,0,0,0,620.6926903494617,16782.71394459549,0.5420894920000006,0,0,0,0,0,0.2938610173368187,816.882381072,281.68357968000004
95,37,35,27.31317116,68.42333909999999,6.348337518999998,192.4288139,coffee,167,2.5675674981738514,2.7142856367346964,1.0571428269387764,34.07834111768548,13.166621986090492,2.309255258229797,52.55841130166486,1,0,0,0,0,0,746.0093188154557,37028.84841896083,0.15166248100000157,0,0,0,0,0,0.023001508143075836,603.0920643049999,234.88848820299995
86,40,33,26.1387869,52.26311691,7.432322234,136.3027766,coffee,159,2.1499999462500017,2.6060605270890753,1.2121211753902674,28.792360097775937,7.123607948603412,2.9304655255972345,35.62789231425706,1,0,0,0,0,0,683.2361806036116,18578.446908869504,0.9323222339999999,0,0,0,0,0,0.8692247480107506,639.179712124,297.29288936
117,37,32,23.1069385,67.06230539,6.787658922,162.57696059999995,coffee,186,3.1621620766983223,3.6562498857421915,1.1562499638671888,47.69696007084728,10.902785781135195,1.023353914850514,37.56655830101122,1,0,0,0,0,0,533.9306068427821,26431.268117933934,0.2876589220000003,0,0,0,0,0,0.08274765540620227,794.156093874,251.14338011400002
105,18,35,23.52648086,68.44030686,6.743417121,171.8839938,coffee,158,5.833333009259277,2.9999999142857168,0.5142856995918372,46.1121820491433,11.763793279994339,1.1129465380568326,40.43825490276059,1,0,0,0,0,0,553.4953016559463,29544.107324638444,0.24341712100000024,0,0,0,0,0,0.05925189479592875,708.0587977050001,121.381508178
109,23,25,25.11711046,68.48030408,7.00733163,194.8773479,coffee,157,4.739130228733468,4.359999825600007,0.9199999632000014,49.08496035786658,13.345260042495948,1.6128976568825133,48.94755873356148,1,0,0,0,0,0,630.8692378598414,37977.18072453763,0.5073316300000004,0,0,0,0,0,0.2573853827984573,763.79914767,161.16862749
80,18,31,24.02952505,58.84880599,7.303033217,134.6803969,coffee,129,4.444444197530878,2.580645078043707,0.5806451425598341,32.69556544854363,7.925780547824298,1.6581976710070494,32.36305971052493,1,0,0,0,0,0,577.4180741285775,18138.809309141532,0.8030332170000003,0,0,0,0,0,0.6448623476053695,584.2426573600001,131.454597906
101,31,26,26.70897548,69.71184111,6.861235184,158.86088869999998,coffee,158,3.25806441103018,3.8846152352071064,1.1923076464497058,41.93248541803041,11.074485031647791,2.0320251532735405,42.43011581019309,1,0,0,0,0,0,713.3693711912412,25236.78195855378,0.3612351839999999,0,0,0,0,0,0.13049085815951378,692.984753584,212.698290704
103,33,33,26.71717393,50.50148528,7.131435858,126.8073984,coffee,169,3.121212026629939,3.121212026629939,0.9999999696969707,40.4145188432738,6.403961963692695,3.3249013265090532,33.87935318663604,1,0,0,0,0,0,713.8073828058717,16080.116288976322,0.6314358579999997,0,0,0,0,0,0.39871124276819575,734.537893374,235.337383314
93,26,27,24.59245684,56.46829641,7.288211994,137.70440469999997,coffee,146,3.5769229393491178,3.4444443168724326,0.9629629272976693,38.397048497681865,7.775933141562195,1.9991746990874808,33.864896292626426,1,0,0,0,0,0,604.7889334272628,18962.503073781372,0.7882119940000001,0,0,0,0,0,0.6212781474854562,677.803715442,189.493511844
104,35,28,27.51006055,50.66687215,6.983732393,143.9955548,coffee,167,2.971428486530615,3.714285581632658,1.2499999553571444,42.0039680665212,7.29580436521992,3.704947772743912,39.61326431478843,1,0,0,0,0,0,756.8034314646662,20734.719802159805,0.48373239300000037,0,0,0,0,0,0.2339970280375068,726.308168872,244.430633755
116,36,25,27.57847581,58.52534263,6.172090205,156.6810374,coffee,177,3.2222221327160523,4.639999814400007,1.4399999424000023,49.66890375275057,9.169811397458846,3.143146876065833,43.21024199821605,1,0,0,0,0,0,760.5723280027552,24548.9474807402,0.32790979500000006,0,0,0,0,0,0.10752483365694207,715.96246378,222.19524738
107,38,29,26.65069302,57.56695719,6.35118177,145.105065,coffee,174,2.8157893995844896,3.689655045184309,1.310344782401904,42.67317658670374,8.353257064907165,2.8220914163382815,38.67150542962146,1,0,0,0,0,0,710.2594384462766,21055.479888654223,0.14881822999999983,0,0,0,0,0,0.02214686558033285,679.57644939,241.34490726
101,33,33,26.97251562,62.0183627,6.908671378999999,142.8610793,coffee,167,3.0606059678604254,3.0606059678604254,0.9999999696969707,39.25981830489455,8.860010231740862,2.648275593474246,38.53322692909308,1,0,0,0,0,0,727.516598871144,20409.287978760887,0.4086713789999994,0,0,0,0,0,0.16701229601376114,697.775809279,227.98615550699998
107,31,31,23.17124551,52.97841162,6.766184468,153.12016440000005,coffee,169,3.4516127918834583,3.4516127918834583,0.9999999677419364,43.878620458411554,8.112063096905274,1.4911700102314311,35.479849218439625,1,0,0,0,0,0,536.9066184846951,23445.784745883044,0.2661844679999996,0,0,0,0,0,0.07085417100444281,723.9817380759999,209.75171850799998
99,16,30,23.52652084,65.44340921,6.392791654,186.1728203,coffee,145,6.187499613281274,3.2999998900000036,0.5333333155555561,44.43347086750408,12.183784062672697,1.2186453758028706,43.799987366295255,1,0,0,0,0,0,553.4971828349543,34660.319018456095,0.10720834600000018,0,0,0,0,0,0.011493629452055754,632.886373746,102.284666464
103,40,30,27.30901814,55.196224,6.3483162570000005,141.48316440000005,coffee,173,2.574999935625002,3.4333332188888925,1.3333332888888902,39.576929306520654,7.809336434451228,3.274716115244966,38.63766303104203,1,0,0,0,0,0,745.782471770849,20017.48580863744,0.15168374299999954,0,0,0,0,0,0.02300795789048991,653.876574471,253.93265028000002
118,31,34,27.54823036,62.88179198,6.123796057000001,181.4170812,coffee,183,3.806451490114468,3.4705881332179964,0.9117646790657448,49.38623289946298,11.407831161637171,2.801767846853595,49.97719544136426,1,0,0,0,0,0,758.9049959676258,32912.1573511274,0.37620394299999926,0,0,0,0,0,0.1415294067287467,722.607934726,189.83767776700003
106,21,35,25.627355,57.04151119,7.4285236339999985,188.5506536,coffee,162,5.047618807256247,3.028571342040819,0.5999999828571434,45.574115460423364,10.755214217206214,2.417426667973976,48.32054535289229,1,0,0,0,0,0,656.7613242960251,35551.348972987194,0.9285236339999985,0,0,0,0,0,0.8621561388965632,787.4235052039999,155.99899631399998
116,38,34,23.29250318,50.04557009,6.020947179,183.468585,coffee,188,3.0526314986149607,3.4117646055363355,1.117647025951558,46.23130252689549,9.181789929930622,1.6447511933376218,42.734425995426,1,0,0,0,0,0,542.5407043903101,33660.72168190222,0.4790528209999998,0,0,0,0,0,0.22949160530805784,698.429872764,228.795992802
97,35,26,24.91461008,53.74144743,6.334610249,166.2549307,coffee,158,2.7714284922449006,3.730769087278112,1.3461537943787,38.656607887052544,8.934780618192342,2.273427487467319,41.42176772267921,1,0,0,0,0,0,620.7377954384376,27640.701982061797,0.1653897510000002,0,0,0,0,0,0.027353769735842064,614.4571941529999,221.711358715
107,34,32,26.77463708,66.4132686,6.78006386,177.7745075,coffee,173,3.147058730968861,3.343749895507816,1.0624999667968762,42.735621363604075,11.806586116830212,2.275379159384404,47.59847920388238,1,0,0,0,0,0,716.881190765711,31603.775516867554,0.2800638600000003,0,0,0,0,0,0.07843576567809975,725.4668330200001,230.52217124
99,15,27,27.41711238,56.63636248,6.086922359,127.92461000000002,coffee,141,6.59999956000003,3.6666665308642026,0.5555555349794246,45.43126676640219,7.245184582072634,3.2163297269142443,35.07323408537672,1,0,0,0,0,0,751.6980512575492,16364.705843652104,0.4130776410000001,0,0,0,0,0,0.17063313749412498,602.605313541,91.303835385
118,33,30,24.13179691,67.22512329,6.362607851,173.32283859999995,coffee,181,3.575757467401289,3.9333332022222263,1.0999999633333346,49.96331987902058,11.651649193857768,1.3541913431600892,41.82591540959908,1,0,0,0,0,0,582.3436221054855,30040.806380361635,0.13739214900000007,0,0,0,0,0,0.01887660260683822,750.787726418,209.966059083
117,32,34,26.2724184,52.12739421,6.758792552,127.1752928,coffee,183,3.6562498857421915,3.4411763693771658,0.9411764429065753,48.507731342539614,6.629316621557774,3.0027701341314255,33.412025025841075,1,0,0,0,0,0,690.2399685846585,16173.55509876573,0.25879255200000006,0,0,0,0,0,0.06697358497067274,790.778728584,216.281361664
104,18,30,23.60301571,60.39647474,6.779832611000002,140.9370415,coffee,152,5.777777456790141,3.466666551111115,0.5999999800000007,46.57610259922285,8.512100466885082,1.4269212368316186,33.265392046454224,1,0,0,0,0,0,557.1023506065069,19863.24966677272,0.27983261100000156,0,0,0,0,0,0.0783062901790782,705.1025915440001,122.03698699800003
