n,p,k,temperature,humidity,ph,rainfall,npk_total,n_to_p_ratio,n_to_k_ratio,p_to_k_ratio,npk_balance,moisture_index,gdd_proxy,is_low_rainfall,is_high_rainfall,is_very_high_rainfall,is_cool,is_hot,is_very_hot,ph_deviation,is_acidic,is_alkaline,is_very_acidic,is_very_alkaline,ph_deviation_squared,ph_n_interaction,ph_p_interaction,annual_rainfall,yield,label
90,42,43,20.87974371,82.00274423,6.502985292000001,202.9355362,175,2.142857142857143,2.0930232558139537,0.9767441860465116,1.0857142671020412,166.41270870186506,17.121962830390814,1,0,0,0,0,0,0.002985292000000861,0,0,0,0,8.91196832526914e-06,585.26867628,273.12538226400005,1668.5771332937343,2.218494541018379,rice
85,58,41,21.77046169,80.31964408,7.038096361,226.6555374,184,1.4655172413793103,2.073170731707317,1.4146341463414633,0.7717391178520796,182.0489209272913,17.485957343980754,1,0,0,0,0,0,0.538096361,0,0,0,0,0.28954769372144235,598.238190685,408.209588938,1668.5771332937343,2.218494541018379,rice
60,55,44,23.00445915,82.3207629,7.840207144,263.9642476,159,1.0909090909090908,1.3636363636363635,1.25,0.33962263510145974,217.29738240756498,18.937446273298857,1,0,0,0,0,0,1.3402071439999999,0,1,0,0,1.7961551888286362,470.41242864,431.21139292,1668.5771332937343,2.218494541018379,rice
74,35,40,26.49109635,80.15836264,6.980400905,242.8640342,149,2.1142857142857143,1.85,0.875,0.9798657520832399,194.67583325616962,21.234829079544802,1,0,0,0,0,0,0.48040090499999977,0,0,0,0,0.2307850295248188,516.54966697,244.314031675,1668.5771332937343,2.218494541018379,rice
78,42,42,20.13017482,81.60487287,7.628472891,262.7173405,162,1.8571428571428572,1.8571428571428572,1.0,0.8888888724279839,214.39015172246997,16.42720357036975,1,0,0,0,0,0,1.1284728910000004,0,1,0,0,1.2734510657218987,595.020885498,320.395861422,1668.5771332937343,2.218494541018379,rice
69,37,42,23.05804872,83.37011772,7.073453503,251.0549998,148,1.864864864864865,1.6428571428571428,0.8809523809523809,0.797297281135866,209.30484887520575,19.22352236179895,1,0,0,0,0,0,0.5734535029999996,0,0,0,0,0.3288489201029706,488.06829170699996,261.71777961099997,1668.5771332937343,2.218494541018379,rice
69,55,38,22.70883798,82.63941394,5.70080568,271.3248604,162,1.2545454545454546,1.8157894736842106,1.4473684210526316,0.5925925816186559,224.2212745080831,18.766450619256133,1,0,0,0,0,0,0.7991943199999998,1,0,0,0,0.6387115611202621,393.35559192,313.5443124,1668.5771332937343,2.218494541018379,rice
94,53,40,20.27774362,82.89408619,5.718627177999999,241.9741949,187,1.7735849056603774,2.35,1.325,1.016042764448512,200.58229767796456,16.809050273750024,1,0,0,0,0,0,0.7813728220000007,1,0,0,0,0.6105434869602447,537.5509547319999,303.08724043399997,1668.5771332937343,2.218494541018379,rice
89,54,38,24.51588066,83.53521629999999,6.685346424,230.4462359,181,1.6481481481481481,2.3421052631578947,1.4210526315789473,0.9502762273434879,192.50376161427323,20.479393937180866,1,0,0,0,0,0,0.18534642399999957,0,0,0,0,0.03435329688958762,594.995831736,361.008706896,1668.5771332937343,2.218494541018379,rice
68,58,38,23.22397386,83.03322691,6.336253525,221.2091958,164,1.1724137931034482,1.7894736842105263,1.5263157894736843,0.6097560864069009,183.67713349440018,19.283614912692883,1,0,0,0,0,0,0.16374647499999995,1,0,0,0,0.026812908074925607,430.8652397,367.50270445,1668.5771332937343,2.218494541018379,rice
91,53,40,26.52723513,81.41753846,5.386167788,264.6148697,184,1.7169811320754718,2.275,1.325,0.9673912885751421,215.4429133088764,21.597821864342382,1,0,0,0,0,0,1.1138322120000002,1,0,1,0,1.2406221964888133,490.141268708,285.46689276399997,1668.5771332937343,2.218494541018379,rice
90,46,42,23.97898217,81.45061596,7.50283396,250.0832336,178,1.9565217391304348,2.142857142857143,1.0952380952380953,1.033707847746497,203.69433417988566,19.531028678403572,1,0,0,0,0,0,1.0028339600000002,0,1,0,0,1.0056759513292821,675.2550564000001,345.13036216,1668.5771332937343,2.218494541018379,rice
78,58,44,26.80079604,80.88684822,5.108681786,284.4364567,180,1.3448275862068966,1.7727272727272727,1.3181818181818181,0.5999999900000001,230.07168501327504,21.678319214626573,1,0,0,0,0,0,1.391318214,1,0,1,0,1.9357663726081498,398.477179308,296.303543588,1668.5771332937343,2.218494541018379,rice
93,56,36,24.01497622,82.05687182,6.98435366,185.2773389,185,1.6607142857142858,2.5833333333333335,1.5555555555555556,1.0162161997370347,152.03278849268,19.70593825444888,1,0,0,0,0,0,0.48435366,0,0,0,0,0.23459846795539563,649.54489038,391.12380496000003,1668.5771332937343,2.218494541018379,rice
94,50,37,25.66585205,80.66385045,6.94801983,209.5869708,181,1.88,2.5405405405405403,1.3513513513513513,1.1160220809499104,169.06092068879715,20.703064514330258,1,0,0,0,0,0,0.4480198299999998,0,0,0,0,0.2007217680732287,653.1138640199999,347.4009915,1668.5771332937343,2.218494541018379,rice
60,48,39,24.28209415,80.30025587,7.042299068999999,231.0863347,147,1.25,1.5384615384615385,1.2307692307692308,0.4489795826738861,185.56291804470462,19.498583733044303,1,0,0,0,0,0,0.5422990689999994,0,0,0,0,0.29408828023826605,422.53794414,338.030355312,1668.5771332937343,2.218494541018379,rice
85,38,41,21.58711777,82.7883708,6.2490506560000005,276.65524589999995,164,2.236842105263158,2.073170731707317,0.926829268292683,1.1097560772605597,229.03837081334376,17.87162310446029,1,0,0,0,0,0,0.25094934399999946,1,0,0,0,0.06297557325403007,531.16930576,237.463924928,1668.5771332937343,2.218494541018379,rice
91,35,39,23.79391957,80.41817957,6.970859754,206.2611855,165,2.6,2.3333333333333335,0.8974358974358975,1.3090908852892567,165.87149053860082,19.134636966543972,1,0,0,0,0,0,0.47085975400000013,0,0,0,0,0.22170890793694065,634.348237614,243.98009139,1668.5771332937343,2.218494541018379,rice
77,38,36,21.8652524,80.1923008,5.953933276,224.55501690000003,151,2.026315789473684,2.138888888888889,1.0555555555555556,1.0596026279549147,180.07583461393884,17.534248975287216,1,0,0,0,0,0,0.5460667240000001,1,0,0,0,0.2981888670600923,458.452862252,226.249464488,1668.5771332937343,2.218494541018379,rice
88,35,40,23.57943626,83.58760316,5.85393208,291.2986618000001,163,2.5142857142857142,2.2,0.875,1.2392637808724458,243.4895694357746,19.709485608373946,1,0,0,0,0,0,0.6460679200000001,1,0,0,0,0.41740375725312656,515.14602304,204.8876228,1668.5771332937343,2.218494541018379,rice
89,45,36,21.32504158,80.47476396,6.442475375,185.4974732,170,1.9777777777777779,2.4722222222222223,1.25,1.1411764504498272,149.27865370946427,17.161276875876858,1,0,0,0,0,0,0.05752462500000011,1,0,0,0,0.0033090824813906375,573.380308375,289.911391875,1668.5771332937343,2.218494541018379,rice
76,40,43,25.15745531,83.11713476,5.070175667,231.3843163,159,1.9,1.7674418604651163,0.9302325581395349,0.8679245119259527,192.32001399257564,20.910156032199474,1,0,0,0,0,0,1.429824333,1,0,1,0,2.0443976232388947,385.333350692,202.80702668,1668.5771332937343,2.218494541018379,rice
67,59,41,21.94766735,80.97384195,6.012632591,213.3560921,167,1.1355932203389831,1.6341463414634145,1.4390243902439024,0.5269460983183336,172.76262480775043,17.77186947170075,1,0,0,0,0,0,0.487367409,1,0,0,0,0.23752699135537325,402.846383597,354.745322869,1668.5771332937343,2.218494541018379,rice
83,41,43,21.0525355,82.67839517,6.254028451,233.1075816,167,2.024390243902439,1.930232558139535,0.9534883720930233,0.982035910502349,192.72960748647822,17.405898493994535,1,0,0,0,0,0,0.24597154900000007,1,0,0,0,0.060502002917459434,519.084361433,256.415166491,1668.5771332937343,2.218494541018379,rice
98,47,37,23.48381344,81.33265073,7.375482851,224.0581164,182,2.0851063829787235,2.6486486486486487,1.2702702702702702,1.2307692104818262,182.23240524382885,19.100007963239996,1,0,0,0,0,0,0.8754828510000001,0,0,0,0,0.7664702223950884,722.797319398,346.64769399700003,1668.5771332937343,2.218494541018379,rice
66,53,41,25.0756354,80.52389148,7.778915154,257.0038865,160,1.2452830188679245,1.6097560975609757,1.2926829268292683,0.47499999109375024,206.9495306646424,20.191877437416462,1,0,0,0,0,0,1.2789151539999999,0,1,0,0,1.6356239711308433,513.408400164,412.282503162,1668.5771332937343,2.218494541018379,rice
97,59,43,26.35927159,84.04403589,6.2865001760000006,271.35861370000003,199,1.6440677966101696,2.255813953488372,1.372093023255814,0.9246231016388478,228.0607306886345,22.153395675442173,1,0,0,0,0,0,0.21349982399999945,1,0,0,0,0.04558217484803074,609.7905170720001,370.903510384,1668.5771332937343,2.218494541018379,rice
97,50,41,24.52922681,80.54498576,7.070959995,260.2634026,188,1.94,2.3658536585365852,1.2195121951219512,1.0957446633657766,209.62912056266148,19.757062241152603,1,0,0,0,0,0,0.5709599949999999,0,0,0,0,0.3259953158904,685.883119515,353.54799975,1668.5771332937343,2.218494541018379,rice
60,49,44,20.77576147,84.49774397,6.244841491,240.0810647,153,1.2244897959183674,1.3636363636363635,1.1136363636363635,0.3529411695501732,202.86308337065608,17.55504973473851,1,0,0,0,0,0,0.25515850900000014,1,0,0,0,0.06510586471510316,374.69048946,305.997233059,1668.5771332937343,2.218494541018379,rice
84,51,35,22.30157427,80.64416466,6.043304899,197.9791215,170,1.6470588235294117,2.4,1.457142857142857,0.96470586532872,159.65860873488145,17.984918276070996,1,0,0,0,0,0,0.4566951010000002,1,0,0,0,0.2085704152774004,507.637611516,308.208549849,1668.5771332937343,2.218494541018379,rice
73,57,41,21.44653958,84.94375962,5.824709117,272.2017204,171,1.280701754385965,1.7804878048780488,1.3902439024390243,0.5614034989227457,231.21837505808048,18.217497027643354,1,0,0,0,0,0,0.6752908829999997,1,0,0,0,0.4560177766629193,425.203765541,332.00841966900003,1668.5771332937343,2.218494541018379,rice
92,35,40,22.17931888,80.33127223,6.3573893660000005,200.0882787,167,2.6285714285714286,2.3,0.875,1.305389198106781,160.73345986281808,17.816929028252588,1,0,0,0,0,0,0.14261063399999951,1,0,0,0,0.020337792929881818,584.879821672,222.50862781,1668.5771332937343,2.218494541018379,rice
85,37,39,24.52783742,82.73685569,6.364134967999999,224.67572310000003,161,2.2972972972972974,2.1794871794871793,0.9487179487179487,1.167701841595618,185.889628791711,20.29356145006322,1,0,0,0,0,0,0.13586503200000077,1,0,0,0,0.018459306920361233,540.95147228,235.47299381599998,1668.5771332937343,2.218494541018379,rice
98,53,38,20.26707606,81.63895217,5.01450727,270.4417274,189,1.849056603773585,2.5789473684210527,1.394736842105263,1.111111093474427,220.78579247980778,16.54582853088092,1,0,0,0,0,0,1.4854927299999998,1,0,1,0,2.2066886508828523,491.42171246000004,265.76888531000003,1668.5771332937343,2.218494541018379,rice
88,54,44,25.7354293,83.88266234,6.149410611,233.1321372,186,1.6296296296296295,2.0,1.2272727272727273,0.8387096638917797,195.5574434535015,21.587563261468425,1,0,0,0,0,0,0.3505893889999996,1,0,0,0,0.12291291967939302,541.148133768,332.068172994,1668.5771332937343,2.218494541018379,rice
95,55,42,26.79533926,82.1480873,5.950660556,193.3473987,192,1.7272727272727273,2.261904761904762,1.3095238095238095,0.9687499848632816,158.8311898763551,22.011858687635975,1,0,0,0,0,0,0.5493394440000001,1,0,0,0,0.30177382473422926,565.31275282,327.28633057999997,1668.5771332937343,2.218494541018379,rice
99,57,35,26.75754171,81.17734011,5.960370061,272.29990560000005,191,1.736842105263158,2.8285714285714287,1.6285714285714286,1.1099476265453252,221.045820488121,21.721060639001813,1,0,0,0,0,0,0.5396299390000001,1,0,0,0,0.29120047106514385,590.0766360389999,339.741093477,1668.5771332937343,2.218494541018379,rice
95,39,36,23.86330467,83.15250801,5.561398642,285.2493645,170,2.4358974358974357,2.638888888888889,1.0833333333333333,1.352941152595156,237.1920006643366,19.842936327172456,1,0,0,0,0,0,0.9386013579999997,1,0,0,0,0.8809725092394435,528.3328709900001,216.894547038,1668.5771332937343,2.218494541018379,rice
60,43,44,21.01944696,82.95221726,7.416245107000001,298.40184710000005,147,1.3953488372093024,1.3636363636363635,0.9772727272727273,0.4489795826738861,247.53094851424504,17.436097309109662,1,0,0,0,0,0,0.9162451070000008,0,0,0,0,0.839505096101443,444.9747064200001,318.89853960100004,1668.5771332937343,2.218494541018379,rice
63,44,41,24.17298839,83.7287574,5.583370042,257.0343554,148,1.4318181818181819,1.5365853658536586,1.0731707317073171,0.5540540428232289,215.2116718675198,20.23974280539327,1,0,0,0,0,0,0.9166299579999997,1,0,0,0,0.8402104799030812,351.752312646,245.66828184800002,1668.5771332937343,2.218494541018379,rice
62,42,36,22.78133816,82.06719137,6.430010215,248.7183228,140,1.4761904761904763,1.7222222222222223,1.1666666666666667,0.6571428430612248,204.11614194453037,18.69600438441404,1,0,0,0,0,0,0.06998978499999975,1,0,0,0,0.00489857000434619,398.66063333,270.06042903,1668.5771332937343,2.218494541018379,rice
64,45,43,25.62980105,83.52842314,5.534878156,209.9001977,152,1.4222222222222223,1.4883720930232558,1.0465116279069768,0.5263157790858728,175.32632530655255,21.408168670984164,1,0,0,0,0,0,0.9651218439999996,1,0,0,0,0.9314601737659595,354.232201984,249.06951702,1668.5771332937343,2.218494541018379,rice
83,60,36,25.59704938,80.14509262,6.903985986,200.834898,179,1.3833333333333333,2.3055555555555554,1.6666666666666667,0.79329607609001,160.95931501538254,20.514778933588136,1,0,0,0,0,0,0.40398598600000035,0,0,0,0,0.16320467688439247,573.030836838,414.23915916000004,1668.5771332937343,2.218494541018379,rice
82,40,40,23.83067496,84.81360127,6.271478837999999,298.5601175,162,2.05,2.05,1.0,1.0370370178326478,253.2195876076935,20.211653640524133,1,0,0,0,0,0,0.22852116200000072,1,0,0,0,0.05222192148183057,514.2612647159999,250.85915351999998,1668.5771332937343,2.218494541018379,rice
85,52,45,26.31355498,82.36698992,7.224285503,265.5355937,182,1.6346153846153846,1.8888888888888888,1.1555555555555554,0.8021977889747618,218.71367569689116,21.673683177970258,1,0,0,0,0,0,0.7242855029999999,0,0,0,0,0.5245894898559629,614.064267755,375.662846156,1668.5771332937343,2.218494541018379,rice
91,35,38,24.8972823,80.52586088,6.13428721,183.6793207,164,2.6,2.3947368421052633,0.9210526315789473,1.3292682683670438,147.90935425221105,20.048750907798865,1,0,0,0,0,0,0.3657127899999999,1,0,0,0,0.13374584476958404,558.22013611,214.70005235,1668.5771332937343,2.218494541018379,rice
76,49,42,24.958779,84.47963372,5.206373153,196.95600080000003,167,1.5510204081632653,1.8095238095238095,1.1666666666666667,0.7305389090322352,166.38770806540026,21.085085080184278,1,0,0,0,0,0,1.2936268469999996,1,0,1,0,1.6734704192791605,395.68435962800004,255.11228449700002,1668.5771332937343,2.218494541018379,rice
74,39,38,23.24113501,84.59201843,7.782051312999999,233.0453455,151,1.8974358974358974,1.9473684210526316,1.0263157894736843,0.9403973323099868,197.13776161561717,19.66014521100038,1,0,0,0,0,0,1.2820513129999993,0,1,0,0,1.643655569165022,575.8717971619999,303.50000120699997,1668.5771332937343,2.218494541018379,rice
79,43,39,21.66628296,80.70960551,7.062779015,210.8142087,161,1.8372093023255813,2.0256410256410255,1.1025641025641026,0.9440993612900741,170.14731620079812,17.486771505696353,1,0,0,0,0,0,0.5627790150000003,0,0,0,0,0.31672021972437053,557.959542185,303.699497645,1668.5771332937343,2.218494541018379,rice
88,55,45,24.63544858,80.41363018,7.730367824,253.7202781,188,1.6,1.9555555555555555,1.2222222222222223,0.8085106253961071,204.02568612300152,19.81025851430526,1,0,0,0,0,0,1.230367824,0,1,0,0,1.513804982334495,680.272368512,425.17023032,1668.5771332937343,2.218494541018379,rice
60,36,43,23.43121862,83.06310136,5.286203711000001,219.9048349,139,1.6666666666666667,1.3953488372093024,0.8372093023255814,0.5899280448216969,182.65977590852765,19.462696872213794,1,0,0,0,0,0,1.2137962889999994,1,0,1,0,1.47330143119017,317.17222266000005,190.30333359600002,1668.5771332937343,2.218494541018379,rice
76,60,39,20.0454142,80.3477562,6.766240045,208.5810155,175,1.2666666666666666,1.9487179487179487,1.5384615384615385,0.6628571314938777,167.59016581342422,16.10604053069618,1,0,0,0,0,0,0.266240045,0,0,0,0,0.07088376156160202,514.23424342,405.9744027,1668.5771332937343,2.218494541018379,rice
93,56,42,23.85724032,82.22572988,7.382762603,195.0948311,191,1.6607142857142858,2.2142857142857144,1.3333333333333333,0.9214659541131003,160.41814883012822,19.616789982345647,1,0,0,0,0,0,0.8827626029999998,0,0,0,0,0.7792698132553352,686.596922079,413.43470576799996,1668.5771332937343,2.218494541018379,rice
65,60,43,21.97199397,81.89918197,5.658169482000001,227.3637009,168,1.0833333333333333,1.5116279069767442,1.3953488372093024,0.4642857059948981,186.20901113381754,17.994883323927727,1,0,0,0,0,0,0.8418305179999992,1,0,0,0,0.708678621036147,367.78101633000006,339.49016892000003,1668.5771332937343,2.218494541018379,rice
95,52,36,26.22916897,83.83625819,5.543360237999999,286.5083725,183,1.8269230769230769,2.638888888888889,1.4444444444444444,1.1147540800859987,240.19789890506695,21.98955381878056,1,0,0,0,0,0,0.9566397620000009,1,0,0,0,0.9151596342394184,526.61922261,288.25473237599994,1668.5771332937343,2.218494541018379,rice
75,38,39,23.44676801,84.79352417,6.215109715,283.9338466,152,1.9736842105263157,1.9230769230769231,0.9743589743589743,0.9605262968317179,240.7575148435817,19.881340899643178,1,0,0,0,0,0,0.28489028500000035,1,0,0,0,0.08116247448738143,466.13322862499996,236.17416917,1668.5771332937343,2.218494541018379,rice
74,54,38,25.65553461,83.47021081,7.120272972,217.3788583,166,1.3703703703703705,1.9473684210526316,1.4210526315789473,0.6746987829873714,181.44659127938118,21.41472882339951,1,0,0,0,0,0,0.6202729720000004,0,0,0,0,0.3847385597937133,526.900199928,384.49474048800005,1668.5771332937343,2.218494541018379,rice
91,36,45,24.44345477,82.45432595,5.950647577000001,267.97619480000003,172,2.5277777777777777,2.022222222222222,0.8,1.174418584167118,220.95796512879897,20.15468586949662,1,0,0,0,0,0,0.5493524229999993,1,0,0,0,0.3017880846559702,541.5089295070001,214.223312772,1668.5771332937343,2.218494541018379,rice
71,46,40,20.2801937,82.1235421,7.236705436,191.9535738,157,1.5434782608695652,1.775,1.15,0.7133757825469597,157.63907399209754,16.654813411181046,1,0,0,0,0,0,0.7367054360000003,0,0,0,0,0.5427348994319505,513.8060859560001,332.888450056,1668.5771332937343,2.218494541018379,rice
99,55,35,21.7238313,80.2389895,6.501697816,277.9626192,189,1.8,2.8285714285714287,1.5714285714285714,1.1428571247165535,223.034396833813,17.430982715804713,1,0,0,0,0,0,0.0016978160000000742,0,0,0,0,2.882579169856252e-06,643.668083784,357.59337988,1668.5771332937343,2.218494541018379,rice
72,40,38,20.41447029,82.20802629,7.592490617,245.1511304,150,1.8,1.894736842105263,1.0526315789473684,0.8799999824000004,201.53390572946418,16.78233310296744,1,0,0,0,0,0,1.0924906170000002,0,1,0,0,1.193535748233041,546.659324424,303.69962468,1668.5771332937343,2.218494541018379,rice
83,58,45,25.75528612,83.51827127,5.875345751,245.6626799,186,1.4310344827586208,1.8444444444444446,1.288888888888889,0.6774193439125913,205.17322340803378,21.51036972806626,1,0,0,0,0,0,0.6246542489999998,1,0,0,0,0.3901929307937537,487.653697333,340.77005355800003,1668.5771332937343,2.218494541018379,rice
93,58,38,20.61521424,83.77345559,6.932400225,279.5451717,189,1.603448275862069,2.4473684210526314,1.5263157894736843,0.9523809372637947,234.18465026808877,17.270077346129757,1,0,0,0,0,0,0.4324002250000003,0,0,0,0,0.1869699545800509,644.713220925,402.07921305,1668.5771332937343,2.218494541018379,rice
70,36,42,21.84106875,80.72886384,6.9462098810000015,202.3838319,148,1.9444444444444444,1.6666666666666667,0.8571428571428571,0.8378378208546389,163.38216808872548,17.63204665238829,1,0,0,0,0,0,0.4462098810000015,0,0,0,0,0.19910325790203548,486.2346916700001,250.06355571600005,1668.5771332937343,2.218494541018379,rice
76,47,42,20.08369642,83.29114712,5.739175027000001,263.6372176,165,1.6170212765957446,1.8095238095238095,1.119047619047619,0.7636363497520664,219.58646277429054,16.727941132316374,1,0,0,0,0,0,0.7608249729999992,1,0,0,0,0.5788546395404495,436.1773020520001,269.74122626900004,1668.5771332937343,2.218494541018379,rice
99,41,36,24.45802087,82.74835604,6.738652179,182.5616319,176,2.4146341463414633,2.75,1.1388888888888888,1.3749999765625003,151.06674915704622,20.238610189845105,1,0,0,0,0,0,0.2386521789999998,0,0,0,0,0.056954862541447944,667.126565721,276.284739339,1668.5771332937343,2.218494541018379,rice
99,54,37,21.14347496,80.33502926,5.5948196260000005,198.6730942,190,1.8333333333333333,2.675675675675676,1.4594594594594594,1.1263157716897512,159.60408835731738,16.985616795696775,1,0,0,0,0,0,0.9051803739999995,1,0,0,0,0.819351509474779,553.8871429740001,302.120259804,1668.5771332937343,2.218494541018379,rice
86,59,35,25.78720567,82.11124033,6.946636369,243.5120414,180,1.4576271186440677,2.4571428571428573,1.6857142857142857,0.8666666522222225,199.9507575464431,21.174194422085087,1,0,0,0,0,0,0.44663636900000014,0,0,0,0,0.1994840461135043,597.410727734,409.851545771,1668.5771332937343,2.218494541018379,rice
69,46,41,23.64124821,80.28597873,5.012139669,263.1103304,156,1.5,1.6829268292682926,1.1219512195121952,0.6538461412721897,211.24070390137672,18.980607509387106,1,0,0,0,0,0,1.4878603310000003,1,0,1,0,2.2137283645634303,345.837637161,230.558424774,1668.5771332937343,2.218494541018379,rice
91,56,37,23.43191632,80.56887849,6.363472207999999,269.5039162,184,1.625,2.4594594594594597,1.5135135135135136,0.9673912885751421,217.13628276896944,18.87883218773928,1,0,0,0,0,0,0.13652779200000076,1,0,0,0,0.018639837988395472,579.075970928,356.354443648,1668.5771332937343,2.218494541018379,rice
61,52,41,24.97669518,83.891805,6.880431223,204.8001847,154,1.1730769230769231,1.4878048780487805,1.2682926829268293,0.40259739475459616,171.81057158816384,20.953400415850002,1,0,0,0,0,0,0.38043122300000043,0,0,0,0,0.14472791543327607,419.70630460300004,357.782423596,1668.5771332937343,2.218494541018379,rice
67,45,38,22.72791041,82.17068809999998,7.300410836,260.8875056,150,1.488888888888889,1.763157894736842,1.1842105263157894,0.6799999864000003,214.373058518446,18.675680374648525,1,0,0,0,0,0,0.8004108360000002,0,0,0,0,0.6406575063862192,489.12752601200003,328.51848762000003,1668.5771332937343,2.218494541018379,rice
79,42,37,24.87300744,82.84022551,6.587918707999999,295.6094492000001,158,1.880952380952381,2.135135135135135,1.135135135135135,0.9999999810126586,244.88353434614896,20.604855454415077,1,0,0,0,0,0,0.08791870799999923,0,0,0,0,0.007729699216389129,520.445577932,276.69258573599996,1668.5771332937343,2.218494541018379,rice
78,43,42,21.32376327,83.00320459,7.283736617000001,192.3197536,163,1.813953488372093,1.8571428571428572,1.0238095238095237,0.871165628138056,159.63155854759188,17.69940685328537,1,0,0,0,0,0,0.7837366170000006,0,0,0,0,0.6142430848266057,568.1314561260001,313.200674531,1668.5771332937343,2.218494541018379,rice
75,54,36,26.29465461,84.56919326,7.023936392,257.4914906,165,1.3888888888888888,2.0833333333333335,1.5,0.727272714049587,217.75847631356876,22.2371772741804,1,0,0,0,0,0,0.5239363920000004,0,0,0,0,0.2745093428619781,526.7952294,379.292565168,1668.5771332937343,2.218494541018379,rice
97,36,45,22.2286982,81.85872947,6.939083505,278.0791793,178,2.6944444444444446,2.1555555555555554,0.8,1.2696628999495019,227.63208309558325,18.19612992424076,1,0,0,0,0,0,0.43908350500000015,0,0,0,0,0.19279432436308516,673.091099985,249.80700618,1668.5771332937343,2.218494541018379,rice
67,47,44,26.73072391,81.78596776,7.868474653,280.4044392,158,1.425531914893617,1.5227272727272727,1.0681818181818181,0.5443037871334724,229.3314842417208,21.86198123904721,1,0,0,0,0,0,1.3684746529999998,0,1,0,0,1.87272287590347,527.1878017509999,369.81830869099997,1668.5771332937343,2.218494541018379,rice
73,35,38,24.88921174,81.97927117,5.005306977,185.9461429,146,2.085714285714286,1.9210526315789473,0.9210526315789473,0.9999999794520553,152.43729271814672,20.403994384410076,1,0,0,0,0,0,1.494693023,1,0,1,0,2.2341072330048783,365.387409321,175.185744195,1668.5771332937343,2.218494541018379,rice
77,36,37,26.88444878,81.46033732,6.136131869,194.5766559,150,2.138888888888889,2.081081081081081,0.972972972972973,1.0799999784000005,158.50280024211568,21.900162662810622,1,0,0,0,0,0,0.36386813100000026,1,0,0,0,0.13240001675743335,472.482153913,220.90074728399998,1668.5771332937343,2.218494541018379,rice
81,41,38,22.67846116,83.72874389,7.5240800760000015,200.9133156,160,1.975609756097561,2.1315789473684212,1.0789473684210527,1.0374999805468754,168.22219545963142,18.988390662849525,1,0,0,0,0,0,1.0240800760000015,0,1,0,0,1.048740002060169,609.4504861560001,308.48728311600007,1668.5771332937343,2.218494541018379,rice
68,57,43,26.08867875,80.37979919,5.706943251,182.9043504,168,1.1929824561403508,1.5813953488372092,1.3255813953488371,0.4642857059948981,147.01814956129397,20.9700275905742,1,0,0,0,0,0,0.7930567489999998,1,0,0,0,0.6289390071344486,388.072141068,325.295765307,1668.5771332937343,2.218494541018379,rice
72,45,35,25.42977518,82.94682591,5.758506323,195.3574542,152,1.6,2.057142857142857,1.2857142857142858,0.8421052465373965,162.042807437482,21.09319134785899,1,0,0,0,0,0,0.7414936770000002,1,0,0,0,0.5498128730309807,414.612455256,259.132784535,1668.5771332937343,2.218494541018379,rice
61,53,43,26.40323239,81.05635517,6.349606327,223.3671883,157,1.150943396226415,1.4186046511627908,1.2325581395348837,0.3566878912734797,181.0533014816907,21.40149782239888,1,0,0,0,0,0,0.15039367299999995,1,0,0,0,0.022618256878430915,387.325985947,336.529135331,1668.5771332937343,2.218494541018379,rice
67,43,39,26.04371967,84.96907151,5.9999690260000005,186.7536773,149,1.558139534883721,1.7179487179487178,1.1025641025641026,0.6979865631277874,158.68286561259163,22.12910679026624,1,0,0,0,0,0,0.5000309739999995,1,0,0,0,0.2500309749593882,401.997924742,257.998668118,1668.5771332937343,2.218494541018379,rice
67,58,39,25.2827223,80.54372813,5.453592032,220.1156708,164,1.1551724137931034,1.7179487179487178,1.4871794871794872,0.5731707212224869,177.2893674606778,20.363647113174885,1,0,0,0,0,0,1.0464079679999996,1,0,1,0,1.094969635493888,365.390666144,316.30833785600004,1668.5771332937343,2.218494541018379,rice
66,60,38,22.08576562,83.47038318,6.372576327000001,231.7364957,164,1.1,1.736842105263158,1.5789473684210527,0.6097560864069009,193.43134092869423,18.4350731912507,1,0,0,0,0,0,0.12742367299999913,1,0,0,0,0.016236792440810707,420.59003758200004,382.35457962000004,1668.5771332937343,2.218494541018379,rice
82,43,38,23.28617173,81.43321641,5.105588355,242.3170629,163,1.9069767441860466,2.1578947368421053,1.131578947368421,1.0184048892318118,197.32657822971282,18.96267861849514,1,0,0,0,0,0,1.394411645,1,0,1,0,1.944383835711606,418.65824511,219.54029926500002,1668.5771332937343,2.218494541018379,rice
84,50,44,25.48591986,81.40633547,5.9353444060000005,182.6549356,178,1.68,1.9090909090909092,1.1363636363636365,0.8314606601439215,148.69268962704845,20.747153418846953,1,0,0,0,0,0,0.5646555939999995,1,0,0,0,0.3188359398354923,498.56893010400006,296.7672203,1668.5771332937343,2.218494541018379,rice
81,53,42,23.67575393,81.03569343,5.17782304,233.7034975,176,1.528301886792453,1.9285714285714286,1.2619047619047619,0.7613636233858474,189.38324976928772,19.185811371955975,1,0,0,0,0,0,1.3221769600000002,1,0,1,0,1.748151913554842,419.40366624,274.42462112,1668.5771332937343,2.218494541018379,rice
91,50,40,20.82477109,84.1341879,6.462391607000001,230.22422230000004,181,1.82,2.275,1.25,1.016574568786057,193.69727978119573,17.520752038605476,1,0,0,0,0,0,0.037608392999999296,1,0,0,0,0.001414391224042396,588.0776362370001,323.11958035000004,1668.5771332937343,2.218494541018379,rice
93,53,38,26.92995077,81.91411159,7.069172227,290.67937830000005,184,1.7547169811320755,2.4473684210526314,1.394736842105263,1.0326086788161628,238.1074303097803,22.059429924869868,1,0,0,0,0,0,0.5691722270000001,0,0,0,0,0.3239570239881397,657.433017111,374.666128031,1668.5771332937343,2.218494541018379,rice
90,44,38,23.83509503,83.88387074,7.473134377,241.20135130000003,172,2.0454545454545454,2.3684210526315788,1.1578947368421053,1.1395348638453222,202.32902974762536,19.99380030572137,1,0,0,0,0,0,0.973134377,0,0,0,0,0.9469905156991782,672.58209393,328.817912588,1668.5771332937343,2.218494541018379,rice
81,45,35,26.52872817,80.12267476,6.158376967000001,218.9163567,161,1.8,2.3142857142857145,1.2857142857142858,1.018633521391922,175.40164047518243,21.2555265896136,1,0,0,0,0,0,0.3416230329999994,1,0,0,0,0.11670629667611869,498.82853432700006,277.126963515,1668.5771332937343,2.218494541018379,rice
78,40,38,26.46428311,83.85642678,7.549873681,248.2256491,156,1.95,2.0526315789473686,1.0526315789473684,0.9999999807692311,208.15315968672124,22.192002188989058,1,0,0,0,0,0,1.0498736810000002,0,1,0,0,1.1022347460564903,588.8901471180001,301.99494724,1668.5771332937343,2.218494541018379,rice
60,51,36,22.69657794,82.81088865,6.028321557999999,256.9964761,147,1.1764705882352942,1.6666666666666667,1.4166666666666667,0.5306122340691382,212.82106565759483,18.79523788525386,1,0,0,0,0,0,0.47167844200000086,1,0,0,0,0.22248055264754818,361.69929347999994,307.44439945799996,1668.5771332937343,2.218494541018379,rice
88,46,42,22.68319059,83.46358271,6.604993475,194.2651719,176,1.9130434782608696,2.0952380952380953,1.0952380952380953,0.9999999829545458,162.14067242548018,18.932203539351583,1,0,0,0,0,0,0.10499347499999967,0,0,0,0,0.011023629792575556,581.2394257999999,303.82969985,1668.5771332937343,2.218494541018379,rice
93,47,37,21.53346343,82.14004101,6.500343222000001,295.9248796,177,1.9787234042553192,2.5135135135135136,1.2702702702702702,1.1525423533467398,243.07281746223316,17.687595692275355,1,0,0,0,0,0,0.000343222000000587,0,0,0,0,1.1780134128440295e-07,604.531919646,305.51613143400004,1668.5771332937343,2.218494541018379,rice
60,55,45,21.40865769,83.32931909999998,5.935745417000001,287.5766935000001,160,1.0909090909090908,1.3333333333333333,1.2222222222222223,0.31249999414062507,239.63570058384397,17.839688681526784,1,0,0,0,0,0,0.5642545829999994,1,0,0,0,0.31838323443650324,356.14472502,326.465997935,1668.5771332937343,2.218494541018379,rice
78,35,44,26.54348085,84.67353597,7.072655622,183.6222657,157,2.2285714285714286,1.7727272727272727,0.7954545454545454,0.9808917010020695,155.4794651964185,22.475303805214814,1,0,0,0,0,0,0.5726556220000001,0,0,0,0,0.327934461408207,551.667138516,247.54294677000001,1668.5771332937343,2.218494541018379,rice
65,37,40,23.35905428,83.59512273,5.333322606,188.413665,142,1.7567567567567568,1.625,0.925,0.7464788574687566,157.50463449684108,19.527030093933316,1,0,0,0,0,0,1.1666773939999997,1,0,1,0,1.3611361416706305,346.66596939000004,197.33293642200002,1668.5771332937343,2.218494541018379,rice
71,54,16,22.61359953,63.69070564,5.7499144210000015,87.75953857,141,1.3148148148148149,4.4375,3.375,1.3191489081032148,55.894669381640966,14.402761111260723,1,0,0,0,0,0,0.7500855789999985,1,0,0,0,0.562628375823763,408.2439238910001,310.4953787340001,1408.8204284426668,3.4272159774543587,maize
61,44,17,26.10018422,71.57476937,6.931756557999999,102.2662445,122,1.3863636363636365,3.588235294117647,2.588235294117647,1.1639343976081709,73.19682864423531,18.681146660610132,1,0,0,0,0,0,0.4317565579999991,0,0,0,0,0.18641372537600662,422.83715003799995,304.997288552,1408.8204284426668,3.4272159774543587,maize
80,43,16,23.55882094,71.59351368,6.657964753,66.71995467,139,1.8604651162790697,5.0,2.6875,1.4532373787071071,47.76715987395625,16.866587692525606,1,0,0,0,0,0,0.1579647529999999,0,0,0,0,0.024952863190350977,532.63718024,286.292484379,1408.8204284426668,3.4272159774543587,maize
73,58,21,19.97215954,57.68272924,6.596060648,60.65171481,152,1.2586206896551724,3.4761904761904763,2.761904761904762,1.171052608466067,34.98556443326928,11.520486710839029,1,0,0,0,0,0,0.09606064799999992,0,0,0,0,0.009227648094179888,481.51242730399997,382.571517584,1408.8204284426668,3.4272159774543587,maize
61,38,20,18.47891261,62.69503871,5.970458434,65.43835393,119,1.605263157894737,3.05,1.9,1.075630224984112,41.026601327600304,11.58536141402657,1,0,0,0,0,0,0.5295415659999998,1,0,0,0,0.28041427012173215,364.197964474,226.877420492,1408.8204284426668,3.4272159774543587,maize
68,41,16,21.77689322,57.80840636,6.158830619,102.0861694,125,1.6585365853658536,4.25,2.5625,1.2639999696640007,59.01438764410997,12.588874925200889,1,0,0,0,0,0,0.34116938100000027,1,0,0,0,0.11639654653192334,418.800482092,252.512055379,1408.8204284426668,3.4272159774543587,maize
93,41,17,25.6217169,66.50415474,6.047906679,105.4654703,151,2.268292682926829,5.470588235294118,2.411764705882353,1.6953642047278636,70.13891956558075,17.03950625422073,1,0,0,0,0,0,0.45209332100000044,1,0,0,0,0.20438837089280942,562.455321147,247.96417383899998,1408.8204284426668,3.4272159774543587,maize
89,60,19,25.19192419,66.69029010000001,5.913664501,78.06639649,168,1.4833333333333334,4.684210526315789,3.1578947368421053,1.3214285478316332,52.062706289797234,16.80056732408308,1,0,0,0,0,0,0.5863354989999996,1,0,0,0,0.3437893173875785,526.316140589,354.81987006,1408.8204284426668,3.4272159774543587,maize
76,44,17,20.41683147,62.55424820000001,5.855442401,65.27798457,137,1.7272727272727273,4.470588235294118,2.588235294117647,1.3284671241941506,40.83415248787551,12.771595432319511,1,0,0,0,0,0,0.6445575989999996,1,0,0,0,0.41545449842864435,445.013622476,257.63946564400004,1408.8204284426668,3.4272159774543587,maize
67,60,25,24.92162194,66.78627406,5.750254943,109.2162279,152,1.1166666666666667,2.68,2.4,1.0131578747403052,72.94144928328818,16.644222729045488,1,0,0,0,0,0,0.7497450570000002,1,0,0,0,0.5621176504959335,385.267081181,345.01529658,1408.8204284426668,3.4272159774543587,maize
70,44,19,23.31689124,73.4541537,5.852607099,94.29712821,133,1.5909090909090908,3.6842105263157894,2.3157894736842106,1.1578947107241795,69.26515749005947,17.127225129491435,1,0,0,0,0,0,0.6473929009999999,1,0,0,0,0.4191175682651957,409.68249693,257.514712356,1408.8204284426668,3.4272159774543587,maize
90,49,21,24.84016732,68.3584573,6.4725232870000005,74.05474936,160,1.836734693877551,4.285714285714286,2.3333333333333335,1.3749999742187506,50.62268421987762,16.980355170690753,1,0,0,0,0,0,0.027476712999999542,1,0,0,0,0.0007549697572843438,582.52709583,317.153641063,1408.8204284426668,3.4272159774543587,maize
62,52,16,22.27526694,58.84015925,6.9670577620000005,63.87020584,130,1.1923076923076923,3.875,3.25,1.2615384324260361,37.5813308295588,13.106802540858602,1,0,0,0,0,0,0.4670577620000005,0,0,0,0,0.2181429530444491,431.95758124400004,362.287003624,1408.8204284426668,3.4272159774543587,maize
92,44,16,18.87751445,65.76816093,6.082973754,94.76189431,152,2.090909090909091,5.75,2.75,1.6315789151662057,62.32315515011731,12.415394083060004,1,0,0,0,0,0,0.4170262459999998,1,0,0,0,0.17391088985285236,559.633585368,267.650845176,1408.8204284426668,3.4272159774543587,maize
66,54,21,25.19008683,60.200168700000006,5.919045532,72.12375573,141,1.2222222222222223,3.142857142857143,2.5714285714285716,1.1063829551833415,43.418622622235915,15.16447476733648,1,0,0,0,0,0,0.5809544679999998,1,0,0,0,0.3375080938891628,390.65700511200004,319.628458728,1408.8204284426668,3.4272159774543587,maize
63,58,22,18.25405352,55.28220433,6.204747652999999,63.72358154,143,1.0862068965517242,2.8636363636363638,2.6363636363636362,1.0769230543302857,35.227800553336955,10.091243165433957,1,0,0,0,0,0,0.2952523470000008,1,0,0,0,0.08717394840900888,390.8991021389999,359.87536387399996,1408.8204284426668,3.4272159774543587,maize
70,47,17,24.612911800000006,70.4162444,6.600827017,104.1626147,134,1.4893617021276595,4.117647058823529,2.764705882352941,1.2388059424147926,73.34740134058232,17.33148812704444,1,0,0,0,0,0,0.1008270170000003,0,0,0,0,0.01016608735711835,462.05789119,310.238869799,1408.8204284426668,3.4272159774543587,maize
61,41,17,25.1420613,65.26185135,6.021902237000001,76.68456006,119,1.4878048780487805,3.588235294117647,2.411764705882353,1.1428571140456192,50.04576359475867,16.408174671931878,1,0,0,0,0,0,0.4780977629999992,1,0,0,0,0.22857747098560338,367.33603645700003,246.89799171700002,1408.8204284426668,3.4272159774543587,maize
66,53,19,23.09348056,60.11593810000001,6.033550195,65.49730729,138,1.2452830188679245,3.473684210526316,2.789473684210526,1.1739130179584127,39.37432070762319,13.882862478585135,1,0,0,0,0,0,0.4664498049999999,1,0,0,0,0.2175754205845379,398.21431287,319.778160335,1408.8204284426668,3.4272159774543587,maize
74,55,19,18.05033737,62.89366992,6.28886807,84.23613484,148,1.3454545454545455,3.8947368421052633,2.8947368421052633,1.2297297048027762,52.97919659963573,11.35251960493421,1,0,0,0,0,0,0.21113192999999963,1,0,0,0,0.044576691865524744,465.37623718000003,345.88774385,1408.8204284426668,3.4272159774543587,maize
77,57,21,24.9321581,73.80435276,6.550563822999999,79.74078719,155,1.3508771929824561,3.6666666666666665,2.7142857142857144,1.1870967512174824,58.8521718713085,18.401017914804914,1,0,0,0,0,0,0.050563822999999175,0,0,0,0,0.002556700196375246,504.39341437099995,373.382137911,1408.8204284426668,3.4272159774543587,maize
99,50,15,18.14710054,71.09445342,5.573286437,88.07753741,164,1.98,6.6,3.3333333333333335,1.6219511898423562,62.61824380743552,12.901581940490868,1,0,0,0,0,0,0.9267135629999999,1,0,0,0,0.8587980278481547,551.7553572630001,278.66432185,1408.8204284426668,3.4272159774543587,maize
74,56,22,18.28362235,66.65952796,6.829199275,80.97573281,152,1.3214285714285714,3.3636363636363638,2.5454545454545454,1.1315789250346266,53.97804125329685,12.187776352499062,1,0,0,0,0,0,0.3291992749999997,0,0,0,0,0.10837216266052542,505.36074635,382.4351594,1408.8204284426668,3.4272159774543587,maize
83,45,21,18.83344471,58.75082029,5.716222912,79.75328959999999,149,1.8444444444444446,3.9523809523809526,2.142857142857143,1.3422818521688218,46.855711848259254,11.064803255988611,1,0,0,0,0,0,0.7837770879999999,1,0,0,0,0.6143065236737596,474.446501696,257.23003104000003,1408.8204284426668,3.4272159774543587,maize
100,48,16,25.71895816,67.22190688,5.54990242,74.51490791,164,2.0833333333333335,6.25,3.0,1.6585365550267703,50.09034200697796,17.28877410482136,1,0,0,0,0,0,0.9500975800000004,1,0,0,0,0.9026854115218572,554.990242,266.39531616,1408.8204284426668,3.4272159774543587,maize
79,51,16,25.33797709,68.49835977,6.586244581,96.46380213,146,1.5490196078431373,4.9375,3.1875,1.3424657258397457,66.07612223082832,17.356098705548376,1,0,0,0,0,0,0.08624458099999988,0,0,0,0,0.0074381277518655396,520.313321899,335.898473631,1408.8204284426668,3.4272159774543587,maize
94,39,18,23.89114571,57.48775781,5.893093135,102.8301942,151,2.41025641025641,5.222222222222222,2.1666666666666665,1.735099303276173,59.11477299724866,13.734483983799004,1,0,0,0,0,0,0.606906865,1,0,0,0,0.36833594278412823,553.95075469,229.830632265,1408.8204284426668,3.4272159774543587,maize
75,49,15,21.53574127,71.50905983,5.918263801,102.4852929,139,1.530612244897959,5.0,3.2666666666666666,1.3525179564204757,73.28626941681175,15.400006109598301,1,0,0,0,0,0,0.5817361989999998,1,0,0,0,0.33841700522696744,443.86978507500004,289.994926249,1408.8204284426668,3.4272159774543587,maize
78,48,22,23.08974909,63.10459626,5.588650585,70.43473609,148,1.625,3.5454545454545454,2.1818181818181817,1.1621621386048215,44.44755583639101,14.570692940691526,1,0,0,0,0,0,0.9113494150000001,1,0,0,0,0.8305577562208424,435.91474562999997,268.25522808,1408.8204284426668,3.4272159774543587,maize
87,54,20,25.61707368,63.4711755,6.576418207000001,108.8303762,161,1.6111111111111112,4.35,2.7,1.2546583617144407,69.07591907521223,16.259457793397107,1,0,0,0,0,0,0.07641820700000057,0,0,0,0,0.005839742361094936,572.1483840090001,355.12658317800003,1408.8204284426668,3.4272159774543587,maize
87,35,25,21.44526922,63.1621551,6.178056304,65.88951188,147,2.4857142857142858,3.48,1.4,1.5510203765097883,41.61723568827852,13.54529420634896,1,0,0,0,0,0,0.32194369599999995,1,0,0,0,0.10364774339414039,537.490898448,216.23197064000001,1408.8204284426668,3.4272159774543587,maize
63,43,19,18.51816776,55.53128131,6.641906353,90.988051,125,1.4651162790697674,3.3157894736842106,2.263157894736842,1.0879999738880008,50.52683055929627,10.283375832263326,1,0,0,0,0,0,0.14190635300000043,0,0,0,0,0.020137413021760732,418.440100239,285.601973179,1408.8204284426668,3.4272159774543587,maize
84,57,25,22.53510514,67.99257471,6.489040367,64.40866039,166,1.4736842105263157,3.36,2.28,1.0963855223544785,43.79310653538092,15.322198198291549,1,0,0,0,0,0,0.010959632999999691,1,0,0,0,0.00012011355549468223,545.079390828,369.87530091900004,1408.8204284426668,3.4272159774543587,maize
64,35,23,23.02038334,61.89472002,5.680361037999999,63.03843397,122,1.8285714285714285,2.782608695652174,1.5217391304347827,1.1475409553883373,39.01746221072408,14.248401815823724,1,0,0,0,0,0,0.8196389620000009,1,0,0,0,0.6718080280284389,363.54310643199995,198.81263632999998,1408.8204284426668,3.4272159774543587,maize
60,46,22,24.89364635,65.61418761,6.625404347999999,87.9298085,128,1.3043478260869565,2.727272727272727,2.090909090909091,0.9687499772949226,57.69442951430372,16.333763819058916,1,0,0,0,0,0,0.1254043479999991,0,0,0,0,0.015726250497304882,397.52426087999993,304.76860000799996,1408.8204284426668,3.4272159774543587,maize
98,44,21,25.77175115,74.089114,6.524478032,107.4931917,163,2.227272727272727,4.666666666666667,2.0952380952380953,1.6073619336068357,79.64075334085153,19.09406208931981,1,0,0,0,0,0,0.024478032000000205,0,0,0,0,0.0005991740505930341,639.398847136,287.07703340800003,1408.8204284426668,3.4272159774543587,maize
75,56,18,19.39851734,62.35750641,5.696205468,60.95197486,149,1.3392857142857142,4.166666666666667,3.111111111111111,1.2751677595603808,38.008131630346085,12.096431693735461,1,0,0,0,0,0,0.8037945320000004,1,0,0,0,0.6460856496730997,427.2154101,318.98750620799996,1408.8204284426668,3.4272159774543587,maize
86,55,21,21.54156232,59.64024162,6.803931519,109.7515385,162,1.5636363636363637,4.095238095238095,2.619047619047619,1.2222221995884779,65.45608274306733,12.847439816370878,1,0,0,0,0,0,0.3039315189999998,0,0,0,0,0.09237436824164726,585.138110634,374.21623354499997,1408.8204284426668,3.4272159774543587,maize
98,35,18,23.79746068,74.82913698,6.252797547999999,91.76337172,151,2.8,5.444444444444445,1.9444444444444444,1.8940396974694103,68.66573912182538,17.80743444999884,1,0,0,0,0,0,0.24720245200000068,1,0,0,0,0.06110905227481264,612.7741597039999,218.84791417999998,1408.8204284426668,3.4272159774543587,maize
76,57,18,18.9802729,74.52600826,6.092725883,94.26249353,151,1.3333333333333333,4.222222222222222,3.1666666666666665,1.284768186395334,70.25007371424977,14.14523974922454,1,0,0,0,0,0,0.40727411700000005,1,0,0,0,0.16587220637812972,463.047167108,347.285375331,1408.8204284426668,3.4272159774543587,maize
99,56,17,24.10859207,73.13112261,6.234330356,71.07562236,172,1.7678571428571428,5.823529411764706,3.2941176470588234,1.4534883467414825,51.97840053391218,17.63088402625644,1,0,0,0,0,0,0.2656696439999999,1,0,0,0,0.0705803597430867,617.198705244,349.122499936,1408.8204284426668,3.4272159774543587,maize
60,44,23,24.7947077,70.04556743,5.722579819,76.72860067,127,1.3636363636363635,2.608695652173913,1.9130434782608696,0.9133858051956109,53.74498372040029,17.367593701074906,1,0,0,0,0,0,0.7774201810000001,1,0,0,0,0.6043821378260729,343.35478914,251.79351203599998,1408.8204284426668,3.4272159774543587,maize
74,48,17,21.63162756,60.27766379,6.430616465,69.21803098,139,1.5416666666666667,4.352941176470588,2.823529411764706,1.2661870230319348,41.72301199618244,13.03903973292178,1,0,0,0,0,0,0.06938353500000005,1,0,0,0,0.004814074929096232,475.86561841,308.66959032,1408.8204284426668,3.4272159774543587,maize
89,60,17,25.37548751,57.21025565,5.983952675,101.7004306,166,1.4833333333333334,5.235294117647059,3.5294117647058822,1.3855421436347803,58.183076343410825,14.517381276904818,1,0,0,0,0,0,0.5160473249999997,1,0,0,0,0.26630484163965534,532.571788075,359.0371605,1408.8204284426668,3.4272159774543587,maize
69,51,23,22.21738222,72.85462807,6.80163854,106.6213157,143,1.3529411764705883,3.0,2.217391304347826,1.0349650132524824,77.67856299657552,16.18639118327131,1,0,0,0,0,0,0.3016385399999999,0,0,0,0,0.09098580881333154,469.31305926,346.88356554,1408.8204284426668,3.4272159774543587,maize
96,46,22,20.58314011,69.00128641,6.499936446,66.29390357,164,2.0869565217391304,4.363636363636363,2.090909090909091,1.512195094289114,45.743646274704915,14.20263145947269,1,0,0,0,0,0,6.355399999957712e-05,1,0,0,0,4.039110915946248e-09,623.9938988160001,298.997076516,1408.8204284426668,3.4272159774543587,maize
61,60,15,24.87502824,68.74248334,6.265564338,91.26056654,136,1.0166666666666666,4.066666666666666,4.0,1.3382352645977516,62.734779749749116,17.099712143702295,1,0,0,0,0,0,0.2344356620000001,1,0,0,0,0.05496007961737829,382.19942461799997,375.93386028,1408.8204284426668,3.4272159774543587,maize
74,58,18,20.03728219,56.35606753,6.727303282,109.024141,150,1.2758620689655173,4.111111111111111,3.2222222222222223,1.2799999744000006,61.441718525962415,11.292224282173063,1,0,0,0,0,0,0.22730328200000027,0,0,0,0,0.051666782007971646,497.82044286800004,390.183590356,1408.8204284426668,3.4272159774543587,maize
74,43,23,25.95263264,61.89082199,6.325235159,99.57981207,140,1.7209302325581395,3.217391304347826,1.8695652173913044,1.1714285463265313,61.630764226220236,16.06229766894104,1,0,0,0,0,0,0.174764841,1,0,0,0,0.030542749649755282,468.067401766,271.985111837,1408.8204284426668,3.4272159774543587,maize
63,43,17,19.28889933,65.47050802,6.807487794,71.3195307,123,1.4651162790697674,3.7058823529411766,2.5294117647058822,1.170731678762642,46.69325906676986,12.628540382817375,1,0,0,0,0,0,0.30748779400000004,0,0,0,0,0.09454874345898646,428.871731022,292.721975142,1408.8204284426668,3.4272159774543587,maize
99,36,20,20.57981887,65.34583901,6.671085817000001,78.34604471,155,2.75,4.95,1.8,1.8322580290530703,51.19588024689923,13.448055307339803,1,0,0,0,0,0,0.1710858170000007,0,0,0,0,0.029270356778557726,660.4374958830001,240.15908941200001,1408.8204284426668,3.4272159774543587,maize
77,36,23,24.71417533,56.73426469,6.648725327,88.45361858,136,2.138888888888889,3.347826086956522,1.565217391304348,1.3970587927119384,50.18351009306022,14.021405647672882,1,0,0,0,0,0,0.14872532700000018,0,0,0,0,0.022119222891256982,511.951850179,239.354111772,1408.8204284426668,3.4272159774543587,maize
87,60,23,20.27317074,63.91281869,6.439071996,62.50351892,170,1.45,3.782608695652174,2.608695652173913,1.1882352731487895,39.94776072220945,12.957154857770334,1,0,0,0,0,0,0.06092800399999998,1,0,0,0,0.0037122216714240135,560.199263652,386.34431976,1408.8204284426668,3.4272159774543587,maize
60,38,17,18.41932981,64.23580251,6.474476516,76.41312437,115,1.5789473684210527,3.5294117647058822,2.235294117647059,1.1304347531190935,49.08458366203388,11.831804320417158,1,0,0,0,0,0,0.02552348399999982,1,0,0,0,0.0006514482354982468,388.46859096000003,246.030107608,1408.8204284426668,3.4272159774543587,maize
94,54,17,23.39128187,61.74427165,5.871647806,107.3198135,165,1.7407407407407407,5.529411764705882,3.176470588235294,1.4181817923966948,66.26383718171337,14.442776620230001,1,0,0,0,0,0,0.6283521939999996,1,0,0,0,0.3948264797046132,551.934893764,317.06898152400004,1408.8204284426668,3.4272159774543587,maize
95,38,22,19.84939404,61.24500053,5.730617109,100.7689246,155,2.5,4.318181818181818,1.7272727272727273,1.677419322372529,61.715928405345295,12.156761484999787,1,0,0,0,0,0,0.7693828910000002,1,0,0,0,0.5919500329635182,544.408625355,217.76345014199998,1408.8204284426668,3.4272159774543587,maize
84,44,21,21.869274,61.91044947,5.850439831,107.2681929,149,1.9090909090909092,4.0,2.0952380952380953,1.3825503077338863,66.41022036273664,13.539365829225849,1,0,0,0,0,0,0.6495601689999999,1,0,0,0,0.42192841315130847,491.436945804,257.419352564,1408.8204284426668,3.4272159774543587,maize
77,58,19,22.8056033,56.50768935,5.791649933,101.5952794,154,1.3275862068965518,4.052631578947368,3.0526315789473686,1.2597402351998654,57.40914487761654,12.88691946715735,1,0,0,0,0,0,0.7083500669999996,1,0,0,0,0.5017598174189039,445.957044841,335.915696114,1408.8204284426668,3.4272159774543587,maize
66,44,20,19.0781471,69.02298571,6.740000687999999,80.72515943,130,1.5,3.3,2.2,1.0769230520710065,55.71891525774362,13.168306746565777,1,0,0,0,0,0,0.2400006879999994,0,0,0,0,0.057600330240473056,444.840045408,296.56003027199995,1408.8204284426668,3.4272159774543587,maize
63,35,16,22.02720976,65.35549924,6.272417541,83.73280082,114,1.8,3.9375,2.1875,1.3157894390581728,54.723990003545815,14.395992907290008,1,0,0,0,0,0,0.22758245899999974,1,0,0,0,0.05179377564448656,395.16230508300004,219.534613935,1408.8204284426668,3.4272159774543587,maize
79,45,20,23.80546189,59.24537979,5.715208817000001,89.96220140000001,144,1.7555555555555555,3.95,2.25,1.2916666397569452,53.298447886874705,14.103636307494211,1,0,0,0,0,0,0.7847911829999994,1,0,0,0,0.6158972009145386,451.50149654300003,257.18439676500003,1408.8204284426668,3.4272159774543587,maize
72,60,25,18.52510753,69.0276233,5.773454729,88.10234397,157,1.2,2.88,2.4,1.044585967300905,60.81495411408188,12.787441441728335,1,0,0,0,0,0,0.726545271,1,0,0,0,0.5278680308124635,415.688740488,346.40728374,1408.8204284426668,3.4272159774543587,maize
67,51,24,23.50297882,61.32026065,5.584171461,64.77791424,142,1.3137254901960784,2.7916666666666665,2.125,0.9859154721285464,39.72198585560147,14.412087872938294,1,0,0,0,0,0,0.9158285389999996,1,0,0,0,0.8387419128468738,374.13948788700003,284.792744511,1408.8204284426668,3.4272159774543587,maize
86,36,24,26.54986394,72.89187265,5.787268394,73.33636055,146,2.388888888888889,3.5833333333333335,1.5,1.5342465438168518,53.45624653825084,19.352693011893074,1,0,0,0,0,0,0.7127316060000002,1,0,0,0,0.5079863421913395,497.705081884,208.341662184,1408.8204284426668,3.4272159774543587,maize
76,48,18,19.29563411,69.63481219,5.77597783,83.21030571,142,1.5833333333333333,4.222222222222222,2.6666666666666665,1.2394365935330296,57.94334010388335,13.436478573368081,1,0,0,0,0,0,0.7240221699999996,1,0,0,0,0.5242081026515083,438.97431508000005,277.24693584,1408.8204284426668,3.4272159774543587,maize
75,53,18,20.68899915,59.4375337,6.864793607,103.651438,146,1.4150943396226414,4.166666666666667,2.9444444444444446,1.2602739467067,61.6078583917846,12.297030841973964,1,0,0,0,0,0,0.3647936070000002,0,0,0,0,0.1330743757080706,514.859520525,363.83406117100003,1408.8204284426668,3.4272159774543587,maize
81,45,23,19.32666088,68.03449300000001,6.192360002999999,84.22969177,149,1.8,3.5217391304347827,1.9565217391304348,1.2617449410386925,57.30524375118223,13.148795743537338,1,0,0,0,0,0,0.3076399970000008,1,0,0,0,0.09464236775416049,501.58116024299994,278.65620013499995,1408.8204284426668,3.4272159774543587,maize
73,45,21,24.60532218,73.58868502,6.636803222999999,96.59195302,139,1.6222222222222222,3.4761904761904763,2.142857142857143,1.1510791118472135,71.08074806255418,18.1067330371964,1,0,0,0,0,0,0.13680322299999936,0,0,0,0,0.018715121823187554,484.4866352789999,298.65614503499995,1408.8204284426668,3.4272159774543587,maize
71,35,24,22.27373646,59.52193158,5.826426917,67.96704792,130,2.0285714285714285,2.9583333333333335,1.4583333333333333,1.2769230474556221,40.45529975988821,13.257758176030713,1,0,0,0,0,0,0.673573083,1,0,0,0,0.4537006981421248,413.676311107,203.924942095,1408.8204284426668,3.4272159774543587,maize
96,54,22,25.70196694,61.33450447,6.960358276,83.20711308,172,1.7777777777777777,4.363636363636363,2.4545454545454546,1.3488371857760957,51.03467049141055,15.76417406169222,1,0,0,0,0,0,0.460358276,0,0,0,0,0.21192974228169217,668.194394496,375.859346904,1408.8204284426668,3.4272159774543587,maize
99,39,18,19.20129357,68.30578978,6.11275104,87.85092352,156,2.5384615384615383,5.5,2.1666666666666665,1.8076922729289948,60.00726713935977,13.115595220964856,1,0,0,0,0,0,0.38724896,1,0,0,0,0.14996175702108158,605.16235296,238.39729056,1408.8204284426668,3.4272159774543587,maize
62,48,20,21.70181447,60.47470519,6.708446922,95.71388473,130,1.2916666666666667,3.1,2.4,1.0769230520710065,57.882689616363926,13.12410832161326,1,0,0,0,0,0,0.20844692200000026,0,0,0,0,0.04345011929127419,415.923709164,322.005452256,1408.8204284426668,3.4272159774543587,maize
86,37,16,20.51716779,59.21235483,5.561510732,67.61013737,139,2.324324324324324,5.375,2.3125,1.71223017887273,40.03355444057483,12.14869819288127,1,0,0,0,0,0,0.9384892679999997,1,0,0,0,0.8807621061511752,478.28992295200004,205.775897084,1408.8204284426668,3.4272159774543587,maize
94,50,19,23.30355338,73.62548442,5.873242491,97.59081274,163,1.88,4.947368421052632,2.6315789473684212,1.4601226725130798,71.8517086292401,17.157354063098285,1,0,0,0,0,0,0.6267575089999999,1,0,0,0,0.392824975087885,552.084794154,293.66212455,1408.8204284426668,3.4272159774543587,maize
76,39,24,24.2547451,55.64709899,6.995843776,64.23845455,139,1.9487179487179487,3.1666666666666665,1.625,1.280575511930025,35.746836393084656,13.497062015569174,1,0,0,0,0,0,0.49584377600000007,0,0,0,0,0.24586105019793825,531.684126976,272.837907264,1408.8204284426668,3.4272159774543587,maize
77,52,17,24.86374934,65.7420046,5.714799723,75.82270467,146,1.4807692307692308,4.529411764705882,3.0588235294117645,1.3013698362732227,49.847365991995815,16.34592723483527,1,0,0,0,0,0,0.7852002770000004,1,0,0,0,0.6165394750008774,440.03957867099996,297.169585596,1408.8204284426668,3.4272159774543587,maize
74,39,23,22.6265115,65.77472881,6.78073637,88.17251033,136,1.8974358974358974,3.217391304347826,1.6956521739130435,1.264705854455018,57.99522955452673,14.882526578288461,1,0,0,0,0,0,0.2807363699999996,0,0,0,0,0.0788129094407767,501.77449138,264.44871843,1408.8204284426668,3.4272159774543587,maize
81,49,20,18.04185513,60.61494304,5.513697923,104.2321615,150,1.653061224489796,4.05,2.45,1.2399999752000006,63.18026532258581,10.936060210408817,1,0,0,0,0,0,0.9863020770000004,1,0,0,0,0.9727917870945147,446.60953176299995,270.171198227,1408.8204284426668,3.4272159774543587,maize
63,42,21,23.26237612,72.33125523,5.798423907999999,67.10225139,126,1.5,3.0,2.0,0.9999999761904769,48.53590071797712,16.82596864391977,1,0,0,0,0,0,0.7015760920000007,1,0,0,0,0.49220901286599344,365.30070620399994,243.53380413599996,1408.8204284426668,3.4272159774543587,maize
99,38,21,22.88330922,71.59722446,6.352471866,67.72777298,158,2.6052631578947367,4.714285714285714,1.8095238095238095,1.7594936374779688,48.49120564224984,16.383814266119277,1,0,0,0,0,0,0.14752813399999987,1,0,0,0,0.021764550321521917,628.894714734,241.39393090800002,1408.8204284426668,3.4272159774543587,maize
90,52,25,25.97482359,69.36385721,6.822586546,103.2234212,167,1.7307692307692308,3.6,2.08,1.2335329119724625,71.59974648844488,18.017139545516997,1,0,0,0,0,0,0.32258654600000014,0,0,0,0,0.10406207966021021,614.03278914,354.774500392,1408.8204284426668,3.4272159774543587,maize
68,40,19,26.14384005,66.20569924,6.655426355,107.2361366,127,1.7,3.5789473684210527,2.1052631578947367,1.2125983965527938,70.99643407399157,17.30871211328967,1,0,0,0,0,0,0.15542635500000035,0,0,0,0,0.024157351828586134,452.56899214000003,266.2170542,1408.8204284426668,3.4272159774543587,maize
60,57,24,18.66116213,61.55327249,6.1212940410000005,75.03247667,141,1.0526315789473684,2.5,2.375,0.9787233834314174,46.184944820680776,11.486555975679588,1,0,0,0,0,0,0.3787059589999995,1,0,0,0,0.14341820338210928,367.27764246000004,348.91376033700004,1408.8204284426668,3.4272159774543587,maize
71,52,18,25.10787449,55.97732754,5.790770202999999,78.16077693,141,1.3653846153846154,3.9444444444444446,2.888888888888889,1.2340425269352655,43.752314109914856,14.054717141599404,1,0,0,0,0,0,0.7092297970000008,1,0,0,0,0.5030069049526623,411.14468441299994,301.12005055599997,1408.8204284426668,3.4272159774543587,maize
61,59,17,23.33844615,59.24580604,6.47444292,105.0083144,137,1.0338983050847457,3.588235294117647,3.4705882352941178,1.255474425062604,62.213022275297384,13.827050538778845,1,0,0,0,0,0,0.025557079999999566,1,0,0,0,0.0006531643381263778,394.94101812,381.99213228,1408.8204284426668,3.4272159774543587,maize
88,38,15,25.08239719,65.92195844,6.455116637000001,62.49190812,141,2.3157894736842106,5.866666666666666,2.533333333333333,1.7446808139429615,41.19588969922938,16.534807451347525,1,0,0,0,0,0,0.0448833629999994,1,0,0,0,0.002014516274189715,568.0502640560001,245.294432206,1408.8204284426668,3.4272159774543587,maize
65,60,22,25.36768364,72.52054555,6.6069840860000015,107.9124111,147,1.0833333333333333,2.9545454545454546,2.727272727272727,1.1020407938359023,78.25866924587875,18.396782569126096,1,0,0,0,0,0,0.10698408600000153,0,0,0,0,0.011445594657255724,429.4539655900001,396.4190451600001,1408.8204284426668,3.4272159774543587,maize
78,37,22,25.34217103,63.31801994,6.330554389,74.52082026,137,2.108108108108108,3.5454545454545454,1.6818181818181819,1.4160583631520065,47.18510783167836,16.046160906004303,1,0,0,0,0,0,0.16944561100000044,1,0,0,0,0.02871181508716347,493.783242342,234.23051239299997,1408.8204284426668,3.4272159774543587,maize
78,58,15,25.00933355,67.816568,6.5286312660000005,62.91359494,151,1.3448275862068966,5.2,3.8666666666666667,1.4039734820402618,42.66584089372966,16.960471693282564,1,0,0,0,0,0,0.028631266000000544,0,0,0,0,0.0008197493927627872,509.233238748,378.66061342800003,1408.8204284426668,3.4272159774543587,maize
92,60,23,18.66746724,71.516474,5.721667141,69.93293255,175,1.5333333333333334,4.0,2.608695652173913,1.2114285506612248,50.0135675245583,13.35031435515312,1,0,0,0,0,0,0.7783328589999998,1,0,0,0,0.6058020393991136,526.393376972,343.30002846,1408.8204284426668,3.4272159774543587,maize
79,59,17,20.37999665,63.73849998,6.644205485,108.5054416,155,1.3389830508474576,4.647058823529412,3.4705882352941178,1.3419354578980236,69.1597408725149,12.98990416068425,1,0,0,0,0,0,0.14420548499999963,0,0,0,0,0.02079522190408512,524.892233315,392.008123615,1408.8204284426668,3.4272159774543587,maize
91,55,15,18.09300227,72.61024172,6.376651091,78.96159541,161,1.6545454545454545,6.066666666666666,3.6666666666666665,1.4409937619690607,57.334205293169425,13.137372682652087,1,0,0,0,0,0,0.12334890899999973,1,0,0,0,0.015214953351490213,580.275249281,350.71581000500004,1408.8204284426668,3.4272159774543587,maize
76,51,18,26.16985907,71.96246617,6.247040422,79.84925393,145,1.4901960784313726,4.222222222222222,2.8333333333333335,1.2551723878240195,57.461492346373646,18.832475979985425,1,0,0,0,0,0,0.2529595779999996,1,0,0,0,0.06398854810193787,474.77507207200006,318.599061522,1408.8204284426668,3.4272159774543587,maize
87,48,25,18.65396672,61.37879671,6.656730007999999,93.62039175,160,1.8125,3.48,1.92,1.2624999763281257,57.46306993133811,11.449580311419856,1,0,0,0,0,0,0.15673000799999937,0,0,0,0,0.024564295407679865,579.135510696,319.52304038399996,1408.8204284426668,3.4272159774543587,maize
71,60,22,26.07470121,59.37147589,6.2048017,85.75692395,153,1.1833333333333333,3.227272727272727,2.727272727272727,1.137254879661669,50.91515142697989,15.480934942284689,1,0,0,0,0,0,0.2951983,1,0,0,0,0.08714203632289001,440.5409207,372.288102,1408.8204284426668,3.4272159774543587,maize
90,57,24,18.92851916,72.80086137,6.158860284,82.34162918,171,1.5789473684210527,3.75,2.375,1.157894716528163,59.94541530913127,13.78012499306549,1,0,0,0,0,0,0.3411397159999998,1,0,0,0,0.11637630583256053,554.29742556,351.05503618800003,1408.8204284426668,3.4272159774543587,maize
67,35,22,23.30546753,63.24648023,6.385684213999999,108.7603001,124,1.9142857142857144,3.0454545454545454,1.5909090909090908,1.2419354538241423,68.78706170083517,14.73988791387052,1,0,0,0,0,0,0.11431578600000059,1,0,0,0,0.01306809892879793,427.84084233799996,223.49894748999998,1408.8204284426668,3.4272159774543587,maize
60,54,19,18.74826712,62.49878458,6.417820493,70.23401597,133,1.1111111111111112,3.1578947368421053,2.8421052631578947,1.1428571170784108,43.8954063429731,11.71743907981177,1,0,0,0,0,0,0.08217950700000021,1,0,0,0,0.006753471370763083,385.06922958,346.562306622,1408.8204284426668,3.4272159774543587,maize
83,58,23,19.74213321,59.66263104,6.381201909,65.50861389,164,1.4310344827586208,3.608695652173913,2.5217391304347827,1.1585365641731118,39.0841626046089,11.778676096507608,1,0,0,0,0,0,0.11879809100000038,1,0,0,0,0.014112986425244372,529.639758447,370.109710722,1408.8204284426668,3.4272159774543587,maize
83,57,19,25.73044432,70.74739256,6.877869005,98.73771338,159,1.456140350877193,4.368421052631579,3.0,1.2830188437166257,69.85435768971625,18.203618450502624,1,0,0,0,0,0,0.377869005,0,0,0,0,0.14278498493969,570.863127415,392.03853328499997,1408.8204284426668,3.4272159774543587,maize
40,72,77,17.02498456,16.98861173,7.485996067,88.55123143,189,0.5555555555555556,0.5194805194805194,0.935064935064935,0.7301587185689092,15.043624889776426,2.892308523990849,1,0,0,1,0,0,0.9859960670000003,0,0,0,0,0.9721882441394691,299.43984268,538.991716824,1718.1297051428573,7.555392696430939,chickpea
23,72,84,19.02061277,17.13159126,6.920251378,79.92698081,179,0.3194444444444444,0.27380952380952384,0.8571428571428571,1.2290502587310015,13.692763658827838,3.258533634903764,1,0,0,0,0,0,0.4202513779999997,0,0,0,0,0.1766112207108986,159.165781694,498.258099216,1718.1297051428573,7.555392696430939,chickpea
39,58,85,17.88776475,15.40589717,5.9969320370000005,68.54932919,182,0.6724137931034483,0.4588235294117647,0.6823529411764706,0.8021977889747618,10.560639165736193,2.7557706433965072,1,0,0,1,0,0,0.5030679629999995,1,0,0,0,0.25307737539696884,233.88034944300003,347.822058146,1718.1297051428573,7.555392696430939,chickpea
22,72,85,18.86805647,15.65809214,6.391173589,88.51048983,179,0.3055555555555556,0.25882352941176473,0.8470588235294118,1.262569811241847,13.85905405114673,2.954377667099832,1,0,0,0,0,0,0.1088264109999999,1,0,0,0,0.0118431877311409,140.60581895800001,460.164498408,1718.1297051428573,7.555392696430939,chickpea
36,67,77,18.36952567,19.56381041,7.152811172000001,79.26357665,180,0.5373134328358209,0.4675324675324675,0.8701298701298701,0.7999999866666669,15.506975859991028,3.5937791752950825,1,0,0,0,0,0,0.6528111720000007,0,0,0,0,0.42616242628801454,257.50120219200005,479.23834852400006,1718.1297051428573,7.555392696430939,chickpea
32,73,81,20.45078582,15.40312102,5.988992796000002,92.68373702,186,0.4383561643835616,0.3950617283950617,0.9012345679012346,0.9677419198751304,14.27618817904914,3.150059289395599,1,0,0,0,0,0,0.5110072039999984,1,0,0,0,0.261128362539896,191.64776947200005,437.19647410800013,1718.1297051428573,7.555392696430939,chickpea
58,70,84,20.6543203,16.60820843,6.231049027999999,74.6631118,212,0.8285714285714286,0.6904761904761905,0.8333333333333334,0.37735848522605925,12.400205228067925,3.4303125652238013,1,0,0,0,0,0,0.26895097200000073,1,0,0,0,0.07233462533974518,361.40084362399995,436.17343195999996,1718.1297051428573,7.555392696430939,chickpea
59,70,84,17.3348681,18.74926979,7.550808267000001,82.61734721,213,0.8428571428571429,0.7023809523809523,0.8333333333333334,0.36619717794088485,15.490149321743939,3.2501611878096472,1,0,0,1,0,0,1.0508082670000007,0,1,0,0,1.1041980139955447,445.49768775300004,528.55657869,1718.1297051428573,7.555392696430939,chickpea
42,62,75,18.17912258,18.90426935,7.010570541,81.84997529,179,0.6774193548387096,0.56,0.8266666666666667,0.592178761024937,15.473139791730045,3.4366302979898693,1,0,0,0,0,0,0.5105705409999999,0,0,0,0,0.26068227733703253,294.443962722,434.655373542,1718.1297051428573,7.555392696430939,chickpea
28,74,81,18.01272266,18.30968112,8.753795334,81.98568791,183,0.3783783783783784,0.345679012345679,0.9135802469135802,1.081967195377587,15.011318020359393,3.298072080075982,1,0,0,0,0,0,2.2537953339999994,0,1,0,1,5.079593407560169,245.10626935199997,647.7808547159999,1718.1297051428573,7.555392696430939,chickpea
58,66,79,20.99373558,19.33470387,8.718192847000001,93.55280105,203,0.8787878787878788,0.7341772151898734,0.8354430379746836,0.3349753645077533,18.08815704510775,4.059076605643826,1,0,0,0,0,0,2.218192847000001,0,1,0,1,4.92037950648197,505.65518512600005,575.4007279020001,1718.1297051428573,7.555392696430939,chickpea
43,66,79,19.46233971,15.22538951,7.976607593,74.58565097,188,0.6515151515151515,0.5443037974683544,0.8354430379746836,0.627659564452241,11.355955878751592,2.9632170286069037,1,0,0,0,0,0,1.4766075929999998,0,1,0,0,2.180369983705253,342.994126499,526.456101138,1718.1297051428573,7.555392696430939,chickpea
58,63,81,19.81344531,14.69765308,6.515499548999999,78.96514709,202,0.9206349206349206,0.7160493827160493,0.7777777777777778,0.4059405880305853,11.606023373399916,2.9121114548593305,1,0,0,0,0,0,0.01549954899999939,0,0,0,0,0.0002402360192033821,377.898973842,410.47647158699993,1718.1297051428573,7.555392696430939,chickpea
23,62,85,18.97424756,19.5161216,8.490127142,80.7108745,170,0.3709677419354839,0.27058823529411763,0.7294117647058823,1.1882352731487895,15.751632411843394,3.703037226494633,1,0,0,0,0,0,1.9901271420000004,0,1,0,1,3.96060604132509,195.27292426600002,526.387882804,1718.1297051428573,7.555392696430939,chickpea
27,62,77,18.19737048,14.71070537,6.576415562,70.18185181,166,0.43548387096774194,0.35064935064935066,0.8051948051948052,1.024096367034403,10.32424544297911,2.6769615564001548,1,0,0,0,0,0,0.07641556200000021,0,0,0,0,0.005839338115775877,177.563220174,407.737764844,1718.1297051428573,7.555392696430939,chickpea
28,72,84,18.72963144,19.18197264,6.481783042999999,71.58010169,184,0.3888888888888889,0.3333333333333333,0.8571428571428571,1.0869565040170133,13.73047552185998,3.5927127783936377,1,0,0,0,0,0,0.01821695700000081,1,0,0,0,0.00033185752233987856,181.48992520399997,466.68837909599995,1718.1297051428573,7.555392696430939,chickpea
50,56,76,20.99502153,19.8601304,7.966605025,73.50734019,182,0.8928571428571429,0.6578947368421053,0.7368421052631579,0.5054944971621786,14.598653615305604,4.169638653366074,1,0,0,0,0,0,1.4666050249999998,0,1,0,0,2.15093029935525,398.33025125,446.1298814,1718.1297051428573,7.555392696430939,chickpea
39,71,84,20.28155898,16.39535215,8.140825437,82.52339655,194,0.5492957746478874,0.4642857142857143,0.8452380952380952,0.7938144207142099,13.53000147051345,3.325233016280948,1,0,0,0,0,0,1.6408254370000002,0,1,0,1,2.6923081147062415,317.492192043,577.998606027,1718.1297051428573,7.555392696430939,chickpea
25,78,76,17.48042641,15.7559405,7.228963452,66.96980581,179,0.32051282051282054,0.32894736842105265,1.0263157894736843,1.1620111537093105,10.551722756389141,2.7542055843058857,1,0,0,1,0,0,0.7289634520000003,0,0,0,0,0.5313877143517568,180.7240863,563.859149256,1718.1297051428573,7.555392696430939,chickpea
31,70,77,20.88818675,14.32313811,6.492546046,90.46228334,178,0.44285714285714284,0.4025974025974026,0.9090909090909091,0.9550561636788286,12.95703778024772,2.99184383687722,1,0,0,0,0,0,0.007453953999999818,1,0,0,0,5.5561430234113295e-05,201.268927426,454.47822322,1718.1297051428573,7.555392696430939,chickpea
26,80,83,17.08498521,16.14565756,7.528599957000001,71.31007253,189,0.325,0.3132530120481928,0.963855421686747,1.17460315595868,11.513480116481428,2.758483206183247,1,0,0,1,0,0,1.0285999570000008,0,1,0,0,1.0580178715404036,195.74359888200001,602.28799656,1718.1297051428573,7.555392696430939,chickpea
25,68,77,20.09340593,15.11279612,7.701446446,85.74904898,170,0.36764705882352944,0.3246753246753247,0.8831168831168831,1.1176470391003466,12.959078947186338,3.0366754717648896,1,0,0,0,0,0,1.2014464460000003,0,1,0,0,1.4434735626060315,192.53616115,523.698358328,1718.1297051428573,7.555392696430939,chickpea
31,78,76,17.57212145,14.99927489,8.519975748,89.31050665,185,0.3974358974358974,0.40789473684210525,1.0263157894736843,0.9945945784660339,13.395928398085228,2.635690800290154,1,0,0,1,0,0,2.0199757480000002,0,1,0,1,4.08030202250816,264.11924818800003,664.5581083440001,1718.1297051428573,7.555392696430939,chickpea
60,68,83,19.12065218,18.43475844,6.620900869,85.52950164,211,0.8823529411764706,0.7228915662650602,0.8192771084337349,0.36018956833853694,15.767157022269839,3.5248460415355938,1,0,0,0,0,0,0.12090086899999974,0,0,0,0,0.0146170201249551,397.25405214,450.22125909199997,1718.1297051428573,7.555392696430939,chickpea
59,62,83,18.57665902,19.22008229,8.104396057999999,72.94940441,204,0.9516129032258065,0.7108433734939759,0.7469879518072289,0.4411764641003461,14.02093555766689,3.570449150376708,1,0,0,0,0,0,1.604396057999999,0,1,0,1,2.574086710925936,478.15936742199995,502.47255559599995,1718.1297051428573,7.555392696430939,chickpea
22,67,78,17.16606398,14.42457525,6.204090835,72.32667516,167,0.3283582089552239,0.28205128205128205,0.8589743589743589,1.209580816594357,10.432815684277257,2.476131816258245,1,0,0,1,0,0,0.2959091650000003,1,0,0,0,0.08756223393099741,136.48999837,415.674085945,1718.1297051428573,7.555392696430939,chickpea
36,65,80,18.2872007,16.67921616,6.051091339,74.87445574,181,0.5538461538461539,0.45,0.8125,0.8066298208845886,12.488472321498127,3.050161734366033,1,0,0,0,0,0,0.44890866099999993,1,0,0,0,0.20151898592081285,217.839288204,393.320937035,1718.1297051428573,7.555392696430939,chickpea
59,60,84,19.03025305,18.66725565,7.690962337999999,94.70992037,203,0.9833333333333333,0.7023809523809523,0.7142857142857143,0.4827586135552915,17.67974296137933,3.5524259876854223,1,0,0,0,0,0,1.1909623379999994,0,1,0,0,1.418391290534425,453.766777942,461.45774027999994,1718.1297051428573,7.555392696430939,chickpea
54,77,85,17.141861399999996,17.0662427,7.8292111439999985,83.74606679,216,0.7012987012987013,0.6352941176470588,0.9058823529411765,0.49999999305555565,14.2923070100855,2.925471669821617,1,0,0,1,0,0,1.3292111439999985,0,1,0,0,1.7668022653337847,422.7774017759999,602.8492580879999,1718.1297051428573,7.555392696430939,chickpea
43,68,81,17.47809436,17.93253975,6.761599706,78.92060234,192,0.6323529411764706,0.5308641975308642,0.8395061728395061,0.6562499897460939,14.152468385559931,3.1342662186495085,1,0,0,1,0,0,0.26159970600000015,0,0,0,0,0.06843440617928652,290.748787358,459.788780008,1718.1297051428573,7.555392696430939,chickpea
28,76,82,20.56601874,14.25803981,6.654425315,83.75937135,186,0.3684210526315789,0.34146341463414637,0.926829268292683,1.096774175858481,11.942444511688734,2.9323111392812606,1,0,0,0,0,0,0.15442531500000012,0,0,0,0,0.023847177912849262,186.32390882,505.73632394000003,1718.1297051428573,7.555392696430939,chickpea
42,79,85,17.22385224,15.82069268,6.129533877,76.57580954,206,0.5316455696202531,0.49411764705882355,0.9294117647058824,0.7766990178150628,12.114823494545522,2.724932730547696,1,0,0,1,0,0,0.3704661229999999,1,0,0,0,0.13724514829065107,257.440422834,484.23317628300003,1718.1297051428573,7.555392696430939,chickpea
32,60,83,19.69141713,19.44225438,8.829273328,91.76071648,175,0.5333333333333333,0.3855421686746988,0.7228915662650602,0.9028571273795921,17.840351918952184,3.8284554094414958,1,0,0,0,0,0,2.3292733279999993,0,1,0,1,5.425514236532193,282.536746496,529.75639968,1718.1297051428573,7.555392696430939,chickpea
22,78,76,17.84851658,19.09172907,8.621662982,76.32470713,176,0.28205128205128205,0.2894736842105263,1.0263157894736843,1.2499999786931824,14.57170629873057,3.4075904284676293,1,0,0,1,0,0,2.121662982,0,1,0,1,4.501453809189133,189.676585604,672.489712596,1718.1297051428573,7.555392696430939,chickpea
31,79,75,18.8202251,16.1074793,8.204862075,89.73119396,185,0.3924050632911392,0.41333333333333333,1.0533333333333332,0.9945945784660339,14.453433492749852,3.0314638621959045,1,0,0,0,0,0,1.7048620749999994,0,1,0,1,2.9065546947733036,254.350724325,648.1841039249999,1718.1297051428573,7.555392696430939,chickpea
28,58,81,17.47500984,16.54314829,6.18042747,93.35034262,167,0.4827586206896552,0.345679012345679,0.7160493827160493,0.9940119581914021,15.443085608849673,2.8909167915232916,1,0,0,1,0,0,0.3195725300000003,1,0,0,0,0.1021266019306011,173.05196916,358.46479325999996,1718.1297051428573,7.555392696430939,chickpea
57,58,77,18.72649425,17.58406365,7.978996755,81.20176515,192,0.9827586206896551,0.7402597402597403,0.7532467532467533,0.4062499936523439,14.27857006889952,3.2928786683335898,1,0,0,0,0,0,1.4789967549999998,0,1,0,0,2.1874314013005294,454.802815035,462.78181179,1718.1297051428573,7.555392696430939,chickpea
49,55,78,18.65580107,16.17772668,7.863113671,81.70769297,182,0.8909090909090909,0.6282051282051282,0.7051282051282052,0.5714285620094193,13.218447245220172,3.018084507069115,1,0,0,0,0,0,1.3631136709999998,0,1,0,0,1.8580788800670958,385.292569879,432.471251905,1718.1297051428573,7.555392696430939,chickpea
46,76,77,18.2356751,19.68538502,6.967843048,83.74879344,199,0.6052631578947368,0.5974025974025974,0.987012987012987,0.6130653173909753,16.4862724382685,3.58976285443127,1,0,0,0,0,0,0.46784304799999976,0,0,0,0,0.21887711756193007,320.52078020799996,529.5560716479999,1718.1297051428573,7.555392696430939,chickpea
54,61,77,18.81198127,15.21618225,6.206582192999999,77.54294240000002,192,0.8852459016393442,0.7012987012987013,0.7922077922077922,0.4062499936523439,11.799075437596525,2.8624653548790646,1,0,0,0,0,0,0.29341780700000086,1,0,0,0,0.08609400946468976,335.155438422,378.60151377299997,1718.1297051428573,7.555392696430939,chickpea
38,60,76,18.65054116,17.80852431,8.868741443,77.92798682,174,0.6333333333333333,0.5,0.7894736842105263,0.6896551605231869,13.877824477133295,3.3213861564251554,1,0,0,0,0,0,2.3687414429999993,0,1,0,1,5.610936023785719,337.01217483399995,532.1244865799999,1718.1297051428573,7.555392696430939,chickpea
59,55,79,20.36720401,16.89574311,8.766128654,82.2545577,193,1.0727272727272728,0.7468354430379747,0.6962025316455697,0.4559585421353594,13.897518765258727,3.441190468219219,1,0,0,0,0,0,2.266128653999999,0,1,0,1,5.135339076479848,517.201590586,482.13707596999996,1718.1297051428573,7.555392696430939,chickpea
36,76,75,18.38120357,16.63805158,8.736337905,70.52056697,187,0.47368421052631576,0.48,1.0133333333333334,0.8449197725413939,11.733248306977043,3.058274131001401,1,0,0,0,0,0,2.236337904999999,0,1,0,1,5.001207225339785,314.50816457999997,663.9616807799999,1718.1297051428573,7.555392696430939,chickpea
57,68,81,17.17012591,17.30457712,8.081095263,72.78624223,206,0.8382352941176471,0.7037037037037037,0.8395061728395061,0.3592232957394666,12.595351419440357,2.9712176796970518,1,0,0,1,0,0,1.581095263,0,1,0,1,2.499862230681039,460.622429991,549.514477884,1718.1297051428573,7.555392696430939,chickpea
35,66,81,19.37101121,15.77458129,6.138243973,85.24819851,182,0.5303030303030303,0.43209876543209874,0.8148148148148148,0.8461538322062556,13.447546372220518,3.0556959100164627,1,0,0,0,0,0,0.3617560270000002,1,0,0,0,0.13086742307082488,214.83853905499998,405.12410221799996,1718.1297051428573,7.555392696430939,chickpea
35,64,78,17.92845928,14.27327988,7.496645259,85.37378769,177,0.546875,0.44871794871794873,0.8205128205128205,0.8135593082447575,12.185639661150688,2.5589791712062326,1,0,0,1,0,0,0.9966452590000001,0,0,0,0,0.9933017722871773,262.382584065,479.785296576,1718.1297051428573,7.555392696430939,chickpea
52,60,79,19.45339934,18.23490739,8.380185271,75.6317566,191,0.8666666666666667,0.6582278481012658,0.759493670886076,0.4816753851045751,13.791380773440213,3.547309353855871,1,0,0,0,0,0,1.8801852710000002,0,1,0,1,3.5350966532853443,435.769634092,502.81111626,1718.1297051428573,7.555392696430939,chickpea
27,76,83,19.12829388,14.92241479,6.289614016,89.61857826,186,0.35526315789473684,0.3253012048192771,0.9156626506024096,1.1290322398543187,13.373255976857966,2.854403355023785,1,0,0,0,0,0,0.2103859840000002,1,0,0,0,0.044262262263648336,169.819578432,478.010665216,1718.1297051428573,7.555392696430939,chickpea
57,60,84,19.1034283,17.26184541,6.586777189,75.49101167,201,0.95,0.6785714285714286,0.7142857142857143,0.5074626789930944,13.031141732920458,3.297604261156191,1,0,0,0,0,0,0.0867771890000002,0,0,0,0,0.0075302805307417555,375.446299773,395.20663134,1718.1297051428573,7.555392696430939,chickpea
52,68,78,17.48504075,16.96070581,6.89655198,86.05078037,198,0.7647058823529411,0.6666666666666666,0.8717948717948718,0.42424241781450883,14.59481970576493,2.965586322366118,1,0,0,1,0,0,0.3965519799999999,0,0,0,0,0.15725347284192034,358.62070296,468.96553464,1718.1297051428573,7.555392696430939,chickpea
43,79,79,19.40751744,18.98030507,7.8067476560000015,80.25064637,201,0.5443037974683544,0.5443037974683544,1.0,0.7164178997549567,15.23181750167288,3.683606016625454,1,0,0,0,0,0,1.3067476560000015,0,1,0,0,1.7075894364614983,335.6901492080001,616.7330648240002,1718.1297051428573,7.555392696430939,chickpea
44,74,85,20.18649426,19.63719995,7.150681303,78.26039559,203,0.5945945945945946,0.5176470588235295,0.8705882352941177,0.699507378825014,15.368150363669283,3.964062240731473,1,0,0,0,0,0,0.6506813029999998,0,0,0,0,0.42338615807377755,314.629977332,529.150416422,1718.1297051428573,7.555392696430939,chickpea
24,55,78,17.30287885,15.15405941,6.64919573,75.57790384,157,0.43636363636363634,0.3076923076923077,0.7051282051282052,1.0828025270802064,11.453120448746272,2.6220885405693246,1,0,0,1,0,0,0.14919572999999975,0,0,0,0,0.022259365850232825,159.58069752,365.70576515,1718.1297051428573,7.555392696430939,chickpea
29,77,75,17.50361137,15.48083156,7.778591617999999,72.9446671,181,0.37662337662337664,0.38666666666666666,1.0266666666666666,1.0386740159335799,11.292441045753737,2.7097045931067085,1,0,0,1,0,0,1.2785916179999992,0,1,0,0,1.634796525619856,225.57915692199998,598.9515545859999,1718.1297051428573,7.555392696430939,chickpea
20,60,78,18.17234999,14.70085967,6.358740355,90.7760707,158,0.3333333333333333,0.2564102564102564,0.7692307692307693,1.2405063055600072,13.344862767546987,2.671491670771159,1,0,0,0,0,0,0.14125964499999988,1,0,0,0,0.01995428730552599,127.17480710000001,381.52442130000003,1718.1297051428573,7.555392696430939,chickpea
56,67,78,17.57445618,16.71826572,8.255450758,77.81891424,201,0.835820895522388,0.717948717948718,0.8589743589743589,0.3283582040543552,13.00997286306212,2.938144283017362,1,0,0,1,0,0,1.7554507580000003,0,1,0,1,3.0816073637627754,462.305242448,553.1152007860001,1718.1297051428573,7.555392696430939,chickpea
37,66,85,20.93175255,18.91295403,6.456148474,78.06910795,188,0.5606060606060606,0.43529411764705883,0.7764705882352941,0.8191489230986875,14.765174498214577,3.9588127374548527,1,0,0,0,0,0,0.043851526000000085,1,0,0,0,0.0019229563325286834,238.877493538,426.105799284,1718.1297051428573,7.555392696430939,chickpea
49,71,76,19.71098332,17.63879418,6.613072145,85.57925437,196,0.6901408450704225,0.6447368421052632,0.9342105263157895,0.49999999234693904,15.095148539102956,3.4767797786689307,1,0,0,0,0,0,0.11307214500000029,0,0,0,0,0.01278530997490109,324.040535105,469.528122295,1718.1297051428573,7.555392696430939,chickpea
59,69,80,19.07937684,17.86754927,8.165359297,69.40619137,208,0.855072463768116,0.7375,0.8625,0.3076923032544379,12.40118543946524,3.4090170572959693,1,0,0,0,0,0,1.6653592970000002,0,1,0,1,2.773421588104335,481.756198523,563.4097914930001,1718.1297051428573,7.555392696430939,chickpea
20,79,77,18.54988627,16.02542689,7.64867466,76.32565249,176,0.25316455696202533,0.2597402597402597,1.025974025974026,1.3181817957128106,12.231511638100415,2.972698462376998,1,0,0,0,0,0,1.1486746600000002,0,1,0,0,1.319453474526116,152.9734932,604.24529814,1718.1297051428573,7.555392696430939,chickpea
24,56,85,18.19903647,17.41333199,6.545888558,80.6405403,165,0.42857142857142855,0.2823529411764706,0.6588235294117647,1.12727270677686,14.042205000968742,3.1690586395022766,1,0,0,0,0,0,0.04588855799999969,0,0,0,0,0.0021057597553193357,157.10132539199998,366.56975924799997,1718.1297051428573,7.555392696430939,chickpea
51,72,75,18.88852533,14.99451145,7.1042247970000005,80.11133840000002,198,0.7083333333333334,0.68,0.96,0.4545454476584023,12.01230380913625,2.8322420933430004,1,0,0,0,0,0,0.6042247970000005,0,0,0,0,0.36508760530969186,362.315464647,511.50418538400004,1718.1297051428573,7.555392696430939,chickpea
57,73,85,18.49311205,14.72115044,7.358099622,91.94595352,215,0.7808219178082192,0.6705882352941176,0.8588235294117647,0.4093023198702001,13.535502141171676,2.722398845918268,1,0,0,0,0,0,0.8580996220000001,0,0,0,0,0.7363349612765431,419.411678454,537.141272406,1718.1297051428573,7.555392696430939,chickpea
22,64,82,19.48974337,17.17260319,6.4740245000000005,87.51312796,168,0.34375,0.2682926829268293,0.7804878048780488,1.2142856926020413,15.028282203727743,3.346896291679433,1,0,0,0,0,0,0.025975499999999485,1,0,0,0,0.0006747266002499733,142.428539,414.33756800000003,1718.1297051428573,7.555392696430939,chickpea
52,73,79,17.25769499,18.74943955,7.840339388999999,94.00287214,204,0.7123287671232876,0.6582278481012658,0.9240506329113924,0.47058822837370257,17.62501168715309,3.235721089873429,1,0,0,1,0,0,1.3403393889999986,0,1,0,0,1.7965096777048897,407.69764822799993,572.3447753969999,1718.1297051428573,7.555392696430939,chickpea
29,75,75,19.62416326,18.71483156,7.064790365,88.4585692,179,0.38666666666666666,0.38666666666666666,1.0,1.0279329436659284,16.55487222616604,3.6726290991684047,1,0,0,0,0,0,0.5647903650000003,0,0,0,0,0.31898815639683364,204.878920585,529.859277375,1718.1297051428573,7.555392696430939,chickpea
44,59,78,20.67526473,19.85388984,7.599033472,84.78344008,181,0.7457627118644068,0.5641025641025641,0.7564102564102564,0.5856353494093589,16.83281079604561,4.104844283622573,1,0,0,0,0,0,1.0990334720000003,0,1,0,0,1.2078745725763755,334.35747276800004,448.34297484800004,1718.1297051428573,7.555392696430939,chickpea
41,69,82,20.02381489,16.63294455,6.715587232000001,68.97806542,192,0.5942028985507246,0.5,0.8414634146341463,0.7187499887695314,11.473083372971324,3.3305500274483437,1,0,0,0,0,0,0.21558723200000074,0,0,0,0,0.04647785460142214,275.339076512,463.375519008,1718.1297051428573,7.555392696430939,chickpea
52,56,85,20.118744600000007,14.44228303,6.81712422,88.68168643,193,0.9285714285714286,0.611764705882353,0.6588235294117647,0.6424870366452792,12.807660149997703,2.9056060372148425,1,0,0,0,0,0,0.3171242200000002,0,0,0,0,0.10056777091060852,354.49045944,381.75895632000004,1718.1297051428573,7.555392696430939,chickpea
34,76,80,20.65691793,15.84572566,7.985417393,65.23811143,190,0.4473684210526316,0.425,0.95,0.9263157748476456,10.337452162962903,3.2732385449991503,1,0,0,0,0,0,1.4854173929999996,0,1,0,0,2.2064648314269153,271.504191362,606.891721868,1718.1297051428573,7.555392696430939,chickpea
42,74,83,19.2582557,14.2804191,7.545258424,65.78042032,199,0.5675675675675675,0.5060240963855421,0.891566265060241,0.7336683306482162,9.393719707437562,2.7501596253096388,1,0,0,0,0,0,1.045258424,0,1,0,0,1.0925651729429637,316.900853808,558.349123376,1718.1297051428573,7.555392696430939,chickpea
34,71,79,17.927806,15.85622899,7.728998197,74.63872762,184,0.4788732394366197,0.43037974683544306,0.8987341772151899,0.8913043332939511,11.834887566649575,2.842673972242959,1,0,0,1,0,0,1.2289981970000001,0,1,0,0,1.510436568229251,262.785938698,548.758871987,1718.1297051428573,7.555392696430939,chickpea
27,73,79,19.16288268,15.83500655,7.354973451,82.69766829,179,0.3698630136986301,0.34177215189873417,0.9240506329113924,1.0949720486876195,13.095181190418772,3.0344437275468152,1,0,0,0,0,0,0.8549734510000002,0,0,0,0,0.7309796019148498,198.584283177,536.913061923,1718.1297051428573,7.555392696430939,chickpea
30,70,79,20.26942271,19.96978871,7.313122235,69.64449182,179,0.42857142857142855,0.379746835443038,0.8860759493670886,0.994413391155083,13.907857864607234,4.047760887923756,1,0,0,0,0,0,0.8131222349999998,0,0,0,0,0.661167769051395,219.39366705,511.91855645,1718.1297051428573,7.555392696430939,chickpea
57,57,75,17.09104223,18.25142068,7.785039076,87.27444866,189,1.0,0.76,0.76,0.38095237490551787,15.928826771087223,3.119358015993753,1,0,0,1,0,0,1.2850390760000003,0,1,0,0,1.6513254268469346,443.747227332,443.747227332,1718.1297051428573,7.555392696430939,chickpea
27,79,82,17.06579293,17.54024066,6.307004922999999,70.87150577,188,0.34177215189873417,0.32926829268292684,0.9634146341463414,1.1382978541760984,12.431032671423784,2.993381150459265,1,0,0,1,0,0,0.19299507700000085,1,0,0,0,0.03724709974623626,170.28913292099998,498.25338891699994,1718.1297051428573,7.555392696430939,chickpea
32,71,85,20.62767492,14.44008871,6.4039823160000005,92.06630306,188,0.4507042253521127,0.3764705882352941,0.8352941176470589,0.9787233886373928,13.294455833881443,2.9786545572584213,1,0,0,0,0,0,0.09601768399999955,1,0,0,0,0.00921939564072377,204.92743411200001,454.682744436,1718.1297051428573,7.555392696430939,chickpea
31,76,82,20.8248451,17.85057083,7.599279991,79.20509212,189,0.40789473684210525,0.3780487804878049,0.926829268292683,1.0158729997480476,14.138561069847349,3.717353724813284,1,0,0,0,0,0,1.0992799910000004,0,1,0,0,1.2084164986129609,235.577679721,577.545279316,1718.1297051428573,7.555392696430939,chickpea
33,75,84,19.46210401,18.72831993,7.217018459,68.81405149,192,0.44,0.39285714285714285,0.8928571428571429,0.9687499848632816,12.887715719842133,3.6449251041021595,1,0,0,0,0,0,0.7170184590000002,0,0,0,0,0.5141154705467349,238.161609147,541.2763844250001,1718.1297051428573,7.555392696430939,chickpea
47,80,77,17.18248372,16.42891834,7.561108006,72.85017344,204,0.5875,0.6103896103896104,1.0389610389610389,0.6176470497404846,11.968495505005968,2.822896219142594,1,0,0,1,0,0,1.0611080060000004,0,1,0,0,1.125950200397297,355.372076282,604.88864048,1718.1297051428573,7.555392696430939,chickpea
54,62,80,17.48911699,16.39055394,7.489545074,79.45758333,196,0.8709677419354839,0.675,0.775,0.44897958496459817,13.0235380551241,2.866563153875654,1,0,0,1,0,0,0.9895450739999996,0,0,0,0,0.9791994534776647,404.435433996,464.35179458799996,1718.1297051428573,7.555392696430939,chickpea
47,79,78,17.48395377,14.76014523,6.609696734,65.11365631,204,0.5949367088607594,0.6025641025641025,1.0128205128205128,0.6176470497404846,9.610870235919057,2.58065696839806,1,0,0,1,0,0,0.1096967339999999,0,0,0,0,0.012033373450266735,310.655746498,522.166041986,1718.1297051428573,7.555392696430939,chickpea
35,57,83,19.48316794,17.44534641,7.476800943,80.4986291,175,0.6140350877192983,0.42168674698795183,0.6867469879518072,0.8457142712163268,14.043264701796064,3.398906138775061,1,0,0,0,0,0,0.9768009429999998,0,0,0,0,0.9541400822456888,261.68803300499997,426.177653751,1718.1297051428573,7.555392696430939,chickpea
53,73,77,19.71359733,18.09665739,7.325451279,73.64476535,203,0.726027397260274,0.6883116883116883,0.948051948051948,0.4334975305394453,13.327240871058935,3.5675021680542875,1,0,0,0,0,0,0.8254512790000001,0,0,0,0,0.6813698140027361,388.248917787,534.757943367,1718.1297051428573,7.555392696430939,chickpea
45,61,78,19.48649305,16.06240074,6.489389282,81.52842690000001,184,0.7377049180327869,0.5769230769230769,0.782051282051282,0.5434782520085067,13.095422645695963,3.129998603863249,1,0,0,0,0,0,0.010610717999999686,1,0,0,0,0.00011258733647551733,292.02251769000003,395.852746202,1718.1297051428573,7.555392696430939,chickpea
37,78,79,19.95264829,14.82633099,7.786366322,88.6810311,194,0.47435897435897434,0.46835443037974683,0.9873417721518988,0.8556700898607718,13.148143196230837,2.958245676745975,1,0,0,0,0,0,1.2863663220000001,0,1,0,0,1.654738314375808,288.095553914,607.336573116,1718.1297051428573,7.555392696430939,chickpea
30,75,81,19.41789736,16.80472243,6.4084378860000015,68.4951189,186,0.4,0.37037037037037035,0.9259259259259259,1.0322580478668058,11.510414609243469,3.2631237530902983,1,0,0,0,0,0,0.09156211399999847,1,0,0,0,0.008383620720148716,192.25313658000005,480.6328414500001,1718.1297051428573,7.555392696430939,chickpea
37,55,82,19.45591848,18.02235902,8.423873703,78.44910564,174,0.6727272727272727,0.45121951219512196,0.6707317073170732,0.8275861926278243,14.138379466419869,3.506415479104127,1,0,0,0,0,0,1.923873703,0,1,0,1,3.701290025094932,311.683327011,463.313053665,1718.1297051428573,7.555392696430939,chickpea
53,65,76,20.19137759,16.41998269,8.719960893,77.33795356,194,0.8153846153846154,0.6973684210526315,0.8552631578947368,0.3608247366882772,12.69887858735224,3.3154207051505393,1,0,0,0,0,0,2.2199608929999997,0,1,0,1,4.928226366449356,462.15792732899996,566.797458045,1718.1297051428573,7.555392696430939,chickpea
22,60,85,18.8392908,14.74071856,7.811997977000001,94.78189594,167,0.36666666666666664,0.25882352941176473,0.7058823529411765,1.209580816594357,13.971532526347465,2.7770468355279725,1,0,0,0,0,0,1.3119979770000008,0,1,0,0,1.7213386916520945,171.863955494,468.71987862000003,1718.1297051428573,7.555392696430939,chickpea
60,61,78,20.71219282,19.83643308,6.317153205,94.03659867,199,0.9836065573770492,0.7692307692307693,0.782051282051282,0.3517587886669529,18.65350696588272,4.108560268139865,1,0,0,0,0,0,0.18284679499999967,1,0,0,0,0.03343295044177191,379.02919230000003,385.34634550500004,1718.1297051428573,7.555392696430939,chickpea
42,67,77,18.99424448,15.9362937,7.114405288,78.69707199,186,0.6268656716417911,0.5454545454545454,0.8701298701298701,0.6451612799167535,12.541396525626835,3.0269785864288377,1,0,0,0,0,0,0.6144052880000004,0,0,0,0,0.3774938579223634,298.805022096,476.665154296,1718.1297051428573,7.555392696430939,chickpea
39,76,76,19.96837462,15.57324389,8.135900726000001,69.15759062,191,0.5131578947368421,0.5131578947368421,1.0,0.7748690977769253,10.770080255700362,3.1097236804414603,1,0,0,0,0,0,1.635900726000001,0,1,0,1,2.67617118532733,317.30012831400006,618.328455176,1718.1297051428573,7.555392696430939,chickpea
35,63,76,17.81564548,17.60756635,7.714153037999999,90.82097601,174,0.5555555555555556,0.4605263157894737,0.8289473684210527,0.793103434601665,15.99136361067833,3.1369015985717756,1,0,0,1,0,0,1.2141530379999992,0,1,0,0,1.4741675996846275,269.99535633,485.99164139399994,1718.1297051428573,7.555392696430939,chickpea
30,65,82,20.71424384,15.27824066,7.103798069,76.77888672,177,0.46153846153846156,0.36585365853658536,0.7926829268292683,0.9830508307957486,11.730463089150382,3.1647720247744258,1,0,0,0,0,0,0.6037980689999998,0,0,0,0,0.36457210812812846,213.11394207,461.746874485,1718.1297051428573,7.555392696430939,chickpea
57,56,78,17.34150229,18.75626255,8.861479668,67.9545435,191,1.0178571428571428,0.7307692307692307,0.717948717948718,0.4502617730325376,12.745732593513958,3.2526176996266627,1,0,0,1,0,0,2.3614796679999994,0,1,0,1,5.576586222377387,505.10434107599997,496.24286140799995,1718.1297051428573,7.555392696430939,chickpea
48,65,78,17.43732714,14.33847406,7.861128148,73.0926704,191,0.7384615384615385,0.6153846153846154,0.8333333333333334,0.49214658912858766,10.4803735850653,2.50024662872624,1,0,0,1,0,0,1.3611281479999997,0,1,0,0,1.8526698352779092,377.334151104,510.97332961999996,1718.1297051428573,7.555392696430939,chickpea
36,56,83,18.89780215,19.76182946,7.4526709,69.09512477,175,0.6428571428571429,0.43373493975903615,0.6746987951807228,0.8457142712163268,13.654460722221618,3.7345514325712137,1,0,0,0,0,0,0.9526709000000002,0,0,0,0,0.9075818437068104,268.2961524,417.3495704,1718.1297051428573,7.555392696430939,chickpea
40,58,75,18.59190771,14.77959596,7.168096055,89.60982451,173,0.6896551724137931,0.5333333333333333,0.7733333333333333,0.6127167523806345,13.24397000304305,2.7478088407940886,1,0,0,0,0,0,0.6680960550000004,0,0,0,0,0.4463523387065635,286.72384220000004,415.74957119000004,1718.1297051428573,7.555392696430939,chickpea
49,69,82,18.31561493,15.36143547,7.26311855,81.78710463,200,0.7101449275362319,0.5975609756097561,0.8414634146341463,0.52999999205,12.563673300518833,2.8135413684056356,1,0,0,0,0,0,0.7631185499999997,0,0,0,0,0.5823499213541021,355.89280894999996,501.15517995,1718.1297051428573,7.555392696430939,chickpea
13,60,25,17.13692774,20.59541693,5.68597166,128.256862,98,0.21666666666666667,0.52,2.4,1.673469336526449,26.415035470234738,3.5294217170458264,1,0,0,1,0,0,0.8140283400000001,1,0,0,0,0.6626421383231558,73.91763158,341.15829959999996,1718.1297051428573,7.555392696430939,kidneybeans
25,70,16,19.63474332,18.90705639,5.759237003,106.3598183,111,0.35714285714285715,1.5625,4.375,1.7837837355734127,20.10951082228254,3.7123519915441583,1,0,0,0,0,0,0.740762997,1,0,0,0,0.5487298177244221,143.980925075,403.14659021,1718.1297051428573,7.555392696430939,kidneybeans
31,55,22,22.91350245,21.33953114,5.873171894,109.225556,108,0.5636363636363636,1.4090909090909092,2.5,1.0555555262345688,23.308221535458134,4.889633990582412,1,0,0,0,0,0,0.6268281059999996,1,0,0,0,0.39291347447154673,182.06832871400002,323.02445417,1718.1297051428573,7.555392696430939,kidneybeans
40,64,16,16.43340342,24.24045875,5.926676985,140.3717815,120,0.625,2.5,4.0,1.1999999700000008,34.02676379114763,3.9835323772461892,1,0,0,1,0,0,0.5733230149999997,1,0,0,0,0.3286992795286899,237.0670794,379.30732704,1718.1297051428573,7.555392696430939,kidneybeans
2,61,20,22.13974653,23.02251117,5.95561668,76.64128258,83,0.03278688524590164,0.1,3.05,2.409638467121501,17.644747842811764,5.0971256178789375,1,0,0,0,0,0,0.5443833199999997,1,0,0,0,0.29635319909422203,11.91123336,363.29261748000005,1718.1297051428573,7.555392696430939,kidneybeans
26,65,22,17.84806561,18.77621951,5.9499490810000015,143.09841709999995,113,0.4,1.1818181818181819,2.9545454545454546,1.451327395097503,26.868472910031368,3.3511919772224203,1,0,0,1,0,0,0.5500509189999985,1,0,0,0,0.30255601349274286,154.69867610600005,386.7466902650001,1718.1297051428573,7.555392696430939,kidneybeans
17,57,21,19.88394011,20.31564139,5.789214288999999,60.91974792,95,0.2982456140350877,0.8095238095238095,2.7142857142857144,1.5999999494736858,12.376237523119183,4.039549966949972,1,0,0,0,0,0,0.7107857110000007,1,0,0,0,0.5052163269617764,98.41664291299999,329.985214473,1718.1297051428573,7.555392696430939,kidneybeans
26,80,18,19.32509638,23.3334788,5.581021521,104.7783947,124,0.325,1.4444444444444444,4.444444444444445,1.8709676966701365,24.44844451430483,4.509217266906868,1,0,0,0,0,0,0.9189784789999997,1,0,0,0,0.8445214448651529,145.106559546,446.48172168,1718.1297051428573,7.555392696430939,kidneybeans
17,59,17,18.416700100000003,23.42829938,5.689858133,132.9801054,93,0.288135593220339,1.0,3.4705882352941178,1.806451554630595,31.154977208951546,4.31471963534476,1,0,0,0,0,0,0.8101418669999996,1,0,0,0,0.656329844666245,96.72758826100001,335.70162984700005,1718.1297051428573,7.555392696430939,kidneybeans
27,59,22,21.81167649,23.20591245,5.794158503999999,130.0608093,108,0.4576271186440678,1.2272727272727273,2.6818181818181817,1.2777777422839518,30.181797537919454,5.061598550146633,1,0,0,0,0,0,0.7058414960000006,1,0,0,0,0.4982122174755188,156.44227960799998,341.855351736,1718.1297051428573,7.555392696430939,kidneybeans
28,58,24,19.72702528,18.28173015,5.748190462999999,143.7630894,110,0.4827586206896552,1.1666666666666667,2.4166666666666665,1.1636363319008274,26.282380059411256,3.606441528311882,1,0,0,0,0,0,0.7518095370000006,1,0,0,0,0.5652175799241553,160.94933296399998,333.395046854,1718.1297051428573,7.555392696430939,kidneybeans
25,57,19,17.15432954,19.87070659,5.566522896,87.99669731,101,0.43859649122807015,1.3157894736842106,3.0,1.3861385726889535,17.485565531360525,3.4086864903750964,1,0,0,1,0,0,0.9334771039999996,1,0,0,0,0.871379503692226,139.1630724,317.29180507200005,1718.1297051428573,7.555392696430939,kidneybeans
28,80,17,19.62207826,18.67170854,5.809419584,144.1567454,125,0.35,1.6470588235294117,4.705882352941177,1.839999955840001,26.91652734183786,3.6637772621979035,1,0,0,0,0,0,0.6905804160000004,1,0,0,0,0.47690131096273364,162.663748352,464.75356672,1718.1297051428573,7.555392696430939,kidneybeans
25,60,22,21.63149148,21.17919701,5.887263027,134.3649948,107,0.4166666666666667,1.1363636363636365,2.727272727272727,1.3644859430517962,28.457426961168256,4.581376196750565,1,0,0,0,0,0,0.6127369729999996,1,0,0,0,0.3754465980812023,147.181575675,353.23578162,1718.1297051428573,7.555392696430939,kidneybeans
12,78,23,16.06522754,18.72479695,5.99812453,88.06638775,113,0.15384615384615385,0.5217391304347826,3.391304347826087,2.1415928634975345,16.490252287387175,3.00818123642048,1,0,0,1,0,0,0.5018754699999999,1,0,0,0,0.2518789873877208,71.97749436000001,467.85371334,1718.1297051428573,7.555392696430939,kidneybeans
6,77,25,20.61162204,24.36314135,5.792744849,69.63833855,108,0.07792207792207792,0.24,3.08,2.2777777145061746,16.96608685472804,5.0216386121329535,1,0,0,0,0,0,0.707255151,1,0,0,0,0.5002098486160328,34.756469093999996,446.041353373,1718.1297051428573,7.555392696430939,kidneybeans
22,79,17,21.42451099,20.39659714,5.912289889,116.5206923,118,0.27848101265822783,1.2941176470588236,4.647058823529412,2.016949101264006,23.766256193169998,4.3698711958453265,1,0,0,0,0,0,0.5877101109999998,1,0,0,0,0.3454031745716321,130.07037755800002,467.070901231,1718.1297051428573,7.555392696430939,kidneybeans
27,80,15,19.07096165,21.21092266,5.7883869510000014,86.21917578,122,0.3375,1.8,5.333333333333333,1.9344261819403399,18.287882692785253,4.04512692609976,1,0,0,0,0,0,0.7116130489999986,1,0,0,0,0.5063931315070743,156.28644767700004,463.0709560800001,1718.1297051428573,7.555392696430939,kidneybeans
10,55,23,21.18853178,19.63438599,5.728233081,137.1948633,88,0.18181818181818182,0.43478260869565216,2.391304347826087,1.749999940340911,26.93736901877485,4.160238115299017,1,0,0,0,0,0,0.771766919,1,0,0,0,0.5956241772627526,57.28233081,315.052819455,1718.1297051428573,7.555392696430939,kidneybeans
23,65,20,23.0429097,22.42610972,5.833940084,108.3684316,108,0.35384615384615387,1.15,3.25,1.6111110663580261,24.302823372459148,5.167628212002522,1,0,0,0,0,0,0.666059916,1,0,0,0,0.4436358117019271,134.180621932,379.20610546,1718.1297051428573,7.555392696430939,kidneybeans
19,78,16,20.65375833,23.10538637,5.967533236,67.71768947,113,0.24358974358974358,1.1875,4.875,2.1415928634975345,15.646433792880305,4.77213066207256,1,0,0,0,0,0,0.5324667639999996,1,0,0,0,0.28352085476463124,113.383131484,465.46759240800003,1718.1297051428573,7.555392696430939,kidneybeans
19,65,25,18.09551014,18.29318436,5.6250964460000015,144.7902323,109,0.2923076923076923,0.76,2.6,1.5779816079454605,26.486744129911273,3.310245030792694,1,0,0,0,0,0,0.8749035539999985,1,0,0,0,0.7654562288018283,106.87683247400003,365.6312689900001,1718.1297051428573,7.555392696430939,kidneybeans
22,70,19,18.23775702,21.07643273,5.515615023,69.44951585,111,0.3142857142857143,1.1578947368421053,3.6842105263157894,1.7837837355734127,14.637480489435937,3.8438685897811524,1,0,0,0,0,0,0.9843849770000004,1,0,0,0,0.9690137829432913,121.343530506,386.09305161,1718.1297051428573,7.555392696430939,kidneybeans
37,64,22,17.48189735,18.8251973,5.954665349,121.9401369,123,0.578125,1.6818181818181819,2.909090909090909,1.121951192147532,22.9554713593151,3.2910016679209715,1,0,0,1,0,0,0.5453346510000001,1,0,0,0,0.2973898815812919,220.322617913,381.098582336,1718.1297051428573,7.555392696430939,kidneybeans
11,71,17,19.9191786,21.47324158,5.74644777,82.68554379,99,0.15492957746478872,0.6470588235294118,4.176470588235294,2.3030302332415085,17.755266569763386,4.277293341529662,1,0,0,0,0,0,0.7535522300000004,1,0,0,0,0.5678409633379735,63.21092546999999,407.99779166999997,1718.1297051428573,7.555392696430939,kidneybeans
18,79,20,20.27514686,23.2353604,5.877347515,139.7521543,117,0.22784810126582278,0.9,3.95,2.051281998685077,32.4719167183691,4.7110034445502835,1,0,0,0,0,0,0.6226524849999997,1,0,0,0,0.38769611707667484,105.79225527,464.310453685,1718.1297051428573,7.555392696430939,kidneybeans
21,63,17,15.77370214,19.2303162,5.979973965,108.3441414,101,0.3333333333333333,1.2352941176470589,3.7058823529411766,1.7425742056661129,20.834920975395107,3.0333327979681663,1,0,0,1,0,0,0.5200260349999999,1,0,0,0,0.2704270770778211,125.579453265,376.738359795,1718.1297051428573,7.555392696430939,kidneybeans
24,80,22,16.71170642,19.17651433,5.635993966,96.77285817,126,0.3,1.0909090909090908,3.6363636363636362,1.8095237664399104,18.557661014520626,3.2047227764188295,1,0,0,1,0,0,0.864006034,1,0,0,0,0.7465064267884092,135.263855184,450.87951728,1718.1297051428573,7.555392696430939,kidneybeans
34,60,22,17.66148158,18.15302753,5.635231778,100.6711761,116,0.5666666666666667,1.5454545454545454,2.727272727272727,1.1034482473246143,18.274866312207777,3.206093613423279,1,0,0,1,0,0,0.8647682220000004,1,0,0,0,0.7478240777810419,191.597880452,338.11390667999996,1718.1297051428573,7.555392696430939,kidneybeans
16,75,21,18.50692825,23.61670065,5.679224346,87.05132890000002,112,0.21333333333333335,0.7619047619047619,3.5714285714285716,2.0178570888074,20.558651758159943,4.370725844312784,1,0,0,0,0,0,0.8207756540000002,1,0,0,0,0.673672674199128,90.867589536,425.94182595,1718.1297051428573,7.555392696430939,kidneybeans
17,77,23,24.51324787,20.81527638,5.670062975,64.19497947,117,0.22077922077922077,0.7391304347826086,3.347826086956522,1.9487178987508231,13.36236239876476,5.1025002938549635,1,0,0,0,0,0,0.8299370250000004,1,0,0,0,0.6887954654658514,96.39107057499999,436.59484907499996,1718.1297051428573,7.555392696430939,kidneybeans
37,72,18,18.87614998,24.54038287,5.724242065,105.4120514,127,0.5138888888888888,2.0555555555555554,4.0,1.4015747700415409,25.86852100468119,4.632279476207429,1,0,0,0,0,0,0.7757579349999997,1,0,0,0,0.6018003737154637,211.796956405,412.14542868,1718.1297051428573,7.555392696430939,kidneybeans
40,73,20,21.59343016,20.31871249,5.811314232000001,61.13872036,133,0.547945205479452,2.0,3.65,1.2932330535360965,12.422600810013492,4.387506990939347,1,0,0,0,0,0,0.6886857679999991,1,0,0,0,0.47428808704574865,232.45256928000003,424.22593893600003,1718.1297051428573,7.555392696430939,kidneybeans
9,77,17,20.12373284,24.45202552,5.783425416,106.158201,103,0.11688311688311688,0.5294117647058824,4.529411764705882,2.48543682081252,25.957830400092895,4.92066028961342,1,0,0,0,0,0,0.716574584,1,0,0,0,0.513479134434773,52.050828744,445.323757032,1718.1297051428573,7.555392696430939,kidneybeans
1,62,23,15.43546065,18.37477907,5.607808432000001,139.0302034,86,0.016129032258064516,0.043478260869565216,2.6956521739130435,2.3255813142239075,25.54649271532163,2.836231792874286,1,0,0,1,0,0,0.8921915679999994,1,0,0,0,0.7960057940102976,5.607808432000001,347.684122784,1718.1297051428573,7.555392696430939,kidneybeans
33,59,22,22.64236876,21.59396123,5.946999529,122.3886015,114,0.559322033898305,1.5,2.6818181818181817,1.105263128808865,26.4285471578492,4.889384331588032,1,0,0,0,0,0,0.5530004709999998,1,0,0,0,0.30580952092622166,196.25098445700002,350.872972211,1718.1297051428573,7.555392696430939,kidneybeans
23,59,19,21.98560799,24.87304788,5.852046999,129.5650601,101,0.3898305084745763,1.2105263157894737,3.1052631578947367,1.5049504503480067,32.22677943442378,5.4684908020618055,1,0,0,0,0,0,0.6479530010000003,1,0,0,0,0.4198430915049064,134.597080977,345.27077294099996,1718.1297051428573,7.555392696430939,kidneybeans
6,62,22,20.53052663,18.09224048,5.824090984,120.4509288,90,0.0967741935483871,0.2727272727272727,2.8181818181818183,2.1333332622222243,21.792271698889582,3.71443224971004,1,0,0,0,0,0,0.6759090160000003,1,0,0,0,0.45685299791008865,34.944545903999995,361.09364100799996,1718.1297051428573,7.555392696430939,kidneybeans
25,63,20,15.78601387,21.14544088,5.502999119,95.17028129,108,0.3968253968253968,1.25,3.15,1.4999999583333345,20.12417556550665,3.3380222301894498,1,0,0,1,0,0,0.997000881,1,0,0,0,0.994010756714776,137.574977975,346.688944497,1718.1297051428573,7.555392696430939,kidneybeans
7,79,23,19.6365349,19.68751084,5.821649914,96.65888933,109,0.08860759493670886,0.30434782608695654,3.4347826086956523,2.348623788569988,19.029729314667353,3.865944937037884,1,0,0,0,0,0,0.678350086,1,0,0,0,0.4601588391762074,40.751549398,459.910343206,1718.1297051428573,7.555392696430939,kidneybeans
8,72,17,20.57341244,19.7520218,5.711439256,87.87869161,97,0.1111111111111111,0.47058823529411764,4.235294117647059,2.453608171537892,17.357818324361975,4.0636649101527125,1,0,0,0,0,0,0.7885607439999998,1,0,0,0,0.6218280469778331,45.691514048,411.223626432,1718.1297051428573,7.555392696430939,kidneybeans
27,64,15,20.16080524,24.84207559,5.514927264,138.2362122,106,0.421875,1.8,4.266666666666667,1.6226414635101474,34.340744327476806,5.008362477273481,1,0,0,0,0,0,0.9850727360000002,1,0,0,0,0.9703682952105261,148.903036128,352.955344896,1718.1297051428573,7.555392696430939,kidneybeans
28,66,23,21.53989176,24.25386207,5.99616119,120.6913038,117,0.42424242424242425,1.2173913043478262,2.869565217391304,1.3846153491124271,29.27230235413667,5.224255637497696,1,0,0,0,0,0,0.5038388100000004,1,0,0,0,0.25385354646221653,167.89251331999998,395.74663854,1718.1297051428573,7.555392696430939,kidneybeans
32,57,18,15.53834801,23.75560241,5.695422862999999,107.3850593,107,0.5614035087719298,1.7777777777777777,3.1666666666666665,1.1962616487029445,25.50996773505073,3.691228174337747,1,0,0,1,0,0,0.8045771370000008,1,0,0,0,0.647344369383118,182.25353161599998,324.63910319099995,1718.1297051428573,7.555392696430939,kidneybeans
27,56,22,19.91853092,20.70099804,5.833010957999999,108.6434544,105,0.48214285714285715,1.2272727272727273,2.5454545454545454,1.1999999657142868,22.490279365932295,4.123334695345994,1,0,0,0,0,0,0.6669890420000009,1,0,0,0,0.4448743821480789,157.49129586599997,326.6486136479999,1718.1297051428573,7.555392696430939,kidneybeans
17,77,24,20.76952209,18.93146941,5.568456899,109.0193712,118,0.22077922077922077,0.7083333333333334,3.2083333333333335,1.9152541885952328,20.638968909702346,3.931975721071542,1,0,0,0,0,0,0.9315431009999999,1,0,0,0,0.8677725490206961,94.663767283,428.771181223,1718.1297051428573,7.555392696430939,kidneybeans
0,65,15,23.46168338,23.22197648,5.645435626,95.84253438,80,0.0,0.0,4.333333333333333,2.874999892187504,22.256530791559513,5.448266596315668,1,0,0,0,0,0,0.8545643739999997,1,0,0,0,0.7302802693100114,0.0,366.95331569,1718.1297051428573,7.555392696430939,kidneybeans
13,72,21,24.32116642,21.0278674,5.821194486,60.27552528,106,0.18055555555555555,0.6190476190476191,3.4285714285714284,2.0754716393734443,12.67465753053188,5.114222624930928,1,0,0,0,0,0,0.6788055140000004,1,0,0,0,0.4607769258368048,75.67552831799999,419.12600299199994,1718.1297051428573,7.555392696430939,kidneybeans
34,60,23,20.12574053,24.96969858,5.659254981,100.0497183,117,0.5666666666666667,1.4782608695652173,2.608695652173913,1.0769230493096655,24.982113089649097,5.025336747333895,1,0,0,0,0,0,0.8407450189999999,1,0,0,0,0.7068521869733101,192.414669354,339.55529886,1718.1297051428573,7.555392696430939,kidneybeans
9,80,19,21.80619564,18.57086554,5.945465949,125.0972687,108,0.1125,0.47368421052631576,4.2105263157894735,2.444444376543212,23.231645564489508,4.049599271693742,1,0,0,0,0,0,0.5545340510000001,1,0,0,0,0.3075080137184707,53.509193541,475.63727592,1718.1297051428573,7.555392696430939,kidneybeans
11,72,20,19.52226241,24.92607153,5.9511774520000005,113.334026,103,0.1527777777777778,0.55,3.6,2.194174693373553,28.2497203885888,4.8661330925909025,1,0,0,0,0,0,0.5488225479999995,1,0,0,0,0.3012061891932118,65.462951972,428.48477654400006,1718.1297051428573,7.555392696430939,kidneybeans
3,67,24,17.00067625,19.90790546,5.520880013999999,103.2926407,94,0.04477611940298507,0.125,2.7916666666666665,2.276595672023542,20.56340125769348,3.384478555410673,1,0,0,1,0,0,0.9791199860000006,1,0,0,0,0.9586759469846414,16.562640041999998,369.89896093799996,1718.1297051428573,7.555392696430939,kidneybeans
35,69,23,16.78791503,24.96881755,5.578410206,75.45328039,127,0.5072463768115942,1.5217391304347827,3.0,1.2598424899249807,18.83979191606903,4.1917438742897275,1,0,0,1,0,0,0.921589794,1,0,0,0,0.8493277484049624,195.24435721,384.910304214,1718.1297051428573,7.555392696430939,kidneybeans
3,77,25,24.84906168,22.89464642,5.608165195,62.21292186,105,0.03896103896103896,0.12,3.08,2.3999999314285736,14.243428487397889,5.689104810323712,1,0,0,0,0,0,0.8918348050000002,1,0,0,0,0.7953693194093885,16.824495585,431.828720015,1718.1297051428573,7.555392696430939,kidneybeans
23,62,19,16.51783455,20.4555596,5.609435127999999,98.77794225,104,0.3709677419354839,1.2105263157894737,3.263157894736842,1.5769230314349127,20.20558084860233,3.3788154910046417,1,0,0,1,0,0,0.8905648720000006,1,0,0,0,0.7931057912403774,129.017007944,347.78497793599996,1718.1297051428573,7.555392696430939,kidneybeans
22,71,17,18.15300153,19.38602098,5.509295379,107.6907964,110,0.30985915492957744,1.2941176470588236,4.176470588235294,1.8727272216528938,20.876960383633087,3.5191446851055215,1,0,0,0,0,0,0.9907046209999999,1,0,0,0,0.9814956460707535,121.20449833800001,391.15997190900003,1718.1297051428573,7.555392696430939,kidneybeans
31,79,25,23.18864385,22.3104551,5.902033406,63.38208822,135,0.3924050632911392,1.24,3.16,1.511111077530865,14.140832333765488,5.17349197445316,1,0,0,0,0,0,0.5979665939999999,1,0,0,0,0.3575640475399607,182.96303558600002,466.26063907400004,1718.1297051428573,7.555392696430939,kidneybeans
34,59,18,23.38002569,21.98879437,5.744117663,87.66898664,111,0.576271186440678,1.8888888888888888,3.2777777777777777,1.1891891570489417,19.277353198532374,5.140985772627274,1,0,0,0,0,0,0.7558823370000001,1,0,0,0,0.5713581073885817,195.300000542,338.902942117,1718.1297051428573,7.555392696430939,kidneybeans
12,63,17,18.358923,19.37703396,5.717143397,138.414764,92,0.19047619047619047,0.7058823529411765,3.7058823529411766,2.1086955834121004,26.82067582593385,3.5574147444002504,1,0,0,0,0,0,0.7828566029999999,1,0,0,0,0.6128644608606995,68.605720764,360.18003401100003,1718.1297051428573,7.555392696430939,kidneybeans
27,56,20,19.25975367,20.51346956,5.542690119,94.9533526,103,0.48214285714285715,1.35,2.8,1.2621358855688578,19.47822708180047,3.9508437064264323,1,0,0,0,0,0,0.9573098809999996,1,0,0,0,0.9164422082602334,149.652633213,310.39064666400003,1718.1297051428573,7.555392696430939,kidneybeans
7,63,24,22.95458237,24.03553105,5.858617867,107.7315386,94,0.1111111111111111,0.2916666666666667,2.625,2.021276531235855,25.893847410845733,5.517255772939176,1,0,0,0,0,0,0.6413821329999996,1,0,0,0,0.41137104053162915,41.010325069000004,369.092925621,1718.1297051428573,7.555392696430939,kidneybeans
24,67,22,20.120043,22.89845607,5.618844277000001,104.6252153,113,0.3582089552238806,1.0909090909090908,3.0454545454545454,1.5575220825436618,23.95755896361342,4.60717920762011,1,0,0,0,0,0,0.8811557229999991,1,0,0,0,0.7764354081756512,134.85226264800002,376.46256655900004,1718.1297051428573,7.555392696430939,kidneybeans
11,71,24,21.14011423,22.7182355,5.6066203460000015,141.6056722,106,0.15492957746478872,0.4583333333333333,2.9583333333333335,2.0188678673905325,32.170310091754025,4.802660935740411,1,0,0,0,0,0,0.8933796539999985,1,0,0,0,0.7981272061811571,61.67282380600002,398.0700445660001,1718.1297051428573,7.555392696430939,kidneybeans
37,74,15,24.92360104,18.22590825,5.582178402,62.7089169,126,0.5,2.466666666666667,4.933333333333334,1.5238094875283457,11.429269658762744,4.542552658146446,1,0,0,0,0,0,0.9178215979999997,1,0,0,0,0.8423964857552731,206.540600874,413.081201748,1718.1297051428573,7.555392696430939,kidneybeans
25,76,24,15.33042636,24.91506728,5.56503533,135.3315583,125,0.32894736842105265,1.0416666666666667,3.1666666666666665,1.647999960448001,33.71794880151743,3.8195860419048553,1,0,0,1,0,0,0.9349646700000003,1,0,0,0,0.8741589341482094,139.12588325,422.94268508,1718.1297051428573,7.555392696430939,kidneybeans
34,66,17,18.81097271,21.27833035,5.889614577000001,125.084915,117,0.5151515151515151,2.0,3.8823529411764706,1.3846153491124271,26.615981431716705,4.002660915282148,1,0,0,0,0,0,0.6103854229999994,1,0,0,0,0.3725703646108882,200.24689561800002,388.71456208200004,1718.1297051428573,7.555392696430939,kidneybeans
20,69,15,23.44260668,22.77255917,5.934136378,107.4137246,104,0.2898550724637681,1.3333333333333333,4.6,1.9807691736316584,24.460853991235844,5.338481477193373,1,0,0,0,0,0,0.5658636220000002,1,0,0,0,0.3202016387029591,118.68272755999999,409.455410082,1718.1297051428573,7.555392696430939,kidneybeans
37,65,16,22.8352024,18.97267518,5.683548308,63.59276673,118,0.5692307692307692,2.3125,4.0625,1.3050847125825922,12.065249069658007,4.332448778047564,1,0,0,0,0,0,0.8164516920000002,1,0,0,0,0.6665933653696632,210.291287396,369.43064002,1718.1297051428573,7.555392696430939,kidneybeans
18,74,15,24.9035819,22.27512704,5.70836603,146.4727237,107,0.24324324324324326,1.2,4.933333333333334,2.149532650013103,32.62698528312319,5.547304505735446,1,0,0,0,0,0,0.7916339700000004,1,0,0,0,0.6266843424579615,102.75058854,422.41908622,1718.1297051428573,7.555392696430939,kidneybeans
4,67,25,23.78709569,24.35679348,5.948164454,119.6404412,96,0.05970149253731343,0.16,2.68,2.187499931640627,29.140575181644834,5.793773772103282,1,0,0,0,0,0,0.5518355460000004,1,0,0,0,0.30452246982911857,23.792657816,398.52701841799995,1718.1297051428573,7.555392696430939,kidneybeans
37,56,25,22.05592283,19.60379304,5.774755143999999,126.7265372,118,0.6607142857142857,1.48,2.24,0.8474576055731118,24.84320807944661,4.3237974646553115,1,0,0,0,0,0,0.7252448560000007,1,0,0,0,0.5259801011544617,213.66594032799998,323.386288064,1718.1297051428573,7.555392696430939,kidneybeans
5,59,15,18.87492997,20.18238348,5.97229163,134.1811718,79,0.0847457627118644,0.3333333333333333,3.933333333333333,2.4810125640121807,27.080958650633615,3.8094107481268487,1,0,0,0,0,0,0.52770837,1,0,0,0,0.2784761237680569,29.86145815,352.36520617,1718.1297051428573,7.555392696430939,kidneybeans
11,61,21,18.62328774,23.02410338,5.532100554,135.33780330000002,93,0.18032786885245902,0.5238095238095238,2.9047619047619047,1.9354838085327803,31.160315744013054,4.2878450220124655,1,0,0,0,0,0,0.9678994459999997,1,0,0,0,0.9368293375671063,60.853106094000005,337.45813379400005,1718.1297051428573,7.555392696430939,kidneybeans
22,80,20,23.00884744,18.86880997,5.669560726,100.118612,122,0.275,1.1,4.0,1.9344261819403399,18.891190642881615,4.341495699740809,1,0,0,0,0,0,0.8304392739999997,1,0,0,0,0.6896293878016466,124.730335972,453.56485808,1718.1297051428573,7.555392696430939,kidneybeans
12,61,19,19.33162606,24.13995025,5.655726817000001,68.51253427,92,0.19672131147540983,0.631578947368421,3.210526315789474,1.978260805056713,16.5388916877922,4.666644913400035,1,0,0,0,0,0,0.8442731829999994,1,0,0,0,0.7127972075329505,67.868721804,344.99933583700005,1718.1297051428573,7.555392696430939,kidneybeans
5,74,21,16.24469193,21.35793891,5.591704013999999,66.97053257,100,0.06756756756756757,0.23809523809523808,3.5238095238095237,2.4399999268000023,14.303525434002255,3.4695313785271,1,0,0,1,0,0,0.9082959860000006,1,0,0,0,0.8250015981837133,27.95852007,413.78609703599994,1718.1297051428573,7.555392696430939,kidneybeans
27,69,22,17.91652287,24.90814655,5.932323085,69.14681022,118,0.391304347826087,1.2272727272727273,3.1363636363636362,1.508474537920139,17.22318882424798,4.462673773123867,1,0,0,1,0,0,0.5676769149999998,1,0,0,0,0.32225707982391705,160.172723295,409.330292865,1718.1297051428573,7.555392696430939,kidneybeans
31,75,18,15.46789263,21.43780702,5.824208308999999,88.88796102,124,0.41333333333333333,1.7222222222222223,4.166666666666667,1.6290322186524466,19.055629547480425,3.315976972080203,1,0,0,1,0,0,0.6757916910000006,1,0,0,0,0.45669440962464025,180.55045757899998,436.8156231749999,1718.1297051428573,7.555392696430939,kidneybeans
36,68,20,17.06104474,23.77201471,5.86442953,81.83420522,124,0.5294117647058824,1.8,3.4,1.2903225494276802,19.453639302709988,4.055754065272481,1,0,0,1,0,0,0.6355704700000002,1,0,0,0,0.40394982233602117,211.11946308,398.78120803999997,1718.1297051428573,7.555392696430939,kidneybeans
5,65,16,21.32776028,18.48522915,5.866744372,109.1013261,86,0.07692307692307693,0.3125,4.0625,2.534883632504059,20.167630135273757,3.9424853603206813,1,0,0,0,0,0,0.6332556279999997,1,0,0,0,0.401012690393674,29.33372186,381.33838418000005,1718.1297051428573,7.555392696430939,kidneybeans
32,79,15,23.90910104,20.74619325,5.706198621,81.60211243,126,0.4050632911392405,2.1333333333333333,5.266666666666667,1.7619047199546496,16.929331940810073,4.96022830609616,1,0,0,0,0,0,0.7938013789999996,1,0,0,0,0.630120629302301,182.598355872,450.789691059,1718.1297051428573,7.555392696430939,kidneybeans
11,78,22,23.89756791,22.74378977,5.940546818,112.6616435,111,0.14102564102564102,0.5,3.5454545454545454,2.2162161563184823,25.62352734906687,5.4352126055933825,1,0,0,0,0,0,0.5594531820000004,1,0,0,0,0.3129878628499255,65.346014998,463.362651804,1718.1297051428573,7.555392696430939,kidneybeans
0,55,22,22.98666928,20.57940608,5.916779289,143.85849380000005,77,0.0,0.0,2.5,2.2857141966604857,29.60522361967363,4.730520015397812,1,0,0,0,0,0,0.5832207110000001,1,0,0,0,0.3401463977393456,0.0,325.422860895,1718.1297051428573,7.555392696430939,kidneybeans
14,59,15,21.35135729,22.91244883,5.779090476,146.4548645,88,0.23728813559322035,0.9333333333333333,3.933333333333333,2.022727203770663,33.55639588760834,4.892118813581725,1,0,0,0,0,0,0.7209095239999996,1,0,0,0,0.5197105417939061,80.907266664,340.96633808400003,1718.1297051428573,7.555392696430939,kidneybeans
29,68,23,24.1638445,19.27907819,5.82738029,116.7324324,120,0.4264705882352941,1.2608695652173914,2.9565217391304346,1.399999965000001,22.50493691548489,4.658566474865014,1,0,0,0,0,0,0.6726197100000002,1,0,0,0,0.4524172742804844,168.99402841,396.26185971999996,1718.1297051428573,7.555392696430939,kidneybeans
32,68,19,24.62835037,18.18325169,5.514234138,149.7441028,119,0.47058823529411764,1.6842105263157894,3.5789473684210527,1.4285713925570238,27.228347103056336,4.478234934872146,1,0,0,0,0,0,0.985765862,1,0,0,0,0.9717343346846031,176.455492416,374.967921384,1718.1297051428573,7.555392696430939,kidneybeans
17,64,17,21.02213209,24.93896255,5.662699104,124.6118471,98,0.265625,1.0,3.764705882352941,1.9183672882132465,31.07690188113226,5.242701649136632,1,0,0,0,0,0,0.8373008960000003,1,0,0,0,0.7010727904424034,96.26588476799999,362.412742656,1718.1297051428573,7.555392696430939,kidneybeans
13,69,19,17.30844532,20.01730914,5.86390397,115.199245,101,0.18840579710144928,0.6842105263157895,3.6315789473684212,2.0990098386432723,23.05978899859599,3.464685007032262,1,0,0,1,0,0,0.63609603,1,0,0,0,0.40461815938176093,76.23075161,404.60937393,1718.1297051428573,7.555392696430939,kidneybeans
14,67,22,23.82576704,24.75485098,5.624690247999999,84.64143632,103,0.208955223880597,0.6363636363636364,3.0454545454545454,1.9029125659345858,20.952861428347596,5.898033125593957,1,0,0,0,0,0,0.8753097520000006,1,0,0,0,0.7661671619463025,78.74566347199999,376.85424661599995,1718.1297051428573,7.555392696430939,kidneybeans
9,69,20,19.30607278,23.96362799,5.591560999,129.3449326,98,0.13043478260869565,0.45,3.45,2.224489727821743,30.995738472180232,4.626435460477851,1,0,0,0,0,0,0.9084390009999996,1,0,0,0,0.8252614185378774,50.324048991000005,385.817708931,1718.1297051428573,7.555392696430939,kidneybeans
20,73,22,16.03768615,22.33195853,5.976312537999999,130.3900798,115,0.273972602739726,0.9090909090909091,3.3181818181818183,1.8086956049905496,29.118658548169908,3.5815294201895536,1,0,0,1,0,0,0.5236874620000007,1,0,0,0,0.2742485578560022,119.52625075999998,436.270815274,1718.1297051428573,7.555392696430939,kidneybeans
40,78,20,19.18572809,20.83398341,5.669236258,80.15293435,138,0.5128205128205128,2.0,3.9,1.391304317580341,16.699049045107188,3.99715140735831,1,0,0,0,0,0,0.8307637420000002,1,0,0,0,0.690168395021843,226.76945031999998,442.200428124,1718.1297051428573,7.555392696430939,kidneybeans
27,72,23,19.92889503,21.79992115,5.961934481,64.02640797,122,0.375,1.173913043478261,3.130434782608696,1.5409835686643385,13.957706452637312,4.344483402606269,1,0,0,0,0,0,0.5380655189999999,1,0,0,0,0.28951450273673923,160.972230987,429.259282632,1718.1297051428573,7.555392696430939,kidneybeans
14,67,15,19.56376468,24.67385131,5.690065688,139.2921004,96,0.208955223880597,0.9333333333333333,4.466666666666667,2.187499931640627,34.368725739271916,4.827134207781497,1,0,0,0,0,0,0.8099343120000002,1,0,0,0,0.6559935897549137,79.660919632,381.234401096,1718.1297051428573,7.555392696430939,kidneybeans
7,56,18,18.31357543,24.32991649,5.698371311,76.14153904,81,0.125,0.3888888888888889,3.111111111111111,2.1481480685871084,18.525172862632747,4.455677608452158,1,0,0,0,0,0,0.8016286890000002,1,0,0,0,0.642608555027859,39.888599176999996,319.10879341599997,1718.1297051428573,7.555392696430939,kidneybeans
27,65,18,20.10993761,23.22323766,5.59503163,73.36386477,110,0.4153846153846154,1.5,3.611111111111111,1.5454545033057865,17.037464672098114,4.670178604448023,1,0,0,0,0,0,0.9049683699999997,1,0,0,0,0.8189677507004565,151.06585401,363.67705595,1718.1297051428573,7.555392696430939,kidneybeans
30,63,16,23.60506572,21.90539577,5.5259045260000015,100.5978728,109,0.47619047619047616,1.875,3.9375,1.4678898678562422,22.03636217304118,5.170783067734599,1,0,0,0,0,0,0.9740954739999985,1,0,0,0,0.9488619924672818,165.77713578000004,348.1319851380001,1718.1297051428573,7.555392696430939,kidneybeans
37,70,25,19.73136909,24.89487354,5.819403771,84.06354115,132,0.5285714285714286,1.48,2.8,1.1818181549586784,20.92751226253836,4.912099382666149,1,0,0,0,0,0,0.6805962289999998,1,0,0,0,0.4632112269290202,215.317939527,407.35826397,1718.1297051428573,7.555392696430939,kidneybeans
27,63,19,20.93409877,21.1893007,5.562201934,133.1914419,109,0.42857142857142855,1.4210526315789473,3.3157894736842106,1.4678898678562422,28.22233513085679,4.435789137210301,1,0,0,0,0,0,0.937798066,1,0,0,0,0.8794652125933404,150.179452218,350.418721842,1718.1297051428573,7.555392696430939,kidneybeans
22,60,24,18.78226261,20.24768314,5.630664753,104.2570723,106,0.36666666666666664,0.9166666666666666,2.5,1.396226375578499,21.10964165034471,3.802973019795494,1,0,0,0,0,0,0.8693352470000004,1,0,0,0,0.7557437716765517,123.874624566,337.83988517999995,1718.1297051428573,7.555392696430939,kidneybeans
3,72,24,36.51268371,57.92887167,6.03160778,122.6539694,99,0.041666666666666664,0.125,3.0,2.3636362920110217,71.05206053188707,21.151385689638897,1,0,0,0,1,1,0.46839222000000014,1,0,0,0,0.21939127175652853,18.094823339999998,434.27576016,1718.1297051428573,7.555392696430939,pigeonpeas
40,59,23,36.89163721,62.73178224,5.269084669,163.7266551,122,0.6779661016949152,1.7391304347826086,2.5652173913043477,0.9016393220908364,102.70864874616785,23.14278151934801,1,0,0,0,1,1,1.2309153310000003,1,0,1,0,1.5151525520908402,210.76338676,310.875995471,1718.1297051428573,7.555392696430939,pigeonpeas
33,73,23,29.23540524,59.38967583,5.985792703,103.3301803,129,0.4520547945205479,1.434782608695652,3.1739130434782608,1.39534880475933,61.36745911472452,17.362812399622833,1,0,0,0,1,0,0.5142072969999996,1,0,0,0,0.26440914428804574,197.531159199,436.96286731900005,1718.1297051428573,7.555392696430939,pigeonpeas
27,57,24,27.33534897,43.35795962,6.09186275,142.33036769999995,108,0.47368421052631576,1.125,2.375,1.1666666342592602,61.711543354363506,11.852049568398686,1,0,0,0,0,0,0.40813725000000023,1,0,0,0,0.16657601483756268,164.48029425,347.23617674999997,1718.1297051428573,7.555392696430939,pigeonpeas
10,79,18,21.0643684,55.46985938,5.624731337999999,184.6226709,107,0.12658227848101267,0.5555555555555556,4.388888888888889,2.429906473927856,102.40993593183018,11.684375530765156,1,0,0,0,0,0,0.8752686620000008,1,0,0,0,0.7660952306792715,56.247313379999994,444.35377570199995,1718.1297051428573,7.555392696430939,pigeonpeas
30,75,25,30.33276599,42.35249879,6.446091759,149.299952,130,0.4,1.2,3.0,1.4615384278106518,63.23226036427057,12.84668434888828,1,0,0,0,1,0,0.053908241000000245,1,0,0,0,0.0029060984477141073,193.38275277,483.456881925,1718.1297051428573,7.555392696430939,pigeonpeas
40,70,20,31.80130272,45.03186173,5.623490042999999,147.03614419999997,130,0.5714285714285714,2.0,3.5,1.2307692023668646,66.2131131492674,14.320718669209128,1,0,0,0,1,0,0.8765099570000006,1,0,0,0,0.7682697047201429,224.93960171999998,393.64430301,1718.1297051428573,7.555392696430939,pigeonpeas
38,55,19,33.18184225,38.23184742,5.864623352000001,198.8298806,112,0.6909090909090909,2.0,2.8947368421052633,0.9821428308354598,76.01633657636019,12.686031300165098,1,0,0,0,1,1,0.6353766479999994,1,0,0,0,0.4037034848237151,222.85568737600002,322.55428436000005,1718.1297051428573,7.555392696430939,pigeonpeas
35,58,20,29.38538562,63.47742011,5.761702519,90.05422663,113,0.603448275862069,1.75,2.9,1.0796459890359473,57.16409976473659,18.653084680950926,1,0,0,0,1,0,0.738297481,1,0,0,0,0.5450831704509455,201.659588165,334.178746102,1718.1297051428573,7.555392696430939,pigeonpeas
38,61,21,30.27374995,67.38680755,4.696518678,127.7767134,120,0.6229508196721312,1.8095238095238095,2.9047619047619047,1.0499999737500008,86.10464795257307,20.400513616974724,1,0,0,0,1,0,1.8034813219999997,1,0,1,0,3.2525448788028664,178.467709764,286.487639358,1718.1297051428573,7.555392696430939,pigeonpeas
33,58,24,35.45790488,68.75810535,5.269504214,108.6333046,115,0.5689655172413793,1.375,2.4166666666666665,1.026086929754254,74.6942020220544,24.380183592293193,1,0,0,0,1,1,1.2304957859999996,1,0,1,0,1.514119879363757,173.893639062,305.631244412,1718.1297051428573,7.555392696430939,pigeonpeas
16,56,17,33.80020039,40.03262418,7.445444882999999,176.6165894,89,0.2857142857142857,0.9411764705882353,3.2941176470588234,1.7752808390354773,70.70425547403572,13.531107194215593,1,0,0,0,1,1,0.9454448829999986,0,0,0,0,0.8938660267908811,119.12711812799998,416.9449134479999,1718.1297051428573,7.555392696430939,pigeonpeas
31,72,17,28.69180475,49.47225353,5.833031707999999,96.36222901,120,0.4305555555555556,1.8235294117647058,4.235294117647059,1.599999960000001,47.67256624298641,14.194482388252583,1,0,0,0,1,0,0.6669682920000009,1,0,0,0,0.4448467025333984,180.82398294799998,419.97828297599995,1718.1297051428573,7.555392696430939,pigeonpeas
16,80,20,31.24021696,56.67369054,7.3393209289999986,122.0146733,116,0.2,0.8,4.0,2.1379309791914403,69.150218359434,17.704983883934997,1,0,0,0,1,0,0.8393209289999986,0,0,0,0,0.7044596218574206,117.42913486399998,587.1456743199999,1718.1297051428573,7.555392696430939,pigeonpeas
27,72,17,28.98039357,57.23265151,6.347929353,120.7435664,116,0.375,1.588235294117647,4.235294117647059,1.7241378864447099,69.10474457845746,16.586247658144547,1,0,0,0,1,0,0.1520706470000004,1,0,0,0,0.02312548167899873,171.39409253099998,457.05091341599996,1718.1297051428573,7.555392696430939,pigeonpeas
40,62,19,27.32198928,34.13737127,4.697750704,96.51524028,121,0.6451612903225806,2.1052631578947367,3.263157894736842,1.0743801386517322,32.947765906516196,9.327008918863202,1,0,0,0,0,0,1.8022492960000003,1,0,1,0,3.2481025249324964,187.91002816,291.260543648,1718.1297051428573,7.555392696430939,pigeonpeas
18,58,16,21.47607807,38.80023714,4.962661422,180.382234,92,0.3103448275862069,1.125,3.625,1.7826086375236314,69.98873455042971,8.332769219531535,1,0,0,0,0,0,1.537338578,1,0,1,0,2.363409903407062,89.327905596,287.834362476,1718.1297051428573,7.555392696430939,pigeonpeas
3,68,16,18.31910448,34.69776639,4.964887857,107.4721605,87,0.04411764705882353,0.1875,4.25,2.689655079667066,37.29043918457585,6.356320077210423,1,0,0,0,0,0,1.535112143,1,0,1,0,2.3565692915860526,14.894663570999999,337.61237427599997,1718.1297051428573,7.555392696430939,pigeonpeas
26,67,24,36.97794384,37.73992903,5.642813116,161.48129630000005,117,0.3880597014925373,1.0833333333333333,2.7916666666666665,1.435897399079554,60.94292662034403,13.955449761969255,1,0,0,0,1,1,0.8571868839999999,1,0,0,0,0.7347693541016292,146.713141016,378.068478772,1718.1297051428573,7.555392696430939,pigeonpeas
16,70,20,24.80467592,40.1242747,5.6093956,121.5639121,106,0.22857142857142856,0.8,3.5,1.9622640954076203,48.77663802707054,9.952696304585553,1,0,0,0,0,0,0.8906044,1,0,0,0,0.79317619729936,89.7503296,392.657692,1718.1297051428573,7.555392696430939,pigeonpeas
24,63,19,19.3479443,55.96805489,4.681576043,194.5921148,106,0.38095238095238093,1.263157894736842,3.3157894736842106,1.5660376915272352,108.9094216228758,10.828668085910627,1,0,0,0,0,0,1.8184239570000003,1,0,1,0,3.306665687391539,112.357825032,294.939290709,1718.1297051428573,7.555392696430939,pigeonpeas
9,76,25,28.88302142,50.12323801,5.70951224,179.2155874,110,0.11842105263157894,0.36,3.04,2.1454544869421506,89.82865542352158,14.477105570825882,1,0,0,0,1,0,0.7904877600000004,1,0,0,0,0.6248708987098183,51.38561016,433.92293023999997,1718.1297051428573,7.555392696430939,pigeonpeas
16,55,19,19.54314136,47.19188279,6.413543781,192.4372194,90,0.2909090909090909,0.8421052631578947,2.8947368421052633,1.6666666111111128,90.81474702358314,9.222776364095212,1,0,0,0,0,0,0.08645621899999956,1,0,0,0,0.007474677803775884,102.616700496,352.74490795500003,1718.1297051428573,7.555392696430939,pigeonpeas
28,75,21,24.7741949,50.54621094,6.007508163,114.2821387,124,0.37333333333333335,1.3333333333333333,3.5714285714285716,1.6290322186524466,57.76529089404538,12.522416812840722,1,0,0,0,0,0,0.4924918370000002,1,0,0,0,0.24254820951163478,168.210228564,450.563112225,1718.1297051428573,7.555392696430939,pigeonpeas
16,71,24,18.33124824,38.40975482,4.946369874,139.64833169999997,111,0.22535211267605634,0.6666666666666666,2.9583333333333335,1.8378377881665464,53.63858181619033,7.040987504429566,1,0,0,0,0,0,1.5536301259999998,1,0,1,0,2.4137665684147755,79.141917984,351.192261054,1718.1297051428573,7.555392696430939,pigeonpeas
24,70,21,19.14729038,45.3733757,5.517208078,132.7748215,115,0.34285714285714286,1.1428571428571428,3.3333333333333335,1.6521738699432904,60.244418594199374,8.687772000487357,1,0,0,0,0,0,0.9827919219999997,1,0,0,0,0.9658799619484534,132.41299387200002,386.20456546,1718.1297051428573,7.555392696430939,pigeonpeas
38,72,21,28.23416057,49.4421345,5.902103172,186.5008581,131,0.5277777777777778,1.8095238095238095,3.4285714285714284,1.2977098939455751,92.21000510545615,13.959571643965367,1,0,0,0,1,0,0.5978968279999997,1,0,0,0,0.3574806169324612,224.27992053600002,424.951428384,1718.1297051428573,7.555392696430939,pigeonpeas
9,66,21,30.11812084,34.13307843,5.719889876,157.0858232,96,0.13636363636363635,0.42857142857142855,3.142857142857143,2.1249999335937524,53.61822723526713,10.280241807959374,1,0,0,0,1,0,0.7801101240000001,1,0,0,0,0.6085718055672956,51.479008883999995,377.512731816,1718.1297051428573,7.555392696430939,pigeonpeas
34,56,17,33.4126864,35.42910045,4.548202098,139.6702541,107,0.6071428571428571,2.0,3.2941176470588234,1.140186883919994,49.48391462385924,11.837814227699488,1,0,0,0,1,1,1.951797902,1,0,1,0,3.8095150502516018,154.638871332,254.699317488,1718.1297051428573,7.555392696430939,pigeonpeas
1,76,19,24.18553163,46.68746847,6.6695294160000005,177.3377996,96,0.013157894736842105,0.05263157894736842,4.0,2.749999914062503,82.79452927364179,11.291612454058127,1,0,0,0,0,0,0.1695294160000005,0,0,0,0,0.028740222889301222,6.6695294160000005,506.884235616,1718.1297051428573,7.555392696430939,pigeonpeas
6,69,19,26.88630675,41.69617915,4.7509292180000005,94.46748008,94,0.08695652173913043,0.3157894736842105,3.6315789473684212,2.4042552424173858,39.38932973264736,11.210562629298543,1,0,0,0,0,0,1.7490707819999995,1,0,1,0,3.05924860044609,28.505575308000004,327.814116042,1718.1297051428573,7.555392696430939,pigeonpeas
26,73,21,31.33170829,57.97429171,4.946263888,161.7820226,120,0.3561643835616438,1.2380952380952381,3.4761904761904763,1.6499999587500012,93.79198171646213,18.164335961770856,1,0,0,0,1,0,1.5537361120000002,1,0,1,0,2.4140959057328772,128.602861088,361.077263824,1718.1297051428573,7.555392696430939,pigeonpeas
27,61,18,33.30711818,67.07780816,5.266227032,108.5090168,106,0.4426229508196721,1.5,3.388888888888889,1.452830147561411,72.78547012540618,22.341684836404887,1,0,0,0,1,1,1.2337729680000002,1,0,1,0,1.5221957365675296,142.188129864,321.239848952,1718.1297051428573,7.555392696430939,pigeonpeas
27,71,23,23.45379018,46.48714759,7.10959773,150.87122019999995,121,0.38028169014084506,1.173913043478261,3.0869565217391304,1.5206611193224517,70.13572680520787,10.902998056425526,1,0,0,0,0,0,0.60959773,0,0,0,0,0.3716093924211528,191.95913871,504.78143883,1718.1297051428573,7.555392696430939,pigeonpeas
36,61,21,34.53823889,39.04468913,5.617008201,168.5948318,118,0.5901639344262295,1.7142857142857142,2.9047619047619047,1.1016948872450454,65.82732796555639,13.485348005577265,1,0,0,0,1,1,0.882991799,1,0,0,0,0.7796745171012565,202.212295236,342.637500261,1718.1297051428573,7.555392696430939,pigeonpeas
17,73,18,19.50112224,34.51086611,5.632353113,197.3752649,108,0.2328767123287671,0.9444444444444444,4.055555555555555,2.055555498456792,68.11591340389683,6.730006186193834,1,0,0,0,0,0,0.8676468870000003,1,0,0,0,0.7528111205207912,95.75000292099999,411.16177724899995,1718.1297051428573,7.555392696430939,pigeonpeas
26,72,22,28.76794904,37.57792132,4.674941549,91.72084869,120,0.3611111111111111,1.1818181818181819,3.272727272727273,1.599999960000001,34.466788354764454,10.810397255628896,1,0,0,0,1,0,1.8250584510000003,1,0,1,0,3.3308383495665206,121.54848027399999,336.59579152799995,1718.1297051428573,7.555392696430939,pigeonpeas
17,64,16,30.97758716,32.24914235,7.161797643,180.716828,97,0.265625,1.0625,4.0,1.9587628260176446,58.27962711212465,9.990006179823721,1,0,0,0,1,0,0.6617976429999999,0,0,0,0,0.43797612028035526,121.750559931,458.355049152,1718.1297051428573,7.555392696430939,pigeonpeas
14,74,19,18.39759147,36.82639309,6.624966131,93.12330644,107,0.1891891891891892,0.7368421052631579,3.8947368421052633,2.149532650013103,34.29395488799969,6.775169353834509,1,0,0,0,0,0,0.12496613099999987,0,0,0,0,0.015616533897109128,92.749525834,490.247493694,1718.1297051428573,7.555392696430939,pigeonpeas
39,60,15,35.09357419,30.98685456,5.004074623999999,116.9106908,114,0.65,2.6,4.0,1.210526283933519,36.2269457232873,10.874394794160997,1,0,0,0,1,1,1.4959253760000006,1,0,1,0,2.2377927305607432,195.15891033599996,300.24447743999997,1718.1297051428573,7.555392696430939,pigeonpeas
6,66,15,34.93174223,30.40046769,6.3458060110000005,159.2649827,87,0.09090909090909091,0.4,4.4,2.55172404994055,48.417299607197585,10.619413010185234,1,0,0,0,1,1,0.15419398899999948,1,0,0,0,0.02377578624373196,38.074836066,418.82319672600005,1718.1297051428573,7.555392696430939,pigeonpeas
8,59,18,29.50523036,35.72032498,6.216814453,187.8961851,85,0.13559322033898305,0.4444444444444444,3.2777777777777777,2.16470580595156,67.11712794274234,10.539364170689623,1,0,0,0,1,0,0.2831855470000004,1,0,0,0,0.08019405402968945,49.734515624,366.792052727,1718.1297051428573,7.555392696430939,pigeonpeas
2,67,18,34.51934775,47.52980027,5.921666758,129.0064612,87,0.029850746268656716,0.1111111111111111,3.7222222222222223,2.620689564803808,61.31651334375504,16.40697704008174,1,0,0,0,1,1,0.5783332420000002,1,0,0,0,0.33446933880223084,11.843333516,396.751672786,1718.1297051428573,7.555392696430939,pigeonpeas
1,76,17,28.43430726,52.10010827,6.012719118,147.0414824,94,0.013157894736842105,0.058823529411764705,4.470588235294118,2.851063738795838,76.608771532213,14.814304868284472,1,0,0,0,1,0,0.4872808820000003,1,0,0,0,0.23744265796269823,6.012719118,456.96665296799995,1718.1297051428573,7.555392696430939,pigeonpeas
16,73,19,18.41645629,34.80541039,4.684079249,163.27474730000003,108,0.2191780821917808,0.8421052631578947,3.8421052631578947,2.055555498456792,56.828445861000446,6.409923191029468,1,0,0,0,0,0,1.8159207510000002,1,0,1,0,3.2975681739124045,74.945267984,341.93778517699997,1718.1297051428573,7.555392696430939,pigeonpeas
23,75,25,31.07508973,47.19847683,7.077170002000001,91.31256412,123,0.30666666666666664,0.92,3.0,1.6585365449137428,43.09813941905709,14.666969026115758,1,0,0,0,1,0,0.5771700020000008,0,0,0,0,0.33312521120868094,162.77491004600003,530.7877501500001,1718.1297051428573,7.555392696430939,pigeonpeas
32,70,20,20.89342749,46.24856523,6.208843215,195.5697875,122,0.45714285714285713,1.6,3.5,1.4426229153453383,90.44822074210988,9.662910441495402,1,0,0,0,0,0,0.2911567850000001,1,0,0,0,0.08477227345153628,198.68298288,434.61902505,1718.1297051428573,7.555392696430939,pigeonpeas
28,59,22,30.90607799,52.79913039,7.05181629,170.99198280000005,109,0.4745762711864407,1.2727272727272727,2.6818181818181817,1.2477063876778058,90.28227995501841,16.318140416375194,1,0,0,0,1,0,0.5518162899999997,0,0,0,0,0.30450121790936374,197.45085612,416.05716111,1718.1297051428573,7.555392696430939,pigeonpeas
5,62,23,27.9348279,66.45457122,4.722222454,145.3728801,90,0.08064516129032258,0.21739130434782608,2.6956521739130435,2.1333332622222243,96.60692414061971,18.56397010198993,1,0,0,0,0,0,1.7777775460000003,1,0,1,0,3.160493003061783,23.61111227,292.777792148,1718.1297051428573,7.555392696430939,pigeonpeas
36,67,25,35.95176642,36.52780776,6.418062652000001,136.0456753,128,0.5373134328358209,1.44,2.68,1.1406249732666023,49.6945027393778,13.132392124221834,1,0,0,0,1,1,0.08193734799999941,1,0,0,0,0.006713728997273008,231.05025547200003,430.01019768400005,1718.1297051428573,7.555392696430939,pigeonpeas
1,66,23,19.54317155,56.92831399,4.803564468,173.1686574,90,0.015151515151515152,0.043478260869565216,2.869565217391304,2.3999999200000026,98.58199701693937,11.12559806358835,1,0,0,0,0,0,1.6964355319999997,1,0,1,0,2.877893514232122,4.803564468,317.035254888,1718.1297051428573,7.555392696430939,pigeonpeas
24,73,20,19.63736208,32.31528909,4.608695247,176.4134092,117,0.3287671232876712,1.2,3.65,1.7435896988823156,57.008503176504654,6.345870325802037,1,0,0,0,0,0,1.891304753,1,0,1,0,3.577033668720391,110.608685928,336.434753031,1718.1297051428573,7.555392696430939,pigeonpeas
17,67,18,31.2192752,56.46868874,5.611510977000001,129.20286529999998,102,0.2537313432835821,0.9444444444444444,3.7222222222222223,1.9411764134948115,72.95916384941845,17.62911533957201,1,0,0,0,1,0,0.8884890229999991,1,0,0,0,0.789412743991493,95.39568660900001,375.97123545900007,1718.1297051428573,7.555392696430939,pigeonpeas
5,55,18,33.50876355,45.70976142,7.322097972000001,126.6738117,78,0.09090909090909091,0.2777777777777778,3.0555555555555554,2.2307691449704175,57.902297109690046,15.31677587349692,1,0,0,0,1,1,0.8220979720000008,0,0,0,0,0.6758450755665141,36.61048986,402.71538846000004,1718.1297051428573,7.555392696430939,pigeonpeas
5,56,24,24.80710166,45.01110015,5.023115055,188.4928637,85,0.08928571428571429,0.20833333333333334,2.3333333333333335,1.9529411075432548,84.84271165560999,11.165949372494913,1,0,0,0,0,0,1.4768849450000001,1,0,1,0,2.1811891407676534,25.115575274999998,281.29444308,1718.1297051428573,7.555392696430939,pigeonpeas
37,77,17,36.20970524,31.94550613,5.617122801,191.0658531,131,0.4805194805194805,2.176470588235294,4.529411764705882,1.5267175222889116,61.03695381439729,11.567373607099132,1,0,0,0,1,1,0.8828771990000002,1,0,0,0,0.7794721485140859,207.833543637,432.51845567699996,1718.1297051428573,7.555392696430939,pigeonpeas
13,73,20,30.50420876,35.48885969,5.391560417999999,162.59277230000004,106,0.1780821917808219,0.65,3.65,2.1320754113563565,57.70232082762819,10.825595846381088,1,0,0,0,1,0,1.1084395820000008,1,0,1,0,1.2286383069443365,70.090285434,393.58391051399997,1718.1297051428573,7.555392696430939,pigeonpeas
6,63,23,26.01630259,49.94704718,5.906596905,160.33374469999995,92,0.09523809523809523,0.2608695652173913,2.739130434782609,2.1086955834121004,80.08197111076973,12.99437492911886,1,0,0,0,0,0,0.5934030950000002,1,0,0,0,0.35212723315557926,35.43958143,372.11560501499997,1718.1297051428573,7.555392696430939,pigeonpeas
16,77,22,31.48469278,35.6395615,6.574209678,100.546816,115,0.2077922077922078,0.7272727272727273,3.5,2.0173912517202286,35.834444324611844,11.22100644641416,1,0,0,0,1,0,0.07420967799999989,0,0,0,0,0.005507076308863668,105.187354848,506.214145206,1718.1297051428573,7.555392696430939,pigeonpeas
25,64,20,33.15122581,32.45974539,4.807776748999999,105.03802749999998,109,0.390625,1.25,3.2,1.5229357379008512,34.095076289178174,10.760803491589964,1,0,0,0,1,1,1.6922232510000006,1,0,1,0,2.863619531225011,120.19441872499999,307.69771193599996,1718.1297051428573,7.555392696430939,pigeonpeas
34,75,24,23.50222822,51.29019509,4.760038038999999,192.3023991,133,0.4533333333333333,1.4166666666666667,3.125,1.383458615410708,98.63227566114041,12.054338704535034,1,0,0,0,0,0,1.7399619610000006,1,0,1,0,3.0274676257269673,161.84129332599997,357.00285292499996,1718.1297051428573,7.555392696430939,pigeonpeas
20,77,23,34.87248659,38.83786012,5.180271502,148.25027859999997,120,0.2597402597402597,0.8695652173913043,3.347826086956522,1.8499999537500014,57.57723583017828,13.543727562189959,1,0,0,0,1,1,1.319728498,1,0,1,0,1.7416833084333359,103.60543004,398.880905654,1718.1297051428573,7.555392696430939,pigeonpeas
35,80,25,28.09269012,44.93322042,4.895927306,197.1144011,140,0.4375,1.4,3.2,1.4285713979591843,88.5698483258259,12.622950373527162,1,0,0,0,1,0,1.604072694,1,0,1,0,2.573049207636418,171.35745571,391.67418448,1718.1297051428573,7.555392696430939,pigeonpeas
14,75,24,24.54757829,57.3414485,6.436160044,118.3606557,113,0.18666666666666668,0.5833333333333334,3.125,1.9823008323282965,67.86971443247782,14.075936963157531,1,0,0,0,0,0,0.06383995599999981,1,0,0,0,0.004075539982081912,90.10624061600001,482.7120033,1718.1297051428573,7.555392696430939,pigeonpeas
36,80,21,33.64769646,48.41490082,7.066087261,100.4673278,137,0.45,1.7142857142857142,3.8095238095238093,1.5036496021098626,48.64115711087429,16.29049886932365,1,0,0,0,1,1,0.5660872609999998,0,0,0,0,0.32045478706648195,254.379141396,565.28698088,1718.1297051428573,7.555392696430939,pigeonpeas
7,77,18,20.5591255,60.54880693,6.655918077999999,191.0895109,102,0.09090909090909091,0.3888888888888889,4.277777777777778,2.529411690311421,115.7024190183223,12.448305205491398,1,0,0,0,0,0,0.15591807799999913,0,0,0,0,0.02431044704721381,46.591426545999994,512.5056920059999,1718.1297051428573,7.555392696430939,pigeonpeas
29,78,25,19.95991719,59.33157782,5.982854522999999,195.787103,132,0.3717948717948718,1.16,3.12,1.5454545103305795,116.16357737796856,11.842533800392408,1,0,0,0,0,0,0.5171454770000006,1,0,0,0,0.26743944438155814,173.502781167,466.66265279399994,1718.1297051428573,7.555392696430939,pigeonpeas
30,60,21,28.87667593,62.4901206,5.457871272999999,182.2688175,111,0.5,1.4285714285714286,2.857142857142857,1.2432432096420756,113.90000387194391,18.04506961392817,1,0,0,0,1,0,1.0421287270000006,1,0,1,0,1.0860322836386418,163.73613819,327.47227638,1718.1297051428573,7.555392696430939,pigeonpeas
20,74,16,36.04353699,43.61444121,4.759490199,159.8938645,110,0.2702702702702703,1.25,4.625,2.036363580826448,69.73681553074957,15.720187250508156,1,0,0,0,1,1,1.740509801,1,0,1,0,3.0293743673770597,95.18980398,352.202274726,1718.1297051428573,7.555392696430939,pigeonpeas
19,57,23,23.6734328,47.2879691,7.342409555,141.12507219999995,99,0.3333333333333333,0.8260869565217391,2.4782608695652173,1.454545410468321,66.73518053428866,11.194685587373264,1,0,0,0,0,0,0.8424095549999997,0,0,0,0,0.7096538583552975,139.505781545,418.517344635,1718.1297051428573,7.555392696430939,pigeonpeas
3,60,19,25.74679443,40.7192594,4.820788186000001,100.7791633,82,0.05,0.15789473684210525,3.1578947368421053,2.39024381499108,41.03652892527659,10.48390401113645,1,0,0,0,0,0,1.6792118139999994,1,0,1,0,2.8197523162771687,14.462364558,289.24729116000003,1718.1297051428573,7.555392696430939,pigeonpeas
5,77,19,31.08564994,66.68832981,6.242052013,175.9303271,101,0.06493506493506493,0.2631578947368421,4.052631578947368,2.5742573492794847,117.32499677225981,20.730500755569267,1,0,0,0,1,0,0.25794798699999966,1,0,0,0,0.06653716399735199,31.210260065,480.638005001,1718.1297051428573,7.555392696430939,pigeonpeas
5,68,20,18.72987676,61.33186249,5.001038726,139.8710041,93,0.07352941176470588,0.25,3.4,2.387096697190429,85.78549189799426,11.487382258989667,1,0,0,0,0,0,1.498961274,1,0,1,0,2.246884900951703,25.00519363,340.070633368,1718.1297051428573,7.555392696430939,pigeonpeas
37,73,21,29.50304807,63.46513414,5.560224582999999,189.5208915,131,0.5068493150684932,1.7619047619047619,3.4761904761904763,1.3435114196142424,120.27968801379886,18.724149033014182,1,0,0,0,1,0,0.9397754170000008,1,0,0,0,0.8831778343975254,205.72830957099998,405.89639455899993,1718.1297051428573,7.555392696430939,pigeonpeas
9,59,24,20.43517772,39.37252634,4.747352458,137.22796619999997,92,0.15254237288135594,0.375,2.4583333333333335,1.8478260267013253,54.03011713794129,8.045845730432811,1,0,0,0,0,0,1.752647542,1,0,1,0,3.071773406478642,42.726172122,280.093795022,1718.1297051428573,7.555392696430939,pigeonpeas
20,72,15,36.00415838,56.01334416,7.313517308,134.8596466,107,0.2777777777777778,1.3333333333333333,4.8,2.037383120447202,75.53939798301774,20.16713314530088,1,0,0,0,1,1,0.8135173079999998,0,0,0,0,0.6618104104155665,146.27034616,526.573246176,1718.1297051428573,7.555392696430939,pigeonpeas
31,56,23,31.46846241,35.39454002,5.661826398,174.5723999,110,0.5535714285714286,1.3478260869565217,2.4347826086956523,1.0545454257851248,61.789097946479934,11.138117521386107,1,0,0,0,1,0,0.8381736020000004,1,0,0,0,0.702534987089655,175.516618338,317.06227828799996,1718.1297051428573,7.555392696430939,pigeonpeas
0,70,21,36.30049702,56.03021253,4.672437054,101.6073988,91,0.0,0.0,3.3333333333333335,2.6153845291631472,56.93084149384467,20.33924562975232,1,0,0,0,1,1,1.8275629459999996,1,0,1,0,3.3399863215921974,0.0,327.07059378,1718.1297051428573,7.555392696430939,pigeonpeas
21,74,15,29.49096726,67.10604388,6.471862118,153.2504506,110,0.28378378378378377,1.4,4.933333333333334,2.036363580826448,102.84031462593371,19.790221430132036,1,0,0,0,1,0,0.028137882000000225,1,0,0,0,0.0007917404034459367,135.909104478,478.917796732,1718.1297051428573,7.555392696430939,pigeonpeas
13,67,18,30.5753044,34.75591197,5.384762927000001,177.5764304,98,0.19402985074626866,0.7222222222222222,3.7222222222222223,2.102040751978344,61.718307829292314,10.626725881823536,1,0,0,0,1,0,1.1152370729999994,1,0,1,0,1.243753728993606,70.001918051,360.77911610900003,1718.1297051428573,7.555392696430939,pigeonpeas
27,74,20,24.69487673,59.96669215,5.8598134160000015,91.95792434,121,0.36486486486486486,1.35,3.7,1.6694214462126917,55.14412539649772,14.808700705501087,1,0,0,0,0,0,0.6401865839999985,1,0,0,0,0.40983886233358713,158.21496223200003,433.6261927840001,1718.1297051428573,7.555392696430939,pigeonpeas
29,72,24,23.17409556,36.67847052,6.962386495,162.5931264,125,0.4027777777777778,1.2083333333333333,3.0,1.455999965056001,59.63667193417032,8.499903808251227,1,0,0,0,0,0,0.4623864949999996,0,0,0,0,0.21380127075838468,201.90920835499998,501.29182763999995,1718.1297051428573,7.555392696430939,pigeonpeas
5,68,20,19.04380471,33.10695144,6.12166671,155.3705624,93,0.07352941176470588,0.25,3.4,2.387096697190429,51.43845664582291,6.304823177668133,1,0,0,0,0,0,0.3783332899999996,1,0,0,0,0.1431360783222238,30.60833355,416.27333628,1718.1297051428573,7.555392696430939,pigeonpeas
39,57,19,29.32379604,45.93248374,6.421748487,165.4113371,115,0.6842105263157895,2.0526315789473686,3.0,1.008695625860114,75.97753551757408,13.469147848023765,1,0,0,0,1,0,0.07825151299999966,1,0,0,0,0.006123299286789116,250.44819099300003,366.039663759,1718.1297051428573,7.555392696430939,pigeonpeas
22,62,16,34.6455408,54.32342534,4.828936119,180.9009998,100,0.3548387096774194,1.375,3.875,1.7199999484000017,98.27161956566654,18.820644490127236,1,0,0,0,1,1,1.6710638810000003,1,0,1,0,2.792454494382783,106.236594618,299.394039378,1718.1297051428573,7.555392696430939,pigeonpeas
18,55,23,21.9989826,56.31006755,6.98571967,136.82743119999998,96,0.32727272727272727,0.782608695652174,2.391304347826087,1.4374999550781264,77.04761893564977,12.387641962372747,1,0,0,0,0,0,0.48571966999999994,0,0,0,0,0.23592359782490885,125.74295406,384.21458185,1718.1297051428573,7.555392696430939,pigeonpeas
39,77,21,22.99774444,60.24218572,4.603563116,159.689339,137,0.5064935064935064,1.8571428571428572,3.6666666666666665,1.3722627436730788,96.20034817542037,13.854343916955774,1,0,0,0,0,0,1.8964368839999999,1,0,1,0,3.596472854995629,179.538961524,354.474359932,1718.1297051428573,7.555392696430939,pigeonpeas
13,75,20,30.55992394,35.29006485,6.979540061,178.8998611,108,0.17333333333333334,0.65,3.75,2.1666666064814835,63.13387699874993,10.784616976536675,1,0,0,0,1,0,0.4795400609999998,0,0,0,0,0.22995867010388352,90.734020793,523.465504575,1718.1297051428573,7.555392696430939,pigeonpeas
27,71,24,31.46417866,48.17631461,7.064973419,165.40535400000005,122,0.38028169014084506,1.125,2.9583333333333335,1.4918032420048384,79.68620372482424,15.158281700694083,1,0,0,0,1,0,0.5649734190000002,0,0,0,0,0.3191949641765498,190.754282313,501.61311274900004,1718.1297051428573,7.555392696430939,pigeonpeas
26,64,22,25.95058595,40.58227261,5.16516459,109.1821183,112,0.40625,1.1818181818181819,2.909090909090909,1.4285713903061235,44.308584889878695,10.531337534121358,1,0,0,0,0,0,1.3348354100000002,1,0,1,0,1.7817855717898685,134.29427934,330.57053376,1718.1297051428573,7.555392696430939,pigeonpeas
23,55,16,21.01142393,69.69141302,5.111488821,185.2039114,94,0.41818181818181815,1.4375,3.4375,1.5106382496604813,129.07122282296888,14.643158232439417,1,0,0,0,0,0,1.388511179,1,0,1,0,1.92796329420797,117.564242883,281.131885155,1718.1297051428573,7.555392696430939,pigeonpeas
4,69,19,19.25100056,47.70351758,5.374358869,149.063196,92,0.057971014492753624,0.21052631578947367,3.6315789473684212,2.4999999184782635,71.10838790916986,9.1834044364655,1,0,0,0,0,0,1.125641131,1,0,1,0,1.2670679557989593,21.497435476,370.830761961,1718.1297051428573,7.555392696430939,pigeonpeas
20,67,19,19.24462755,50.54495302,5.671419084,180.6465282,106,0.29850746268656714,1.0526315789473684,3.526315789473684,1.7924527794588836,91.30770281095107,9.727187954021478,1,0,0,0,0,0,0.828580916,1,0,0,0,0.6865463343593989,113.42838168,379.985078628,1718.1297051428573,7.555392696430939,pigeonpeas
7,74,17,22.47253208,62.56532471,5.667419697000001,96.74706956,98,0.0945945945945946,0.4117647058823529,4.352941176470588,2.53061216743024,60.530118217623574,14.060012666410918,1,0,0,0,0,0,0.8325803029999994,1,0,0,0,0.6931899609435709,39.671937879000005,419.38905757800006,1718.1297051428573,7.555392696430939,pigeonpeas
17,64,18,36.75087487,58.25799145,6.07938452,124.6028153,99,0.265625,0.9444444444444444,3.5555555555555554,1.8787878218549146,72.5910974839333,21.410321539564798,1,0,0,0,1,1,0.4206154800000004,1,0,0,0,0.1769173820156307,103.34953684,389.08060928,1718.1297051428573,7.555392696430939,pigeonpeas
35,71,17,29.89286629,66.35375127,6.931924962999999,198.1403003,123,0.49295774647887325,2.0588235294117645,4.176470588235294,1.4634145984533025,131.47352202669308,19.835038145540278,1,0,0,0,1,0,0.4319249629999993,0,0,0,0,0.18655917366255073,242.61737370499998,492.1666723729999,1718.1297051428573,7.555392696430939,pigeonpeas
11,72,22,29.37735586,44.82294584,6.842744374,172.40168,105,0.1527777777777778,0.5,3.272727272727273,2.1142856538775527,77.27551165365011,13.167796306351867,1,0,0,0,1,0,0.3427443739999996,0,0,0,0,0.11747370590865158,75.27018811399999,492.67759492799996,1718.1297051428573,7.555392696430939,pigeonpeas
20,60,22,29.65052947,42.89833235,6.876572502999999,186.9226052,102,0.3333333333333333,0.9090909090909091,2.727272727272727,1.529411719723185,80.18668041597437,12.719582675575293,1,0,0,0,1,0,0.37657250299999934,0,0,0,0,0.14180685001568452,137.53145006,412.59435017999994,1718.1297051428573,7.555392696430939,pigeonpeas
10,71,18,19.54284889,66.34777265,6.151029296,173.11069819999997,99,0.14084507042253522,0.5555555555555556,3.9444444444444446,2.3030302332415085,114.8550924745636,12.966244950870246,1,0,0,0,0,0,0.3489707040000001,1,0,0,0,0.12178055225025566,61.51029296,436.723080016,1718.1297051428573,7.555392696430939,pigeonpeas
33,61,24,20.04611791,48.93905624,4.567446499,122.4564203,118,0.5409836065573771,1.375,2.5416666666666665,1.1016948872450454,59.92901640010778,9.810380917911612,1,0,0,0,0,0,1.9325535010000001,1,0,1,0,3.7347630342273574,150.725734467,278.61423643899997,1718.1297051428573,7.555392696430939,pigeonpeas
3,49,18,27.91095209,64.70930606,3.692863601,32.67891866,70,0.061224489795918366,0.16666666666666666,2.7222222222222223,2.1999999057142894,21.146301492797853,18.060983412178068,1,0,0,0,0,0,2.807136399,1,0,1,0,7.880014762590688,11.078590803,180.950316449,1718.1297051428573,7.555392696430939,mothbeans
22,59,23,27.32220619,51.27868781,4.371745575,36.5037914,104,0.3728813559322034,0.9565217391304348,2.5652173913043477,1.403846113350593,18.718665230819628,14.010468814974596,1,0,0,0,0,0,2.1282544249999997,1,0,1,0,4.529466897532079,96.17840265000001,257.932988925,1718.1297051428573,7.555392696430939,mothbeans
36,58,25,28.66024187,59.3189118,8.399135957999999,36.92629678,119,0.6206896551724138,1.44,2.32,0.9243697245957213,21.904277417934445,17.00094359653197,1,0,0,0,1,0,1.8991359579999987,0,1,0,1,3.606717386968573,302.36889448799997,487.14988556399993,1718.1297051428573,7.555392696430939,mothbeans
4,43,18,29.02955344,61.09387478,8.840656256,72.98016599,65,0.09302325581395349,0.2222222222222222,2.388888888888889,1.9692306783431994,44.58641122416675,17.735279027826785,1,0,0,0,1,0,2.340656256000001,0,1,0,1,5.478671708751941,35.362625024,380.148219008,1718.1297051428573,7.555392696430939,mothbeans
29,54,16,27.78031515,54.65030015,8.153022903,32.05025323,99,0.5370370370370371,1.8125,3.375,1.2727272341597808,17.51555958903007,15.182025612090921,1,0,0,0,0,0,1.653022903,0,1,0,1,2.7324847178425475,236.437664187,440.263236762,1718.1297051428573,7.555392696430939,mothbeans
32,43,22,31.99928579,54.1077461,5.270749441,71.6266696,97,0.7441860465116279,1.4545454545454546,1.9545454545454546,0.6597937940269961,38.75557652705388,17.314092309066577,1,0,0,0,1,0,1.2292505589999996,1,0,1,0,1.5110569368018114,168.663982112,226.64222596300002,1718.1297051428573,7.555392696430939,mothbeans
14,55,15,27.33580911,55.27755933,8.050304395,73.44775287,84,0.2545454545454545,0.9333333333333333,3.6666666666666665,1.92857135969388,40.60012516926603,15.110568099115795,1,0,0,0,0,0,1.5503043949999995,0,1,0,1,2.4034437171563146,112.70426153,442.766741725,1718.1297051428573,7.555392696430939,mothbeans
5,35,20,28.92952635,53.57014709,9.679240873,66.35634104,60,0.14285714285714285,0.25,1.75,1.4999999250000036,35.547189498670036,15.497589818135307,1,0,0,0,1,0,3.1792408729999995,0,1,0,1,10.1075725285538,48.396204364999996,338.773430555,1718.1297051428573,7.555392696430939,mothbeans
25,57,24,27.65472156,58.59986279,6.974978386,36.94255012,106,0.43859649122807015,1.0416666666666667,2.375,1.2264150596297625,21.64828368144698,16.205628889116547,1,0,0,0,0,0,0.4749783860000001,0,0,0,0,0.2256044671671651,174.37445965,397.573768002,1718.1297051428573,7.555392696430939,mothbeans
11,53,24,28.52396666,55.77264351,7.39389918,61.32935611,88,0.20754716981132076,0.4583333333333333,2.2083333333333335,1.6136363086260348,34.205003150208704,15.908570240193052,1,0,0,0,1,0,0.89389918,0,0,0,0,0.7990557440046724,81.33289098,391.87665654,1718.1297051428573,7.555392696430939,mothbeans
40,49,17,31.02215872,45.89239456,6.68727523,53.56783314,106,0.8163265306122449,2.3529411764705883,2.8823529411764706,1.0377358196867221,24.583561341851237,14.236811480811845,1,0,0,0,1,0,0.18727523000000001,0,0,0,0,0.035072011771552905,267.4910092,327.67648627,1718.1297051428573,7.555392696430939,mothbeans
38,56,25,25.74095321,45.38497051,7.88118645,67.43488235,119,0.6785714285714286,1.52,2.24,0.8235293910034608,30.605301468000693,11.682524023351398,1,0,0,0,0,0,1.3811864500000004,0,1,0,0,1.9076760096636036,299.4850851,441.3464412,1718.1297051428573,7.555392696430939,mothbeans
27,43,23,31.70447482,56.85420099,5.875333778,44.94317432,93,0.627906976744186,1.173913043478261,1.8695652173913044,0.7741935234131121,25.552082659178865,18.02532583698674,1,0,0,0,1,0,0.6246662220000001,1,0,0,0,0.39020788890775343,158.634012006,252.639352454,1718.1297051428573,7.555392696430939,mothbeans
24,38,22,24.47876451,58.51663927,8.202706015,34.96933295,84,0.631578947368421,1.0909090909090908,1.7272727272727273,0.7142856887755111,20.46287841747675,14.324150326069486,1,0,0,0,0,0,1.7027060150000004,0,1,0,1,2.8992077735171815,196.86494436,311.70282857,1718.1297051428573,7.555392696430939,mothbeans
23,45,21,31.46511256,51.79939437,8.985348193,74.44330654,89,0.5111111111111111,1.0952380952380953,2.142857142857143,1.0337078303244551,38.561181936722605,16.298737743918807,1,0,0,0,1,0,2.485348193,0,1,0,1,6.176955640448366,206.663008439,404.340668685,1718.1297051428573,7.555392696430939,mothbeans
29,57,20,25.60973447,50.7330069,5.87707519,53.39249517,106,0.5087719298245614,1.45,2.85,1.2264150596297625,27.087618258678265,12.992588355736778,1,0,0,0,0,0,0.6229248099999998,1,0,0,0,0.3880353189135358,170.43518051,334.99328583,1718.1297051428573,7.555392696430939,mothbeans
31,35,23,30.30260453,47.18283631,7.707595055,68.04039813,89,0.8857142857142857,1.3478260869565217,1.5217391304347827,0.44943818709758915,32.1033896743502,14.297628293056544,1,0,0,0,1,0,1.2075950549999996,0,1,0,0,1.4582858168604522,238.93544670499998,269.765826925,1718.1297051428573,7.555392696430939,mothbeans
0,55,25,28.17489437,43.6672299,4.524171562,45.78172762,80,0.0,0.0,2.2,2.124999920312503,19.991612252017198,12.303195898630058,1,0,0,0,1,0,1.9758284379999997,1,0,1,0,3.903898016409519,0.0,248.82943591,1718.1297051428573,7.555392696430939,mothbeans
7,45,22,25.50634557,44.8302551,9.926212291,74.32635105,74,0.15555555555555556,0.3181818181818182,2.0454545454545454,1.648648581811544,33.320692782236534,11.43455978571855,1,0,0,0,0,0,3.4262122910000006,0,1,0,1,11.738930662999472,69.483486037,446.679553095,1718.1297051428573,7.555392696430939,mothbeans
17,58,25,31.12896766,43.58788762,6.455592696,32.76742894,100,0.29310344827586204,0.68,2.32,1.4799999556000014,14.282630102330558,13.568459440906944,1,0,0,0,1,0,0.044407303999999925,1,0,0,0,0.0019720086485484093,109.745075832,374.424376368,1718.1297051428573,7.555392696430939,mothbeans
11,44,17,26.34043268,55.59160391,8.016210782,35.1051197,72,0.25,0.6470588235294118,2.588235294117647,1.666666597222225,19.51549909575538,14.643069003645797,1,0,0,0,0,0,1.516210782,0,1,0,1,2.2988951354530514,88.178318602,352.713274408,1718.1297051428573,7.555392696430939,mothbeans
22,49,22,28.23494706,61.5620517,3.71105919,72.66666443,93,0.4489795918367347,1.0,2.227272727272727,1.1612902851196683,44.73508952506211,17.382012706544828,1,0,0,0,1,0,2.78894081,1,0,1,0,7.778190841683457,81.64330217999999,181.84190031,1718.1297051428573,7.555392696430939,mothbeans
9,51,19,27.04453473,49.32609633,5.49091063,48.25207759,79,0.17647058823529413,0.47368421052631576,2.6842105263157894,1.8734176503765447,23.80086627326974,13.340013252920103,1,0,0,0,0,0,1.0090893699999999,1,0,1,0,1.0182613566469967,49.41819567,280.03644213,1718.1297051428573,7.555392696430939,mothbeans
28,48,15,25.16125354,55.25435777,9.254089438,40.89732789,91,0.5833333333333334,1.8666666666666667,3.2,1.1648351264340067,22.59755587071059,13.902689050408389,1,0,0,0,0,0,2.7540894379999994,0,1,0,1,7.585008632503152,259.114504264,444.19629302399994,1718.1297051428573,7.555392696430939,mothbeans
26,50,19,27.3179125,51.66921088,6.005242945,32.55919573,95,0.52,1.368421052631579,2.6315789473684212,1.1578947002770095,16.823079502565655,14.11494981763888,1,0,0,0,0,0,0.494757055,1,0,0,0,0.24478454347227302,156.13631657,300.26214725,1718.1297051428573,7.555392696430939,mothbeans
36,56,20,25.4123765,49.66474269,7.437078236,31.87416982,112,0.6428571428571429,1.8,2.8,0.9999999732142865,15.830224425676635,12.620991400139028,1,0,0,0,0,0,0.9370782359999996,0,0,0,0,0.878115620384871,267.734816496,416.476381216,1718.1297051428573,7.555392696430939,mothbeans
8,60,18,31.21629982,46.01868196,3.808429173,53.1205277,86,0.13333333333333333,0.4444444444444444,3.3333333333333335,2.186046435370473,24.445366697736702,14.365329733845853,1,0,0,0,1,0,2.691570827,1,0,1,0,7.244553516757464,30.467433384,228.50575038,1718.1297051428573,7.555392696430939,mothbeans
24,37,21,30.573999,58.22686794,5.818219385,62.74803826,82,0.6486486486486487,1.1428571428571428,1.7619047619047619,0.7073170472932787,36.53621737259087,17.80228202170692,1,0,0,0,1,0,0.6817806150000001,1,0,0,0,0.46482480698977835,139.63726524,215.27411724499999,1718.1297051428573,7.555392696430939,mothbeans
22,43,24,25.42517036,53.22082660000001,4.52363558,46.19374559,89,0.5116279069767442,0.9166666666666666,1.7916666666666667,0.8988763741951784,24.58469324049905,13.531485830050196,1,0,0,0,0,0,1.9763644200000003,1,0,1,0,3.9060163206419376,99.51998275999999,194.51632994,1718.1297051428573,7.555392696430939,mothbeans
36,43,24,27.09400578,43.65305437,3.510404312,41.53749535,103,0.8372093023255814,1.5,1.7916666666666667,0.6019417300405321,18.13238542907172,11.827361074154343,1,0,0,0,0,0,2.989595688,1,0,1,0,8.937682377708194,126.37455523199999,150.947385416,1718.1297051428573,7.555392696430939,mothbeans
22,44,24,24.30935081,56.32938343,6.030447288,58.99536268,90,0.5,0.9166666666666666,1.8333333333333333,0.9333333022222232,33.231724049936325,13.693307427108712,1,0,0,0,0,0,0.4695527119999996,1,0,0,0,0.22047974934655457,132.66984033600002,265.33968067200004,1718.1297051428573,7.555392696430939,mothbeans
17,43,22,30.06142622,45.90067655,5.498340807999999,41.0550915,82,0.3953488372093023,0.7727272727272727,1.9545454545454546,1.1463414214753138,18.844564756721546,13.798398015559092,1,0,0,0,1,0,1.0016591920000009,1,0,1,0,1.0033211369180945,93.47179373599998,236.42865474399997,1718.1297051428573,7.555392696430939,mothbeans
8,45,15,28.09568993,60.98353839999999,4.61136408,33.84110759,68,0.17777777777777778,0.5333333333333333,3.0,1.9705881483564052,20.637504842132962,17.13374585720648,1,0,0,0,1,0,1.8886359199999996,1,0,1,0,3.5669456383142446,36.89091264,207.51138360000002,1718.1297051428573,7.555392696430939,mothbeans
7,56,23,26.33908791,40.00933429,5.545219232000001,55.50429227,86,0.125,0.30434782608695654,2.4347826086956523,1.9069766776636043,22.206897839602927,10.538093730848875,1,0,0,0,0,0,0.9547807679999991,1,0,0,0,0.9116063149426681,38.816534624000006,310.53227699200005,1718.1297051428573,7.555392696430939,mothbeans
36,57,16,28.61409059,57.14218792,8.292875733999999,57.02891698,109,0.631578947368421,2.25,3.5625,1.1376146475885878,32.58757090945239,16.350717416536835,1,0,0,0,1,0,1.792875733999999,0,1,0,1,3.214403397566035,298.543526424,472.69391683799995,1718.1297051428573,7.555392696430939,mothbeans
11,45,19,28.70012137,44.359648,3.828031463,44.11622138,75,0.24444444444444444,0.5789473684210527,2.3684210526315788,1.5999999360000026,19.569800515068742,12.731272815304779,1,0,0,0,1,0,2.671968537,1,0,1,0,7.139415862717921,42.108346093,172.26141583499998,1718.1297051428573,7.555392696430939,mothbeans
6,36,22,24.21610338,59.79236306,8.869532817,42.24783476,64,0.16666666666666666,0.2727272727272727,1.6363636363636365,1.4374999326171907,25.26097874468808,14.479380451954531,1,0,0,0,0,0,2.3695328169999996,0,1,0,1,5.614685770839953,53.217196902,319.30318141199996,1718.1297051428573,7.555392696430939,mothbeans
17,57,20,28.50677929,45.20094476,3.793575185,66.1761456,94,0.2982456140350877,0.85,2.85,1.6382978200543248,29.91224301695317,12.885333559728021,1,0,0,0,1,0,2.706424815,1,0,1,0,7.3247352792477844,64.490778145,216.233785545,1718.1297051428573,7.555392696430939,mothbeans
4,47,20,25.97948991,64.95585424,4.193189124,72.19245835,71,0.0851063829787234,0.2,2.35,1.9718309025986942,46.8932280180987,16.875199598235106,1,0,0,0,0,0,2.306810876,1,0,1,0,5.321376417631888,16.772756496,197.07988882799998,1718.1297051428573,7.555392696430939,mothbeans
9,49,16,30.88482722,41.36561835,7.661537347999999,55.053805,74,0.1836734693877551,0.5625,3.0625,1.9729728929875854,22.773346863453217,12.775699755882114,1,0,0,0,1,0,1.1615373479999986,0,1,0,0,1.3491690107988699,68.95383613199999,375.41533005199994,1718.1297051428573,7.555392696430939,mothbeans
25,51,24,25.5042419,61.66852372,9.392694614,65.07981523,100,0.49019607843137253,1.0416666666666667,2.125,1.059999968200001,40.13376129204472,15.72808946570768,1,0,0,0,0,0,2.892694614,0,1,0,1,8.367682129864608,234.81736535,479.02742531399997,1718.1297051428573,7.555392696430939,mothbeans
36,44,21,25.12528913,51.33189406,4.516154055,38.48678973,101,0.8181818181818182,1.7142857142857142,2.0952380952380953,0.7524752251740033,19.75599813129856,12.897286798480296,1,0,0,0,0,0,1.9838459449999997,1,0,1,0,3.935644733492942,162.58154598000002,198.71077842000003,1718.1297051428573,7.555392696430939,mothbeans
21,38,20,27.10508014,63.56791363,5.794289715,62.20279647,79,0.5526315789473685,1.05,1.9,0.8860759157186361,39.54101993549429,17.23013393273748,1,0,0,0,0,0,0.7057102850000003,1,0,0,0,0.4980270063547817,121.68008401499999,220.18300917,1718.1297051428573,7.555392696430939,mothbeans
37,57,20,31.1006247,44.82069159,7.354286985,70.79934452,114,0.6491228070175439,1.85,2.85,0.9999999736842113,31.73275585505077,13.939515079350363,1,0,0,0,1,0,0.8542869849999999,0,0,0,0,0.72980625274039,272.108618445,419.19435814499997,1718.1297051428573,7.555392696430939,mothbeans
32,48,18,26.45707778,56.40226277,5.993513566,64.16167699,98,0.6666666666666666,1.7777777777777777,2.6666666666666665,0.9387754814660567,36.18863765353843,14.922390530738882,1,0,0,0,0,0,0.5064864340000002,1,0,0,0,0.25652850782603653,191.792434112,287.688651168,1718.1297051428573,7.555392696430939,mothbeans
29,44,20,30.04132304,63.56222995,8.620107545,31.83192392,93,0.6590909090909091,1.45,2.2,0.8387096503642048,20.233080679539455,19.094934830707132,1,0,0,0,1,0,2.1201075449999998,0,1,0,1,4.494856002365926,249.983118805,379.28473198,1718.1297051428573,7.555392696430939,mothbeans
25,51,18,27.77799528,54.82130787,9.45949344,50.28438729,94,0.49019607843137253,1.3888888888888888,2.8333333333333335,1.2553191088727942,27.56655876679405,15.228260312562869,1,0,0,0,0,0,2.9594934399999993,0,1,0,1,8.758601421403029,236.48733599999997,482.43416543999996,1718.1297051428573,7.555392696430939,mothbeans
10,44,24,30.99256944,43.02151392,8.0344125,58.27600682,78,0.22727272727272727,0.4166666666666667,1.8333333333333333,1.3846153313609488,25.07122038608645,13.333472575795266,1,0,0,0,1,0,1.5344125000000002,0,1,0,1,2.3544217201562505,80.344125,353.51415000000003,1718.1297051428573,7.555392696430939,mothbeans
23,35,18,26.4908332,47.36534833,5.414492777,36.99362831,76,0.6571428571428571,1.2777777777777777,1.9444444444444444,0.7631578646121895,17.522160908936993,12.547475420699286,1,0,0,0,0,0,1.0855072229999996,1,0,1,0,1.1783259311851708,124.53333387100001,189.50724719500002,1718.1297051428573,7.555392696430939,mothbeans
9,60,23,31.96987867,57.17377029,6.2760043360000015,64.25520357,92,0.15,0.391304347826087,2.608695652173913,1.913043415879019,36.737122488483685,18.278384992777507,1,0,0,0,1,0,0.22399566399999848,1,0,0,0,0.050174057490800214,56.48403902400001,376.5602601600001,1718.1297051428573,7.555392696430939,mothbeans
3,58,21,25.36140526,46.82652785,9.160691747,55.60523179,82,0.05172413793103448,0.14285714285714285,2.761904761904762,2.2439023569304015,26.037999350201403,11.875865497225265,1,0,0,0,0,0,2.6606917469999996,0,1,0,1,7.07928057255391,27.482075240999997,531.3201213259999,1718.1297051428573,7.555392696430939,mothbeans
22,42,22,25.54249137,56.96640758,7.887658711,48.46797044,86,0.5238095238095238,1.0,1.9090909090909092,0.930232525689563,27.61046158660432,14.550639739920527,1,0,0,0,0,0,1.3876587110000003,0,1,0,0,1.9255966982141823,173.528491642,331.281665862,1718.1297051428573,7.555392696430939,mothbeans
12,39,21,28.99319096,62.85948245,8.183844843,70.4713043,72,0.3076923076923077,0.5714285714285714,1.8571428571428572,1.2499999479166688,44.2978971587446,18.224969783196187,1,0,0,0,1,0,1.6838448429999993,0,1,0,1,2.8353334552976923,98.20613811599999,319.16994887699997,1718.1297051428573,7.555392696430939,mothbeans
39,36,22,29.34317422,60.50320928,9.072011412,34.03335472,97,1.0833333333333333,1.7727272727272727,1.6363636363636365,0.6391752379636524,20.59127183124636,17.75356210772161,1,0,0,0,1,0,2.572011412,0,1,0,1,6.615242703458234,353.808445068,326.592410832,1718.1297051428573,7.555392696430939,mothbeans
32,41,16,28.63618921,61.39451307,7.702287236,68.54877876,89,0.7804878048780488,2.0,2.5625,0.9213482835500577,42.08518893513359,17.58104892728338,1,0,0,0,1,0,1.202287236,0,1,0,0,1.4454945978485199,246.473191552,315.793776676,1718.1297051428573,7.555392696430939,mothbeans
30,41,15,24.83206631,44.17085032,5.88509677,52.0810886,86,0.7317073170731707,2.0,2.7333333333333334,0.9534883388318021,23.004659690532584,10.968534841153247,1,0,0,0,0,0,0.6149032300000004,1,0,0,0,0.3781059822644333,176.55290309999998,241.28896756999998,1718.1297051428573,7.555392696430939,mothbeans
19,36,22,25.44689075,58.55363573,6.16496284,57.04826619,77,0.5277777777777778,0.8636363636363636,1.6363636363636365,0.8051947738235802,33.403833975173356,14.900079714366068,1,0,0,0,0,0,0.3350371599999997,1,0,0,0,0.11224989858086541,117.13429396000001,221.93866224,1718.1297051428573,7.555392696430939,mothbeans
4,46,15,31.01274943,62.40392519,3.504752314,63.77192383,65,0.08695652173913043,0.26666666666666666,3.066666666666667,2.246153742485212,39.79618363909698,19.35317295365935,1,0,0,0,1,0,2.995247686,1,0,1,0,8.971508700488354,14.019009256,161.21860644400002,1718.1297051428573,7.555392696430939,mothbeans
21,39,20,27.06179658,52.3003173,7.388007482999999,60.74583498,80,0.5384615384615384,1.05,1.95,0.9249999653125013,31.77026444107439,14.153405478420547,1,0,0,0,0,0,0.8880074829999991,0,0,0,0,0.7885572898639936,155.148157143,288.13229183699997,1718.1297051428573,7.555392696430939,mothbeans
35,57,25,27.0956288,42.26206161,8.340398059,71.12710390000002,117,0.6140350877192983,1.4,2.28,0.9230768994082847,30.059780471626723,11.451171337072903,1,0,0,0,0,0,1.840398059,0,1,0,1,3.3870650155709674,291.913932065,475.402689363,1718.1297051428573,7.555392696430939,mothbeans
22,55,24,28.56800579,57.30636014,8.66077954,64.53027638,101,0.4,0.9166666666666666,2.2916666666666665,1.2673266950299003,36.97995258166016,16.371284282833454,1,0,0,0,1,0,2.16077954,0,1,0,1,4.668968220482612,190.53714988000002,476.3428747,1718.1297051428573,7.555392696430939,mothbeans
35,51,17,28.79929247,49.84213387,3.558822825,40.85534718,103,0.6862745098039216,2.0588235294117645,3.0,1.0097087084550862,20.36317683450887,14.35418190651023,1,0,0,0,1,0,2.941177175,1,0,1,0,8.65052317474098,124.55879887500001,181.499964075,1718.1297051428573,7.555392696430939,mothbeans
17,56,17,27.94293692,45.41393636,5.9565851,69.66289997,90,0.30357142857142855,1.0,3.2941176470588234,1.7333332755555575,31.63666505890626,12.689987589963746,1,0,0,0,0,0,0.5434149000000001,1,0,0,0,0.29529975354201016,101.2619467,333.5687656,1718.1297051428573,7.555392696430939,mothbeans
28,57,17,30.47757686,61.58245338,9.416003106,61.86633917,102,0.49122807017543857,1.6470588235294117,3.3529411764705883,1.352941136678202,38.09880947727793,18.76883956116317,1,0,0,0,1,0,2.916003106,0,1,0,1,8.503074114201645,263.648086968,536.712177042,1718.1297051428573,7.555392696430939,mothbeans
22,36,16,30.58139475,50.77148138,8.18422855,64.58559639,74,0.6111111111111112,1.375,2.25,0.9189188816654507,32.791064045310804,15.526627141240546,1,0,0,0,1,0,1.6842285500000003,0,1,0,1,2.8366258086351035,180.0530281,294.6322278,1718.1297051428573,7.555392696430939,mothbeans
11,41,19,26.85911286,41.81420849,5.131779302,44.13827124,71,0.2682926829268293,0.5789473684210527,2.1578947368421053,1.4647886705018873,18.45606876017531,11.2309254498448,1,0,0,0,0,0,1.368220698,1,0,1,0,1.8720278784356073,56.449572322,210.402951382,1718.1297051428573,7.555392696430939,mothbeans
38,38,18,26.31051759,61.18749126,6.294130312999999,35.73403813,94,1.0,2.111111111111111,2.111111111111111,0.8510638026256233,21.86476145763882,16.098745650842012,1,0,0,0,0,0,0.20586968700000075,1,0,0,0,0.042382328025478276,239.17695189399998,239.17695189399998,1718.1297051428573,7.555392696430939,mothbeans
23,37,24,28.77833449,44.2252605,7.991902443,33.95825723,84,0.6216216216216216,0.9583333333333334,1.5416666666666667,0.64285711989796,15.018127721227584,12.727293395763844,1,0,0,0,1,0,1.4919024429999999,0,1,0,0,2.225772899429368,183.813756189,295.700390391,1718.1297051428573,7.555392696430939,mothbeans
25,35,20,28.90245417,43.35365671,8.923095695,71.90018566,80,0.7142857142857143,1.25,1.75,0.6249999765625008,31.171359664889053,12.53027076162688,1,0,0,0,1,0,2.4230956950000007,0,1,0,1,5.871392747127536,223.07739237500002,312.308349325,1718.1297051428573,7.555392696430939,mothbeans
40,45,20,29.37687468,57.69622912,6.878498176,38.34303462,105,0.8888888888888888,2.0,2.25,0.857142832653062,22.12248510591612,16.949348923668065,1,0,0,0,1,0,0.3784981759999999,0,0,0,0,0.1432608692353269,275.13992704,309.53241792,1718.1297051428573,7.555392696430939,mothbeans
23,58,19,24.17093241,58.25204566,5.243634848999999,59.18953429,100,0.39655172413793105,1.2105263157894737,3.0526315789473686,1.4799999556000014,34.47911454055215,14.080062583920936,1,0,0,0,0,0,1.2563651510000007,1,0,1,0,1.5784533926472546,120.60360152699998,304.13082124199997,1718.1297051428573,7.555392696430939,mothbeans
2,56,23,26.65333029,59.79023382,7.550090941,36.91852635,81,0.03571428571428571,0.08695652173913043,2.4347826086956523,2.1481480685871084,22.073673227563308,15.936088501207882,1,0,0,0,0,0,1.0500909409999997,0,1,0,0,1.1026909843702648,15.100181882,422.805092696,1718.1297051428573,7.555392696430939,mothbeans
3,56,17,28.19912143,53.50567601,8.709291687999999,52.13580529,76,0.05357142857142857,0.17647058823529413,3.2941176470588234,2.421052536011084,27.895615063671844,15.088130550002282,1,0,0,0,1,0,2.2092916879999986,0,1,0,1,4.880969762665884,26.127875063999994,487.7203345279999,1718.1297051428573,7.555392696430939,mothbeans
26,51,25,28.76488954,52.62741529,7.792508067999999,55.21606732,102,0.5098039215686274,1.04,2.04,0.9999999705882362,29.058789055302373,15.138217875925571,1,0,0,0,1,0,1.2925080679999992,0,1,0,0,1.6705771058450904,202.60520976799998,397.41791146799994,1718.1297051428573,7.555392696430939,mothbeans
39,42,20,29.3499706,61.25353851,8.055908857999999,40.82840673,101,0.9285714285714286,1.95,2.1,0.8118811640035299,25.008843839379978,17.977895544144676,1,0,0,0,1,0,1.5559088579999987,0,1,0,1,2.42085237440286,314.18044546199997,338.34817203599994,1718.1297051428573,7.555392696430939,mothbeans
27,59,20,28.00937423,52.60950014,4.397698806,36.01203025,106,0.4576271186440678,1.35,2.95,1.3396226035955867,18.945749104790593,14.735591774744973,1,0,0,0,1,0,2.102301194,1,0,1,0,4.419670310293825,118.73786776200001,259.464229554,1718.1297051428573,7.555392696430939,mothbeans
24,45,19,26.85851927,48.8246387,5.9523849570000005,34.7426459,88,0.5333333333333333,1.263157894736842,2.3684210526315788,1.0681817817665302,16.962971335495364,13.113574993747378,1,0,0,0,0,0,0.5476150429999995,1,0,0,0,0.29988223531989133,142.85723896800002,267.857323065,1718.1297051428573,7.555392696430939,mothbeans
7,40,17,31.2123945,40.92604945,8.532078732999999,53.78769958,64,0.175,0.4117647058823529,2.3529411764705883,1.7499999179687535,22.013180528128245,12.77400000759908,1,0,0,0,1,0,2.0320787329999987,0,1,0,1,4.129343977110881,59.72455113099999,341.28314931999995,1718.1297051428573,7.555392696430939,mothbeans
15,45,23,24.20422636,61.43378674,7.224193642,46.0203959,83,0.3333333333333333,0.6521739130434783,1.9565217391304348,1.2530120029031806,28.272071874109706,14.869572804069266,1,0,0,0,0,0,0.7241936420000004,0,0,0,0,0.5244564311132247,108.36290463,325.08871389,1718.1297051428573,7.555392696430939,mothbeans
26,52,23,29.98835437,49.60384796,4.931890506,52.92929636,101,0.5,1.1304347826086956,2.260869565217391,1.0891088785413205,26.254967692712217,14.875377707400817,1,0,0,0,1,0,1.5681094939999998,1,0,1,0,2.4589673851729352,128.229153156,256.458306312,1718.1297051428573,7.555392696430939,mothbeans
20,45,16,29.93964907,54.61813464,4.626212446,45.43669946,81,0.4444444444444444,1.25,2.8125,1.3333332839506191,24.816677687034954,16.35247783979611,1,0,0,0,1,0,1.8737875539999997,1,0,1,0,3.511079797525302,92.52424892,208.17956007,1718.1297051428573,7.555392696430939,mothbeans
34,54,24,31.2119298,41.55934359,5.026003659,68.80141783,112,0.6296296296296297,1.4166666666666667,2.25,0.8928571189413272,28.593417630761223,12.971473146651599,1,0,0,0,1,0,1.4739963410000003,1,0,1,0,2.1726652132813893,170.88412440599998,271.404197586,1718.1297051428573,7.555392696430939,mothbeans
19,51,25,26.80474415,48.23991436,3.5253661,43.87801983,95,0.37254901960784315,0.76,2.04,1.2210525930193918,21.16671918885582,12.93058562237711,1,0,0,0,0,0,2.9746339,1,0,1,0,8.848446839029211,66.9819559,179.79367109999998,1718.1297051428573,7.555392696430939,mothbeans
29,41,21,31.49398069,62.84916863,8.86979671,64.56807592,91,0.7073170731707317,1.380952380952381,1.9523809523809523,0.7032966801110985,40.58049891610722,19.793705032157735,1,0,0,0,1,0,2.3697967099999993,0,1,0,1,5.6159364467268205,257.22410458999997,363.66166510999994,1718.1297051428573,7.555392696430939,mothbeans
20,50,22,30.99694676,46.42693735,9.406887533,38.31597852,92,0.4,0.9090909090909091,2.272727272727273,1.2608695241020809,17.78893534251986,14.390933052678056,1,0,0,0,1,0,2.906887533000001,0,1,0,1,8.44999512951083,188.13775066000002,470.34437665,1718.1297051428573,7.555392696430939,mothbeans
11,40,23,29.61253065,63.04749127,5.80428611,50.1978269,74,0.275,0.4782608695652174,1.7391304347826086,1.2432431928414922,31.648470532507215,18.669957676384826,1,0,0,0,1,0,0.6957138900000004,1,0,0,0,0.4840178167389326,63.847147209999996,232.17144439999998,1718.1297051428573,7.555392696430939,mothbeans
15,54,15,29.97604322,57.03184356,8.35495812,44.86052932,84,0.2777777777777778,1.0,3.6,1.857142790816329,25.58478690197033,17.095890074708386,1,0,0,0,1,0,1.8549581199999992,0,1,0,1,3.440869626953931,125.3243718,451.16773847999997,1718.1297051428573,7.555392696430939,mothbeans
35,55,22,30.88883074,52.62696801,8.634929739,55.51932414,112,0.6363636363636364,1.5909090909090908,2.5,0.9464285460778069,29.218136954526006,16.255855072202845,1,0,0,0,1,0,2.1349297390000004,0,1,0,1,4.55792499046661,302.22254086500004,474.92113564500005,1718.1297051428573,7.555392696430939,mothbeans
9,59,25,30.39321309,60.16299493,7.699200949,35.37493212,93,0.15254237288135594,0.36,2.36,1.806451554630595,21.28261861784654,18.285467250400796,1,0,0,0,1,0,1.1992009489999997,0,1,0,0,1.4380829160825,69.292808541,454.252855991,1718.1297051428573,7.555392696430939,mothbeans
40,45,18,30.43683729,55.20522037,5.261285926,30.92014047,103,0.8888888888888888,2.2222222222222223,2.5,0.9514562829672927,17.069531685177054,16.802723099602836,1,0,0,0,1,0,1.2387140739999998,1,0,1,0,1.5344125571256768,210.45143704,236.75786667,1718.1297051428573,7.555392696430939,mothbeans
35,38,19,25.32688786,63.18180319,9.112771682,32.71129281,92,0.9210526315789473,1.8421052631578947,2.0,0.760869540406428,20.667584644118822,16.0019844418572,1,0,0,0,0,0,2.612771682,0,1,0,1,6.826575862261109,318.94700887,346.285323916,1718.1297051428573,7.555392696430939,mothbeans
14,58,17,30.53684308,59.96664731,4.605700542,33.48919022,89,0.2413793103448276,0.8235294117647058,3.411764705882353,1.910112295164754,20.08234458620241,18.31192098939174,1,0,0,0,1,0,1.8942994579999999,1,0,1,0,3.588370436579093,64.479807588,267.130631436,1718.1297051428573,7.555392696430939,mothbeans
40,55,18,30.38257873,40.5926071,7.115994051,47.95406479,113,0.7272727272727273,2.2222222222222223,3.0555555555555554,1.0442477598872277,19.46580510868414,12.33308081071707,1,0,0,0,1,0,0.6159940510000004,0,0,0,0,0.3794486708673911,284.63976204,391.37967280500004,1718.1297051428573,7.555392696430939,mothbeans
18,36,23,24.01825377,53.76623369,7.214078621,35.03404425,77,0.5,0.782608695652174,1.565217391304348,0.8051947738235802,18.836486102513007,12.913710450235435,1,0,0,0,0,0,0.7140786209999996,0,0,0,0,0.5099082769692611,129.853415178,259.706830356,1718.1297051428573,7.555392696430939,mothbeans
35,52,15,28.69841277,61.14754363,9.93509073,65.67591794,102,0.6730769230769231,2.3333333333333335,3.466666666666667,1.117647025951558,40.1592105767645,17.548374469653243,1,0,0,0,1,0,3.4350907300000006,0,1,0,1,11.799848323331938,347.72817555,516.62471796,1718.1297051428573,7.555392696430939,mothbeans
4,59,22,29.33743412,49.00323081,8.914074888,42.44054315,85,0.06779661016949153,0.18181818181818182,2.6818181818181817,2.16470580595156,20.797237316812144,14.376290555555292,1,0,0,0,1,0,2.414074888,0,1,0,1,5.827757564872213,35.656299552,525.930418392,1718.1297051428573,7.555392696430939,mothbeans
22,51,16,27.96583691,61.34900107,8.639586199,70.10472076,89,0.43137254901960786,1.375,3.1875,1.4382021987122855,43.008545889172915,17.156761585150356,1,0,0,0,0,0,2.139586199,0,1,0,1,4.577829102951267,190.070896378,440.618896149,1718.1297051428573,7.555392696430939,mothbeans
33,47,17,24.86803974,48.27531965,8.621514073,63.9187654,97,0.7021276595744681,1.9411764705882353,2.764705882352941,0.9484535789138068,30.8569883131836,12.005125675174028,1,0,0,0,0,0,2.121514073,0,1,0,1,4.50082196193705,284.509964409,405.211161431,1718.1297051428573,7.555392696430939,mothbeans
2,51,17,25.87682261,45.96341933,5.838508699,38.53254678,70,0.0392156862745098,0.11764705882352941,3.0,2.3714284697959225,17.71087605501981,11.893872485514551,1,0,0,0,0,0,0.6614913009999999,1,0,0,0,0.4375707412986724,11.677017398,297.763943649,1718.1297051428573,7.555392696430939,mothbeans
16,51,21,31.01963639,49.97675220000001,3.532008668,32.81296548,88,0.3137254901960784,0.7619047619047619,2.4285714285714284,1.4772726769111586,16.398854447411143,15.502606811971328,1,0,0,0,1,0,2.967991332,1,0,1,0,8.808972546827134,56.512138688,180.132442068,1718.1297051428573,7.555392696430939,mothbeans
19,55,20,27.43329405,87.80507732,7.18530147,54.73367631,94,0.34545454545454546,0.95,2.75,1.5106382496604813,48.05894680407402,24.087825052025458,1,0,0,0,0,0,0.6853014699999997,0,0,0,0,0.46963810478416057,136.52072793,395.19158085,1718.1297051428573,7.555392696430939,mungbean
8,54,20,28.3340432,80.77275974,7.034214276,38.7976407,82,0.14814814814814814,0.4,2.7,1.9512194408090446,31.337925107399457,22.88618863856381,1,0,0,0,1,0,0.5342142760000002,0,0,0,0,0.28538489268220435,56.273714208,379.847570904,1718.1297051428573,7.555392696430939,mungbean
36,55,20,27.01470397,84.34262707,6.635968697999999,55.296354,111,0.6545454545454545,1.8,2.75,0.9729729466764069,46.638397637527035,22.784911023481587,1,0,0,0,0,0,0.13596869799999922,0,0,0,0,0.01848748683581499,238.89487312799997,364.97827838999996,1718.1297051428573,7.555392696430939,mungbean
10,56,16,28.17432665,81.04554836,6.828187498999998,36.35720652,82,0.17857142857142858,0.625,3.5,2.097560898869723,29.46589739251167,22.83403753023012,1,0,0,0,1,0,0.32818749899999844,0,0,0,0,0.10770703449987398,68.28187498999998,382.37849994399994,1718.1297051428573,7.555392696430939,mungbean
22,56,17,29.87888063,87.32761241,6.89077995,44.75215854,95,0.39285714285714285,1.2941176470588236,3.2941176470588234,1.5368420567313035,39.08099155491992,26.092513069012966,1,0,0,0,1,0,0.39077994999999976,0,0,0,0,0.1527089693220023,151.59715889999998,385.88367719999997,1718.1297051428573,7.555392696430939,mungbean
9,57,24,29.89232778,89.71503316,7.165121108999998,42.99498978,90,0.15789473684210525,0.375,2.375,1.799999940000002,38.57296933826561,26.81791178012289,1,0,0,0,1,0,0.6651211089999984,0,0,0,0,0.4423860896373878,64.48608998099999,408.4119032129999,1718.1297051428573,7.555392696430939,mungbean
34,59,23,28.56212158,83.24855855,6.935804256,56.48265193,116,0.576271186440678,1.4782608695652173,2.5652173913043477,1.0517241107312731,47.020993562538756,23.77755450664848,1,0,0,0,1,0,0.43580425599999995,0,0,0,0,0.18992534954771348,235.817344704,409.212451104,1718.1297051428573,7.555392696430939,mungbean
31,51,25,27.53592929,85.57019009999998,7.196774236,53.01899249,107,0.6078431372549019,1.24,2.04,0.8598130600052414,45.368452662797715,23.56254703925457,1,0,0,0,0,0,0.6967742360000004,0,0,0,0,0.4854943359533843,223.100001316,367.035486036,1718.1297051428573,7.555392696430939,mungbean
0,49,18,29.68361658,87.93598094,6.990095452,41.82490236,67,0.0,0.0,2.7222222222222223,2.3880595945644956,36.77913816746321,26.102579418091477,1,0,0,0,1,0,0.49009545200000026,0,0,0,0,0.24019355207108456,0.0,342.51467714800003,1718.1297051428573,7.555392696430939,mungbean
21,39,20,28.14448546,82.1193047,7.064782137999999,46.75690086,80,0.5384615384615384,1.05,1.95,0.9249999653125013,38.39644188550032,23.112055771144593,1,0,0,0,1,0,0.5647821379999991,0,0,0,0,0.31897886340385,148.360424898,275.526503382,1718.1297051428573,7.555392696430939,mungbean
28,35,22,29.53037621,86.73346018,7.156563094,59.87232071,85,0.8,1.2727272727272727,1.5909090909090908,0.47058821868512163,51.92933544184974,25.612717091104543,1,0,0,0,1,0,0.656563094,0,0,0,0,0.43107509640285285,200.383766632,250.47970829,1718.1297051428573,7.555392696430939,mungbean
17,52,17,27.88352946,86.45147631,6.364967184,44.64407105,86,0.3269230769230769,1.0,3.0588235294117645,1.6279069199567353,38.595458507610324,24.105722865503772,1,0,0,0,0,0,0.13503281599999983,1,0,0,0,0.01823386139688981,108.204442128,330.978293568,1718.1297051428573,7.555392696430939,mungbean
24,42,23,28.22471276,82.35916228,6.428054409,44.01206619,89,0.5714285714285714,1.0434782608695652,1.826086956521739,0.83146064613054,36.247969016203115,23.24563698507227,1,0,0,0,1,0,0.07194559100000042,1,0,0,0,0.005176168064339341,154.273305816,269.97828517799996,1718.1297051428573,7.555392696430939,mungbean
28,46,16,29.008124,84.96089355,6.664187809,45.91011391,90,0.6086956521739131,1.75,2.875,1.0666666311111122,39.00564300775884,24.645561352492,1,0,0,0,1,0,0.1641878090000004,0,0,0,0,0.026957636624220613,186.59725865200002,306.552639214,1718.1297051428573,7.555392696430939,mungbean
21,38,21,29.75538903,86.45193297,6.637677489,37.54602719,80,0.5526315789473685,1.0,1.8095238095238095,0.8499999681250011,32.459266259196774,25.724108979178332,1,0,0,0,1,0,0.13767748899999965,0,0,0,0,0.018955090977345025,139.39122726899998,252.23174458199998,1718.1297051428573,7.555392696430939,mungbean
34,60,25,29.78416743,85.16906976,6.79385576,40.77872823,119,0.5666666666666667,1.36,2.4,1.0252100581879817,34.73086349344951,25.3668983358919,1,0,0,0,1,0,0.2938557599999996,0,0,0,0,0.08635120768517734,230.99109583999999,407.6313456,1718.1297051428573,7.555392696430939,mungbean
19,53,22,27.8640132,80.4513142,6.852884642999999,42.83053902,94,0.3584905660377358,0.8636363636363636,2.409090909090909,1.3829786792666376,34.457731520533805,22.416964808261472,1,0,0,0,0,0,0.35288464299999944,0,0,0,0,0.12452757126523706,130.204808217,363.202886079,1718.1297051428573,7.555392696430939,mungbean
31,58,15,27.11026483,84.96771717,7.121571293,51.52617423,104,0.5344827586206896,2.066666666666667,3.8666666666666667,1.3461538073224864,43.78061398826783,23.03497314479238,1,0,0,0,0,0,0.6215712929999997,0,0,0,0,0.38635087228169146,220.768710083,413.051134994,1718.1297051428573,7.555392696430939,mungbean
19,35,24,27.11030369,83.64274107,6.883308033,49.11964582,78,0.5428571428571428,0.7916666666666666,1.4583333333333333,0.6923076656804744,41.08501816772368,22.675801118717356,1,0,0,0,0,0,0.3833080329999996,0,0,0,0,0.1469250481623288,130.78285262699998,240.915781155,1718.1297051428573,7.555392696430939,mungbean
24,53,17,28.95451232,89.07866095,6.421271178,57.65901369,94,0.4528301886792453,1.411764705882353,3.1176470588235294,1.3829786792666376,51.361877312029186,25.79229185925878,1,0,0,0,1,0,0.07872882200000042,1,0,0,0,0.00619822741350775,154.110508272,340.327372434,1718.1297051428573,7.555392696430939,mungbean
13,47,20,29.21780035,87.93724219,6.54450214,43.1386631,80,0.2765957446808511,0.65,2.35,1.5249999428125023,37.93495064777517,25.69332785637017,1,0,0,0,1,0,0.044502139999999635,0,0,0,0,0.0019804404645795675,85.07852781999999,307.59160058,1718.1297051428573,7.555392696430939,mungbean
31,53,16,28.7420098,85.81675947,6.452006451,48.54598575,100,0.5849056603773585,1.9375,3.3125,1.1799999646000012,41.660591823417974,24.665461416909828,1,0,0,0,1,0,0.04799354900000008,1,0,0,0,0.0023033807456154087,200.012199981,341.956341903,1718.1297051428573,7.555392696430939,mungbean
28,45,23,29.65021184,80.29868321,6.489259136,56.76278363,96,0.6222222222222222,1.2173913043478262,1.9565217391304348,0.8124999746093758,45.57976780823143,23.80872967649551,1,0,0,0,1,0,0.010740863999999739,1,0,0,0,0.0001153661594664904,181.699255808,292.01666112000004,1718.1297051428573,7.555392696430939,mungbean
31,37,21,27.23924995,86.404241,6.713410626,37.31236904,89,0.8378378378378378,1.4761904761904763,1.7619047619047619,0.5842696432268659,32.23946926813099,23.535867173390383,1,0,0,0,0,0,0.21341062599999994,0,0,0,0,0.04554409528971185,208.11572940599999,248.396193162,1718.1297051428573,7.555392696430939,mungbean
33,60,15,28.95172351,81.67085323,6.510840928,56.51103293,108,0.55,2.2,4.0,1.3333332962962974,46.15304276301727,23.645119615407506,1,0,0,0,1,0,0.01084092800000036,0,0,0,0,0.00011752571990119181,214.857750624,390.65045568000005,1718.1297051428573,7.555392696430939,mungbean
34,45,21,28.18837136,82.60629652,6.2873801170000005,37.01110438,100,0.7555555555555555,1.619047619047619,2.142857142857143,0.7399999778000006,30.573502629469505,23.285369629800357,1,0,0,0,1,0,0.21261988299999945,1,0,0,0,0.045207214646933454,213.770923978,282.932105265,1718.1297051428573,7.555392696430939,mungbean
13,57,25,28.30041493,86.20681554,6.86308576,50.47333854,95,0.22807017543859648,0.52,2.28,1.5999999494736858,43.511457852057525,24.396886495759716,1,0,0,0,1,0,0.3630857599999997,0,0,0,0,0.13183126911477738,89.22011488,391.19588832,1718.1297051428573,7.555392696430939,mungbean
33,57,17,27.89636126,88.71782287,6.78415271,57.79863368,107,0.5789473684210527,1.9411764705882353,3.3529411764705883,1.1962616487029445,51.27768944950257,24.7490443698221,1,0,0,0,0,0,0.28415270999999986,0,0,0,0,0.08074276260034402,223.87703943,386.69670447,1718.1297051428573,7.555392696430939,mungbean
32,57,22,28.6899851,87.50436797,6.769415887999999,44.56598352,111,0.5614035087719298,1.4545454545454546,2.590909090909091,1.0810810518626743,38.99718220879036,25.104990132442175,1,0,0,0,1,0,0.26941588799999927,0,0,0,0,0.07258492070682815,216.62130841599998,385.85670561599994,1718.1297051428573,7.555392696430939,mungbean
23,59,25,27.826262300000003,88.73100226,6.320768488,56.68833819,107,0.3898305084745763,0.92,2.36,1.3084111782688457,50.30013064052534,24.690521430286527,1,0,0,0,0,0,0.17923151200000031,1,0,0,0,0.03212393489380626,145.377675224,372.925340792,1718.1297051428573,7.555392696430939,mungbean
35,41,18,28.70562673,81.59200689,6.705008503999999,59.87065439,94,0.8536585365853658,1.9444444444444444,2.2777777777777777,0.8510638026256233,48.84966845497688,23.42149693935928,1,0,0,0,1,0,0.20500850399999937,0,0,0,0,0.04202848671231776,234.67529763999997,274.905348664,1718.1297051428573,7.555392696430939,mungbean
6,48,24,28.6362812,84.61431076,6.790736339,48.48319335,78,0.125,0.25,2.0,1.6923076272189372,41.02371988754066,24.230391964675455,1,0,0,0,1,0,0.2907363390000004,0,0,0,0,0.08452761881512315,40.744418034000006,325.95534427200005,1718.1297051428573,7.555392696430939,mungbean
29,36,25,28.28511547,88.4393979,7.130278657000001,48.56690235,90,0.8055555555555556,1.16,1.44,0.3999999866666671,42.95227601702095,25.015185816987756,1,0,0,0,1,0,0.6302786570000007,0,0,0,0,0.3972511854697246,206.77808105300002,256.690031652,1718.1297051428573,7.555392696430939,mungbean
4,36,22,27.60887393,86.13316408,7.012740397000001,43.80041104,62,0.1111111111111111,0.18181818181818182,1.6363636363636365,1.6129031477627505,37.726679908797635,23.780396682767247,1,0,0,0,0,0,0.5127403970000008,0,0,0,0,0.26290271471571847,28.050961588000003,252.45865429200003,1718.1297051428573,7.555392696430939,mungbean
10,59,22,28.60901145,86.99495766,7.1556850160000005,36.94616965,91,0.1694915254237288,0.45454545454545453,2.6818181818181817,1.890109827798577,32.14130464400927,24.88839739787205,1,0,0,0,1,0,0.6556850160000005,0,0,0,0,0.4299228402069209,71.55685016000001,422.18541594400006,1718.1297051428573,7.555392696430939,mungbean
14,48,21,29.24598976,84.80084105,6.991242362,53.43228915,83,0.2916666666666667,0.6666666666666666,2.2857142857142856,1.4698794649441158,45.3110305914679,24.800845289876875,1,0,0,0,1,0,0.4912423620000004,0,0,0,0,0.2413190582233394,97.877393068,335.579633376,1718.1297051428573,7.555392696430939,mungbean
8,50,21,28.62911222,89.11480590000002,6.218923893,50.49913241,79,0.16,0.38095238095238093,2.380952380952381,1.7974682861720903,45.002203828355505,25.512777785746188,1,0,0,0,1,0,0.28107610699999963,1,0,0,0,0.07900377792627525,49.751391144,310.94619465,1718.1297051428573,7.555392696430939,mungbean
20,40,15,29.57329479,88.07505524,7.199495367999999,45.04467075,75,0.5,1.3333333333333333,2.6666666666666665,1.199999952000002,39.673118645738626,26.04669572258054,1,0,0,0,1,0,0.6994953679999991,0,0,0,0,0.4892937698534542,143.98990736,287.97981472,1718.1297051428573,7.555392696430939,mungbean
36,43,22,27.82684262,87.16679147,6.3898821660000005,58.37249772,101,0.8372093023255814,1.6363636363636365,1.9545454545454546,0.6930692863444768,50.88143336342291,24.255765879260487,1,0,0,0,0,0,0.11011783399999953,1,0,0,0,0.012125937364851451,230.035757976,274.764933138,1718.1297051428573,7.555392696430939,mungbean
14,57,15,29.8757015,83.14796296,6.623438282,40.12044158,86,0.24561403508771928,0.9333333333333333,3.8,1.9767441170903215,33.359329904326835,24.841037217260165,1,0,0,0,1,0,0.1234382820000004,0,0,0,0,0.015237009463111623,92.728135948,377.535982074,1718.1297051428573,7.555392696430939,mungbean
11,60,23,27.33684386,88.50229102,7.033012777000001,51.09802625,94,0.18333333333333332,0.4782608695652174,2.608695652173913,1.82978717564509,45.22292389725099,24.1937331086602,1,0,0,0,0,0,0.5330127770000006,0,0,0,0,0.28410262044525236,77.363140547,421.98076662000005,1718.1297051428573,7.555392696430939,mungbean
10,59,15,29.83040388,89.30428305,6.32400451,58.86687093,84,0.1694915254237288,0.6666666666666666,3.933333333333333,2.2142856352040843,52.570637038005366,26.63982831595338,1,0,0,0,1,0,0.17599549000000003,1,0,0,0,0.030974412500340113,63.2400451,373.11626609,1718.1297051428573,7.555392696430939,mungbean
7,60,25,28.2753171,82.76020821,6.397636709,56.04995423,92,0.11666666666666667,0.28,2.4,1.913043415879019,46.3870588223577,23.40071130399773,1,0,0,0,1,0,0.10236329099999963,1,0,0,0,0.010478243344350607,44.783456963000006,383.85820254000004,1718.1297051428573,7.555392696430939,mungbean
2,47,15,29.86860065,85.99127934,6.401455706,58.41394143,64,0.0425531914893617,0.13333333333333333,3.1333333333333333,2.406249887207036,50.2308955485753,25.684391819890557,1,0,0,0,1,0,0.09854429399999987,1,0,0,0,0.009710977879958409,12.802911412,300.868418182,1718.1297051428573,7.555392696430939,mungbean
20,45,22,29.5888162,89.9939693,6.904587016,54.96121262,87,0.4444444444444444,0.9090909090909091,2.0454545454545454,1.1034482378121298,49.461776812150525,26.628150167261428,1,0,0,0,1,0,0.4045870159999998,0,0,0,0,0.1636906535157841,138.09174031999999,310.70641572,1718.1297051428573,7.555392696430939,mungbean
2,39,15,28.07219563,82.9116472,6.478557136,49.61865305,56,0.05128205128205128,0.13333333333333333,2.6,2.178571311862251,41.13964256220804,23.27511980203942,1,0,0,0,1,0,0.02144286399999995,1,0,0,0,0.00045979641652249385,12.957114272,252.663728304,1718.1297051428573,7.555392696430939,mungbean
27,40,24,27.84026517,89.99615558,7.063022095,52.84626009,91,0.675,1.125,1.6666666666666667,0.6373626163506829,47.55960244880785,25.05516835627775,1,0,0,0,0,0,0.563022095,0,0,0,0,0.316993879458189,190.701596565,282.5208838,1718.1297051428573,7.555392696430939,mungbean
35,48,15,27.10818093,87.45126690000002,6.981758362000001,55.03723979,98,0.7291666666666666,2.3333333333333335,3.2,1.0816326199500221,48.13076346314591,23.70644765682921,1,0,0,0,0,0,0.4817583620000008,0,0,0,0,0.23209111935692378,244.36154267000003,335.12440137600004,1718.1297051428573,7.555392696430939,mungbean
4,59,25,27.68515114,81.94268594,6.227134139,54.62243308,88,0.06779661016949153,0.16,2.36,2.022727203770663,44.75908879153107,22.68595645066453,1,0,0,0,0,0,0.27286586099999965,1,0,0,0,0.07445577809927113,24.908536556,367.40091420100003,1718.1297051428573,7.555392696430939,mungbean
1,48,24,29.34594634,85.60472562,6.232836962,59.03629954,73,0.020833333333333332,0.041666666666666664,2.0,1.9452053995121066,50.537862237418324,25.121516844949433,1,0,0,0,1,0,0.26716303799999963,1,0,0,0,0.07137608887338924,6.232836962,299.176174176,1718.1297051428573,7.555392696430939,mungbean
36,43,21,28.36319404,84.8593608,7.140437859,52.93031105,100,0.8372093023255814,1.7142857142857142,2.0476190476190474,0.7399999778000006,44.91632362648177,24.0688251648077,1,0,0,0,1,0,0.6404378590000004,0,0,0,0,0.4101606512405044,257.055762924,307.038827937,1718.1297051428573,7.555392696430939,mungbean
11,46,24,27.65280218,89.80650642,6.459252023,56.52558045,81,0.2391304347826087,0.4583333333333333,1.9166666666666667,1.407407355281209,50.76364903577152,24.8340155650916,1,0,0,0,0,0,0.04074797699999966,1,0,0,0,0.001660397629592501,71.05177225300001,297.125593058,1718.1297051428573,7.555392696430939,mungbean
34,47,19,27.31372793,85.44815232,6.568795403999999,53.15223123,100,0.723404255319149,1.7894736842105263,2.473684210526316,0.8599999742000007,45.41759950288901,23.339075845896783,1,0,0,0,0,0,0.0687954039999994,0,0,0,0,0.004732807611523133,223.33904373599998,308.73338398799996,1718.1297051428573,7.555392696430939,mungbean
21,44,18,27.06909959,86.89934108,7.12851089,50.46746116,83,0.4772727272727273,1.1666666666666667,2.4444444444444446,1.1807228488895356,43.85589120784493,23.52286917999898,1,0,0,0,0,0,0.6285108900000003,0,0,0,0,0.39502593884859244,149.69872869,313.65447916,1718.1297051428573,7.555392696430939,mungbean
17,58,20,28.06642822,85.91625451,6.42937879,39.23831035,95,0.29310344827586204,0.85,2.9,1.6631578422160682,33.71208658572967,24.113623901361663,1,0,0,0,1,0,0.07062120999999966,1,0,0,0,0.004987355301864052,109.29943943,372.90396982000004,1718.1297051428573,7.555392696430939,mungbean
25,40,21,27.73329078,81.13903037,6.248900919,44.17580911,86,0.625,1.1904761904761905,1.9047619047619047,0.7906976468361285,35.84382316995613,22.50252322858461,1,0,0,0,0,0,0.25109908099999956,1,0,0,0,0.06305074847904434,156.222522975,249.95603676000002,1718.1297051428573,7.555392696430939,mungbean
2,38,18,27.53632932,89.92908171,6.619891497999999,45.48591922,58,0.05263157894736842,0.1111111111111111,2.111111111111111,1.9310343828775316,40.90506946189839,24.76316809411749,1,0,0,0,0,0,0.11989149799999943,0,0,0,0,0.014373971292683868,13.239782995999999,251.555876924,1718.1297051428573,7.555392696430939,mungbean
9,48,20,29.66461594,84.28187572,6.377568542000001,56.09542002,77,0.1875,0.45,2.4,1.7402596724574153,47.278272185868396,25.00189473936611,1,0,0,0,1,0,0.12243145799999944,1,0,0,0,0.014989461908005626,57.398116878,306.12329001600006,1718.1297051428573,7.555392696430939,mungbean
37,49,25,29.914544300000006,85.85384444,6.415459592,41.39081525,111,0.7551020408163265,1.48,1.96,0.6486486311176046,35.5356061371828,25.682786328256892,1,0,0,0,1,0,0.08454040799999962,1,0,0,0,0.0071470805848064005,237.37200490400002,314.357520008,1718.1297051428573,7.555392696430939,mungbean
36,38,15,28.36363858,87.59810657,6.3206620120000006,57.99524359,89,0.9473684210526315,2.4,2.533333333333333,0.9887640116146961,50.802735285499296,24.846010350438036,1,0,0,0,1,0,0.17933798799999945,1,0,0,0,0.032162113939887944,227.54383243200002,240.18515645600002,1718.1297051428573,7.555392696430939,mungbean
40,58,15,29.46416042,87.60890009,6.978400282000001,43.15411472,113,0.6896551724137931,2.6666666666666665,3.8666666666666667,1.203539791056466,37.80684524976879,25.813226864715126,1,0,0,0,1,0,0.47840028200000084,0,0,0,0,0.22886682981768033,279.13601128000005,404.747216356,1718.1297051428573,7.555392696430939,mungbean
30,44,16,29.73013036,82.89166381,6.442335592999999,50.91511275,90,0.6818181818181818,1.875,2.75,0.9333333022222232,42.20438408921244,24.64379970828594,1,0,0,0,1,0,0.05766440700000075,1,0,0,0,0.0033251838346617353,193.27006778999998,283.462766092,1718.1297051428573,7.555392696430939,mungbean
1,59,23,27.46852989,87.17649,7.184398832,43.78420984,83,0.01694915254237288,0.043478260869565216,2.5652173913043477,2.265060159094211,38.16953731274662,23.946100212702863,1,0,0,0,0,0,0.6843988320000003,0,0,0,0,0.4684017612429646,7.184398832,423.879531088,1718.1297051428573,7.555392696430939,mungbean
9,48,22,27.77076285,87.09979549,6.402926221,49.50812624,79,0.1875,0.4090909090909091,2.1818181818181817,1.6455695577631813,43.121476705971034,24.1882776483629,1,0,0,0,0,0,0.09707377899999958,1,0,0,0,0.00942331856934076,57.626335989000005,307.340458608,1718.1297051428573,7.555392696430939,mungbean
14,41,17,29.12939524,88.48312598,7.085982325,36.45012824,72,0.34146341463414637,0.8235294117647058,2.411764705882353,1.4166666076388912,32.25221289047075,25.774599487421323,1,0,0,0,1,0,0.5859823249999998,0,0,0,0,0.3433752852124054,99.20375254999999,290.525275325,1718.1297051428573,7.555392696430939,mungbean
35,52,19,27.10606808,89.89593328,6.698574085,37.45680611,106,0.6730769230769231,1.8421052631578947,2.736842105263158,0.9433961997152019,33.672145429464564,24.367252876028175,1,0,0,0,0,0,0.19857408499999973,0,0,0,0,0.03943166723358712,234.450092975,348.32585242,1718.1297051428573,7.555392696430939,mungbean
31,48,17,28.88078945,86.94206817,6.594739424,53.79732545,96,0.6458333333333334,1.8235294117647058,2.823529411764706,0.9999999687500011,46.77250736637576,25.109555651653167,1,0,0,0,1,0,0.09473942400000013,0,0,0,0,0.0089755584598518,204.436922144,316.547492352,1718.1297051428573,7.555392696430939,mungbean
4,41,20,28.14720892,83.8001509,6.647965508,37.44800463,65,0.0975609756097561,0.2,2.05,1.7846153022485245,31.381484388978986,23.587403549098262,1,0,0,0,1,0,0.1479655080000004,0,0,0,0,0.021893791557698185,26.591862032,272.56658582800003,1718.1297051428573,7.555392696430939,mungbean
30,37,25,29.89129144,80.14487166,7.120032489,54.7960127,92,0.8108108108108109,1.2,1.48,0.41304346479206094,43.9161940532123,23.956337162104568,1,0,0,0,1,0,0.6200324889999997,0,0,0,0,0.3844402874155348,213.60097467,263.441202093,1718.1297051428573,7.555392696430939,mungbean
9,35,20,27.41503453,80.98004661,6.91380932,40.53173216,64,0.2571428571428571,0.45,1.75,1.281249939941409,32.82261559500836,22.200707740541596,1,0,0,0,0,0,0.41380932000000037,0,0,0,0,0.17123815331886272,62.22428388,241.98332620000002,1718.1297051428573,7.555392696430939,mungbean
20,41,20,29.27308605,89.4875022,7.073048264,50.9246554,81,0.4878048780487805,1.0,2.05,1.0370369986282593,45.571202121417414,26.195753523001642,1,0,0,0,1,0,0.5730482639999996,0,0,0,0,0.3283843128734133,141.46096527999998,289.994978824,1718.1297051428573,7.555392696430939,mungbean
37,50,23,29.65296893,88.48587386,6.5304707,56.01913159,110,0.74,1.608695652173913,2.1739130434782608,0.7454545251239677,49.56901811619481,26.23868868314479,1,0,0,0,1,0,0.030470700000000406,0,0,0,0,0.0009284635584900248,241.62741590000002,326.52353500000004,1718.1297051428573,7.555392696430939,mungbean
34,35,21,28.44524991,82.67639542,6.684381357,58.18713162,90,0.9714285714285714,1.619047619047619,1.6666666666666667,0.5999999800000007,48.10702302170706,23.517507293798797,1,0,0,0,1,0,0.18438135700000036,0,0,0,0,0.03399648480916158,227.26896613800002,233.953347495,1718.1297051428573,7.555392696430939,mungbean
14,37,15,27.96235681,83.97586797,6.581351374,48.9366954,66,0.3783783783783784,0.9333333333333333,2.466666666666667,1.3636363016528954,41.09501471798506,23.4816318360659,1,0,0,0,0,0,0.08135137399999959,0,0,0,0,0.006618046051687809,92.13891923599999,243.510000838,1718.1297051428573,7.555392696430939,mungbean
23,39,22,29.25649321,81.97952224,6.86483915,42.02483277,84,0.5897435897435898,1.0454545454545454,1.7727272727272727,0.7857142576530622,34.45175712700496,23.984333357736038,1,0,0,0,1,0,0.3648391499999999,0,0,0,0,0.13310760537272243,157.89130045,267.72872685,1718.1297051428573,7.555392696430939,mungbean
5,45,21,28.36291385,88.00989267,6.487124217000001,43.05130077,71,0.1111111111111111,0.23809523809523808,2.142857142857143,1.8028168252330918,37.88940360071588,24.962170037469566,1,0,0,0,1,0,0.012875782999999252,1,0,0,0,0.00016578578786306976,32.435621085,291.92058976500005,1718.1297051428573,7.555392696430939,mungbean
22,37,20,27.62749466,86.49366929,6.605733067999999,39.26137642,79,0.5945945945945946,1.1,1.85,0.8101265515141816,33.95860507941684,23.89603386433281,1,0,0,0,0,0,0.10573306799999926,0,0,0,0,0.011179481668692468,145.32612749599997,244.41212351599998,1718.1297051428573,7.555392696430939,mungbean
40,51,17,28.66086349,86.12194568,6.860602782000001,50.01534317,108,0.7843137254901961,2.3529411764705883,3.0,1.0555555262345688,43.07418667653299,24.683293286276754,1,0,0,0,1,0,0.36060278200000084,0,0,0,0,0.13003436638614013,274.42411128000003,349.89074188200004,1718.1297051428573,7.555392696430939,mungbean
27,56,20,29.2114218,87.11497805,6.41874299,51.53848218,103,0.48214285714285715,1.35,2.8,1.2621358855688578,44.89773743841017,25.447523689162917,1,0,0,0,1,0,0.08125700999999985,1,0,0,0,0.006602701674140076,173.30606073,359.44960744,1718.1297051428573,7.555392696430939,mungbean
31,40,22,29.40889385,86.16063492,6.365513634,53.35486977,93,0.775,1.4090909090909092,1.8181818181818181,0.5806451425598341,45.97089455457115,25.338889664108834,1,0,0,0,1,0,0.13448636599999997,1,0,0,0,0.018086582639885947,197.330922654,254.62054536,1718.1297051428573,7.555392696430939,mungbean
38,36,21,28.02952623,84.8845732,6.5563729660000005,36.12042927,95,1.0555555555555556,1.8095238095238095,1.7142857142857142,0.6736841892520782,30.660672223847378,23.79274371031755,1,0,0,0,1,0,0.056372966000000524,0,0,0,0,0.003177911295637215,249.14217270800003,236.029426776,1718.1297051428573,7.555392696430939,mungbean
6,37,17,28.08657178,80.35005927,6.760694227999999,38.14476781,60,0.16216216216216217,0.35294117647058826,2.176470588235294,1.6999999150000042,30.649343543738883,22.567577072141095,1,0,0,0,1,0,0.2606942279999993,0,0,0,0,0.06796148051251562,40.564165368,250.14568643599998,1718.1297051428573,7.555392696430939,mungbean
6,47,18,29.16174608,80.28038146,6.715276662999999,40.16545979,71,0.1276595744680851,0.3333333333333333,2.611111111111111,1.9718309025986942,32.244984334574916,23.411160993420598,1,0,0,0,1,0,0.21527666299999915,0,0,0,0,0.0463440416324152,40.291659978,315.61800316099993,1718.1297051428573,7.555392696430939,mungbean
24,44,17,29.8596912,80.03499648,6.666380512000001,50.66487502,85,0.5454545454545454,1.411764705882353,2.588235294117647,1.105882313910036,40.549630938853404,23.898202800858872,1,0,0,0,1,0,0.1663805120000008,0,0,0,0,0.027682474773382416,159.99313228800003,293.32074252800004,1718.1297051428573,7.555392696430939,mungbean
25,59,19,29.06631494,83.6869203,6.626629798,43.95183726,103,0.423728813559322,1.3157894736842106,3.1052631578947367,1.436893162032238,36.7819390181619,24.324703817984794,1,0,0,0,1,0,0.12662979799999974,0,0,0,0,0.016035105741520738,165.66574495,390.971158082,1718.1297051428573,7.555392696430939,mungbean
32,56,21,27.38538997,88.66663953,6.702772465,58.29933073,109,0.5714285714285714,1.5238095238095237,2.6666666666666665,1.0825687775439787,51.69205742677162,24.281705008584673,1,0,0,0,0,0,0.2027724649999998,0,0,0,0,0.04111667256217614,214.48871888,375.35525803999997,1718.1297051428573,7.555392696430939,mungbean
8,45,18,27.93034941,85.42058715,7.011030515,43.25095608,71,0.17777777777777778,0.4444444444444444,2.5,1.8028168252330918,36.94522063152463,23.858268459068565,1,0,0,0,0,0,0.5110305149999999,0,0,0,0,0.26115218726116507,56.08824412,315.496373175,1718.1297051428573,7.555392696430939,mungbean
19,39,17,29.2808618,81.8009244,6.890156495,44.47427436,75,0.48717948717948717,1.1176470588235294,2.2941176470588234,1.1199999552000017,36.38036754667218,23.952015624686478,1,0,0,0,1,0,0.39015649500000027,0,0,0,0,0.15222209059068523,130.912973405,268.716103305,1718.1297051428573,7.555392696430939,mungbean
39,37,15,28.9973145,83.78911515,6.821747052,59.84499208,91,1.054054054054054,2.6,2.466666666666667,1.010988977659704,50.14358932541958,24.29659323681265,1,0,0,0,1,0,0.3217470520000001,0,0,0,0,0.10352116547069076,266.048135028,252.404640924,1718.1297051428573,7.555392696430939,mungbean
33,37,19,27.92678579,86.5543196,7.183189922,43.4826194,89,0.8918918918918919,1.736842105263158,1.9473684210526316,0.7191010993561426,37.6360853659276,24.171839426683984,1,0,0,0,0,0,0.6831899220000004,0,0,0,0,0.46674846952236665,237.045267426,265.778027114,1718.1297051428573,7.555392696430939,mungbean
26,54,17,28.5474135,88.9570454,6.27258822,49.4897245,97,0.48148148148148145,1.5294117647058822,3.176470588235294,1.3402061441173359,44.02459669179992,25.39493558772073,1,0,0,0,1,0,0.22741177999999973,1,0,0,0,0.05171611768276828,163.08729372000002,338.71976388,1718.1297051428573,7.555392696430939,mungbean
21,51,15,29.36488409,89.1886954,6.679127482,48.30159325,87,0.4117647058823529,1.4,3.4,1.5172413269916782,43.07956087708946,26.190157025593162,1,0,0,0,1,0,0.17912748200000017,0,0,0,0,0.03208665480766038,140.261677122,340.635501582,1718.1297051428573,7.555392696430939,mungbean
22,54,20,28.56149805,83.63802195,6.689825155,41.013132,96,0.4074074074074074,1.1,2.7,1.3749999570312514,34.30257234454247,23.888272008307823,1,0,0,0,1,0,0.1898251550000003,0,0,0,0,0.03603358947077414,147.17615341,361.25055837,1718.1297051428573,7.555392696430939,mungbean
29,45,16,28.43683487,87.91332682,6.583381939,43.12063289,90,0.6444444444444445,1.8125,2.8125,0.9999999666666678,37.90878291943811,24.999767576526818,1,0,0,0,1,0,0.08338193899999968,0,0,0,0,0.006952547751399668,190.918076231,296.25218725499997,1718.1297051428573,7.555392696430939,mungbean
4,40,21,28.79728147,80.45744422,6.725551062,44.30070517,65,0.1,0.19047619047619047,1.9047619047619047,1.692307614201187,35.64321515121941,23.169556675601648,1,0,0,0,1,0,0.22555106200000008,0,0,0,0,0.05087328156932788,26.902204248,269.02204248,1718.1297051428573,7.555392696430939,mungbean
10,37,22,28.7275267,89.12760359,7.069747813999999,58.52974279,69,0.2702702702702703,0.45454545454545453,1.6818181818181819,1.2173912514177716,52.16615713611781,25.604156118387408,1,0,0,0,1,0,0.5697478139999994,0,0,0,0,0.3246125715577779,70.69747813999999,261.580669118,1718.1297051428573,7.555392696430939,mungbean
4,44,19,27.95639663,83.52706038,6.921993877999999,43.25726752,67,0.09090909090909091,0.21052631578947367,2.3157894736842106,1.9402984205836526,36.13152396016853,23.351156293212384,1,0,0,0,0,0,0.42199387799999943,0,0,0,0,0.17807883306947841,27.687975511999998,304.56773063199995,1718.1297051428573,7.555392696430939,mungbean
20,45,17,28.17458662,83.69659318,6.770955317,37.2464655,82,0.4444444444444444,1.1764705882352942,2.6470588235294117,1.2926828795359921,31.174022703464047,23.581169143488108,1,0,0,0,1,0,0.2709553170000003,0,0,0,0,0.07341678381057065,135.41910634,304.692989265,1718.1297051428573,7.555392696430939,mungbean
23,45,23,28.77653519,86.69133979,6.983130466,56.12443206,91,0.5111111111111111,1.0,1.9565217391304348,0.9670329351527603,48.65502210234229,24.946763901351822,1,0,0,0,1,0,0.4831304660000004,0,0,0,0,0.23341504717737757,160.61200071800002,314.24087097,1718.1297051428573,7.555392696430939,mungbean
25,48,21,28.438097,83.48991368,6.267684328,52.55469976,94,0.5208333333333334,1.1904761904761905,2.2857142857142856,1.0638297532820291,43.877873464407166,23.74294263753467,1,0,0,0,1,0,0.23231567200000036,1,0,0,0,0.05397057145681175,156.69210819999998,300.84884774399995,1718.1297051428573,7.555392696430939,mungbean
56,79,15,29.48439992,63.19915325,7.454532137,71.89090748,150,0.7088607594936709,3.7333333333333334,5.266666666666667,1.3999999720000007,45.434444791100915,18.63389109028368,1,0,0,0,1,0,0.9545321370000002,0,0,0,0,0.9111316005657871,417.453799672,588.908038823,1718.1297051428573,7.555392696430939,blackgram
25,62,21,26.73433965,68.13999721,7.040056094,67.15096376,108,0.4032258064516129,1.1904761904761905,2.9523809523809526,1.444444404320989,45.75666483255211,18.216778291621925,1,0,0,0,0,0,0.5400560939999997,0,0,0,0,0.29166058466653644,176.00140234999998,436.483477828,1718.1297051428573,7.555392696430939,blackgram
42,61,22,26.27274407,62.28814857,7.418650668,70.23207557,125,0.6885245901639344,1.9090909090909092,2.772727272727273,0.9439999773440008,43.74625957483628,16.364805859737466,1,0,0,0,0,0,0.9186506679999997,0,0,0,0,0.8439190498168457,311.58332805599997,452.537690748,1718.1297051428573,7.555392696430939,blackgram
42,73,25,34.03679184,67.21113844,6.501869314,73.23573601,140,0.5753424657534246,1.68,2.92,1.1285714043877557,49.22257191723403,22.876515284117023,1,0,0,0,1,1,0.0018693140000003439,0,0,0,0,3.4943348305972858e-06,273.078511188,474.63645992200003,1718.1297051428573,7.555392696430939,blackgram
44,58,18,28.03644051,65.06601664,6.814410927999999,72.49507741,120,0.7586206896551724,2.4444444444444446,3.2222222222222223,1.0999999725000007,47.16965913077148,18.2421950475003,1,0,0,0,1,0,0.31441092799999915,0,0,0,0,0.09885423164582065,299.834080832,395.23583382399994,1718.1297051428573,7.555392696430939,blackgram
50,55,16,28.81460716,65.33538112,7.581442888,62.26242533,121,0.9090909090909091,3.125,3.4375,1.2066115403319453,40.679392883910914,18.826133406216808,1,0,0,0,1,0,1.0814428879999998,0,1,0,0,1.16951872000578,379.0721444,416.97935884,1718.1297051428573,7.555392696430939,blackgram
35,72,21,34.03619494,64.28791388,7.741418772,66.85510868,128,0.4861111111111111,1.6666666666666667,3.4285714285714284,1.3749999677734384,42.97975469257881,21.88115969105612,1,0,0,0,1,1,1.2414187720000003,0,1,0,0,1.5411205674739887,270.94965702,557.382151584,1718.1297051428573,7.555392696430939,blackgram
30,64,20,33.8642935,61.57072498,6.573531614,68.02199825,114,0.46875,1.5,3.2,1.3684210166204998,41.88163746840791,20.850491017305018,1,0,0,0,1,1,0.07353161400000019,0,0,0,0,0.005406898257445024,197.20594842,420.706023296,1718.1297051428573,7.555392696430939,blackgram
27,64,21,32.84213012,68.68401492,7.543804222999999,73.67166182,112,0.421875,1.2857142857142858,3.0476190476190474,1.4285713903061235,50.60065519626074,22.55729355166661,1,0,0,0,1,1,1.0438042229999986,0,1,0,0,1.089527255952631,203.68271402099995,482.8034702719999,1718.1297051428573,7.555392696430939,blackgram
50,74,17,27.10053268,63.36085585,6.5408208,73.84949872,141,0.6756756756756757,2.9411764705882355,4.352941176470588,1.2765957175192402,46.79167442992679,17.171129445956943,1,0,0,0,0,0,0.04082079999999966,0,0,0,0,0.001666337712639972,327.04104,484.0207392,1718.1297051428573,7.555392696430939,blackgram
39,73,24,25.65842532,61.18235808,7.22405917,69.28607828,136,0.5342465753424658,1.625,3.0416666666666665,1.2205882083693778,42.390856512858704,15.698429656971784,1,0,0,0,0,0,0.7240591700000003,0,0,0,0,0.5242616816610893,281.73830763,527.35631941,1718.1297051428573,7.555392696430939,blackgram
57,67,25,32.34744009,66.61452812,7.551364319,64.55882254,149,0.8507462686567164,2.28,2.68,0.9932885706049283,43.0055549948492,21.548094574853206,1,0,0,0,1,1,1.0513643190000002,0,1,0,0,1.1053669312663341,430.427766183,505.941409373,1718.1297051428573,7.555392696430939,blackgram
52,63,19,29.58949031,68.32176769,6.928898659,67.53021213,134,0.8253968253968254,2.736842105263158,3.3157894736842106,1.149253705613723,46.137834652022796,20.21606283025326,1,0,0,0,1,0,0.4288986589999997,0,0,0,0,0.18395405969199802,360.302730268,436.52061551699995,1718.1297051428573,7.555392696430939,blackgram
55,66,22,30.91219459,68.79427388,7.747775262999999,66.63830637,143,0.8333333333333334,2.5,3.0,1.0769230543302857,45.84333899317129,21.265819808563144,1,0,0,0,1,0,1.2477752629999994,0,1,0,0,1.5569431069547177,426.12763946499996,511.35316735799995,1718.1297051428573,7.555392696430939,blackgram
51,56,18,28.12787838,64.2097765,6.706505915,70.86340755,125,0.9107142857142857,2.8333333333333335,3.111111111111111,1.1359999727360008,45.50123560813913,18.060847841989823,1,0,0,0,1,0,0.20650591500000015,0,0,0,0,0.042644692929987287,342.031801665,375.56433124,1718.1297051428573,7.555392696430939,blackgram
36,66,15,30.08545364,69.34811988,6.668238556,67.1367443,117,0.5454545454545454,2.4,4.4,1.3846153491124271,46.55806992069307,20.863696456709025,1,0,0,0,1,0,0.16823855600000037,0,0,0,0,0.02830421172496526,240.056588016,440.10374469600004,1718.1297051428573,7.555392696430939,blackgram
59,55,19,31.74379487,62.51007687,7.332375138,68.97097538,133,1.0727272727272728,3.1052631578947367,2.8947368421052633,1.1428571170784108,43.11380972802677,19.843070574692113,1,0,0,0,1,0,0.8323751379999997,0,0,0,0,0.6928483703605186,432.610133142,403.28063259,1718.1297051428573,7.555392696430939,blackgram
50,58,23,27.81326852,62.50460464,7.596802025,69.75555541,131,0.8620689655172413,2.1739130434782608,2.5217391304347827,0.9465648638191254,43.60043412345663,17.38457352588758,1,0,0,0,0,0,1.0968020249999997,0,1,0,0,1.2029746820440999,379.84010125,440.61451745,1718.1297051428573,7.555392696430939,blackgram
30,65,25,32.88733849,64.59457409,7.70650895,71.50569456,120,0.46153846153846156,1.2,2.6,1.249999968750001,46.18879885112829,21.24343622715213,1,0,0,0,1,1,1.20650895,0,1,0,0,1.4556638464301024,231.1952685,500.92308175,1718.1297051428573,7.555392696430939,blackgram
20,62,18,29.36358721,64.98742947,7.366542647,61.91208707,100,0.3225806451612903,1.1111111111111112,3.4444444444444446,1.7199999484000017,40.235073918021236,19.082640527960688,1,0,0,0,1,0,0.8665426470000002,0,0,0,0,0.7508961590697669,147.33085294,456.72564411400003,1718.1297051428573,7.555392696430939,blackgram
58,71,15,27.82592799,67.58618829999999,6.919243702,74.01229707,144,0.8169014084507042,3.8666666666666667,4.733333333333333,1.3749999713541674,50.02209046288558,18.806484087543804,1,0,0,0,0,0,0.41924370200000016,0,0,0,0,0.17576528166666494,401.316134716,491.266302842,1718.1297051428573,7.555392696430939,blackgram
25,71,24,28.49538735,60.44848407,7.187721817999999,74.91559514,120,0.352112676056338,1.0416666666666667,2.9583333333333335,1.549999961250001,45.28534159414859,17.225029682949547,1,0,0,0,1,0,0.6877218179999991,0,0,0,0,0.47296129895322386,179.69304544999997,510.32824907799994,1718.1297051428573,7.555392696430939,blackgram
52,71,16,27.74274761,68.53997144,7.0758864720000005,71.78615328,139,0.7323943661971831,3.25,4.4375,1.3093524897262052,49.20220895598662,19.01487128856528,1,0,0,0,0,0,0.5758864720000005,0,0,0,0,0.3316452286326074,367.94609654400006,502.38793951200006,1718.1297051428573,7.555392696430939,blackgram
40,63,18,30.41588462,67.66323804,6.74441168,63.02473185,121,0.6349206349206349,2.2222222222222223,3.5,1.123966914281812,42.6445743357372,20.580372412402347,1,0,0,0,1,0,0.2444116799999998,0,0,0,0,0.059737069320422304,269.7764672,424.89793584,1718.1297051428573,7.555392696430939,blackgram
20,60,25,27.3254209,69.09047809,6.726469087999999,61.19250859,105,0.3333333333333333,0.8,2.4,1.4285713877551034,42.278196740095325,18.879263939914782,1,0,0,0,0,0,0.2264690879999991,0,0,0,0,0.05128824781955133,134.52938175999998,403.58814527999994,1718.1297051428573,7.555392696430939,blackgram
48,61,21,30.28496619,61.69295127,6.628264883,65.62859526,130,0.7868852459016393,2.2857142857142856,2.9047619047619047,1.030769206982249,40.488217292937335,18.683689433732678,1,0,0,0,1,0,0.12826488299999994,0,0,0,0,0.016451880211003675,318.156714384,404.324157863,1718.1297051428573,7.555392696430939,blackgram
49,68,22,28.56840626,61.53278622,7.127064207,63.49726331,139,0.7205882352941176,2.227272727272727,3.090909090909091,1.0503596895605822,39.0716352880928,17.578936350426897,1,0,0,0,1,0,0.6270642070000001,0,0,0,0,0.39320951970053897,349.226146143,484.640366076,1718.1297051428573,7.555392696430939,blackgram
48,62,15,25.36586097,66.6379724,7.538631462000001,65.81655892,125,0.7741935483870968,3.2,4.133333333333334,1.279999969280001,43.85882036773934,16.90329543221097,1,0,0,0,0,0,1.0386314620000006,0,1,0,0,1.0787553138562587,361.854310176,467.395150644,1718.1297051428573,7.555392696430939,blackgram
32,66,17,34.9466155,65.26774011,7.162357641,70.1415139,115,0.48484848484848486,1.8823529411764706,3.8823529411764706,1.4434782232136116,45.779781001471534,22.808866181780978,1,0,0,0,1,1,0.6623576409999998,0,0,0,0,0.43871764459108464,229.195444512,472.715604306,1718.1297051428573,7.555392696430939,blackgram
21,63,22,25.09737391,67.72837887,6.859409487000001,74.61649888,106,0.3333333333333333,0.9545454545454546,2.8636363636363638,1.5660376915272352,50.536545060975705,16.998044488185336,1,0,0,0,0,0,0.35940948700000064,0,0,0,0,0.12917517934560363,144.047599227,432.14279768100005,1718.1297051428573,7.555392696430939,blackgram
20,72,19,32.47648301,64.34848735,7.397190844,65.82045699999999,111,0.2777777777777778,1.0526315789473684,3.789473684210526,1.89189184075968,42.35446844635718,20.898125561414748,1,0,0,0,1,1,0.8971908439999998,0,0,0,0,0.804951410557432,147.94381687999999,532.597740768,1718.1297051428573,7.555392696430939,blackgram
25,65,21,33.86351172,68.59232289,6.880245789,69.24464096,111,0.38461538461538464,1.1904761904761905,3.0952380952380953,1.5135134726077442,47.496507711304396,23.22776930087539,1,0,0,0,1,1,0.38024578899999995,0,0,0,0,0.14458686005223248,172.006144725,447.215976285,1718.1297051428573,7.555392696430939,blackgram
41,78,21,25.19857725,60.37332688,6.581313137,70.88787207,140,0.5256410256410257,1.9523809523809523,3.7142857142857144,1.3428571140816334,42.79736672309732,15.213219412251815,1,0,0,0,0,0,0.08131313700000042,0,0,0,0,0.006611826248780838,269.833838617,513.3424246860001,1718.1297051428573,7.555392696430939,blackgram
53,67,17,31.77681682,69.01852894,7.296972161,61.46892873,137,0.7910447761194029,3.1176470588235294,3.9411764705882355,1.255474425062604,42.42495036462303,21.931891513122487,1,0,0,0,1,0,0.7969721610000002,0,0,0,0,0.6351646254090103,386.739524533,488.897134787,1718.1297051428573,7.555392696430939,blackgram
39,60,21,34.89814946,63.59948557,6.97297656,64.72797143,120,0.65,1.8571428571428572,2.857142857142857,0.9999999750000007,41.16665684937657,22.195043530009734,1,0,0,0,1,1,0.4729765600000002,0,0,0,0,0.2237068263094338,271.94608584,418.3785936,1718.1297051428573,7.555392696430939,blackgram
25,76,17,31.74105409,68.63525428,7.241148507,62.3061735,118,0.32894736842105265,1.4705882352941178,4.470588235294118,1.864406732260846,42.764000613862976,21.78555318582384,1,0,0,0,1,0,0.7411485070000001,0,0,0,0,0.5493011094283292,181.028712675,550.327286532,1718.1297051428573,7.555392696430939,blackgram
21,78,19,27.16159076,66.76017239,6.92009048,69.85112265,118,0.2692307692307692,1.105263157894737,4.105263157894737,1.9661016449296194,46.63272989749033,18.133124815242308,1,0,0,0,0,0,0.4200904799999998,0,0,0,0,0.17647601138663024,145.32190008,539.76705744,1718.1297051428573,7.555392696430939,blackgram
57,60,17,26.23773129,67.88521396,7.504608385,73.58663968,134,0.95,3.3529411764705883,3.5294117647058822,1.2388059424147926,49.954447792742265,17.811540024466368,1,0,0,0,0,0,1.004608385,0,1,0,0,1.0092380072123084,427.762677945,450.2765031,1718.1297051428573,7.555392696430939,blackgram
56,75,15,30.20157245,60.06534859,7.152272256,66.37171179,146,0.7466666666666667,3.7333333333333334,5.0,1.3835616154062684,39.866400051813635,18.140679771753906,1,0,0,0,1,0,0.6522722559999998,0,0,0,0,0.42545909594732934,400.52724633599996,536.4204192,1718.1297051428573,7.555392696430939,blackgram
49,72,15,31.55846339,67.83563765,7.137004749,74.86960831,136,0.6805555555555556,3.2666666666666666,4.8,1.3382352645977516,50.788276203145884,21.407884873148305,1,0,0,0,1,0,0.6370047489999999,0,0,0,0,0.4057750502485529,349.713232701,513.864341928,1718.1297051428573,7.555392696430939,blackgram
24,80,19,29.67892453,69.0854554,6.8080417220000005,65.66436565,123,0.3,1.263157894736842,4.2105263157894735,1.9024389779892934,45.36452604482366,20.50382016937281,1,0,0,0,1,0,0.30804172200000046,0,0,0,0,0.09488970249272558,163.39300132800003,544.64333776,1718.1297051428573,7.555392696430939,blackgram
49,76,18,27.05365239,67.7017527,7.393631868,60.4693835,143,0.6447368421052632,2.7222222222222223,4.222222222222222,1.2447552186414992,40.938832476384604,18.31579683739544,1,0,0,0,0,0,0.8936318679999999,0,0,0,0,0.7985779155051693,362.287961532,561.916021968,1718.1297051428573,7.555392696430939,blackgram
28,68,19,34.63880966,61.38597868,7.69950698,72.43169115,115,0.4117647058823529,1.4736842105263157,3.5789473684210527,1.547826046578451,44.46290248690245,21.26337231289338,1,0,0,0,1,1,1.1995069799999998,0,1,0,0,1.43881699506872,215.58619543999998,523.56647464,1718.1297051428573,7.555392696430939,blackgram
55,78,21,33.39438752,62.93692886,6.602888248999999,63.57445989,154,0.7051282051282052,2.619047619047619,3.7142857142857144,1.1818181587957501,40.01181259409853,21.017401916695118,1,0,0,0,1,1,0.10288824899999938,0,0,0,0,0.010585991782285873,363.15885369499995,515.0252834219999,1718.1297051428573,7.555392696430939,blackgram
50,64,25,28.84079155,63.37230676,6.734447425,70.25496749,139,0.78125,2.0,2.56,0.9208632894777706,44.52219351190107,18.277074893078158,1,0,0,0,1,0,0.23444742499999993,0,0,0,0,0.05496559508913059,336.72237125,431.0046352,1718.1297051428573,7.555392696430939,blackgram
34,80,19,31.49338309,63.0563645,6.521217963,71.48327008,133,0.425,1.7894736842105263,4.2105263157894735,1.6090225200972366,45.07475133816424,19.858582434611765,1,0,0,0,1,0,0.021217962999999784,0,0,0,0,0.00045020195386935986,221.721410742,521.69743704,1718.1297051428573,7.555392696430939,blackgram
20,68,23,25.54960633,63.95425534,7.707332484,63.1830529,111,0.29411764705882354,0.8695652173913043,2.9565217391304346,1.6756756303871452,40.40825098327328,16.340060470653004,1,0,0,0,0,0,1.2073324840000002,0,1,0,0,1.4576517269216107,154.14664968,524.098608912,1718.1297051428573,7.555392696430939,blackgram
55,67,16,34.37329112,69.69366426,6.596719015,70.27184748,138,0.8208955223880597,3.4375,4.1875,1.3043477977315696,48.975025452010485,23.956006108285195,1,0,0,0,1,1,0.09671901499999969,0,0,0,0,0.009354567862570164,362.819545825,441.980174005,1718.1297051428573,7.555392696430939,blackgram
23,70,15,34.600824700000004,63.11296779,7.403623355,60.41790253,108,0.32857142857142857,1.5333333333333334,4.666666666666667,1.8888888364197547,38.13153136315249,21.837607347985365,1,0,0,0,1,1,0.9036233549999997,0,0,0,0,0.8165351677014554,170.283337165,518.25363485,1718.1297051428573,7.555392696430939,blackgram
53,74,15,29.43463808,64.94329356,7.517097,72.17818157,142,0.7162162162162162,3.533333333333333,4.933333333333334,1.366197154235271,46.874888343274925,19.11582341661795,1,0,0,0,1,0,1.0170969999999997,0,1,0,0,1.0344863074089994,398.406141,556.265178,1718.1297051428573,7.555392696430939,blackgram
26,67,16,29.10713092,67.90577375,7.17620823,67.83345933,109,0.3880597014925373,1.625,4.1875,1.6880733480346786,46.06283541942806,19.765422467651494,1,0,0,0,1,0,0.6762082300000003,0,0,0,0,0.4572575703197333,186.58141398,480.80595141000003,1718.1297051428573,7.555392696430939,blackgram
33,80,22,28.57006111,65.71765781,6.593961761,70.0866434,135,0.4125,1.5,3.6363636363636362,1.5555555209876553,46.05930048012696,18.775574996377692,1,0,0,0,1,0,0.09396176100000009,0,0,0,0,0.008828812530221138,217.600738113,527.51694088,1718.1297051428573,7.555392696430939,blackgram
37,79,19,27.54384835,69.3478631,7.143942758,69.40878198,135,0.46835443037974683,1.9473684210526316,4.157894736842105,1.511111077530865,48.13350710686787,19.101070246229607,1,0,0,0,0,0,0.6439427579999997,0,0,0,0,0.41466227558064617,264.325882046,564.371477882,1718.1297051428573,7.555392696430939,blackgram
33,75,21,33.04687968,68.93875631,6.690655045,62.30278274,129,0.44,1.5714285714285714,3.5714285714285716,1.4883720584099522,42.950763567477345,22.78210785065411,1,0,0,0,1,1,0.19065504499999975,0,0,0,0,0.03634934618395193,220.791616485,501.799128375,1718.1297051428573,7.555392696430939,blackgram
22,55,20,33.95309131,69.96100028,7.423530351,61.16350463,97,0.4,1.1,2.75,1.4020618123073667,42.79059964545211,23.753922306457753,1,0,0,0,1,1,0.9235303510000001,0,0,0,0,0.8529083092181835,163.317667722,408.294169305,1718.1297051428573,7.555392696430939,blackgram
20,68,17,30.11873003,60.11680815,6.578714842999999,71.72980375,105,0.29411764705882354,1.1764705882352942,4.0,1.8857142318367364,43.12166850675901,18.106419149351538,1,0,0,0,1,0,0.07871484299999931,0,0,0,0,0.006196026508514541,131.57429685999998,447.35260932399996,1718.1297051428573,7.555392696430939,blackgram
43,68,20,29.57812712,66.17587668,7.497469256,69.43895491,131,0.6323529411764706,2.15,3.4,1.1145037912709057,45.95183716912241,19.573584927184836,1,0,0,0,1,0,0.9974692559999996,0,0,0,0,0.9949449166651927,322.391178008,509.827909408,1718.1297051428573,7.555392696430939,blackgram
44,76,22,27.26458947,68.01232937,7.775306272000001,68.91754359,142,0.5789473684210527,2.0,3.4545454545454546,1.2112675800436428,46.87242674014412,18.543282391714737,1,0,0,0,0,0,1.2753062720000008,0,1,0,0,1.6264060874025401,342.11347596800005,590.923276672,1718.1297051428573,7.555392696430939,blackgram
34,60,16,31.35730791,64.24992106,7.322555222999999,63.85668948,110,0.5666666666666667,2.125,3.75,1.27272723801653,41.027872582429325,20.147045578716135,1,0,0,0,1,0,0.8225552229999993,0,0,0,0,0.6765970948845785,248.96687758199997,439.35331338,1718.1297051428573,7.555392696430939,blackgram
21,72,17,31.52104732,66.55723677,7.580527339,61.71111448,110,0.2916666666666667,1.2352941176470589,4.235294117647059,1.9272726747107451,41.07321257785936,20.97953809715614,1,0,0,0,1,0,1.0805273389999996,0,1,0,0,1.16753933032642,159.191074119,545.797968408,1718.1297051428573,7.555392696430939,blackgram
25,68,19,29.39982732,64.25510719,7.1084501210000015,67.47677295,112,0.36764705882352944,1.3157894736842106,3.5789473684210527,1.6428570988520421,43.35727278737543,18.890890558140907,1,0,0,0,1,0,0.6084501210000015,0,0,0,0,0.3702115497449165,177.71125302500005,483.3746082280001,1718.1297051428573,7.555392696430939,blackgram
41,62,15,29.38400259,64.14928485,7.358974541,65.24194361,118,0.6612903225806451,2.7333333333333334,4.133333333333334,1.237288104136743,41.852240248055274,18.849627521790477,1,0,0,0,1,0,0.8589745410000003,0,0,0,0,0.7378372620861611,301.71795618100003,456.256421542,1718.1297051428573,7.555392696430939,blackgram
28,65,23,28.38686534,61.88871127,7.405176138,74.24459122,116,0.4307692307692308,1.2173913043478262,2.8260869565217392,1.362068930291321,45.94902069373757,17.568265128876302,1,0,0,0,1,0,0.9051761379999999,0,0,0,0,0.8193438408045948,207.344931864,481.33644897,1718.1297051428573,7.555392696430939,blackgram
35,64,15,28.47442276,63.53604453,6.500144962,69.5274407,114,0.546875,2.3333333333333335,4.266666666666667,1.3684210166204998,44.174985683721346,18.091521924454057,1,0,0,0,1,0,0.00014496200000024828,0,0,0,0,2.1013981444071984e-08,227.50507367,416.009277568,1718.1297051428573,7.555392696430939,blackgram
52,58,16,30.64095781,61.14508627,7.167435834,71.36947525,126,0.896551724137931,3.25,3.625,1.238095208616781,43.638927212058796,18.735440086878803,1,0,0,0,1,0,0.667435834,0,0,0,0,0.4454705925072755,372.706663368,415.711278372,1718.1297051428573,7.555392696430939,blackgram
58,75,25,25.25596239,61.36669662,7.261791753,68.64685069,158,0.7733333333333333,2.32,3.0,1.0506328914436793,42.12630460211667,15.4987498183326,1,0,0,0,0,0,0.7617917529999998,0,0,0,0,0.5803266749388127,421.183921674,544.6343814749999,1718.1297051428573,7.555392696430939,blackgram
34,66,19,32.97030511,60.18122078,7.586642101,73.44678678,119,0.5151515151515151,1.7894736842105263,3.473684210526316,1.3277310589647633,44.20117290788765,19.84193211008872,1,0,0,0,1,1,1.0866421009999998,0,1,0,0,1.1807910556656938,257.945831434,500.718378666,1718.1297051428573,7.555392696430939,blackgram
52,70,16,33.66855394,66.60416867,7.534811832999999,67.32520551,138,0.7428571428571429,3.25,4.375,1.3043477977315696,44.84139343530454,22.424660454947535,1,0,0,0,1,1,1.0348118329999991,0,1,0,0,1.0708355297168182,391.8102153159999,527.4368283099999,1718.1297051428573,7.555392696430939,blackgram
23,57,19,32.83963757,67.99803573,7.251000789,73.40452716,99,0.40350877192982454,1.2105263157894737,3.0,1.454545410468321,49.91363660569435,22.330308488451102,1,0,0,0,1,1,0.7510007889999999,0,0,0,0,0.5640021850786223,166.773018147,413.307044973,1718.1297051428573,7.555392696430939,blackgram
42,58,25,27.45853567,62.90020977,6.513620917999999,69.46020927,125,0.7241379310344828,1.68,2.32,0.7999999808000006,43.69061733751098,17.27147653620027,1,0,0,0,0,0,0.013620917999999094,0,0,0,0,0.00018552940716269931,273.57207855599995,377.79001324399997,1718.1297051428573,7.555392696430939,blackgram
37,62,17,25.68576704,69.84354028,7.121254928,74.62068748,116,0.5967741935483871,2.176470588235294,3.6470588235294117,1.206896520511297,52.11772991730671,17.939849048809364,1,0,0,0,0,0,0.6212549279999999,0,0,0,0,0.3859576855642851,263.486432336,441.51780553599997,1718.1297051428573,7.555392696430939,blackgram
44,75,22,30.0328403,64.14800537,7.574561547,71.21006868,141,0.5866666666666667,2.0,3.409090909090909,1.1914893363512908,45.679838680827096,19.265468008407527,1,0,0,0,1,0,1.074561547,0,1,0,0,1.1546825182910334,333.280708068,568.092116025,1718.1297051428573,7.555392696430939,blackgram
21,80,20,28.20667264,68.27085245,7.350869792,64.32887142,121,0.2625,1.05,4.0,1.9669420999931713,43.91786888989842,19.25693585910892,1,0,0,0,1,0,0.8508697920000001,0,0,0,0,0.7239794029381235,154.368265632,588.06958336,1718.1297051428573,7.555392696430939,blackgram
56,76,16,28.27265858,61.18956161,7.5131510760000015,63.29900785,148,0.7368421052631579,3.5,4.75,1.3513513239590946,38.73238540689449,17.299915840594053,1,0,0,0,1,0,1.0131510760000015,0,1,0,0,1.0264751027999608,420.7364602560001,570.9994817760002,1718.1297051428573,7.555392696430939,blackgram
29,76,15,28.541723600000005,64.2020154,7.0256077060000015,69.68862306,120,0.3815789473684211,1.9333333333333333,5.066666666666666,1.7999999550000012,44.741500509029144,18.324361781097434,1,0,0,0,1,0,0.5256077060000015,0,0,0,0,0.276263460606584,203.74262347400006,533.9461856560001,1718.1297051428573,7.555392696430939,blackgram
43,61,20,26.87187036,61.61367264,6.804253866,63.51822045,124,0.7049180327868853,2.15,3.05,1.0322580395421441,39.135908414816534,16.556746235855588,1,0,0,0,0,0,0.3042538659999998,0,0,0,0,0.09257041497594584,292.582916238,415.059485826,1718.1297051428573,7.555392696430939,blackgram
55,60,15,32.79766751,68.77994074,7.163043872,64.11411069,130,0.9166666666666666,3.6666666666666665,4.0,1.3076922775147934,44.09764733856001,22.55821627748023,1,0,0,0,1,1,0.6630438720000003,0,0,0,0,0.43962717619675273,393.96741296,429.78263232,1718.1297051428573,7.555392696430939,blackgram
44,63,15,26.42333018,64.51136845,7.338929556,63.46546487,122,0.6984126984126984,2.933333333333333,4.2,1.262295050927171,40.942439880791014,17.04605188917985,1,0,0,0,0,0,0.8389295560000001,0,0,0,0,0.7038027999303572,322.912900464,462.352562028,1718.1297051428573,7.555392696430939,blackgram
29,67,21,29.79181107,63.38789228,6.621323612,63.02169909,117,0.43283582089552236,1.380952380952381,3.1904761904761907,1.435897399079554,39.94812673219494,18.884401109312716,1,0,0,0,1,0,0.1213236120000003,0,0,0,0,0.014719418828726617,192.01838474800002,443.62868200400004,1718.1297051428573,7.555392696430939,blackgram
47,63,16,27.44003279,67.10464369,6.661870999,72.50669768,126,0.746031746031746,2.9375,3.9375,1.238095208616781,48.6553611295495,18.413536232148665,1,0,0,0,0,0,0.16187099899999957,0,0,0,0,0.02620222031725786,313.107936953,419.697872937,1718.1297051428573,7.555392696430939,blackgram
40,68,17,34.1262979,65.14877461,7.733149554,70.40795007,125,0.5882352941176471,2.3529411764705883,4.0,1.2639999696640007,45.86991669862564,22.232864901608163,1,0,0,0,1,1,1.2331495539999997,0,1,0,0,1.5206578225303982,309.32598215999997,525.854169672,1718.1297051428573,7.555392696430939,blackgram
58,61,15,30.94908189,64.23364112,7.402891666,62.78730907,134,0.9508196721311475,3.8666666666666667,4.066666666666666,1.3283581792158619,40.33057477692901,19.879722191157516,1,0,0,0,1,0,0.9028916660000004,0,0,0,0,0.8152133605322562,429.36771662800004,451.57639162600003,1718.1297051428573,7.555392696430939,blackgram
41,74,18,28.75751783,61.02701476,6.599147297999999,73.37686831,133,0.5540540540540541,2.2777777777777777,4.111111111111111,1.3383458344734023,44.779712253969464,17.54985465072373,1,0,0,0,1,0,0.09914729799999922,0,0,0,0,0.00983018670070065,270.565039218,488.3369000519999,1718.1297051428573,7.555392696430939,blackgram
58,79,17,27.24766491,66.10123083,7.04174124,62.31842057,154,0.7341772151898734,3.411764705882353,4.647058823529412,1.3376623116039807,41.193243030585904,18.011041877944013,1,0,0,0,0,0,0.5417412400000003,0,0,0,0,0.29348357111673795,408.42099192,556.2975579600001,1718.1297051428573,7.555392696430939,blackgram
27,62,24,28.63005477,66.770943,7.353876754,62.2737345,113,0.43548387096774194,1.125,2.5833333333333335,1.2920353639282647,41.58075976696634,19.116557551345483,1,0,0,0,1,0,0.8538767539999998,0,0,0,0,0.7291055110215763,198.554672358,455.940358748,1718.1297051428573,7.555392696430939,blackgram
27,60,17,26.41768321,63.64698302,7.026795358999999,64.42177127,104,0.45,1.588235294117647,3.5294117647058822,1.4615384193786995,41.002513821400136,16.81405834694609,1,0,0,0,0,0,0.5267953589999994,0,0,0,0,0.27751335026393825,189.723474693,421.60772153999994,1718.1297051428573,7.555392696430939,blackgram
52,65,20,32.81705216,66.15665137,6.814301033,68.83924882,137,0.8,2.6,3.25,1.1240875666258199,45.541741847574244,21.71066278740226,1,0,0,0,1,1,0.31430103299999956,0,0,0,0,0.09878513934486681,354.34365371599995,442.92956714499996,1718.1297051428573,7.555392696430939,blackgram
44,55,25,29.6321052,65.91359954,7.42160832,71.16331975,124,0.8,1.76,2.2,0.7903225615244541,46.90630559938474,19.53158715679952,1,0,0,0,1,0,0.9216083199999998,0,0,0,0,0.849361895493222,326.55076608,408.1884576,1718.1297051428573,7.555392696430939,blackgram
21,62,24,33.49077065,62.73317204,6.8473828910000005,65.45328463,107,0.3387096774193548,0.875,2.5833333333333335,1.4766354726176971,41.060921652768776,21.009822769386325,1,0,0,0,1,1,0.3473828910000005,0,0,0,0,0.12067487295951825,143.795040711,424.53773924200004,1718.1297051428573,7.555392696430939,blackgram
60,59,22,31.86847286,66.74217464,7.191522601,74.22238583,141,1.0169491525423728,2.727272727272727,2.6818181818181817,1.0638297645993668,49.537634372633214,21.269711811322207,1,0,0,0,1,0,0.691522601,0,0,0,0,0.47820350769380515,431.49135606,424.299833459,1718.1297051428573,7.555392696430939,blackgram
33,77,21,30.32992227,65.62971858,7.01285529,71.64631281,131,0.42857142857142855,1.5714285714285714,3.6666666666666665,1.5267175222889116,47.021273470149495,19.905442631333752,1,0,0,0,1,0,0.5128552900000001,0,0,0,0,0.26302054848098416,231.42422457,539.98985733,1718.1297051428573,7.555392696430939,blackgram
59,58,17,28.546224,66.31394098,7.368318809,62.83469851,134,1.0172413793103448,3.4705882352941178,3.411764705882353,1.2388059424147926,41.66816488488234,18.930126135378593,1,0,0,0,1,0,0.8683188089999998,0,0,0,0,0.7539775540631781,434.73080973099997,427.362490922,1718.1297051428573,7.555392696430939,blackgram
29,63,17,30.02629908,67.88811637,7.26154329,66.47264636,109,0.4603174603174603,1.7058823529411764,3.7058823529411766,1.4678898678562422,45.12702751509537,20.38428886103464,1,0,0,0,1,0,0.7615432899999997,0,0,0,0,0.5799481825440236,210.58475540999999,457.47722726999996,1718.1297051428573,7.555392696430939,blackgram
59,63,18,31.65531175,60.13263713,6.52669158,66.69096751,140,0.9365079365079365,3.2777777777777777,3.5,1.2285714022448988,40.10303749127449,19.035173746997753,1,0,0,0,1,0,0.026691579999999604,0,0,0,0,0.0007124404428963788,385.07480322,411.18156954,1718.1297051428573,7.555392696430939,blackgram
29,70,15,30.33499674,63.54718862,6.872594461,74.16699119,114,0.4142857142857143,1.9333333333333333,4.666666666666667,1.6842104819944612,47.13103778528808,19.27703759623865,1,0,0,0,1,0,0.37259446100000027,0,0,0,0,0.13882663236788073,199.30523936900002,481.08161227,1718.1297051428573,7.555392696430939,blackgram
58,73,16,33.36984395,65.67718163,6.874142175,64.89517488,147,0.7945205479452054,3.625,4.5625,1.3469387480216584,42.62132187504373,21.91637302068907,1,0,0,0,1,1,0.37414217500000024,0,0,0,0,0.1399823671137308,398.70024615,501.812378775,1718.1297051428573,7.555392696430939,blackgram
55,77,22,31.4345059,62.99303471,7.76061831,64.77651469,154,0.7142857142857143,2.5,3.5,1.1428571205936924,40.80469238259995,19.801549212504,1,0,0,0,1,0,1.26061831,0,1,0,0,1.5891585235072558,426.83400704999997,597.56760987,1718.1297051428573,7.555392696430939,blackgram
42,79,23,27.71678273,63.29103387,6.781841984,68.56507978,144,0.5316455696202531,1.826086956521739,3.4347826086956523,1.2916666397569452,43.39554786655233,17.54223834531861,1,0,0,0,0,0,0.2818419839999997,0,0,0,0,0.07943490394505609,284.837363328,535.765516736,1718.1297051428573,7.555392696430939,blackgram
44,77,21,32.63918668,61.3009051,7.326980454,61.83876146,142,0.5714285714285714,2.0952380952380953,3.6666666666666665,1.2535211002777233,37.90772047760998,20.008116852118643,1,0,0,0,1,1,0.8269804540000001,0,0,0,0,0.6838966712980462,322.387139976,564.177494958,1718.1297051428573,7.555392696430939,blackgram
38,62,25,32.7477393,67.77954584,7.453975408,63.37784443,125,0.6129032258064516,1.52,2.48,0.9759999765760006,42.95721511783574,22.196268970407193,1,0,0,0,1,1,0.9539754079999998,0,0,0,0,0.9100690790687661,283.251065504,462.146475296,1718.1297051428573,7.555392696430939,blackgram
32,76,15,28.05153602,63.49802189,7.604110177000001,43.35795377,123,0.42105263157894735,2.1333333333333333,5.066666666666666,1.707317031528853,27.53144297593068,17.812170482460836,1,0,0,0,1,0,1.1041101770000008,0,1,0,0,1.2190592829549731,243.33152566400003,577.9123734520001,1718.1297051428573,7.555392696430939,lentil
13,61,22,19.44084326,63.27771461,7.728832424,46.83130119,96,0.21311475409836064,0.5909090909090909,2.772727272727273,1.812499943359377,29.633777115157734,12.301721315840222,1,0,0,0,0,0,1.2288324240000001,0,1,0,0,1.5100291262737162,100.474821512,471.458777864,1718.1297051428573,7.555392696430939,lentil
38,60,20,29.84823072,60.63872613,7.491217102,46.80452595,118,0.6333333333333333,1.9,3.0,1.0508474309106586,28.38166830726528,18.09958688095133,1,0,0,0,1,0,0.9912171020000002,0,0,0,0,0.9825113432972788,284.666249876,449.47302612,1718.1297051428573,7.555392696430939,lentil
11,74,17,21.36383757,69.92375891,6.633864582,46.6352865,102,0.14864864864864866,0.6470588235294118,4.352941176470588,2.3529411072664383,32.60914529924778,14.938398276370803,1,0,0,0,0,0,0.13386458200000018,0,0,0,0,0.01791972631403477,72.972510402,490.905979068,1718.1297051428573,7.555392696430939,lentil
37,71,16,26.28663931,68.51966729,7.324863481,46.13833007,124,0.5211267605633803,2.3125,4.4375,1.4354838362382945,31.613830257126025,18.011517796934353,1,0,0,0,0,0,0.8248634810000004,0,0,0,0,0.680399762287438,271.01994879700004,520.0653071510001,1718.1297051428573,7.555392696430939,lentil
29,71,18,22.17499963,62.13873825,6.410441476,53.46622584,118,0.4084507042253521,1.6111111111111112,3.9444444444444446,1.6101694505889124,33.223238126871465,13.779264977024168,1,0,0,0,0,0,0.08955852400000008,1,0,0,0,0.00802072922105859,185.902802804,455.141344796,1718.1297051428573,7.555392696430939,lentil
2,72,18,26.57597546,60.97876599,7.836719564,50.89110726,92,0.027777777777777776,0.1111111111111111,4.0,2.695652086011345,31.032769205795297,16.205701885313225,1,0,0,0,0,0,1.336719564,0,1,0,0,1.78681919278035,15.673439128,564.243808608,1718.1297051428573,7.555392696430939,lentil
6,59,21,26.58972517,66.14007674,6.139215944,50.90994463,86,0.1016949152542373,0.2857142857142857,2.8095238095238093,2.116278995943756,33.671876446573506,17.586464632393096,1,0,0,0,0,0,0.36078405599999996,1,0,0,0,0.1301651350638111,36.835295664,362.213740696,1718.1297051428573,7.555392696430939,lentil
13,64,20,19.1345771,62.57526895,6.590571088,36.46946971,97,0.203125,0.65,3.2,1.9587628260176446,22.820868755671288,11.973513082770113,1,0,0,0,0,0,0.09057108799999991,0,0,0,0,0.008203121981503728,85.677424144,421.796549632,1718.1297051428573,7.555392696430939,lentil
8,58,17,28.75273118,69.15640149,7.286049977999999,35.15426171,83,0.13793103448275862,0.47058823529411764,3.411764705882353,2.192771005080566,24.311422369012938,19.884354214181215,1,0,0,0,1,0,0.7860499779999994,0,0,0,0,0.6178745679137996,58.288399823999995,422.59089872399994,1718.1297051428573,7.555392696430939,lentil
6,77,20,25.78746268,60.2816298,6.058306161,49.14337177,103,0.07792207792207792,0.3,3.85,2.48543682081252,29.62442544162911,15.54510278757076,1,0,0,0,0,0,0.44169383900000003,1,0,0,0,0.19509344741055795,36.349836966,466.489574397,1718.1297051428573,7.555392696430939,lentil
2,75,22,23.89271875,61.78779413,6.658605362,52.55730112,99,0.02666666666666667,0.09090909090909091,3.409090909090909,2.5454544683195617,32.47399701630979,14.76278387330991,1,0,0,0,0,0,0.1586053620000003,0,0,0,0,0.02515566085515114,13.317210724,499.39540215,1718.1297051428573,7.555392696430939,lentil
3,69,23,28.67408774,63.18832976,7.299360767,42.96018627,95,0.043478260869565216,0.13043478260869565,3.0,2.357894662382274,27.145824165797848,18.118677116822933,1,0,0,0,1,0,0.7993607669999996,0,0,0,0,0.6389776358188276,21.898082301,503.65589292299995,1718.1297051428573,7.555392696430939,lentil
27,80,24,28.42062847,61.77336343,7.815210661,49.02366803,131,0.3375,1.125,3.3333333333333335,1.6641220992949137,30.283568618888626,17.55637811386315,1,0,0,0,1,0,1.315210661,0,1,0,0,1.729779082808057,211.010687847,625.21685288,1718.1297051428573,7.555392696430939,lentil
39,78,15,21.35499456,62.60136323,5.925391795,41.78219834,132,0.5,2.6,5.2,1.5454545103305795,26.15622574830243,13.36851771225234,1,0,0,0,0,0,0.5746082049999996,1,0,0,0,0.3301745892533216,231.090280005,462.18056001,1718.1297051428573,7.555392696430939,lentil
40,79,17,21.12695586,63.18738532,6.403683619,38.71834464,136,0.5063291139240507,2.3529411764705883,4.647058823529412,1.485294084883219,24.465109617202366,13.349571005644519,1,0,0,0,0,0,0.09631638100000028,1,0,0,0,0.009276845248937215,256.14734476,505.89100590099997,1718.1297051428573,7.555392696430939,lentil
37,62,22,24.02037872,61.62313345,7.397546271,49.78102578,121,0.5967741935483871,1.6818181818181819,2.8181818181818183,1.0743801386517322,30.676627949188305,14.802110033821002,1,0,0,0,0,0,0.8975462710000004,0,0,0,0,0.8055893085860062,273.70921202700004,458.647868802,1718.1297051428573,7.555392696430939,lentil
31,60,24,25.40474421,65.8567539,7.722335992,51.92057267,115,0.5166666666666667,1.2916666666666667,2.5,1.1304347531190935,34.19320376675256,16.7307398733042,1,0,0,0,0,0,1.2223359919999996,0,1,0,0,1.4941052773386232,239.39241575199998,463.34015952,1718.1297051428573,7.555392696430939,lentil
22,67,22,29.03017561,64.49166566,7.475926645,54.93937710000001,111,0.3283582089552239,1.0,3.0454545454545454,1.6216215777940115,35.431319395018605,18.722043794912064,1,0,0,0,1,0,0.9759266450000004,0,0,0,0,0.9524328164209568,164.47038619,500.887085215,1718.1297051428573,7.555392696430939,lentil
3,78,18,20.21368219,68.65257685,6.887130053,50.89732989,99,0.038461538461538464,0.16666666666666666,4.333333333333333,2.7272726446281017,34.942328517330274,13.877213699704514,1,0,0,0,0,0,0.3871300529999999,0,0,0,0,0.14986967793578274,20.661390159,537.196144134,1718.1297051428573,7.555392696430939,lentil
4,80,16,29.19585548,68.01965728,7.441976825,44.93261911,100,0.05,0.25,5.0,2.7999999160000026,30.563013525549785,19.858920837460097,1,0,0,0,1,0,0.9419768250000002,0,0,0,0,0.8873203388370811,29.7679073,595.358146,1718.1297051428573,7.555392696430939,lentil
13,61,24,18.29783597,69.6897615,7.629910252999999,49.39111479,98,0.21311475409836064,0.5416666666666666,2.5416666666666665,1.7346938244481485,34.42055009934223,12.751718247154212,1,0,0,0,0,0,1.1299102529999994,0,1,0,0,1.2766971798345226,99.18883328899999,465.424525433,1718.1297051428573,7.555392696430939,lentil
12,66,20,27.41434987,63.41785982,7.336117221,44.43177543,98,0.18181818181818182,0.6,3.3,2.040816264056645,28.177681057734603,17.38559397112095,1,0,0,0,0,0,0.8361172210000003,0,0,0,0,0.6990920072527633,88.033406652,484.183736586,1718.1297051428573,7.555392696430939,lentil
4,61,21,24.84063998,60.09116626,6.75020529,48.77790371,86,0.06557377049180328,0.19047619047619047,2.9047619047619047,2.2558138747971905,29.31121121651881,14.927030270429832,1,0,0,0,0,0,0.25020529000000025,0,0,0,0,0.06260268714398422,27.00082116,411.76252269,1718.1297051428573,7.555392696430939,lentil
9,60,21,29.94413861,67.31323084,7.52178027,40.37113729,90,0.15,0.42857142857142855,2.857142857142857,1.9999999333333356,27.175116836751023,20.156367145598868,1,0,0,0,1,0,1.0217802699999998,0,1,0,0,1.0440349201612726,67.69602243,451.3068162,1718.1297051428573,7.555392696430939,lentil
18,66,22,25.87990287,67.55109024,6.347379185,47.89645224,106,0.2727272727272727,0.8181818181818182,3.0,1.7358490074759716,32.3545756744009,17.482156541738046,1,0,0,0,0,0,0.1526208149999997,1,0,0,0,0.02329311317126413,114.25282533000001,418.92702621,1718.1297051428573,7.555392696430939,lentil
32,56,18,20.0467711,65.84395319,7.135251532000001,46.05333124,106,0.5714285714285714,1.7777777777777777,3.111111111111111,1.1698112876468505,30.323333864101244,13.199586579190447,1,0,0,0,0,0,0.6352515320000007,0,0,0,0,0.403544508908348,228.32804902400002,399.57408579200006,1718.1297051428573,7.555392696430939,lentil
6,72,15,22.99451999,66.70897237,7.670178119,54.49044154,93,0.08333333333333333,0.4,4.8,2.6451612049947997,36.3500135912096,15.339407986743227,1,0,0,0,0,0,1.170178119,0,1,0,0,1.3693168301863783,46.021068714,552.252824568,1718.1297051428573,7.555392696430939,lentil
15,77,20,25.13163619,66.92642362,7.399749291,49.04015558,112,0.19480519480519481,0.75,3.85,2.124999943080359,32.820822267377864,16.819705299156627,1,0,0,0,0,0,0.899749291,0,0,0,0,0.8095487866550027,110.996239365,569.780695407,1718.1297051428573,7.555392696430939,lentil
0,65,24,28.49584395,62.44616219,7.841496029,53.14531023,89,0.0,0.0,2.7083333333333335,2.3820223916172227,33.187206622604464,17.794560930426304,1,0,0,0,1,0,1.341496029,0,1,0,0,1.7996115958227688,0.0,509.697241885,1718.1297051428573,7.555392696430939,lentil
30,79,22,18.28766124,69.48515056,6.254216611,48.60449438,131,0.379746835443038,1.3636363636363635,3.590909090909091,1.6183205736262463,33.77290609886973,12.707208946516761,1,0,0,0,0,0,0.24578338899999963,1,0,0,0,0.06040947430832514,187.62649833,494.083112269,1718.1297051428573,7.555392696430939,lentil
3,63,16,24.38041875,61.18458224,6.868881707999999,53.13946695,82,0.047619047619047616,0.1875,3.9375,2.609756002082097,32.51316085792037,14.91705736055013,1,0,0,0,0,0,0.3688817079999991,0,0,0,0,0.1360737144969966,20.606645123999996,432.73954760399994,1718.1297051428573,7.555392696430939,lentil
2,78,23,21.31852148,66.43934593,7.320514721,45.42616802,103,0.02564102564102564,0.08695652173913043,3.391304347826087,2.5436892463003136,30.180848913550832,14.163886233258557,1,0,0,0,0,0,0.8205147210000003,0,0,0,0,0.6732444073777084,14.641029442,571.0001482380001,1718.1297051428573,7.555392696430939,lentil
10,78,18,18.54141834,62.70637578,6.296976913,44.07819743,106,0.1282051282051282,0.5555555555555556,4.333333333333333,2.415094271270917,27.639840117506104,11.626651459222238,1,0,0,0,0,0,0.20302308700000005,1,0,0,0,0.04121837385500959,62.96976913,491.164199214,1718.1297051428573,7.555392696430939,lentil
14,67,25,25.28710601,60.85993533,7.241151936,49.37369982,106,0.208955223880597,0.56,2.68,1.7924527794588836,30.04880178048033,15.389716364514543,1,0,0,0,0,0,0.7411519359999996,0,0,0,0,0.5493061922365475,101.37612710399999,485.15717971199996,1718.1297051428573,7.555392696430939,lentil
39,65,23,25.43459777,69.12613376,7.685959305,41.02682925,127,0.6,1.6956521739130435,2.8260869565217392,1.0708661164362336,28.360260864841802,17.581954075808177,1,0,0,0,0,0,1.185959305,0,1,0,0,1.4064994731160827,299.752412895,499.587354825,1718.1297051428573,7.555392696430939,lentil
19,72,15,28.83600962,69.76112921,6.890760124,44.08562546,106,0.2638888888888889,1.2666666666666666,4.8,2.0754716393734443,30.754630140187256,20.116325930016227,1,0,0,0,1,0,0.3907601239999998,0,0,0,0,0.15269347450849524,130.924442356,496.13472892799996,1718.1297051428573,7.555392696430939,lentil
18,57,21,27.37659643,63.93927841,6.155915975,49.47371773,96,0.3157894736842105,0.8571428571428571,2.7142857142857144,1.5624999511718767,31.63313811916223,17.50439821055982,1,0,0,0,0,0,0.3440840249999999,1,0,0,0,0.11839381626020055,110.80648755,350.887210575,1718.1297051428573,7.555392696430939,lentil
31,58,15,28.31886863,60.19461399,6.167855382000001,45.36521251,104,0.5344827586206896,2.066666666666667,3.8666666666666667,1.3461538073224864,27.30741455613769,17.046433658163703,1,0,0,0,1,0,0.33214461799999917,1,0,0,0,0.11032004726636538,191.20351684200003,357.73561215600006,1718.1297051428573,7.555392696430939,lentil
28,58,25,27.4818649,62.04814951,6.861640036,37.81123974,111,0.4827586206896552,1.12,2.32,1.135135104455808,23.461174565459736,17.051988621288213,1,0,0,0,0,0,0.36164003599999983,0,0,0,0,0.13078351563808116,192.125921008,397.975122088,1718.1297051428573,7.555392696430939,lentil
5,65,19,18.28072173,68.10365387,6.978361689,48.80253285,89,0.07692307692307693,0.2631578947368421,3.4210526315789473,2.3820223916172227,33.236308051957046,12.449839451937077,1,0,0,0,0,0,0.47836168899999976,0,0,0,0,0.2288299055029325,34.891808444999995,453.593509785,1718.1297051428573,7.555392696430939,lentil
16,65,19,27.61204997,69.29786244,7.043160241,42.72374404,100,0.24615384615384617,0.8421052631578947,3.4210526315789473,1.8999999430000019,29.6066413740569,19.134560405074662,1,0,0,0,0,0,0.5431602409999998,0,0,0,0,0.29502304740317786,112.690563856,457.805415665,1718.1297051428573,7.555392696430939,lentil
34,65,19,23.43974653,63.22011726,5.94239222,45.40277297,118,0.5230769230769231,1.7894736842105263,3.4210526315789473,1.3050847125825922,28.703686310925583,14.81863524171278,1,0,0,0,0,0,0.5576077799999997,1,0,0,0,0.310926436316528,202.04133548000001,386.2554943,1718.1297051428573,7.555392696430939,lentil
14,69,19,20.95628486,63.68128841,7.239455147,52.39881209,102,0.2028985507246377,0.7368421052631579,3.6315789473684212,2.0588234688581335,33.36823865044685,13.345232201717765,1,0,0,0,0,0,0.7394551470000001,0,0,0,0,0.5467939144247919,101.352372058,499.522405143,1718.1297051428573,7.555392696430939,lentil
22,55,16,23.7937153,68.03209183,6.516317561,49.73922097,93,0.4,1.375,3.4375,1.5483870468262242,33.83863248583701,16.187362242664758,1,0,0,0,0,0,0.016317561000000147,0,0,0,0,0.0002662627969887258,143.358986342,358.397465855,1718.1297051428573,7.555392696430939,lentil
24,61,17,22.6371424,65.44544859,6.233269045,38.30411077,102,0.39344262295081966,1.411764705882353,3.588235294117647,1.5882352474048458,25.068297121837002,14.814979391637092,1,0,0,0,0,0,0.2667309549999999,1,0,0,0,0.07114540235521197,149.59845708,380.229411745,1718.1297051428573,7.555392696430939,lentil
2,79,15,21.53577883,65.47227704,7.505283615,35.75107592,96,0.02531645569620253,0.13333333333333333,5.266666666666667,2.937499908203128,23.407043471123124,14.09996477829927,1,0,0,0,0,0,1.0052836149999997,0,1,0,0,1.0105951465874676,15.01056723,592.917405585,1718.1297051428573,7.555392696430939,lentil
26,63,17,29.87854588,65.73085206,6.950300686,44.95654782,106,0.4126984126984127,1.5294117647058822,3.7058823529411766,1.5660376915272352,29.550321938847354,19.639422790062024,1,0,0,0,1,0,0.4503006860000003,0,0,0,0,0.20277070781207085,180.707817836,437.868943218,1718.1297051428573,7.555392696430939,lentil
27,61,15,25.2653291,67.10004577,6.958054839,48.33941188,103,0.4426229508196721,1.8,4.066666666666666,1.5533980130078249,32.43576749642882,16.953047390041128,1,0,0,0,0,0,0.4580548389999999,0,0,0,0,0.2098142355313158,187.867480653,424.441345179,1718.1297051428573,7.555392696430939,lentil
24,70,16,25.17885316,68.93307305,6.54803469,35.03484812,110,0.34285714285714286,1.5,4.375,1.8181817685950428,24.15059744751615,17.356557241935032,1,0,0,0,0,0,0.04803468999999971,0,0,0,0,0.0023073314433960726,157.15283255999998,458.3624283,1718.1297051428573,7.555392696430939,lentil
13,74,25,24.12192608,61.09533545,6.461618577,44.23629285,112,0.17567567567567569,0.52,2.96,1.9642856616709201,27.026311507351863,14.737371655577036,1,0,0,0,0,0,0.03838142299999969,1,0,0,0,0.0014731336315049054,84.001041501,478.15977469800004,1718.1297051428573,7.555392696430939,lentil
6,64,23,23.33565221,67.40460704,7.065264073,36.18678721,93,0.09375,0.2608695652173913,2.782608695652174,2.1290321893860584,24.391561719301478,15.729304672371574,1,0,0,0,0,0,0.5652640729999998,0,0,0,0,0.31952347222454913,42.391584437999995,452.176900672,1718.1297051428573,7.555392696430939,lentil
12,58,23,21.74600081,63.39503184,6.765091462000001,50.43306085,93,0.20689655172413793,0.5217391304347826,2.5217391304347827,1.7419354276795023,31.972054983744076,13.78588413742616,1,0,0,0,0,0,0.2650914620000009,0,0,0,0,0.07027348322529792,81.18109754400001,392.375304796,1718.1297051428573,7.555392696430939,lentil
32,79,22,27.60195453,63.46170674,5.91645379,54.37814199,133,0.4050632911392405,1.4545454545454546,3.590909090909091,1.5639097391599308,34.5092970003546,17.516671438336747,1,0,0,0,0,0,0.5835462099999997,1,0,0,0,0.34052617920536377,189.32652128,467.39984941,1718.1297051428573,7.555392696430939,lentil
6,68,18,24.388717,62.50453062,6.711341147000001,47.26052494,92,0.08823529411764706,0.3333333333333333,3.7777777777777777,2.43478252930057,29.539969282295036,15.244053085090146,1,0,0,0,0,0,0.21134114700000062,0,0,0,0,0.04466508041527587,40.26804688200001,456.37119799600003,1718.1297051428573,7.555392696430939,lentil
10,79,20,24.98287462,66.895409,6.379881442,38.21370568,109,0.12658227848101267,0.5,3.95,2.348623788569988,25.563214708692232,16.712396157006197,1,0,0,0,0,0,0.12011855799999971,1,0,0,0,0.014428467975999294,63.79881442,504.010633918,1718.1297051428573,7.555392696430939,lentil
38,77,22,28.234829,69.3159965,6.313284267999999,35.36831423,137,0.4935064935064935,1.7272727272727273,3.5,1.3722627436730788,24.515899453775802,19.571253081420984,1,0,0,0,1,0,0.18671573200000058,1,0,0,0,0.03486276457629604,239.90480218399998,486.12288863599997,1718.1297051428573,7.555392696430939,lentil
17,74,17,26.03026959,69.55863145,7.393210848,37.11395801,108,0.22972972972972974,1.0,4.352941176470588,2.1111110524691377,25.81596126868365,18.106299289549526,1,0,0,0,0,0,0.8932108479999998,0,0,0,0,0.7978256189848788,125.68458441599999,547.097602752,1718.1297051428573,7.555392696430939,lentil
26,68,24,28.04849594,64.07691942,7.504930973,37.15824966,118,0.38235294117647056,1.0833333333333333,2.8333333333333335,1.4576270815857522,23.809861692520627,17.97261214199577,1,0,0,0,1,0,1.0049309729999996,0,1,0,0,1.0098862604947259,195.12820529799998,510.335306164,1718.1297051428573,7.555392696430939,lentil
23,75,17,24.87425505,64.00213929,7.198076286,48.28137482,115,0.30666666666666664,1.3529411764705883,4.411764705882353,1.913043428355389,30.90111276342339,15.920055364450858,1,0,0,0,0,0,0.698076286,0,0,0,0,0.48731050107555385,165.555754578,539.85572145,1718.1297051428573,7.555392696430939,lentil
32,78,22,23.97081395,62.35557553,7.007037515,53.40906048,132,0.41025641025641024,1.4545454545454546,3.5454545454545454,1.5454545103305795,33.303527047469785,14.947138997748029,1,0,0,0,0,0,0.5070375150000004,0,0,0,0,0.2570870416173756,224.22520048,546.5489261700001,1718.1297051428573,7.555392696430939,lentil
19,79,19,20.06003985,67.76252583,6.677262562,42.89509057,117,0.24050632911392406,1.0,4.157894736842105,2.051281998685077,29.066796827298145,13.593189684864543,1,0,0,0,0,0,0.17726256200000012,0,0,0,0,0.031422015886803885,126.867988678,527.503742398,1718.1297051428573,7.555392696430939,lentil
22,60,18,19.59221047,61.28633405,6.74398035,41.7704893,100,0.36666666666666664,1.2222222222222223,3.3333333333333335,1.5999999520000014,25.59960160671751,12.007347556423277,1,0,0,0,0,0,0.24398035000000018,0,0,0,0,0.059526411186122584,148.3675677,404.638821,1718.1297051428573,7.555392696430939,lentil
28,69,16,29.77013109,66.29327012,6.547361617999999,35.69674138,113,0.4057971014492754,1.75,4.3125,1.6637167699898203,23.664537187081216,19.7355934185718,1,0,0,0,1,0,0.04736161799999916,0,0,0,0,0.0022431228595778444,183.326125304,451.76795164199996,1718.1297051428573,7.555392696430939,lentil
1,67,21,27.52135365,60.53657684,6.551577598,48.06491307,89,0.014925373134328358,0.047619047619047616,3.1904761904761907,2.5168538477464995,29.096853033699755,16.660485399740395,1,0,0,0,0,0,0.051577597999999725,0,0,0,0,0.0026602486154495755,6.551577598,438.95569906599997,1718.1297051428573,7.555392696430939,lentil
12,67,23,25.62896213,63.14909763,6.585020302999999,45.49683991,102,0.1791044776119403,0.5217391304347826,2.9130434782608696,1.9411764134948115,28.7308438533307,16.184458317029428,1,0,0,0,0,0,0.08502030299999941,0,0,0,0,0.007228451922211708,79.02024363599999,441.19636030099997,1718.1297051428573,7.555392696430939,lentil
36,67,20,20.39078312,60.47528931,6.924042372000001,53.31508572,123,0.5373134328358209,1.8,3.35,1.2682926519928621,32.2424523350445,12.331385084394643,1,0,0,0,0,0,0.4240423720000006,0,0,0,0,0.1798119332513869,249.26552539200003,463.910838924,1718.1297051428573,7.555392696430939,lentil
28,70,21,25.39038396,60.4989659,7.437373666,39.18374505,119,0.4,1.3333333333333333,3.3333333333333335,1.5294117261492843,23.705760556142437,15.36091973383947,1,0,0,0,0,0,0.937373666,0,0,0,0,0.8786693897102796,208.246462648,520.61615662,1718.1297051428573,7.555392696430939,lentil
12,71,19,24.91079638,60.71367427,7.142611056000002,42.19740397,102,0.16901408450704225,0.631578947368421,3.736842105263158,2.1764705242214553,25.61959439674185,15.124259772216151,1,0,0,0,0,0,0.6426110560000016,0,0,0,0,0.41294896929343716,85.71133267200003,507.12538497600013,1718.1297051428573,7.555392696430939,lentil
22,68,16,27.70496805,63.20915034,7.74672376,37.46160727,106,0.3235294117647059,1.375,4.25,1.849056551441796,23.67916365907467,17.512074906373467,1,0,0,0,0,0,1.24672376,0,1,0,0,1.5543201337485377,170.42792272,526.77721568,1718.1297051428573,7.555392696430939,lentil
26,66,22,18.06486101,65.1034354,6.300479414,51.54922825,114,0.3939393939393939,1.1818181818181819,3.0,1.4736841717451534,33.5603185129373,11.760845117745138,1,0,0,0,0,0,0.19952058600000022,1,0,0,0,0.03980846423778348,163.812464764,415.831641324,1718.1297051428573,7.555392696430939,lentil
16,65,16,18.13027797,62.45851612,6.078724107,50.6128521,97,0.24615384615384617,1.0,4.0625,2.020618494207676,31.612036387670255,11.32390258849326,1,0,0,0,0,0,0.4212758929999998,1,0,0,0,0.17747337802294727,97.259585712,395.11706695500004,1718.1297051428573,7.555392696430939,lentil
14,59,22,23.82723528,67.89815262,6.76660668,46.90725077,95,0.23728813559322035,0.6363636363636364,2.6818181818181817,1.7263157349584506,31.849156717660726,16.178252575540885,1,0,0,0,0,0,0.26660667999999976,0,0,0,0,0.07107912182062227,94.73249351999999,399.22979412,1718.1297051428573,7.555392696430939,lentil
33,59,19,23.19305333,62.74710773,7.641024177,49.55213308,111,0.559322033898305,1.736842105263158,3.1052631578947367,1.1891891570489417,31.09253032622057,14.552970158851455,1,0,0,0,0,0,1.1410241770000003,0,1,0,0,1.3019361724985279,252.153797841,450.82042644300003,1718.1297051428573,7.555392696430939,lentil
21,63,17,25.08966129,68.17543102,6.559681838,41.45486619,101,0.3333333333333333,1.2352941176470589,3.7058823529411766,1.7425742056661129,28.262033703796753,17.104984725915592,1,0,0,0,0,0,0.059681838000000376,0,0,0,0,0.0035619217870582888,137.75331859800002,413.259955794,1718.1297051428573,7.555392696430939,lentil
0,69,21,25.86928193,61.88321072,7.072923306,36.68284038,90,0.0,0.0,3.2857142857142856,2.599999913333336,22.70051941043665,16.008742248492783,1,0,0,0,0,0,0.5729233059999999,0,0,0,0,0.32824111455796945,0.0,488.03170811399997,1718.1297051428573,7.555392696430939,lentil
10,75,17,18.43966037,68.05394959,7.732194787999999,39.00992137,102,0.13333333333333333,0.5882352941176471,4.411764705882353,2.4117646349480992,26.547792224238442,12.548917172767007,1,0,0,0,0,0,1.2321947879999993,0,1,0,0,1.5183039955743631,77.32194788,579.9146090999999,1718.1297051428573,7.555392696430939,lentil
30,61,18,27.14911056,67.02664337,6.157782589,52.50812701,109,0.4918032786885246,1.6666666666666667,3.388888888888889,1.3577981277670241,35.194435031259346,18.197137513178212,1,0,0,0,0,0,0.342217411,1,0,0,0,0.11711275639154294,184.73347767,375.624737929,1718.1297051428573,7.555392696430939,lentil
0,74,17,23.33375853,64.50515776,7.240988401,47.01510708,91,0.0,0.0,4.352941176470588,2.879120784204809,30.327168992986927,15.051477751113957,1,0,0,0,0,0,0.7409884010000001,0,0,0,0,0.549063810416537,0.0,535.833141674,1718.1297051428573,7.555392696430939,lentil
35,74,22,26.7230014,62.96841833,6.898905799,42.87274897,131,0.47297297297297297,1.5909090909090908,3.3636363636363638,1.3893129452829098,26.996291921000367,16.827051311883757,1,0,0,0,0,0,0.39890579899999956,0,0,0,0,0.15912583647582806,241.46170296499997,510.51902912599996,1718.1297051428573,7.555392696430939,lentil
7,63,24,19.55750776,64.45268309,6.818681086000002,53.04669416,94,0.1111111111111111,0.2916666666666667,2.625,2.021276531235855,34.190017676666336,12.605338496854957,1,0,0,0,0,0,0.31868108600000156,0,0,0,0,0.10155763457414038,47.730767602000014,429.5769084180001,1718.1297051428573,7.555392696430939,lentil
9,56,17,26.13708256,66.7729209,6.261937875,46.48280681,82,0.16071428571428573,0.5294117647058824,3.2941176470588234,2.097560898869723,31.037927823341114,17.452493463356493,1,0,0,0,0,0,0.2380621249999999,1,0,0,0,0.05667357535951558,56.357440875,350.668521,1718.1297051428573,7.555392696430939,lentil
14,74,15,27.99990346,65.57653373,6.493036868,49.94043064,103,0.1891891891891892,0.9333333333333333,4.933333333333334,2.31067954434914,32.74920334354685,18.361366136814336,1,0,0,0,0,0,0.006963132000000094,1,0,0,0,4.848520724942531e-05,90.902516152,480.484728232,1718.1297051428573,7.555392696430939,lentil
14,76,20,29.05941162,62.10652364,7.042474679,36.5011366,110,0.18421052631578946,0.7,3.8,2.1454544869421506,22.669587031347692,18.047790347420207,1,0,0,0,1,0,0.5424746789999997,0,0,0,0,0.2942787773561527,98.59464550599999,535.228075604,1718.1297051428573,7.555392696430939,lentil
36,65,16,25.71269843,64.1123333,7.692013657,50.17067771,117,0.5538461538461539,2.25,4.0625,1.3333332991453002,32.16559211230401,16.485010917865466,1,0,0,0,0,0,1.1920136570000004,0,1,0,0,1.4208965584745146,276.912491652,499.98088770500004,1718.1297051428573,7.555392696430939,lentil
28,67,21,21.79792649,63.73086065,6.250994222999999,46.62370222,116,0.417910447761194,1.3333333333333333,3.1904761904761907,1.4655172034780035,29.713686691699156,13.892006155931334,1,0,0,0,0,0,0.2490057770000007,1,0,0,0,0.06200387697937408,175.02783824399998,418.81661294099996,1718.1297051428573,7.555392696430939,lentil
28,79,16,24.70626432,60.26854183,6.0521848810000005,53.12442925,123,0.35443037974683544,1.75,4.9375,1.8536584913741831,32.017318864485006,14.890105246329565,1,0,0,0,0,0,0.4478151189999995,1,0,0,0,0.2005383808049837,169.461176668,478.12260559900005,1718.1297051428573,7.555392696430939,lentil
40,61,22,20.94981756,65.8108757,7.002216044,44.23913012,123,0.6557377049180327,1.8181818181818181,2.772727272727273,0.9756097323022017,29.114158934034457,13.787258393788372,1,0,0,0,0,0,0.5022160439999999,0,0,0,0,0.2522209548510098,280.08864176,427.135178684,1718.1297051428573,7.555392696430939,lentil
10,70,19,24.84918386,68.98088448,7.272427638,41.61080544,99,0.14285714285714285,0.5263157894736842,3.6842105263157894,2.242424174471995,28.703501631763956,17.141186812689405,1,0,0,0,0,0,0.7724276379999999,0,0,0,0,0.5966444559462589,72.72427637999999,509.06993466,1718.1297051428573,7.555392696430939,lentil
12,80,19,21.91041045,65.21662467,5.962001484,36.10211371,111,0.15,0.631578947368421,4.2105263157894735,2.3243242615047497,23.54457999618731,14.289230146832958,1,0,0,0,0,0,0.537998516,1,0,0,0,0.2894424032182023,71.544017808,476.96011871999997,1718.1297051428573,7.555392696430939,lentil
37,77,20,25.93381964,68.70533022,7.080506001,51.02372773,134,0.4805194805194805,1.85,3.85,1.4477611616172874,35.0560206274502,17.817916422321215,1,0,0,0,0,0,0.5805060009999998,0,0,0,0,0.3369872171970118,261.978722037,545.198962077,1718.1297051428573,7.555392696430939,lentil
0,67,22,29.82112112,69.4073209,6.5937983870000005,51.56461082,89,0.0,0.0,3.0454545454545454,2.5168538477464995,35.78961490267352,20.698041231736074,1,0,0,0,1,0,0.09379838700000054,0,0,0,0,0.00879813740380187,0.0,441.784491929,1718.1297051428573,7.555392696430939,lentil
7,73,25,27.52185591,63.13215259,7.28805662,45.20841071,105,0.0958904109589041,0.28,2.92,2.171428509387757,28.541042832951106,17.375140068701132,1,0,0,0,0,0,0.7880566199999999,0,0,0,0,0.6210332363258242,51.01639634,532.02813326,1718.1297051428573,7.555392696430939,lentil
10,56,18,27.99627907,68.6428593,7.32710972,46.10585191,84,0.17857142857142858,0.5555555555555556,3.111111111111111,1.999999928571431,31.648375055647662,19.217446451255448,1,0,0,0,0,0,0.8271097200000002,0,0,0,0,0.6841104889184787,73.2710972,410.31814432,1718.1297051428573,7.555392696430939,lentil
39,70,15,20.76774783,63.90164154,6.366355781,47.9271552,124,0.5571428571428572,2.6,4.666666666666667,1.3870967406347563,30.62623891622347,13.270931774257729,1,0,0,0,0,0,0.1336442189999998,1,0,0,0,0.017860777272119904,248.28787545900002,445.64490467,1718.1297051428573,7.555392696430939,lentil
26,56,22,23.05276444,60.424786,7.011121216,52.60285259,104,0.4642857142857143,1.1818181818181819,2.5454545454545454,1.2307691952662734,31.785161107402953,13.929583579954098,1,0,0,0,0,0,0.5111212160000003,0,0,0,0,0.2612448974453189,182.289151616,392.622788096,1718.1297051428573,7.555392696430939,lentil
9,77,17,21.65845777,63.58337146,6.280725549,38.07659414,103,0.11688311688311688,0.5294117647058824,4.529411764705882,2.48543682081252,24.210382291352794,13.771177656406332,1,0,0,0,0,0,0.21927445100000043,1,0,0,0,0.04808128486135159,56.52652994099999,483.615867273,1718.1297051428573,7.555392696430939,lentil
4,59,19,26.25070298,67.62779652,7.621494566,40.8106299,82,0.06779661016949153,0.21052631578947367,3.1052631578947367,2.3170730859607405,27.59932974730228,17.752771996383977,1,0,0,0,0,0,1.121494566,0,1,0,0,1.2577500615675283,30.485978264,449.668179394,1718.1297051428573,7.555392696430939,lentil
34,73,15,20.97195263,63.83179889,7.630424082999999,53.10207889,122,0.4657534246575342,2.2666666666666666,4.866666666666666,1.5901638953238386,33.896012203473944,13.386774626087666,1,0,0,0,0,0,1.1304240829999994,0,1,0,0,1.2778586074263896,259.434418822,557.020958059,1718.1297051428573,7.555392696430939,lentil
33,77,15,23.89736406,66.32102048,7.802212437,40.74536757,125,0.42857142857142855,2.2,5.133333333333334,1.695999959296001,27.02274357075098,15.848975712412761,1,0,0,0,0,0,1.3022124369999997,0,1,0,0,1.695757231077478,257.47301042099997,600.770357649,1718.1297051428573,7.555392696430939,lentil
2,24,38,24.55981624,91.63536236,5.922935513,111.9684622,64,0.08333333333333333,0.05263157894736842,0.631578947368421,1.8124999150390668,102.60270606588963,22.50547660647413,1,0,0,0,0,0,0.5770644870000003,1,0,0,0,0.3330034221565736,11.845871026,142.150452312,1718.1297051428573,7.555392696430939,pomegranate
6,18,37,19.65690085,89.93701023,5.937649577999999,108.0458926,61,0.3333333333333333,0.16216216216216217,0.4864864864864865,1.6393441816715975,97.17324548075682,17.67882892836546,1,0,0,0,0,0,0.5623504220000006,1,0,0,0,0.3162379971235788,35.625897468,106.87769240399999,1718.1297051428573,7.555392696430939,pomegranate
8,26,36,18.78359608,87.4024767,6.804781106,102.5184759,70,0.3076923076923077,0.2222222222222222,0.7222222222222222,1.3142856579591862,89.60368701169261,16.417328187244113,1,0,0,0,0,0,0.3047811060000001,0,0,0,0,0.09289152257458329,54.438248848,176.92430875600002,1718.1297051428573,7.555392696430939,pomegranate
37,18,39,24.1469628,94.5110662,6.424670614,110.2316633,94,2.0555555555555554,0.9487179487179487,0.46153846153846156,0.8510638026256233,104.18112027482411,22.821551997197375,1,0,0,0,0,0,0.07532938599999994,1,0,0,0,0.0056745163951369875,237.712812718,115.644071052,1718.1297051428573,7.555392696430939,pomegranate
0,27,38,22.44581266,89.90147027,6.7380162210000005,109.3905998,65,0.0,0.0,0.7105263157894737,1.9999999076923116,98.34375755737169,20.1791155953898,1,0,0,0,0,0,0.23801622100000053,0,0,0,0,0.05665172145912109,0.0,181.92643796700003,1718.1297051428573,7.555392696430939,pomegranate
31,25,38,24.96273236,92.40501423,6.4973666770000005,109.4169192,94,1.24,0.8157894736842105,0.6578947368421053,0.4255319013128116,101.1067197567876,23.066816389454818,1,0,0,0,0,0,0.002633322999999521,1,0,0,0,6.934390022326478e-06,201.418366987,162.434166925,1718.1297051428573,7.555392696430939,pomegranate
21,21,38,22.5526059,89.32594859999998,6.327673765,104.8955643,80,1.0,0.5526315789473685,0.5526315789473685,0.8499999681250011,93.69895785029793,20.14532915419456,1,0,0,0,0,0,0.17232623499999988,1,0,0,0,0.029696331269275185,132.881149065,132.881149065,1718.1297051428573,7.555392696430939,pomegranate
6,30,40,22.77035608,91.45498527,6.36137446,106.9659201,76,0.2,0.15,0.75,1.5263157292243794,97.82566647137497,20.824625798890548,1,0,0,0,0,0,0.1386255399999996,1,0,0,0,0.01921704034029149,38.16824676,190.8412338,1718.1297051428573,7.555392696430939,pomegranate
25,27,41,19.20090378,94.27659596,6.9235093710000015,108.0423555,93,0.9259259259259259,0.6097560975609756,0.6585365853658537,0.6451612695109268,101.85865496040184,18.101958477338968,1,0,0,0,0,0,0.4235093710000015,0,0,0,0,0.17936018732481693,173.08773427500003,186.93475301700005,1718.1297051428573,7.555392696430939,pomegranate
15,11,38,23.12808226,92.68328358,6.630646082999999,109.3930157,64,1.3636363636363635,0.39473684210526316,0.2894736842105263,1.5624999267578157,101.38903895794492,21.43586606765147,1,0,0,0,0,0,0.13064608299999936,0,0,0,0,0.01706839900324272,99.45969124499999,72.937106913,1718.1297051428573,7.555392696430939,pomegranate
14,5,36,24.92639065,85.19098079,5.832525853,104.7693804,55,2.8,0.3888888888888889,0.1388888888888889,1.9272726221487657,89.25406273036602,21.235036670281854,1,0,0,0,0,0,0.6674741470000001,1,0,0,0,0.4455217369133777,81.655361942,29.162629265,1718.1297051428573,7.555392696430939,pomegranate
16,10,41,24.77464458,85.63608688,6.738993954,105.7595811,67,1.6,0.3902439024390244,0.24390243902439024,1.671641716195147,90.56836675472006,21.21603615674001,1,0,0,0,0,0,0.23899395399999968,0,0,0,0,0.05711811004855396,107.823903264,67.38993954,1718.1297051428573,7.555392696430939,pomegranate
36,7,37,19.8671184,86.35590206,5.782435567,108.3168858,80,5.142857142857143,0.972972972972973,0.1891891891891892,1.4749999446875017,93.53802381589004,17.15642930764824,1,0,0,0,0,0,0.7175644329999997,1,0,0,0,0.514898715506611,208.167680412,40.477048969,1718.1297051428573,7.555392696430939,pomegranate
4,20,41,24.26601316,93.7974061,6.537042717,104.5375109,65,0.2,0.0975609756097561,0.4878048780487805,1.7846153022485245,98.05347362570477,22.760890907964644,1,0,0,0,0,0,0.03704271700000028,0,0,0,0,0.0013721628827421098,26.148170868,130.74085434,1718.1297051428573,7.555392696430939,pomegranate
29,22,40,23.62600218,89.73266695,6.145104401,107.6836871,91,1.3181818181818181,0.725,0.55,0.6373626163506829,96.6274443049231,21.20024184977914,1,0,0,0,0,0,0.3548955989999998,1,0,0,0,0.12595088618956865,178.20802762900001,135.192296822,1718.1297051428573,7.555392696430939,pomegranate
16,15,42,19.67832052,89.08935702,6.890784045,108.5468633,73,1.0666666666666667,0.38095238095238093,0.35714285714285715,1.4520547348470656,96.70370257934835,17.53128922360272,1,0,0,0,0,0,0.3907840450000002,0,0,0,0,0.15271216982656216,110.25254472,103.361760675,1718.1297051428573,7.555392696430939,pomegranate
18,27,41,22.36509395,92.30882391,7.175344328,104.8216333,86,0.6666666666666666,0.43902439024390244,0.6585365853658537,0.8604650862628458,96.75961690248293,20.64495519161156,1,0,0,0,0,0,0.6753443280000004,0,0,0,0,0.45608996136177216,129.156197904,193.73429685600001,1718.1297051428573,7.555392696430939,pomegranate
11,18,42,21.57936934,94.88267728,5.938528744,102.8593382,71,0.6111111111111112,0.2619047619047619,0.42857142857142855,1.5492957091846884,97.59569391664975,20.475083369931465,1,0,0,0,0,0,0.5614712559999999,1,0,0,0,0.31524997131421745,65.323816184,106.893517392,1718.1297051428573,7.555392696430939,pomegranate
5,15,38,18.26233221,88.16779129,5.709380472,108.0756727,58,0.3333333333333333,0.13157894736842105,0.39473684210526316,1.9310343828775316,95.2879335413995,16.101494947599246,1,0,0,0,0,0,0.7906195279999997,1,0,0,0,0.6250792380549423,28.54690236,85.64070708,1718.1297051428573,7.555392696430939,pomegranate
18,23,44,23.71028128,89.61794165,6.184400085,105.64999070000002,85,0.782608695652174,0.4090909090909091,0.5227272727272727,1.105882313910036,94.68134701875645,21.248666042561275,1,0,0,0,0,0,0.31559991499999995,1,0,0,0,0.0996033063480072,111.31920153,142.241201955,1718.1297051428573,7.555392696430939,pomegranate
9,8,40,22.48720144,89.9224883,6.553509673,111.6631582,57,1.125,0.225,0.2,2.2105261994459893,100.41029036780549,20.22105108388143,1,0,0,0,0,0,0.05350967299999976,0,0,0,0,0.002863285104566903,58.981587057,52.428077384,1718.1297051428573,7.555392696430939,pomegranate
40,27,45,21.66024980000001,94.79397419,5.885638185,112.4349689,112,1.4814814814814814,0.8888888888888888,0.6,0.5535714137436227,106.58157539960052,20.532611604901536,1,0,0,0,0,0,0.6143618149999996,1,0,0,0,0.3774404397300938,235.42552740000002,158.91223099500002,1718.1297051428573,7.555392696430939,pomegranate
22,23,44,20.13037175,89.31505137,6.1438746910000015,107.3416913,89,0.9565217391304348,0.5,0.5227272727272727,0.9662921022598168,95.87228672602183,17.979451869484468,1,0,0,0,0,0,0.3561253089999985,1,0,0,0,0.1268252357103444,135.16524320200003,141.30911789300004,1718.1297051428573,7.555392696430939,pomegranate
9,16,39,18.41164435,91.11927248,6.101198974,105.1834976,64,0.5625,0.23076923076923078,0.41025641025641024,1.6562499223632847,95.84243778213826,16.776556383325026,1,0,0,0,0,0,0.3988010260000001,1,0,0,0,0.15904225833865276,54.910790766,97.619183584,1718.1297051428573,7.555392696430939,pomegranate
12,29,40,19.68291173,89.75272999,6.594037135,111.2818551,81,0.41379310344827586,0.3,0.725,1.1111110699588491,99.87850293576605,17.665950619196938,1,0,0,0,0,0,0.09403713499999977,0,0,0,0,0.008842982759008182,79.12844562,191.227076915,1718.1297051428573,7.555392696430939,pomegranate
0,17,42,23.20242586,91.19442671,6.8598408210000015,109.0946323,59,0.0,0.0,0.40476190476190477,2.2711863251939155,99.48822449736748,21.15931924583979,1,0,0,0,0,0,0.3598408210000015,0,0,0,0,0.1294854164579551,0.0,116.61729395700003,1718.1297051428573,7.555392696430939,pomegranate
2,21,44,18.92157197,87.31290342,6.56893406,102.8013275,67,0.09523809523809523,0.045454545454545456,0.4772727272727273,1.9402984205836526,89.7588237945529,16.52097385971189,1,0,0,0,0,0,0.06893406000000013,0,0,0,0,0.004751904628083618,13.13786812,137.94761526,1718.1297051428573,7.555392696430939,pomegranate
28,6,40,22.10621387,91.34039616,6.769855664,106.8704803,74,4.666666666666667,0.7,0.15,1.5135134521548597,97.61592008411475,20.19190332483487,1,0,0,0,0,0,0.2698556639999996,0,0,0,0,0.07282207939288068,189.555958592,40.619133984,1718.1297051428573,7.555392696430939,pomegranate
8,23,44,18.47412402,89.68919664,7.130837931,108.4758509,75,0.34782608695652173,0.18181818181818182,0.5227272727272727,1.5199999392000023,97.2911192206142,16.569293419815274,1,0,0,0,0,0,0.6308379310000003,0,0,0,0,0.3979564951883611,57.046703448,164.00927241300002,1718.1297051428573,7.555392696430939,pomegranate
29,16,36,19.81069447,88.92944254,5.7403380020000006,102.860084,81,1.8125,0.8055555555555556,0.4444444444444444,0.8148147846364894,91.47289929737573,17.617540155473606,1,0,0,0,0,0,0.7596619979999994,1,0,0,0,0.5770863512053511,166.46980205800003,91.84540803200001,1718.1297051428573,7.555392696430939,pomegranate
17,18,43,24.4880844,90.83687246,5.843005428,103.1969341,78,0.9444444444444444,0.3953488372093023,0.4186046511627907,1.3076922573964516,93.74086741104723,22.244209994325157,1,0,0,0,0,0,0.6569945720000003,1,0,0,0,0.4316418676374636,99.33109227599999,105.17409770399999,1718.1297051428573,7.555392696430939,pomegranate
34,21,42,18.75927679,89.93457597,6.648687273999999,111.0196744,97,1.619047619047619,0.8095238095238095,0.5,0.7010309061536832,99.84507341491464,16.871076036125128,1,0,0,0,0,0,0.14868727399999937,0,0,0,0,0.02210790544955089,226.05536731599997,139.622432754,1718.1297051428573,7.555392696430939,pomegranate
21,23,42,19.54128063,90.29751796,6.902751061,104.3739878,86,0.9130434782608695,0.5,0.5476190476190477,0.930232525689563,94.2471203792732,17.64529138648825,1,0,0,0,0,0,0.402751061,0,0,0,0,0.16220841713662573,144.957772281,158.763274403,1718.1297051428573,7.555392696430939,pomegranate
25,17,40,18.91251245,87.74938524,6.608023872,111.28005159999998,82,1.4705882352941178,0.625,0.425,0.9268292343842963,97.64756117375477,16.595613408313465,1,0,0,0,0,0,0.10802387200000041,0,0,0,0,0.011669156921872472,165.2005968,112.33640582400001,1718.1297051428573,7.555392696430939,pomegranate
8,25,36,19.91330523,94.95031368,6.828522375,104.0277061,69,0.32,0.2222222222222222,0.6944444444444444,1.3043477693761838,98.7746332560585,18.907745779940843,1,0,0,0,0,0,0.32852237500000037,0,0,0,0,0.10792695087564086,54.628179,170.713059375,1718.1297051428573,7.555392696430939,pomegranate
26,18,42,19.72620525,89.64934166,6.910374919,108.22872759999998,86,1.4444444444444444,0.6190476190476191,0.42857142857142855,0.930232525689563,97.0263417803947,17.684413141125358,1,0,0,0,0,0,0.41037491899999967,0,0,0,0,0.16840757414425628,179.66974789399998,124.38674854199999,1718.1297051428573,7.555392696430939,pomegranate
4,19,42,23.83185873,87.84034604,6.306605528,111.2232716,65,0.21052631578947367,0.09523809523809523,0.4523809523809524,1.876922990295862,97.69890665044905,20.93398717619595,1,0,0,0,0,0,0.1933944719999996,1,0,0,0,0.037401421800158624,25.226422112,119.82550503200001,1718.1297051428573,7.555392696430939,pomegranate
36,24,41,24.94467632,94.25702672,7.009180374,103.8799347,101,1.5,0.8780487804878049,0.5853658536585366,0.5742574086854236,97.91413780689756,23.512110224159912,1,0,0,0,0,0,0.5091803739999996,0,0,0,0,0.2592646532667795,252.33049346399997,168.220328976,1718.1297051428573,7.555392696430939,pomegranate
5,24,40,24.692258,93.87030088,6.297907578999999,104.6735454,69,0.20833333333333334,0.125,0.6,1.5652173232514206,98.2573720087434,23.17869687866587,1,0,0,0,0,0,0.20209242100000058,1,0,0,0,0.04084134662564148,31.489537894999998,151.14978189599998,1718.1297051428573,7.555392696430939,pomegranate
19,17,39,24.72485577,85.56083187,6.728599215,111.2787584,75,1.1176470588235294,0.48717948717948717,0.4358974358974359,1.1199999552000017,95.2110313816475,21.154792275469696,1,0,0,0,0,0,0.22859921500000002,0,0,0,0,0.052257601098616234,127.843385085,114.386186655,1718.1297051428573,7.555392696430939,pomegranate
39,30,38,20.12644921,87.59629625,6.965156737999999,108.065579,107,1.3,1.0263157894736843,0.7894736842105263,0.3177570004367197,94.66144472511778,17.630024074597383,1,0,0,0,0,0,0.46515673799999924,0,0,0,0,0.21637079090679992,271.641112782,208.95470213999997,1718.1297051428573,7.555392696430939,pomegranate
5,29,44,21.02432943,93.0569505,5.578095745,104.7847006,78,0.1724137931034483,0.11363636363636363,0.6590909090909091,1.6153845532544402,97.5094469689152,19.564599830632034,1,0,0,0,0,0,0.9219042550000003,1,0,0,0,0.8499074553871055,27.890478724999998,161.76477660499998,1718.1297051428573,7.555392696430939,pomegranate
4,24,43,22.40423537,88.1508343,7.199504273,109.8695196,71,0.16666666666666666,0.09302325581395349,0.5581395348837209,1.6619717607617561,96.85089816880203,19.74952039719069,1,0,0,0,0,0,0.6995042729999996,0,0,0,0,0.489306227945258,28.798017092,172.788102552,1718.1297051428573,7.555392696430939,pomegranate
38,21,35,20.33691147,89.38003827,5.841367187,110.9653137,94,1.8095238095238095,1.0857142857142856,0.6,0.6595744470348581,99.18083985148554,18.17713925482202,1,0,0,0,0,0,0.6586328129999997,1,0,0,0,0.4337971823602925,221.971953106,122.668710927,1718.1297051428573,7.555392696430939,pomegranate
37,11,36,24.24779615,85.56033312,6.710143266,106.9216033,84,3.3636363636363638,1.0277777777777777,0.3055555555555556,1.214285670918369,91.48247996072492,20.746495160198535,1,0,0,0,0,0,0.21014326600000022,0,0,0,0,0.04416019224514685,248.275300842,73.811575926,1718.1297051428573,7.555392696430939,pomegranate
9,25,41,24.81530144,91.90842992,5.972714857000001,109.2853418,75,0.36,0.21951219512195122,0.6097560975609756,1.279999948800002,100.44244178108546,22.80735393341915,1,0,0,0,0,0,0.5272851429999994,1,0,0,0,0.2780296220285298,53.754433713000005,149.31787142500002,1718.1297051428573,7.555392696430939,pomegranate
29,22,43,19.66329768,87.95158129,5.561851831,106.0380805,94,1.3181818181818181,0.6744186046511628,0.5116279069767442,0.7446808272974204,93.26216856931313,17.294181243319883,1,0,0,0,0,0,0.9381481689999998,1,0,0,0,0.8801219869980521,161.293703099,122.36074028200001,1718.1297051428573,7.555392696430939,pomegranate
5,21,38,22.43377991,90.3396556,6.107054807999999,112.459697,64,0.23809523809523808,0.13157894736842105,0.5526315789473685,1.5624999267578157,101.59570295860354,20.266599508755988,1,0,0,0,0,0,0.3929451920000009,1,0,0,0,0.15440592391591756,30.535274039999997,128.24815096799998,1718.1297051428573,7.555392696430939,pomegranate
22,26,38,22.92052307,85.12912161,6.988035315,110.2437841,86,0.8461538461538461,0.5789473684210527,0.6842105263157895,0.6511627679826941,93.84956503395485,19.512039957908407,1,0,0,0,0,0,0.4880353150000003,0,0,0,0,0.2381784686871495,153.73677693000002,181.68891819,1718.1297051428573,7.555392696430939,pomegranate
4,18,37,22.91843172,85.40695044,7.13147457,106.2817706,59,0.2222222222222222,0.10810810810810811,0.4864864864864865,1.7627117747773675,90.7720191430965,19.573933620725644,1,0,0,0,0,0,0.63147457,0,0,0,0,0.39876013255668485,28.52589828,128.36654226,1718.1297051428573,7.555392696430939,pomegranate
21,6,41,24.88244467,89.39686219,7.086947687,107.1951707,68,3.5,0.5121951219512195,0.14634146341463414,1.6176469874567505,95.82911902501425,22.2441247711429,1,0,0,0,0,0,0.5869476870000003,0,0,0,0,0.34450758727465036,148.82590142700002,42.521686122000006,1718.1297051428573,7.555392696430939,pomegranate
29,21,45,23.40981539,93.13277,6.749260456,105.2240743,95,1.380952380952381,0.6444444444444445,0.4666666666666667,0.8421052365650977,97.9980951024481,21.8022095245933,1,0,0,0,0,0,0.24926045600000002,0,0,0,0,0.062130774925327946,195.728553224,141.734469576,1718.1297051428573,7.555392696430939,pomegranate
23,5,44,21.20725375,94.26304717,7.16300467,107.5660804,72,4.6,0.5227272727272727,0.11363636363636363,1.666666597222225,101.39506510637212,19.99060360582409,1,0,0,0,0,0,0.6630046700000003,0,0,0,0,0.4395751924418093,164.74910741,35.815023350000004,1718.1297051428573,7.555392696430939,pomegranate
13,7,43,18.20230419,91.12282162,7.013481515,109.66239740000002,63,1.8571428571428572,0.3023255813953488,0.16279069767441862,2.0952379954648572,99.92747076701752,16.586453177783483,1,0,0,0,0,0,0.5134815149999996,0,0,0,0,0.26366326624669484,91.175259695,49.094370604999995,1718.1297051428573,7.555392696430939,pomegranate
5,13,37,22.34375696,89.7870345,5.648243648999999,103.3183074,55,0.38461538461538464,0.13513513513513514,0.35135135135135137,2.036363525289262,92.76644431005406,20.061796770271354,1,0,0,0,0,0,0.8517563510000006,1,0,0,0,0.7254888814688362,28.241218245,73.427167437,1718.1297051428573,7.555392696430939,pomegranate
27,24,41,24.32770134,90.88292835,6.610251186,110.4606459,92,1.125,0.6585365853658537,0.5853658536585366,0.6739130215028363,100.38986966824422,22.10972737803419,1,0,0,0,0,0,0.11025118600000017,0,0,0,0,0.012155324014406632,178.476782022,158.646028464,1718.1297051428573,7.555392696430939,pomegranate
7,23,35,19.75088482,88.71691157,7.054313822999999,102.5538035,65,0.30434782608695654,0.2,0.6571428571428571,1.3538460913609494,90.98256716276656,17.52237502005195,1,0,0,0,0,0,0.5543138229999993,0,0,0,0,0.30726381436887457,49.38019676099999,162.249217929,1718.1297051428573,7.555392696430939,pomegranate
12,20,39,19.86173586,86.19740917,6.026999326,111.0217929,71,0.6,0.3076923076923077,0.5128205128205128,1.2957745931362847,95.69790909388301,17.12030172750882,1,0,0,0,0,0,0.4730006739999997,1,0,0,0,0.22372963760445397,72.323991912,120.53998652000001,1718.1297051428573,7.555392696430939,pomegranate
4,19,43,18.07132963,93.14554876,5.7794274020000005,106.3602023,66,0.21052631578947367,0.09302325581395349,0.4418604651162791,1.9090908223140535,99.06979409458114,16.83263915209198,1,0,0,0,0,0,0.7205725979999995,1,0,0,0,0.5192248689884689,23.117709608000002,109.80912063800001,1718.1297051428573,7.555392696430939,pomegranate
3,9,45,23.89162561,89.61850203,6.535244251,104.617522,57,0.3333333333333333,0.06666666666666667,0.2,2.736841961218844,93.75665607730569,21.411316982297848,1,0,0,0,0,0,0.03524425099999995,0,0,0,0,0.0012421572285509974,19.605732752999998,58.817198259,1718.1297051428573,7.555392696430939,pomegranate
1,27,36,23.98598756,93.34236582,5.684995235,104.991282,64,0.037037037037037035,0.027777777777777776,0.75,1.9062499106445356,98.00134652354781,22.389088253794892,1,0,0,0,0,0,0.8150047650000003,1,0,0,0,0.6642327669727057,5.684995235,153.49487134499998,1718.1297051428573,7.555392696430939,pomegranate
23,30,44,20.93892916,85.42912869,6.12476108,103.0295938,97,0.7666666666666667,0.5227272727272727,0.6818181818181818,0.721649462217027,88.01728427618626,17.887944738404336,1,0,0,0,0,0,0.37523892000000014,1,0,0,0,0.1408042470827665,140.86950484,183.7428324,1718.1297051428573,7.555392696430939,pomegranate
24,21,42,20.82210727,87.22815682,6.999014379,109.4429934,87,1.1428571428571428,0.5714285714285714,0.5,0.8965516932223554,95.46510591145424,18.162740382704218,1,0,0,0,0,0,0.4990143790000001,0,0,0,0,0.24901535044875575,167.976345096,146.979301959,1718.1297051428573,7.555392696430939,pomegranate
13,30,37,20.86474944,91.61793636,6.277148771,106.8685636,80,0.43333333333333335,0.35135135135135137,0.8108108108108109,1.0249999615625014,97.91077258789413,19.115852863612655,1,0,0,0,0,0,0.22285122899999976,1,0,0,0,0.04966267026681034,81.602934023,188.31446313,1718.1297051428573,7.555392696430939,pomegranate
40,11,44,24.45840036,86.10874614,6.322396027000001,111.3779693,95,3.6363636363636362,0.9090909090909091,0.25,1.3052631166759014,95.90617284042413,21.060821875897243,1,0,0,0,0,0,0.1776039729999992,1,0,0,0,0.03154317122538444,252.89584108000003,69.546356297,1718.1297051428573,7.555392696430939,pomegranate
21,9,40,24.51147697,90.64498715,5.956401828,105.6209954,70,2.3333333333333335,0.525,0.225,1.4285713673469411,95.7401377080321,22.21842514973171,1,0,0,0,0,0,0.5435981720000003,1,0,0,0,0.29549897260174185,125.084438388,53.607616451999995,1718.1297051428573,7.555392696430939,pomegranate
3,27,44,24.56811204,92.03009222,6.591302797000001,110.9633894,74,0.1111111111111111,0.06818181818181818,0.6136363636363636,1.7567566855368908,102.1197095952577,22.610056167124924,1,0,0,0,0,0,0.09130279700000088,0,0,0,0,0.00833620074002337,19.773908391000003,177.965175519,1718.1297051428573,7.555392696430939,pomegranate
40,29,42,24.63228709,89.01574455,7.104094929,110.6956184,111,1.3793103448275863,0.9523809523809523,0.6904761904761905,0.4324324207450697,98.5365289029868,21.926613752857026,1,0,0,0,0,0,0.6040949290000004,0,0,0,0,0.3649306832435155,284.16379716,206.018752941,1718.1297051428573,7.555392696430939,pomegranate
14,25,40,20.07386547,90.97819712,6.407872061,103.7084055,79,0.56,0.35,0.625,1.037974644127545,94.35203758579893,18.262840896900215,1,0,0,0,0,0,0.09212793900000005,1,0,0,0,0.008487557144387729,89.710208854,160.196801525,1718.1297051428573,7.555392696430939,pomegranate
38,14,37,21.80523051,94.63612858,6.658402594,102.6488846,89,2.7142857142857144,1.027027027027027,0.3783783783783784,1.0561797396793344,97.14293041599183,20.635625982608993,1,0,0,0,0,0,0.158402594,0,0,0,0,0.02509138178592884,253.019298572,93.217636316,1718.1297051428573,7.555392696430939,pomegranate
34,9,36,22.8122645,86.34233767,6.276038961,110.4432293,79,3.7777777777777777,0.9444444444444444,0.25,1.3164556462105452,95.35926597585838,19.69664244476354,1,0,0,0,0,0,0.22396103899999975,1,0,0,0,0.05015854698995941,213.385324674,56.484350649,1718.1297051428573,7.555392696430939,pomegranate
32,14,37,22.73031253,88.48567856,6.825256236,104.6843243,83,2.2857142857142856,0.8648648648648649,0.3783783783783784,0.9879517715198154,92.63063470280596,20.113071280979202,1,0,0,0,0,0,0.3252562360000004,0,0,0,0,0.10579161905688797,218.408199552,95.553587304,1718.1297051428573,7.555392696430939,pomegranate
18,21,35,23.2801227,94.94330457,6.368560522,111.1382096,74,0.8571428571428571,0.5142857142857142,0.6,0.8378378038714404,105.51828883417298,22.102917799330708,1,0,0,0,0,0,0.1314394779999999,1,0,0,0,0.017276336376912456,114.63408939600001,133.739770962,1718.1297051428573,7.555392696430939,pomegranate
8,23,38,19.30106297,87.1775172,7.005410734,105.4766591,69,0.34782608695652173,0.21052631578947367,0.6052631578947368,1.3043477693761838,91.95193262888787,16.82618749045458,1,0,0,0,0,0,0.5054107339999998,0,0,0,0,0.25544001004241856,56.043285872,161.124446882,1718.1297051428573,7.555392696430939,pomegranate
15,6,41,19.0087067,88.83768149,6.8973684770000006,108.6793978,62,2.5,0.36585365853658536,0.14634146341463414,1.9677418402705562,96.54825726281406,16.88689431351429,1,0,0,0,0,0,0.39736847700000055,0,0,0,0,0.15790170651329996,103.46052715500001,41.384210862,1718.1297051428573,7.555392696430939,pomegranate
0,5,36,24.35193812,90.88612388,6.152906502,105.529185,41,0.0,0.0,0.1388888888888889,3.2682924437834804,95.91138580865437,22.132532646924144,1,0,0,0,0,0,0.34709349799999956,1,0,0,0,0.12047389635387569,0.0,30.764532510000002,1718.1297051428573,7.555392696430939,pomegranate
22,9,44,24.72235539,88.87651295,5.744361602000001,112.1926517,75,2.4444444444444446,0.5,0.20454545454545456,1.5199999392000023,99.7129166170989,21.972367389738377,1,0,0,0,0,0,0.7556383979999994,1,0,0,0,0.5709893885320055,126.37595524400001,51.699254418,1718.1297051428573,7.555392696430939,pomegranate
14,8,43,21.92513945,94.46485312,7.051654924,111.71620159999998,65,1.75,0.32558139534883723,0.18604651162790697,1.9692306783431994,105.53254575268308,20.711550777797676,1,0,0,0,0,0,0.5516549240000002,0,0,0,0,0.30432315517344594,98.72316893600001,56.413239392,1718.1297051428573,7.555392696430939,pomegranate
31,11,45,24.83954414,86.88738076,6.034612928,107.6435771,87,2.8181818181818183,0.6888888888888889,0.24444444444444444,1.241379267538646,93.52868469856116,21.58242929597007,1,0,0,0,0,0,0.4653870720000004,1,0,0,0,0.21658512678473354,187.07300076799999,66.380742208,1718.1297051428573,7.555392696430939,pomegranate
39,17,45,18.09691127,90.42177379,6.9244907310000015,104.88188999999998,101,2.2941176470588234,0.8666666666666667,0.37777777777777777,0.9900989804921098,94.83606532247663,16.363548171536415,1,0,0,0,0,0,0.42449073100000145,0,0,0,0,0.18019238070491558,270.0551385090001,117.71634242700003,1718.1297051428573,7.555392696430939,pomegranate
10,5,42,20.24104904,91.08706822,6.887005997,109.2537734,57,2.0,0.23809523809523808,0.11904761904761904,2.4210525041551314,99.51605910978222,18.43697814750846,1,0,0,0,0,0,0.38700599700000016,0,0,0,0,0.14977364171396412,68.87005997,34.435029985,1718.1297051428573,7.555392696430939,pomegranate
8,28,38,23.22594,94.42971362,6.8444019,105.6917856,74,0.2857142857142857,0.21052631578947367,0.7368421052631579,1.351351296566839,99.8044504619444,21.93218862755303,1,0,0,0,0,0,0.34440190000000026,0,0,0,0,0.11861266872361018,54.7552152,191.6432532,1718.1297051428573,7.555392696430939,pomegranate
32,13,42,23.50128217,92.97527546,5.786058032000001,106.61905,87,2.4615384615384617,0.7619047619047619,0.30952380952380953,1.1034482378121298,99.12935543033514,21.850381834189367,1,0,0,0,0,0,0.7139419679999994,1,0,0,0,0.5097131336717122,185.15385702400002,75.21875441600001,1718.1297051428573,7.555392696430939,pomegranate
18,9,40,19.44623085,89.02127045,5.627186257000001,106.1606833,67,2.0,0.45,0.225,1.5820894813989783,94.50558899206099,17.311281757309832,1,0,0,0,0,0,0.8728137429999991,1,0,0,0,0.7618038299696686,101.28935262600001,50.644676313000005,1718.1297051428573,7.555392696430939,pomegranate
20,27,41,20.51343484,92.51675903,5.700088663,110.5764023,88,0.7407407407407407,0.4878048780487805,0.6585365853658537,0.7954545183367777,102.30170365993439,18.978365079698865,1,0,0,0,0,0,0.7999113370000002,1,0,0,0,0.6398581470611279,114.00177326,153.90239390099998,1718.1297051428573,7.555392696430939,pomegranate
39,25,36,18.90223032,94.99897537,5.567805185,107.6103211,100,1.56,1.0833333333333333,0.6944444444444444,0.49999998500000037,102.2287024373669,17.956925126077472,1,0,0,0,0,0,0.9321948149999999,1,0,0,0,0.868987173112884,217.144402215,139.195129625,1718.1297051428573,7.555392696430939,pomegranate
20,7,45,18.90592319,89.24126808,6.077886012,112.4750941,72,2.857142857142857,0.4444444444444444,0.15555555555555556,1.7499999270833364,100.37420024901327,16.871885596986786,1,0,0,0,0,0,0.42211398800000044,1,0,0,0,0.17818021886526453,121.55772024,42.545202083999996,1718.1297051428573,7.555392696430939,pomegranate
11,10,45,22.63045168,88.45577158,6.397995609,109.0357597,66,1.1,0.24444444444444444,0.2222222222222222,2.090908995867773,96.4484225407497,20.017940645583074,1,0,0,0,0,0,0.10200439100000036,1,0,0,0,0.010404895783280955,70.377951699,63.979956089999995,1718.1297051428573,7.555392696430939,pomegranate
40,18,43,19.38603815,86.79058496,5.767372539,109.91309840000002,101,2.2222222222222223,0.9302325581395349,0.4186046511627907,0.9306930416625832,95.39422104902043,16.825255910953764,1,0,0,0,0,0,0.7326274609999999,1,0,0,0,0.5367429966113063,230.69490156,103.812705702,1718.1297051428573,7.555392696430939,pomegranate
3,26,39,24.38318965,91.19431555,7.079973241,103.6012114,68,0.11538461538461539,0.07692307692307693,0.6666666666666666,1.7352940410899684,94.47841563773856,22.236082910575938,1,0,0,0,0,0,0.5799732410000003,0,0,0,0,0.33636896027604435,21.239919723,184.079304266,1718.1297051428573,7.555392696430939,pomegranate
9,16,36,23.77989026,92.93386903,5.893332377999999,106.977723,61,0.5625,0.25,0.4444444444444444,1.5409835307713018,99.41853698409618,22.099572069706124,1,0,0,0,0,0,0.6066676220000007,1,0,0,0,0.3680456035831357,53.03999140199999,94.29331804799999,1718.1297051428573,7.555392696430939,pomegranate
30,20,38,22.59890174,93.16343942,7.058222596,110.0932899,88,1.5,0.7894736842105263,0.5263157894736842,0.6363636146694223,102.56669544147148,21.053914132130227,1,0,0,0,0,0,0.5582225960000002,0,0,0,0,0.3116124666849795,211.74667788,141.16445192,1718.1297051428573,7.555392696430939,pomegranate
40,9,41,24.37766782,85.4017118,5.78270695,106.128338,90,4.444444444444445,0.975609756097561,0.21951219512195122,1.399999953333335,90.63541735688989,20.81894561519774,1,0,0,0,0,0,0.7172930500000003,1,0,0,0,0.5145093195783029,231.30827799999997,52.044362549999995,1718.1297051428573,7.555392696430939,pomegranate
40,30,35,20.89273273,91.07776977,6.269663962999999,104.4407083,105,1.3333333333333333,1.1428571428571428,0.8571428571428571,0.28571427755102063,95.12226785163128,19.028635014490835,1,0,0,0,0,0,0.23033603700000072,1,0,0,0,0.0530546899408657,250.78655851999997,188.08991888999998,1718.1297051428573,7.555392696430939,pomegranate
32,25,35,18.09903225,85.70786282,5.892913826,107.0050976,92,1.28,0.9142857142857143,0.7142857142857143,0.369565205340265,91.71178226141511,15.512293732577561,1,0,0,0,0,0,0.607086174,1,0,0,0,0.36855362266195824,188.573242432,147.32284565,1718.1297051428573,7.555392696430939,pomegranate
33,23,45,20.00218987,85.83618191,7.116538883,112.337046,101,1.434782608695652,0.7333333333333333,0.5111111111111111,0.6732673067346345,96.42583115688038,17.16911608279679,1,0,0,0,0,0,0.6165388829999996,0,0,0,0,0.38012019425088717,234.845783139,163.68039430899998,1718.1297051428573,7.555392696430939,pomegranate
4,14,41,19.85139326,89.80732335,6.430163481,102.8186358,59,0.2857142857142857,0.0975609756097561,0.34146341463414637,2.169491415110606,92.33866471696486,17.828004934488305,1,0,0,0,0,0,0.06983651899999987,1,0,0,0,0.0048771393860373435,25.720653924,90.022288734,1718.1297051428573,7.555392696430939,pomegranate
13,17,45,21.25433607,92.65058936,7.159520979,106.2784673,75,0.7647058823529411,0.28888888888888886,0.37777777777777777,1.5999999360000026,98.46762631622488,19.692267633410065,1,0,0,0,0,0,0.6595209789999998,0,0,0,0,0.43496792174111826,93.073772727,121.711856643,1718.1297051428573,7.555392696430939,pomegranate
39,24,39,23.65374106,93.32657504,6.431265737,109.8076178,102,1.625,1.0,0.6153846153846154,0.5882352768166096,102.47968882575339,22.07522640012819,1,0,0,0,0,0,0.06873426299999963,1,0,0,0,0.004724398910153118,250.81936374300003,154.350377688,1718.1297051428573,7.555392696430939,pomegranate
8,28,37,23.88404783,86.20613842,6.082571701,108.3121789,73,0.2857142857142857,0.21621621621621623,0.7567567567567568,1.3424656982548344,93.37174686825205,20.589515332628807,1,0,0,0,0,0,0.417428299,1,0,0,0,0.1742463848060334,48.660573608,170.312007628,1718.1297051428573,7.555392696430939,pomegranate
91,94,46,29.36792366,76.24900101,6.149934034,92.82840911,231,0.9680851063829787,1.9782608695652173,2.0434782608695654,0.8051947947377299,70.78073459985083,22.392748408129428,1,0,0,0,1,0,0.35006596599999984,1,0,0,0,0.12254618055151305,559.643997094,578.093799196,1718.1297051428573,26.851127854040815,banana
105,95,50,27.33368994,83.67675197,5.849076099,101.0494791,250,1.105263157894737,2.1,1.9,0.7999999904000002,84.55492199348399,22.87194393534264,1,0,0,0,0,0,0.6509239009999996,1,0,0,0,0.42370192489305736,614.1529903950001,555.6622294050001,1718.1297051428573,26.851127854040815,banana
108,92,53,27.40053601,82.96221306,6.276800323,104.9378,253,1.173913043478261,2.0377358490566038,1.7358490566037736,0.7430829951413085,87.05872121647668,22.732091064198222,1,0,0,0,0,0,0.2231996770000002,1,0,0,0,0.049818095812904424,677.894434884,577.465629716,1718.1297051428573,26.851127854040815,banana
86,76,54,29.3159075,80.11585705,5.926824754,90.10978128,216,1.131578947368421,1.5925925925925926,1.4074074074074074,0.49999999305555565,72.19222355835247,23.48669054561023,1,0,0,0,1,0,0.5731752459999999,1,0,0,0,0.32852986262716044,509.706928844,450.438681304,1718.1297051428573,26.851127854040815,banana
80,77,49,26.05433004,79.39654531,5.519088423,113.2297373,206,1.0389610389610389,1.6326530612244898,1.5714285714285714,0.5728155256386087,89.90049967978845,20.68623795542554,1,0,0,0,0,0,0.9809115769999996,1,0,0,0,0.9621875218926262,441.52707384,424.96980857100004,1718.1297051428573,26.851127854040815,banana
93,94,53,25.86632408,84.42379269,6.079178787999999,114.5357503,240,0.9893617021276596,1.7547169811320755,1.7735849056603774,0.6749999915625001,96.69542438920806,21.837331817822747,1,0,0,0,0,0,0.4208212120000008,1,0,0,0,0.1770904924691496,565.3636272839999,571.4428060719999,1718.1297051428573,26.851127854040815,banana
90,92,55,27.00932084,80.18546798,6.13465588,97.32531705,237,0.9782608695652174,1.6363636363636365,1.6727272727272726,0.6075949290177858,78.04076093956122,21.65755031377367,1,0,0,0,0,0,0.3653441199999996,1,0,0,0,0.13347632601857412,552.1190292,564.38834096,1718.1297051428573,26.851127854040815,banana
108,89,53,29.55054817,78.06762846,5.808497603999999,99.34482238,250,1.2134831460674158,2.0377358490566038,1.679245283018868,0.7279999912640003,77.55614682986533,23.069412153248926,1,0,0,0,1,0,0.6915023960000006,1,0,0,0,0.4781755636737417,627.3177412319999,516.9562867559999,1718.1297051428573,26.851127854040815,banana
108,88,55,26.28845991,83.390039,5.891458107,113.8729798,251,1.2272727272727273,1.9636363636363636,1.6,0.6852589559530802,94.95872226568213,21.921956971448367,1,0,0,0,0,0,0.608541893,1,0,0,0,0.37032323553602337,636.277475556,518.448313416,1718.1297051428573,26.851127854040815,banana
105,77,52,29.16226551,76.16151562,5.816622478999999,100.0075679,234,1.3636363636363635,2.019230769230769,1.4807692307692308,0.6923076834319528,76.1672794473406,22.210423401544524,1,0,0,0,1,0,0.6833775210000006,1,0,0,0,0.46700483620810623,610.745360295,447.87993088299993,1718.1297051428573,26.851127854040815,banana
118,88,52,28.65003945,82.68752542,5.8431631610000005,98.75084366,258,1.3409090909090908,2.269230769230769,1.6923076923076923,0.7906976652244457,81.65462895382696,23.69000865305878,1,0,0,0,1,0,0.6568368389999995,1,0,0,0,0.4314346330675112,689.4932529980001,514.198358168,1718.1297051428573,26.851127854040815,banana
101,87,54,29.07311132,76.50045221,6.376756632999999,100.1692639,242,1.160919540229885,1.8703703703703705,1.6111111111111112,0.661157016597227,76.62993985892828,22.2410616313167,1,0,0,0,1,0,0.1232433670000006,1,0,0,0,0.015188927509496838,644.0524199329999,554.7778270709999,1718.1297051428573,26.851127854040815,banana
95,75,50,28.08166093,75.26429821,5.623615687000001,118.2761894,220,1.2666666666666666,1.9,1.5,0.6363636276859507,89.01974390144042,21.13546502467626,1,0,0,0,1,0,0.8763843129999991,1,0,0,0,0.7680494640724803,534.2434902650001,421.77117652500004,1718.1297051428573,26.851127854040815,banana
106,85,53,27.1994597,78.80860679999998,5.91505509,99.72430835,244,1.2470588235294118,2.0,1.6037735849056605,0.6967213029091645,78.59133805157104,21.435515246697452,1,0,0,0,0,0,0.5849449099999999,1,0,0,0,0.342160547734908,626.99583954,502.77968265,1718.1297051428573,26.851127854040815,banana
86,95,49,28.05484146,78.04602887,6.458714879,108.3957179,230,0.9052631578947369,1.7551020408163265,1.9387755102040816,0.721739121020794,84.59855328607776,21.89568966530433,1,0,0,0,1,0,0.04128512099999959,1,0,0,0,0.0017044612159846074,555.4494795940001,613.5779135050001,1718.1297051428573,26.851127854040815,banana
83,79,55,25.14748006,83.34688193,5.565028635,98.66679427,217,1.0506329113924051,1.509090909090909,1.4363636363636363,0.4792626661853089,82.2356965243329,20.959640513978492,1,0,0,0,0,0,0.934971365,1,0,0,0,0.8741714533699633,461.897376705,439.637262165,1718.1297051428573,26.851127854040815,banana
85,95,47,25.94019018,78.3422098,6.211833161,119.84797,227,0.8947368421052632,1.8085106382978724,2.021276595744681,0.757709241087543,93.89154809844108,20.322118213334598,1,0,0,0,0,0,0.2881668389999996,1,0,0,0,0.0830401270992517,528.005818685,590.124150295,1718.1297051428573,26.851127854040815,banana
109,79,45,27.66752761,79.68542782,6.490074429,108.66464,233,1.379746835443038,2.422222222222222,1.7555555555555555,0.841201705907274,86.58988327306285,22.046987743245122,1,0,0,0,0,0,0.009925571000000133,1,0,0,0,9.851695967604363e-05,707.418112761,512.715879891,1718.1297051428573,26.851127854040815,banana
100,76,45,25.56703012,75.94067692,5.590236025,102.7867717,221,1.3157894736842106,2.2222222222222223,1.6888888888888889,0.7782805324215312,78.056970213195,19.415775741468288,1,0,0,0,0,0,0.9097639749999997,1,0,0,0,0.8276704902078001,559.0236025,424.8579379,1718.1297051428573,26.851127854040815,banana
117,86,48,28.6956201,82.54195839,6.225225238999999,116.1616839,251,1.3604651162790697,2.4375,1.7916666666666667,0.8525896312439486,95.88212878986133,23.68592680269448,1,0,0,0,1,0,0.27477476100000064,1,0,0,0,0.07550116928260747,728.351352963,535.3693705539999,1718.1297051428573,26.851127854040815,banana
114,94,53,26.33544853,76.8532006,6.190757458999999,118.6858263,261,1.2127659574468086,2.150943396226415,1.7735849056603774,0.7816091864182853,91.21385617010655,20.23963508767065,1,0,0,0,0,0,0.3092425410000006,1,0,0,0,0.09563094916413704,705.746350326,581.9312011459999,1718.1297051428573,26.851127854040815,banana
110,78,50,25.93730186,78.89864446,5.915568968,98.21747528,238,1.4102564102564104,2.2,1.56,0.7731092339524046,77.49225661875559,20.46417957703837,1,0,0,0,0,0,0.5844310320000004,1,0,0,0,0.34155963116458543,650.7125864799999,461.41437950399995,1718.1297051428573,26.851127854040815,banana
94,70,48,25.13686519,84.88394407,6.195152442,91.46442491,212,1.3428571428571427,1.9583333333333333,1.4583333333333333,0.6603773491456036,77.63861128455154,21.3371625888309,1,0,0,0,0,0,0.30484755799999963,1,0,0,0,0.09293203361856314,582.344329548,433.66067094000005,1718.1297051428573,26.851127854040815,banana
80,71,47,27.50527651,80.79783998,6.156373499,105.0776992,198,1.1267605633802817,1.702127659574468,1.5106382978723405,0.5757575670339763,84.90051125428175,22.223669300606332,1,0,0,0,0,0,0.34362650100000014,1,0,0,0,0.1180791721895031,492.50987992,437.102518429,1718.1297051428573,26.851127854040815,banana
114,79,51,26.21009246,82.34429458,6.313197204,112.0700033,244,1.4430379746835442,2.235294117647059,1.5490196078431373,0.803278678648213,92.28325365316772,21.58251574495277,1,0,0,0,0,0,0.18680279600000027,1,0,0,0,0.034895284593417716,719.704481256,498.742579116,1718.1297051428573,26.851127854040815,banana
88,78,45,29.10403455,79.19588629,6.324270089,92.07835761,211,1.1282051282051282,1.9555555555555555,1.7333333333333334,0.720379136677074,72.92227139051516,23.049198108020317,1,0,0,0,1,0,0.17572991100000035,1,0,0,0,0.030881001620068044,556.5357678319999,493.293066942,1718.1297051428573,26.851127854040815,banana
112,73,48,29.244063800000006,77.32017166,5.7074889870000005,90.66727868,233,1.5342465753424657,2.3333333333333335,1.5208333333333333,0.8841201602902984,70.10409551482658,22.611560330519925,1,0,0,0,1,0,0.7925110129999995,1,0,0,0,0.6280737057262854,639.2387665440001,416.64669605100005,1718.1297051428573,26.851127854040815,banana
117,76,47,25.56202173,77.38229006,6.119216009,93.10247183,240,1.5394736842105263,2.4893617021276597,1.6170212765957446,0.9249999884375002,72.04482480452039,19.78047780030883,1,0,0,0,0,0,0.3807839910000004,1,0,0,0,0.14499644780188836,715.948273053,465.06041668399996,1718.1297051428573,26.851127854040815,banana
111,87,48,26.3985515,81.36028902,5.571401169,98.16752001,246,1.2758620689655173,2.3125,1.8125,0.829268282569899,79.86937800390234,21.477937797493546,1,0,0,0,0,0,0.9285988310000004,1,0,0,0,0.8622957889345673,618.4255297589999,484.71190170299997,1718.1297051428573,26.851127854040815,banana
89,83,47,28.09577643,77.79586769,5.63127166,109.5408614,219,1.072289156626506,1.8936170212765957,1.7659574468085106,0.7123287573653595,85.21826360123028,21.857353057961006,1,0,0,0,1,0,0.8687283399999997,1,0,0,0,0.754688928719155,501.18317774,467.39554778,1718.1297051428573,26.851127854040815,banana
93,91,47,27.84767901,83.31110751,6.101241579,117.2878912,231,1.021978021978022,1.9787234042553192,1.9361702127659575,0.779220769101029,97.71384113384384,23.200209799060804,1,0,0,0,0,0,0.39875842100000014,1,0,0,0,0.15900827831841335,567.415466847,555.212983689,1718.1297051428573,26.851127854040815,banana
92,81,52,27.39341554,81.4654833,6.438137278999998,94.31102057,225,1.1358024691358024,1.7692307692307692,1.5576923076923077,0.6133333251555557,76.83092871251291,22.316178362038308,1,0,0,0,0,0,0.061862721000001564,1,0,0,0,0.0038269962495240343,592.3086296679999,521.4891195989999,1718.1297051428573,26.851127854040815,banana
105,74,45,25.14517635,81.38204104,6.098369122,119.218154,224,1.4189189189189189,2.3333333333333335,1.6444444444444444,0.8124999891183038,97.0221670154104,20.463657736737375,1,0,0,0,0,0,0.40163087799999975,1,0,0,0,0.1613073621630507,640.3287578100001,451.27931502800004,1718.1297051428573,26.851127854040815,banana
102,71,48,28.65456263,79.28693687,5.695267822000001,102.4633775,221,1.4366197183098592,2.125,1.4791666666666667,0.7692307587887228,81.2400734332948,22.719324982822712,1,0,0,0,1,0,0.8047321779999992,1,0,0,0,0.6475938783086224,580.9173178440001,404.36401536200003,1718.1297051428573,26.851127854040815,banana
94,91,51,29.16093424,76.67484233,5.6180944460000015,109.575944,236,1.032967032967033,1.8431372549019607,1.7843137254901962,0.7033898215670784,84.01718229360911,22.359100350474986,1,0,0,0,1,0,0.8819055539999985,1,0,0,0,0.7777574061760443,528.1008779240001,511.2465945860001,1718.1297051428573,26.851127854040815,banana
116,71,47,27.57278064,82.0638878,6.435785799,91.34276507,234,1.6338028169014085,2.4680851063829787,1.5106382978723405,0.9743589618671928,74.9594242404624,22.62729576774972,1,0,0,0,0,0,0.06421420100000041,1,0,0,0,0.004123463610068454,746.5511526839999,456.94079172899995,1718.1297051428573,26.851127854040815,banana
117,79,49,25.40909896,82.36208097,6.176644228,112.9794804,245,1.481012658227848,2.3877551020408165,1.6122448979591837,0.8653061118533946,93.05225112653328,20.927462659182627,1,0,0,0,0,0,0.3233557720000002,1,0,0,0,0.10455895528571611,722.667374676,487.954894012,1718.1297051428573,26.851127854040815,banana
119,72,55,25.99069521,83.33983116,6.220643671,112.0777152,246,1.6527777777777777,2.1636363636363636,1.309090909090909,0.9024390133848901,93.40537861566565,21.660601505324205,1,0,0,0,0,0,0.2793563289999996,1,0,0,0,0.07803995855235603,740.2565968490001,447.886344312,1718.1297051428573,26.851127854040815,banana
99,73,53,26.29039046,81.06003778,5.8717022110000014,118.6730366,225,1.356164383561644,1.8679245283018868,1.3773584905660377,0.6399999914666668,96.19640830263323,21.311000439385516,1,0,0,0,0,0,0.6282977889999986,1,0,0,0,0.3947581116622867,581.2985188890001,428.6342614030001,1718.1297051428573,26.851127854040815,banana
91,84,52,29.14827211,78.71024836,6.390741836,117.536781,227,1.0833333333333333,1.75,1.6153846153846154,0.6255506525257623,92.51349223944928,22.94267737042961,1,0,0,0,1,0,0.10925816399999988,1,0,0,0,0.01193734640065087,581.557507076,536.822314224,1718.1297051428573,26.851127854040815,banana
80,90,47,26.59743595,79.35898915,6.21084479,107.3944717,217,0.8888888888888888,1.702127659574468,1.9148936170212767,0.7004608198092975,85.22716714410282,21.1074563097387,1,0,0,0,0,0,0.28915520999999966,1,0,0,0,0.0836107354701439,496.8675832,558.9760311,1718.1297051428573,26.851127854040815,banana
101,70,48,25.36059237,75.03193255,6.012696655,116.5531455,219,1.4428571428571428,2.1041666666666665,1.4583333333333333,0.7671232771626949,87.45207751646335,19.028542561338842,1,0,0,0,0,0,0.48730334499999994,1,0,0,0,0.23746455004818898,607.282362155,420.88876585,1718.1297051428573,26.851127854040815,banana
108,89,53,29.12036889,80.18080728,5.908770059,112.3982055,250,1.2134831460674158,2.0377358490566038,1.679245283018868,0.7279999912640003,90.12178853813336,23.348946858915976,1,0,0,0,1,0,0.5912299409999999,1,0,0,0,0.3495528431348634,638.147166372,525.880535251,1718.1297051428573,26.851127854040815,banana
100,80,52,27.53911354,77.25629897,6.049801781,110.3262123,232,1.25,1.9230769230769231,1.5384615384615385,0.6551724053210466,85.23394841676492,21.27569989015015,1,0,0,0,0,0,0.4501982189999998,1,0,0,0,0.20267843639077177,604.9801781,483.98414248,1718.1297051428573,26.851127854040815,banana
109,91,53,29.66727337,83.51014178,6.010095852999999,110.2511102,253,1.1978021978021978,2.056603773584906,1.7169811320754718,0.7430829951413085,92.07085844204404,24.775182053547184,1,0,0,0,1,0,0.48990414700000073,1,0,0,0,0.24000607324779832,655.1004479769999,546.9187226229999,1718.1297051428573,26.851127854040815,banana
82,78,46,25.05802193,84.97323747,5.738678895,110.4408803,206,1.0512820512820513,1.7826086956521738,1.6956521739130435,0.6601941651428034,93.84519148127745,21.292612479863575,1,0,0,0,0,0,0.7613211050000004,1,0,0,0,0.5796098249184216,470.57166938999995,447.61695381,1718.1297051428573,26.851127854040815,banana
106,70,55,25.86824781,78.52399914,5.74055541,116.3019555,231,1.5142857142857142,1.9272727272727272,1.2727272727272727,0.7532467434643281,91.32494653662319,20.312782687857467,1,0,0,0,0,0,0.7594445900000002,1,0,0,0,0.5767560852802684,608.49887346,401.8388787,1718.1297051428573,26.851127854040815,banana
90,86,52,25.85036988,81.95580471,5.793260262,119.08561709999998,228,1.0465116279069768,1.7307692307692308,1.6538461538461537,0.6315789390581719,97.59757578817434,21.18587865566546,1,0,0,0,0,0,0.7067397379999996,1,0,0,0,0.49948105726830805,521.39342358,498.22038253200003,1718.1297051428573,26.851127854040815,banana
83,95,50,26.51682337,77.79913575,5.50947065,108.8547508,228,0.8736842105263158,1.66,1.9,0.6842105173130195,84.68805534521621,20.629859410214028,1,0,0,0,0,0,0.9905293500000001,1,0,0,0,0.9811483932114227,457.28606394999997,523.3997117499999,1718.1297051428573,26.851127854040815,banana
119,90,48,28.66725136,79.59242542,5.986442306,118.2583441,257,1.3222222222222222,2.4791666666666665,1.875,0.8793774216415087,94.12468433071948,22.81696065867194,1,0,0,0,1,0,0.5135576940000002,1,0,0,0,0.2637415050665978,712.386634414,538.77980754,1718.1297051428573,26.851127854040815,banana
107,72,45,28.14938935,81.54448882,5.790768046,91.40508414,224,1.4861111111111112,2.3777777777777778,1.6,0.8660714169722579,74.53580861745388,22.95427565140902,1,0,0,0,1,0,0.7092319539999998,1,0,0,0,0.5030099645746579,619.612180922,416.935299312,1718.1297051428573,26.851127854040815,banana
116,81,55,26.42313317,83.69950440000002,5.915546415,95.12322062,252,1.4320987654320987,2.109090909090909,1.4727272727272727,0.7619047528344672,79.61766422825863,22.116031510242017,1,0,0,0,0,0,0.5844535850000003,1,0,0,0,0.3415859930193526,686.2033841399999,479.159259615,1718.1297051428573,26.851127854040815,banana
101,75,50,26.59386409,81.40740301,6.242528277999999,109.9825551,226,1.3466666666666667,2.02,1.5,0.6814159201581957,89.5339418709523,21.64937411567797,1,0,0,0,0,0,0.2574717220000009,1,0,0,0,0.06629168762964575,630.4953560779999,468.1896208499999,1718.1297051428573,26.851127854040815,banana
93,81,50,27.71822477,76.57853189,6.0360792660000016,102.2099836,224,1.1481481481481481,1.86,1.62,0.6607142768654337,78.27090488588976,21.226209594836327,1,0,0,0,0,0,0.46392073399999845,1,0,0,0,0.2152224474350973,561.3553717380001,488.9224205460001,1718.1297051428573,26.851127854040815,banana
95,75,45,28.98333432,82.95958244,5.829898502000001,109.022564,215,1.2666666666666666,2.111111111111111,1.6666666666666667,0.7441860361276366,90.44466385978177,24.044453129061214,1,0,0,0,1,0,0.6701014979999993,1,0,0,0,0.4490360176218431,553.84035769,437.24238765000007,1718.1297051428573,26.851127854040815,banana
107,71,55,29.42017919,83.96754496,6.088064451,117.229079,233,1.5070422535211268,1.9454545454545455,1.290909090909091,0.7553647971412258,98.4343796155189,24.703402188675813,1,0,0,0,1,0,0.41193554899999985,1,0,0,0,0.16969089652993127,651.422896257,432.25257602100004,1718.1297051428573,26.851127854040815,banana
83,94,47,27.39872329,81.10523402,6.469370954,112.1355384,224,0.8829787234042553,1.7659574468085106,2.0,0.7410714186463648,90.94779083890695,22.221798642846743,1,0,0,0,0,0,0.030629045999999605,1,0,0,0,0.0009381384588700918,536.957789182,608.120869676,1718.1297051428573,26.851127854040815,banana
102,73,54,26.4020227,84.41007614,5.720726906,111.0162259,229,1.3972602739726028,1.8888888888888888,1.3518518518518519,0.6724890741595317,93.7088808099444,22.285967463570085,1,0,0,0,0,0,0.7792730939999997,1,0,0,0,0.6072665550323323,583.5141444120001,417.613064138,1718.1297051428573,26.851127854040815,banana
86,79,45,27.81251452,82.69285419,5.80766417,99.20961514,210,1.0886075949367089,1.9111111111111112,1.7555555555555555,0.7142857040816328,82.03926239018037,22.998962078596183,1,0,0,0,0,0,0.6923358300000002,1,0,0,0,0.4793289015017892,499.45911861999997,458.80546942999996,1718.1297051428573,26.851127854040815,banana
117,86,53,25.19640218,83.55829874,5.703381727999999,115.8586081,256,1.3604651162790697,2.207547169811321,1.6226415094339623,0.757812491119385,96.80948187220385,21.053685005296273,1,0,0,0,0,0,0.7966182720000008,1,0,0,0,0.6346006712842672,667.295662176,490.49082860799996,1718.1297051428573,26.851127854040815,banana
111,79,53,28.31193338,75.77363772,6.165001277999999,119.695765,243,1.4050632911392404,2.0943396226415096,1.490566037735849,0.7407407315957935,90.69783533728256,21.452981830888948,1,0,0,0,1,0,0.3349987220000008,1,0,0,0,0.11222414374163382,684.315141858,487.03510096199994,1718.1297051428573,26.851127854040815,banana
95,74,50,25.90113128,80.47152737,6.002481605,110.10323,219,1.2837837837837838,1.9,1.48,0.6301369776693565,88.60175086470406,20.843035947124836,1,0,0,0,0,0,0.49751839500000017,1,0,0,0,0.2475245533633762,570.235752475,444.18363877,1718.1297051428573,26.851127854040815,banana
91,75,55,27.48612983,76.11239849,6.212369363,109.2768851,221,1.2133333333333334,1.6545454545454545,1.3636363636363635,0.5067873234372761,83.17325824477143,20.92035266568836,1,0,0,0,0,0,0.28763063700000036,1,0,0,0,0.08273138334102598,565.325612033,465.92770222499996,1718.1297051428573,26.851127854040815,banana
93,83,46,29.38254012,83.50423735,5.765308943,109.2486647,222,1.1204819277108433,2.0217391304347827,1.8043478260869565,0.7567567465303142,91.22726427279368,24.535666041263777,1,0,0,0,1,0,0.734691057,1,0,0,0,0.5397709492357773,536.173731699,478.520642269,1718.1297051428573,26.851127854040815,banana
92,85,51,29.22118628,81.08183635,5.740764682000001,108.8616474,228,1.0823529411764705,1.803921568627451,1.6666666666666667,0.6578947281855957,88.26702279278203,23.693074439078256,1,0,0,0,1,0,0.7592353179999991,1,0,0,0,0.5764382680985598,528.1503507440001,487.96499797000007,1718.1297051428573,26.851127854040815,banana
104,80,54,27.09062164,81.33506906,5.879119455,110.1331182,238,1.3,1.9259259259259258,1.4814814814814814,0.6386554541345952,89.57684774590143,22.0341758196773,1,0,0,0,0,0,0.6208805450000003,1,0,0,0,0.38549265115949743,611.42842332,470.3295564,1718.1297051428573,26.851127854040815,banana
103,72,51,26.12643374,81.81365007,6.099478745,104.4812858,226,1.4305555555555556,2.019607843137255,1.411764705882353,0.7345132645861071,85.47995355304859,21.374989075814014,1,0,0,0,0,0,0.40052125500000013,1,0,0,0,0.16041727570677514,628.246310735,439.16246964,1718.1297051428573,26.851127854040815,banana
92,75,45,29.01207743,77.95192527,5.674403358999999,90.43495443,212,1.2266666666666666,2.0444444444444443,1.6666666666666667,0.7264150840601639,70.49578809523216,22.61547291750814,1,0,0,0,1,0,0.8255966410000006,1,0,0,0,0.6816098136304839,522.045109028,425.58025192499997,1718.1297051428573,26.851127854040815,banana
93,85,49,27.96799119,79.28625709,5.694243847,119.4765557,227,1.0941176470588236,1.8979591836734695,1.7346938775510203,0.7048458056628307,94.72848911457906,22.174773397811954,1,0,0,0,0,0,0.8057561529999999,1,0,0,0,0.6492429780973593,529.564677771,484.010726995,1718.1297051428573,26.851127854040815,banana
120,87,52,28.0764455,76.05522115,5.905494703,118.99235729999998,259,1.3793103448275863,2.3076923076923075,1.6730769230769231,0.7953667861540528,90.49990049611316,21.35360271608422,1,0,0,0,1,0,0.5945052970000004,1,0,0,0,0.35343654816105874,708.6593643599999,513.7780391609999,1718.1297051428573,26.851127854040815,banana
108,72,46,25.16278237,84.97849241,6.110844721,90.94554618,226,1.5,2.347826086956522,1.565217391304348,0.8672566256558856,77.28415405780434,21.38295310643527,1,0,0,0,0,0,0.3891552789999997,1,0,0,0,0.1514418311735676,659.971229868,439.980819912,1718.1297051428573,26.851127854040815,banana
105,88,54,25.78749808,84.51194224,6.020445317,114.2005455,247,1.1931818181818181,1.9444444444444444,1.6296296296296295,0.6882591009523187,96.51309905072492,21.793515482510706,1,0,0,0,0,0,0.4795546829999999,1,0,0,0,0.22997269398723041,632.146758285,529.799187896,1718.1297051428573,26.851127854040815,banana
98,79,50,25.34119774,84.47321314,6.435917308,91.06493353,227,1.240506329113924,1.96,1.58,0.6784140879504745,76.92547539659623,21.406523979139063,1,0,0,0,0,0,0.06408269200000039,1,0,0,0,0.004106591413966913,630.7198961839999,508.437467332,1718.1297051428573,26.851127854040815,banana
111,88,55,29.44795403,78.34971537,5.505393832999999,96.45042585,254,1.2613636363636365,2.018181818181818,1.6,0.7007873932977866,75.5686341266279,23.07238816479344,1,0,0,0,1,0,0.9946061670000006,1,0,0,0,0.9892414274344331,611.098715463,484.47465730399995,1718.1297051428573,26.851127854040815,banana
97,74,45,26.47522633,78.51833782,5.677719902000001,113.1161095,216,1.3108108108108107,2.1555555555555554,1.6444444444444444,0.7499999895833335,88.8168889860511,20.78790764839899,1,0,0,0,0,0,0.8222800979999993,1,0,0,0,0.6761445595668886,550.738830494,420.15127274800005,1718.1297051428573,26.851127854040815,banana
95,82,48,27.39489579,83.31172003,5.719014989,92.78133617,225,1.1585365853658536,1.9791666666666667,1.7083333333333333,0.7199999904000002,77.29772703004353,22.823158883075056,1,0,0,0,0,0,0.7809850110000003,1,0,0,0,0.6099375874066706,543.306423955,468.959229098,1718.1297051428573,26.851127854040815,banana
89,91,55,25.08347445,80.26173100000003,6.275572297999999,94.32961456,235,0.978021978021978,1.6181818181818182,1.6545454545454545,0.5957446732458128,75.71058149148405,20.132430788512735,1,0,0,0,0,0,0.22442770200000073,1,0,0,0,0.05036779342500113,558.525934522,571.0770791179999,1718.1297051428573,26.851127854040815,banana
89,85,55,26.671983500000003,76.48541655,6.275384607,91.73358569,229,1.0470588235294118,1.6181818181818182,1.5454545454545454,0.5589519577429876,70.16281513124768,20.40017768212227,1,0,0,0,0,0,0.22461539299999966,1,0,0,0,0.0504520747725443,558.509230023,533.4076915950001,1718.1297051428573,26.851127854040815,banana
118,88,51,25.44926208,79.49221962,6.201911642000001,100.6619171,257,1.3409090909090908,2.3137254901960786,1.7254901960784315,0.8093385119532469,80.01839221483434,20.230183304302983,1,0,0,0,0,0,0.29808835799999933,1,0,0,0,0.08885666917513577,731.825573756,545.768224496,1718.1297051428573,26.851127854040815,banana
101,92,45,28.22776705,80.64303840000002,5.758054257,98.00403016,238,1.0978260869565217,2.2444444444444445,2.0444444444444443,0.8655462075771487,79.0334276754764,22.763729021594052,1,0,0,0,1,0,0.7419457429999996,1,0,0,0,0.5504834855558215,581.563479957,529.740991644,1718.1297051428573,26.851127854040815,banana
99,92,47,28.127950899999995,77.48247073,6.3239336470000005,103.5045395,238,1.076086956521739,2.106382978723404,1.9574468085106382,0.8151260401454702,80.19787452230881,21.79423132304127,1,0,0,0,1,0,0.1760663529999995,1,0,0,0,0.030999360658720436,626.069431053,581.8018955240001,1718.1297051428573,26.851127854040815,banana
82,77,46,28.9470467,82.1888998,5.901100841,95.83016448,205,1.0649350649350648,1.7826086956521738,1.673913043478261,0.6536585270196315,78.76175786264238,23.79125920732221,1,0,0,0,1,0,0.5988991590000001,1,0,0,0,0.35868020265090744,483.890268962,454.38476475699997,1718.1297051428573,26.851127854040815,banana
90,86,55,27.96236771,84.15403614,5.644486582000001,97.55986676,231,1.0465116279069768,1.6363636363636365,1.5636363636363637,0.5714285640074213,82.10056553134625,23.53146102827309,1,0,0,0,0,0,0.8555134179999992,1,0,0,0,0.7319032083780415,508.00379238000005,485.42584605200005,1718.1297051428573,26.851127854040815,banana
95,88,52,28.00316034,78.90085998,6.235461772000001,94.68180316,235,1.0795454545454546,1.8269230769230769,1.6923076923076923,0.6723404169488458,74.70475693781081,22.094734329838293,1,0,0,0,1,0,0.26453822799999926,1,0,0,0,0.0699804740733796,592.3688683400001,548.720635936,1718.1297051428573,26.851127854040815,banana
104,73,46,29.1400919,80.1190228,6.28236237,90.45142867,223,1.4246575342465753,2.260869565217391,1.5869565217391304,0.7982062672887049,72.46880075904303,23.346756873301953,1,0,0,0,1,0,0.21763762999999958,1,0,0,0,0.04736613799201672,653.36568648,458.61245301,1718.1297051428573,26.851127854040815,banana
102,73,52,27.9122104,83.36307683,6.356090905,90.24211529,227,1.3972602739726028,1.9615384615384615,1.4038461538461537,0.6960352330920454,75.22860390221987,23.268477400703247,1,0,0,0,0,0,0.1439090949999997,1,0,0,0,0.02070982762371894,648.32127231,463.994636065,1718.1297051428573,26.851127854040815,banana
100,74,52,25.43480512,81.53977797,5.837258235,96.47800391,226,1.3513513513513513,1.9230769230769231,1.4230769230769231,0.6548672479442401,78.66795017810192,20.739483621950193,1,0,0,0,0,0,0.6627417649999998,1,0,0,0,0.439226647075315,583.7258235,431.95710939,1718.1297051428573,26.851127854040815,banana
94,89,48,28.55980972,84.51602322,5.653437902,111.0843029,231,1.0561797752808988,1.9583333333333333,1.8541666666666667,0.7532467434643281,93.88403523273912,24.137615414543014,1,0,0,0,1,0,0.8465620979999997,1,0,0,0,0.7166673857701611,531.423162788,503.15597327800003,1718.1297051428573,26.851127854040815,banana
99,70,46,26.59580783,82.99556744,5.727469947,100.5123341,215,1.4142857142857144,2.152173913043478,1.5217391304347827,0.7627906870308276,83.42078203348363,22.073341623760452,1,0,0,0,0,0,0.7725300529999997,1,0,0,0,0.5968026827881823,567.019524753,400.92289629000004,1718.1297051428573,26.851127854040815,banana
112,87,48,27.19711623,77.39706290000002,6.200111067999999,99.46950465,247,1.2873563218390804,2.3333333333333335,1.8125,0.8340080870363391,76.98647508027895,21.049769155519215,1,0,0,0,0,0,0.2998889320000009,1,0,0,0,0.08993337153610116,694.4124396159999,539.4096629159999,1718.1297051428573,26.851127854040815,banana
117,82,45,25.29391516,79.29122198,5.614471478,105.4220251,244,1.4268292682926829,2.6,1.8222222222222222,0.8934426119658697,83.59041193785232,20.055854416948474,1,0,0,0,0,0,0.8855285220000004,1,0,0,0,0.7841607632755052,656.893162926,460.386661196,1718.1297051428573,26.851127854040815,banana
96,86,51,29.90888522,76.98740841,6.257369799,91.99964712,233,1.1162790697674418,1.8823529411764706,1.6862745098039216,0.686695270128387,70.82814406403321,23.026075615199527,1,0,0,0,1,0,0.24263020099999988,1,0,0,0,0.058869414437300344,600.707500704,538.133802714,1718.1297051428573,26.851127854040815,banana
113,85,45,27.94972463,76.63713353,6.037430836,109.0921631,243,1.3294117647058823,2.511111111111111,1.8888888888888888,0.8888888779149522,83.60510670571239,21.4198677859604,1,0,0,0,0,0,0.4625691639999996,1,0,0,0,0.2139702314836585,682.2296844680001,513.18162106,1718.1297051428573,26.851127854040815,banana
105,93,46,25.01018457,78.76260938,5.760457558,108.3690513,244,1.1290322580645162,2.282608695652174,2.0217391304347827,0.8688524483337815,85.35429256423082,19.698673978086134,1,0,0,0,0,0,0.7395424420000003,1,0,0,0,0.5469230235193238,604.84804359,535.7225528939999,1718.1297051428573,26.851127854040815,banana
85,89,51,29.21144871,84.70189923,6.1581644220000005,108.5501443,225,0.9550561797752809,1.6666666666666667,1.7450980392156863,0.6399999914666668,91.94403383900558,24.742651849967334,1,0,0,0,1,0,0.34183557799999953,1,0,0,0,0.11685156238659376,523.44397587,548.076633558,1718.1297051428573,26.851127854040815,banana
108,94,47,27.35911627,84.54625006,6.387431382999999,90.81250457,249,1.148936170212766,2.297872340425532,2.0,0.8674698690666282,76.77856719950114,23.131106855840347,1,0,0,0,0,0,0.11256861700000087,1,0,0,0,0.012671693533292885,689.8425893639999,600.418550002,1718.1297051428573,26.851127854040815,banana
92,81,52,28.0106804,76.52808057,5.891413895,103.7040783,225,1.1358024691358024,1.7692307692307692,1.5576923076923077,0.6133333251555557,79.36274059579989,21.436036064717197,1,0,0,0,1,0,0.6085861049999997,1,0,0,0,0.3703770471990706,542.0100783400001,477.20452549500004,1718.1297051428573,26.851127854040815,banana
110,71,54,28.67208915,82.20793613,5.725418961,94.37987496,235,1.5492957746478873,2.037037037037037,1.3148148148148149,0.8085106279764601,77.58774732669065,23.570732735568658,1,0,0,0,1,0,0.7745810390000001,1,0,0,0,0.5999757859783197,629.7960857099999,406.504746231,1718.1297051428573,26.851127854040815,banana
82,75,55,27.34585147,78.48738349999998,6.281069505,92.15524332,212,1.0933333333333333,1.490909090909091,1.3636363636363635,0.44339622014061947,72.3302392399265,21.46304331459928,1,0,0,0,0,0,0.2189304950000004,1,0,0,0,0.047930561640945196,515.04769941,471.080212875,1718.1297051428573,26.851127854040815,banana
117,81,53,29.50704598,78.20585613,5.507641777999999,98.12565829,251,1.4444444444444444,2.207547169811321,1.528301886792453,0.7968127394803258,76.74001114889282,23.076237927331746,1,0,0,0,1,0,0.9923582220000009,1,0,0,0,0.9847748407710031,644.3940880259998,446.11898401799994,1718.1297051428573,26.851127854040815,banana
2,40,27,29.73770045,47.54885174,5.954626604,90.09586854,69,0.05,0.07407407407407407,1.4814814814814814,1.8260868771266574,42.8395509559499,14.139935097855814,1,0,0,0,1,0,0.5453733959999996,1,0,0,0,0.29743214106457233,11.909253208,238.18506416000002,1718.1297051428573,7.555392696430939,mango
39,24,31,33.55695561,53.72979826,4.757114897,98.67527561,94,1.625,1.2580645161290323,0.7741935483870968,0.4893616865097334,53.01802651775199,18.030084551450756,1,0,0,0,1,1,1.7428851029999999,1,0,1,0,3.0376484822593204,185.527480983,114.170757528,1718.1297051428573,7.555392696430939,mango
21,26,27,27.00315545,47.67525434,5.6995869720000005,95.85118326,74,0.8076923076923077,0.7777777777777778,0.9629629629629629,0.29729728524470456,45.697295407104505,12.873823040613072,1,0,0,0,0,0,0.8004130279999995,1,0,0,0,0.6406610153921279,119.69132641200001,148.189261272,1718.1297051428573,7.555392696430939,mango
25,22,25,33.56150184,45.53556603,5.977413802999999,95.70525913,72,1.1363636363636365,1.0,0.88,0.1666666597222225,43.57993146532375,15.282419831012863,1,0,0,0,1,1,0.5225861970000008,1,0,0,0,0.2730963332949236,149.435345075,131.503103666,1718.1297051428573,7.555392696430939,mango
0,21,32,35.89855625,54.25964196,6.430139436,92.19721736,53,0.0,0.0,0.65625,1.9999998867924587,50.025880036618965,19.478428090059204,1,0,0,0,1,1,0.06986056399999985,1,0,0,0,0.0048804984023980745,0.0,135.032928156,1718.1297051428573,7.555392696430939,mango
20,19,35,34.17719782,50.62161586,6.113935087000001,98.00687989,74,1.0526315789473684,0.5714285714285714,0.5428571428571428,0.8378378038714404,49.61266625428739,17.301049792152696,1,0,0,0,1,1,0.38606491299999934,1,0,0,0,0.14904611704969706,122.27870174000002,116.16476665300002,1718.1297051428573,7.555392696430939,mango
19,21,34,30.01592643,53.19212381,5.074272692,97.72843182,74,0.9047619047619048,0.5588235294117647,0.6176470588235294,0.75675672607743,51.983828451265836,15.966108749364114,1,0,0,0,1,0,1.425727308,1,0,1,0,2.0326983567769266,96.411181148,106.559726532,1718.1297051428573,7.555392696430939,mango
18,17,31,31.74592134,45.16127859,5.667507706,93.75441586,66,1.0588235294117647,0.5806451612903226,0.5483870967741935,0.8181817809917372,42.340692936961744,14.336863977319661,1,0,0,0,1,0,0.8324922939999997,1,0,0,0,0.6930434195693819,102.01513870800001,96.347631002,1718.1297051428573,7.555392696430939,mango
11,36,33,35.99009679,52.22780489,5.978634285,95.3713484,80,0.3055555555555556,0.3333333333333333,1.0909090909090908,1.1749999559375015,49.81036176331414,18.79683753120336,1,0,0,0,1,1,0.521365715,1,0,0,0,0.27182220877746116,65.764977135,215.23083426,1718.1297051428573,7.555392696430939,mango
30,28,30,31.86641378,52.19331595,5.064613314,98.46768642,88,1.0714285714285714,1.0,0.9333333333333333,0.09090908780991751,51.393550681845845,16.632138026129734,1,0,0,0,1,0,1.4353866860000002,1,0,1,0,2.060334938346063,151.93839942,141.809172792,1718.1297051428573,7.555392696430939,mango
18,19,27,27.75518664,52.34605806,4.772385986000001,94.11213345,64,0.9473684210526315,0.6666666666666666,0.7037037037037037,0.5312499750976574,49.263992017241684,14.528746113235764,1,0,0,0,0,0,1.7276140139999994,1,0,1,0,2.98465018136919,85.90294774800002,90.675333734,1718.1297051428573,7.555392696430939,mango
23,23,27,34.72413192,51.4271781,5.161148592,97.31258083,73,1.0,0.8518518518518519,0.8518518518518519,0.2191780731844627,50.045114257150566,17.85764116617735,1,0,0,0,1,1,1.338851408,1,0,1,0,1.7925230927035825,118.706417616,118.706417616,1718.1297051428573,7.555392696430939,mango
37,30,34,27.53907547,53.63549533,6.797779227,99.35408185,101,1.2333333333333334,1.088235294117647,0.8823529411764706,0.2178217757082642,53.28905393082112,14.770719537637024,1,0,0,0,0,0,0.29777922700000037,0,0,0,0,0.08867246803271775,251.51783139900002,203.93337681,1718.1297051428573,7.555392696430939,mango
11,27,30,27.69637763,48.56224879999999,6.39474303,89.85646496,68,0.4074074074074074,0.36666666666666664,0.9,1.0294117192906593,43.63632007676001,13.44998381326814,1,0,0,0,0,0,0.10525697000000012,1,0,0,0,0.011079029733580924,70.34217333,172.65806181,1718.1297051428573,7.555392696430939,mango
12,19,31,27.25373364,52.66319725,5.566704378,91.87312479,62,0.631578947368421,0.3870967741935484,0.6129032258064516,0.9999999516129056,48.38332492789635,14.352687504822805,1,0,0,0,0,0,0.9332956220000002,1,0,0,0,0.8710407180443672,66.800452536,105.767383182,1718.1297051428573,7.555392696430939,mango
3,28,33,30.33723921,48.88704844,5.755049971,94.42850522,64,0.10714285714285714,0.09090909090909091,0.8484848484848485,1.7187499194335978,46.16330908806933,14.830980827951374,1,0,0,0,1,0,0.744950029,1,0,0,0,0.5549505457071008,17.265149913000002,161.141399188,1718.1297051428573,7.555392696430939,mango
37,38,32,31.85744939,45.53106268,5.417340525,91.55845821,107,0.9736842105263158,1.15625,1.1875,0.20560747087081868,41.68753899643671,14.505035250010177,1,0,0,0,1,0,1.0826594749999998,1,0,1,0,1.1721515388072752,200.441599425,205.85893995,1718.1297051428573,7.555392696430939,mango
26,37,30,35.39986338,49.45962621,6.166173833999999,97.41054011,93,0.7027027027027027,0.8666666666666667,1.2333333333333334,0.38709676170655605,48.178889027548124,17.508640106598673,1,0,0,0,1,1,0.3338261660000006,1,0,0,0,0.11143990910625995,160.32051968399998,228.14843185799998,1718.1297051428573,7.555392696430939,mango
14,18,30,29.80747243,52.13797867,5.191265116,95.74606104,62,0.7777777777777778,0.4666666666666667,0.6,0.9032257627471405,49.920060882400385,15.541013617619534,1,0,0,0,1,0,1.3087348839999997,1,0,1,0,1.7127869965984928,72.67771162400001,93.442772088,1718.1297051428573,7.555392696430939,mango
40,16,35,34.16438906,54.16482251,4.954739564,98.33351125,91,2.5,1.1428571428571428,0.45714285714285713,0.9450549138992886,53.26217183641338,18.505080695974854,1,0,0,0,1,1,1.5452604360000004,1,0,1,0,2.3878298150669113,198.18958256,79.275833024,1718.1297051428573,7.555392696430939,mango
4,20,25,28.93270187,47.94053996,5.664587011,99.9834242,49,0.2,0.16,0.8,1.5102039891711845,47.93259343197731,13.870493501495018,1,0,0,0,1,0,0.8354129889999999,1,0,0,0,0.697914862189914,22.658348044,113.29174022000001,1718.1297051428573,7.555392696430939,mango
36,25,33,27.98392787,53.33018851,5.548584852,99.61465679,94,1.44,1.0909090909090908,0.7575757575757576,0.4042553062471711,53.124684249696514,14.923881485573427,1,0,0,0,0,0,0.9514151479999997,1,0,0,0,0.9051907838438613,199.749054672,138.7146213,1718.1297051428573,7.555392696430939,mango
30,17,31,31.20478173,54.49960506,6.804437106,94.62954663,78,1.7647058823529411,0.967741935483871,0.5483870967741935,0.6923076656804744,51.57272918341854,17.006482802685035,1,0,0,0,1,0,0.30443710599999996,0,0,0,0,0.0926819515096552,204.13311318,115.675430802,1718.1297051428573,7.555392696430939,mango
28,37,28,32.13409675,50.52559148,6.097869767000001,98.63333684,93,0.7567567567567568,1.0,1.3214285714285714,0.38709676170655605,49.83507683487074,16.235942449692956,1,0,0,0,1,1,0.4021302329999994,1,0,0,0,0.1617087242926338,170.74035347600002,225.62118137900003,1718.1297051428573,7.555392696430939,mango
38,15,30,28.91862016,48.13974548,5.075504537,97.01331604,83,2.533333333333333,1.2666666666666666,0.5,0.9156626175061703,46.70196342336402,13.921350141351969,1,0,0,0,1,0,1.4244954630000004,1,0,1,0,2.0291873241075855,192.869172406,76.132568055,1718.1297051428573,7.555392696430939,mango
12,37,30,31.09779147,47.41196659,4.546466109,90.28624348,79,0.32432432432432434,0.4,1.2333333333333334,1.0886075535971815,42.80648359410365,14.74407450198427,1,0,0,0,1,0,1.9535338910000002,1,0,1,0,3.8162946632856007,54.557593307999994,168.219246033,1718.1297051428573,7.555392696430939,mango
38,19,31,34.73823882,49.08864345,5.855119267999999,90.65022183,88,2.0,1.2258064516129032,0.6129032258064516,0.7045454305268604,44.49896418076276,17.052530195159285,1,0,0,0,1,1,0.6448807320000007,1,0,0,0,0.4158711585048568,222.49453218399998,111.24726609199999,1718.1297051428573,7.555392696430939,mango
8,33,29,29.98080499,49.48613279,6.442393461,91.82271568,70,0.24242424242424243,0.27586206896551724,1.1379310344827587,1.3142856579591862,45.43951101278895,14.836340968862345,1,0,0,0,1,0,0.05760653900000001,1,0,0,0,0.0033185133355585223,51.539147688,212.598984213,1718.1297051428573,7.555392696430939,mango
15,27,28,33.80398664,46.12866113,4.507523551,90.82549241,70,0.5555555555555556,0.5357142857142857,0.9642857142857143,0.7142856836734708,41.89658361346277,15.593326445596071,1,0,0,0,1,1,1.9924764489999998,1,0,1,0,3.9699623998196487,67.612853265,121.70313587700001,1718.1297051428573,7.555392696430939,mango
34,16,25,30.07202564,50.96040505,6.10729559,92.09609766,75,2.125,1.36,0.64,0.7199999712000011,46.93254440277957,15.324826072883855,1,0,0,0,1,0,0.39270441000000034,1,0,0,0,0.15421675363344836,207.64805006,97.71672944,1718.1297051428573,7.555392696430939,mango
11,36,31,27.92063282,51.77965917,6.47544932,100.2585673,78,0.3055555555555556,0.3548387096774194,1.1612903225806452,1.1538461094674572,51.91354443666507,14.457208512303161,1,0,0,0,0,0,0.024550679999999936,1,0,0,0,0.0006027358884623968,71.22994252,233.11617552,1718.1297051428573,7.555392696430939,mango
33,29,34,31.40948821,49.21729127,6.832979508999999,92.99739415,96,1.1379310344827587,0.9705882352941176,0.8529411764705882,0.1874999941406252,45.77079835231544,15.458899298732009,1,0,0,0,1,0,0.3329795089999994,0,0,0,0,0.11087535341388068,225.488323797,198.15640576099997,1718.1297051428573,7.555392696430939,mango
12,31,26,35.7877738,51.94190321,5.395275719,100.2160615,69,0.3870967741935484,0.46153846153846156,1.1923076923076923,0.9565216975425348,52.054129665204066,18.588850828209736,1,0,0,0,1,1,1.1047242810000002,1,0,1,0,1.2204157370309674,64.743308628,167.25354728899998,1718.1297051428573,7.555392696430939,mango
12,34,28,33.36140093,45.02236377,6.13526938,98.81596545,74,0.35294117647058826,0.42857142857142855,1.2142857142857142,1.0270269853907978,44.48928342773651,15.020091285472763,1,0,0,0,1,1,0.36473061999999956,1,0,0,0,0.13302842516558408,73.62323256,208.59915892,1718.1297051428573,7.555392696430939,mango
5,16,31,35.96054636,48.69677802,4.555688532,98.00644238,52,0.3125,0.16129032258064516,0.5161290322580645,1.5769229859467508,47.72597969108781,17.51162743570839,1,0,0,0,1,1,1.9443114680000004,1,0,1,0,3.7803470845963165,22.778442659999996,72.891016512,1718.1297051428573,7.555392696430939,mango
1,30,29,28.33333307,51.39586505,6.4341977560000005,91.67241761,60,0.03333333333333333,0.034482758620689655,1.0344827586206897,1.8999999050000047,47.11583204290803,14.56216162882422,1,0,0,0,1,0,0.06580224399999945,1,0,0,0,0.004329935315435464,6.4341977560000005,193.02593268,1718.1297051428573,7.555392696430939,mango
16,35,31,32.27652024,50.19368841,5.316875978000001,95.99487068,82,0.45714285714285713,0.5161290322580645,1.1290322580645162,0.8292682623438441,48.183366278701655,16.200775998856187,1,0,0,0,1,1,1.1831240219999994,1,0,1,0,1.3997824514334551,85.07001564800001,186.09065923000003,1718.1297051428573,7.555392696430939,mango
35,18,26,31.99490489,50.84881347,5.279388967,97.38741498,79,1.9444444444444444,1.3461538461538463,0.6923076923076923,0.6582278231052725,49.520344986435035,16.269029507420008,1,0,0,0,1,0,1.220611033,1,0,1,0,1.489891293881327,184.778613845,95.029001406,1718.1297051428573,7.555392696430939,mango
4,40,26,27.58258929,48.56916221,6.720041791,95.8445641,70,0.1,0.15384615384615385,1.5384615384615385,1.6571427861224521,46.550901807196425,13.396632533978188,1,0,0,0,0,0,0.22004179099999988,0,0,0,0,0.048418389786487624,26.880167164,268.80167164,1718.1297051428573,7.555392696430939,mango
9,29,34,29.38471637,45.88744691,5.72742254,100.8124659,72,0.3103448275862069,0.2647058823529412,0.8529411764705882,1.2499999479166688,46.26026676852436,13.483896123937829,1,0,0,0,1,0,0.7725774599999999,1,0,0,0,0.5968759317000515,51.54680286,166.09525366,1718.1297051428573,7.555392696430939,mango
2,38,33,32.38697531,53.2328243,4.691396195,90.21633216,73,0.05263157894736842,0.06060606060606061,1.1515151515151516,1.8356163629198756,48.024701588637186,17.240501662856676,1,0,0,0,1,1,1.8086038049999997,1,0,1,0,3.271047723460477,9.38279239,178.27305541,1718.1297051428573,7.555392696430939,mango
26,32,32,30.91471455,49.92963856,6.810186079,90.14047759,90,0.8125,0.8125,1.0,0.26666665777777804,45.0068146569448,15.43560523667073,1,0,0,0,1,0,0.31018607900000017,0,0,0,0,0.09621540360539435,177.064838054,217.925954528,1718.1297051428573,7.555392696430939,mango
34,38,31,35.37775595,45.58110023,6.454045329,97.41586402,103,0.8947368421052632,1.096774193548387,1.2258064516129032,0.21359222678857598,44.403222618876704,16.12557039869429,1,0,0,0,1,1,0.045954670999999614,1,0,0,0,0.0021118317867182055,219.437541186,245.25372250200002,1718.1297051428573,7.555392696430939,mango
5,32,33,32.32362177,52.58967710000001,5.842763773,93.36718816,70,0.15625,0.15151515151515152,0.9696969696969697,1.5714285040816358,49.101502770693436,16.99888831586831,1,0,0,0,1,1,0.6572362270000003,1,0,0,0,0.4319594580811959,29.213818865,186.968440736,1718.1297051428573,7.555392696430939,mango
31,29,26,28.22373428,47.40519056,5.024124683999999,97.76832322,86,1.0689655172413792,1.1923076923076923,1.1153846153846154,0.18604650513791254,46.347259929757726,13.379515018582042,1,0,0,0,1,0,1.4758753160000007,1,0,1,0,2.178207948378102,155.747865204,145.699615836,1718.1297051428573,7.555392696430939,mango
34,34,35,27.27433181,47.16808054,6.422710539,95.257992,103,1.0,0.9714285714285714,0.9714285714285714,0.03883495032519569,44.931366387346756,12.864778794887638,1,0,0,0,0,0,0.07728946100000034,1,0,0,0,0.005973660781670573,218.37215832599998,218.37215832599998,1718.1297051428573,7.555392696430939,mango
36,19,32,27.10710832,50.70880979,4.94295037,92.37238878,87,1.894736842105263,1.125,0.59375,0.689655148632581,46.840938924929496,13.745691997558064,1,0,0,0,0,0,1.5570496299999999,1,0,1,0,2.4244035502831363,177.94621332,93.91605703,1718.1297051428573,7.555392696430939,mango
7,17,26,34.89226666,48.75613373,6.414526606,91.63074547,50,0.4117647058823529,0.2692307692307692,0.6538461538461539,1.159999930400004,44.67560879914912,17.012120194177804,1,0,0,0,1,1,0.08547339400000009,1,0,0,0,0.007305701081879252,44.901686242,109.046952302,1718.1297051428573,7.555392696430939,mango
38,15,27,33.7462686,48.50387598,6.777788126,92.26439205,80,2.533333333333333,1.4074074074074074,0.5555555555555556,0.8749999671875011,44.751806293632974,16.36824826962168,1,0,0,0,1,1,0.2777881259999999,0,0,0,0,0.07716624294659183,257.555948788,101.66682189,1718.1297051428573,7.555392696430939,mango
5,19,25,27.351105600000004,54.43945147,6.441328044,96.27792547,49,0.2631578947368421,0.2,0.76,1.3877550170762236,52.41317451256342,14.889791859620454,1,0,0,0,0,0,0.058671956000000414,1,0,0,0,0.0034423984208659846,32.20664022,122.38523283599999,1718.1297051428573,7.555392696430939,mango
37,36,26,32.89300162,52.61323969,4.650536197,94.49161372,99,1.0277777777777777,1.4230769230769231,1.3846153846153846,0.42424241138659363,49.71509921345253,17.306073783566184,1,0,0,0,1,1,1.849463803,1,0,1,0,3.4205163586072223,172.06983928900002,167.419303092,1718.1297051428573,7.555392696430939,mango
21,31,32,35.38598705,51.42664176,5.254532213,90.29643888,84,0.6774193548387096,0.65625,0.96875,0.49999998214285774,46.436426144854956,18.19782479344349,1,0,0,0,1,1,1.245467787,1,0,1,0,1.5511900084546772,110.345176473,162.890498603,1718.1297051428573,7.555392696430939,mango
37,36,27,27.552973600000005,47.90859131,5.910634533,90.40332704,100,1.0277777777777777,1.3703703703703705,1.3333333333333333,0.3799999886000003,43.31096048223632,13.200241515776195,1,0,0,0,0,0,0.5893654670000004,1,0,0,0,0.3473516536921285,218.693477721,212.782843188,1718.1297051428573,7.555392696430939,mango
23,23,30,32.82141065,47.45553843,4.755273631000001,90.89173106,76,1.0,0.7666666666666667,0.7666666666666667,0.3684210380886432,43.13316036287055,15.575577144278862,1,0,0,0,1,1,1.7447263689999994,1,0,1,0,3.0440701026839223,109.37129351300001,109.37129351300001,1718.1297051428573,7.555392696430939,mango
36,26,26,30.17294105,51.0845903,6.814630246,95.23444287,88,1.3846153846153846,1.3846153846153846,1.0,0.4545454390495873,48.65012496462706,15.413723316853018,1,0,0,0,1,0,0.3146302460000001,0,0,0,0,0.09899219169802059,245.326688856,177.18038639600002,1718.1297051428573,7.555392696430939,mango
24,33,35,29.26382931,54.82257868,5.342866119,100.7586226,92,0.7272727272727273,0.6857142857142857,0.9428571428571428,0.4347825945179588,55.23847515176926,16.04318584825565,1,0,0,0,1,0,1.157133881,1,0,1,0,1.3389588185581223,128.228786856,176.314581927,1718.1297051428573,7.555392696430939,mango
26,18,30,32.06097197,51.08494181,6.336234623999999,96.59816497,74,1.4444444444444444,0.8666666666666667,0.6,0.5405405186267357,49.3471163644523,16.378328874594906,1,0,0,0,1,1,0.16376537600000063,1,0,0,0,0.02681909837642158,164.74210022399998,114.05222323199999,1718.1297051428573,7.555392696430939,mango
22,17,26,28.69818144,47.71875722,4.754435025,99.642454,65,1.2941176470588236,0.8461538461538461,0.6538461538461539,0.4307692108875748,47.54814071231018,13.694415527908701,1,0,0,0,1,0,1.7455649749999997,1,0,1,0,3.0469970819467496,104.59757055,80.82539542500001,1718.1297051428573,7.555392696430939,mango
11,34,32,29.14305008,49.40983294,6.831706773,97.55155537,77,0.3235294117647059,0.34375,1.0625,1.1428570983302428,48.200060538688604,14.399532358148537,1,0,0,0,1,0,0.3317067729999996,0,0,0,0,0.11002938325407328,75.148774503,232.27803028199997,1718.1297051428573,7.555392696430939,mango
29,35,28,28.347161100000005,53.53903102,6.9674177660000005,90.40260445,92,0.8285714285714286,1.0357142857142858,1.25,0.2826086864366733,48.4006784393734,15.176795374618377,1,0,0,0,1,0,0.4674177660000005,0,0,0,0,0.21847936797243123,202.055115214,243.85962181000002,1718.1297051428573,7.555392696430939,mango
22,28,26,27.67256197,45.41692012,4.947683034,92.84991507,76,0.7857142857142857,0.8461538461538461,1.0769230769230769,0.2631578843490309,42.16957175882974,12.568025365072398,1,0,0,0,0,0,1.5523169660000002,1,0,1,0,2.409687962931446,108.849026748,138.535124952,1718.1297051428573,7.555392696430939,mango
23,24,32,28.1218093,46.16888595,5.630619901,93.30247448,79,0.9583333333333334,0.71875,0.75,0.4303797304919089,43.07671303119906,12.983526062793494,1,0,0,0,1,0,0.8693800989999998,1,0,0,0,0.7558217565372495,129.504257723,135.134877624,1718.1297051428573,7.555392696430939,mango
1,35,34,30.79375683,46.69536813,6.27339822,92.21318555,70,0.02857142857142857,0.029411764705882353,1.0294117647058822,1.9142856322449018,43.059286456972465,14.379258112825518,1,0,0,0,1,0,0.2266017800000002,1,0,0,0,0.051348366699168486,6.27339822,219.5689377,1718.1297051428573,7.555392696430939,mango
2,24,34,28.89409382,54.80750249,6.472774648,94.76322976,60,0.08333333333333333,0.058823529411764705,0.7058823529411765,1.7999999100000044,51.93735951031641,15.836131189859433,1,0,0,0,1,0,0.027225352000000314,1,0,0,0,0.000741219791523921,12.945549296,155.346591552,1718.1297051428573,7.555392696430939,mango
39,37,25,33.33024826,45.61143594,6.953246506,98.28583013,101,1.054054054054054,1.56,1.48,0.514851469855897,44.82957844784217,15.202404833752864,1,0,0,0,1,1,0.45324650600000016,0,0,0,0,0.20543239520120818,271.176613734,257.270120722,1718.1297051428573,7.555392696430939,mango
15,36,27,27.78912455,53.96886679,5.6437102160000014,91.01152997,78,0.4166666666666667,0.5555555555555556,1.3333333333333333,0.8461538136094686,49.11789137305023,14.997475610496688,1,0,0,0,0,0,0.8562897839999986,1,0,0,0,0.7332321941827642,84.65565324000002,203.17356777600006,1718.1297051428573,7.555392696430939,mango
3,18,31,31.65333432,48.20662669,6.392313972999999,91.09745581,52,0.16666666666666666,0.0967741935483871,0.5806451612903226,1.6538460584319583,43.91501044641441,15.259004710580049,1,0,0,0,1,0,0.10768602700000063,1,0,0,0,0.011596280411044864,19.176941918999997,115.06165151399999,1718.1297051428573,7.555392696430939,mango
8,38,32,29.75150773,46.73723302,4.981816523,91.405983,78,0.21052631578947367,0.25,1.1875,1.3846153313609488,42.72062726893159,13.90503149473341,1,0,0,0,1,0,1.518183477,1,0,1,0,2.3048810698358095,39.854532184,189.309027874,1718.1297051428573,7.555392696430939,mango
33,31,34,31.32995611,50.22287593,5.421265282999999,89.78216168,98,1.064516129032258,0.9705882352941176,0.9117647058823529,0.10204081320283234,45.091183667818406,15.734804986048754,1,0,0,0,1,0,1.0787347170000006,1,0,1,0,1.1636685896610712,178.90175433899998,168.05922377299999,1718.1297051428573,7.555392696430939,mango
14,29,32,35.63627319,48.97047762,6.942520105,97.51952041,75,0.4827586206896552,0.4375,0.90625,0.8799999648000014,47.75577491751038,17.451253187111007,1,0,0,0,1,1,0.44252010499999983,0,0,0,0,0.19582404332921088,97.19528147,201.333083045,1718.1297051428573,7.555392696430939,mango
18,20,26,31.66524687,51.98594645,5.435840509,89.98024312,64,0.9,0.6923076923076923,0.7692307692307693,0.4374999794921884,46.777081003943,16.4614782810985,1,0,0,0,1,0,1.0641594909999998,1,0,1,0,1.1324354222853787,97.845129162,108.71681018000001,1718.1297051428573,7.555392696430939,mango
9,21,32,32.26935342,53.56092806,5.870116071,95.94035356,62,0.42857142857142855,0.28125,0.65625,1.1290322034339255,51.38654375078125,17.28376517071335,1,0,0,0,1,1,0.629883929,1,0,0,0,0.39675376401247703,52.831044639,123.272437491,1718.1297051428573,7.555392696430939,mango
20,30,27,27.81005614,51.59445462,4.74910393,95.89898581,77,0.6666666666666666,0.7407407407407407,1.1111111111111112,0.4415584243548665,49.47855871478068,14.348446794948822,1,0,0,0,0,0,1.7508960699999996,1,0,1,0,3.0656370479414434,94.98207860000001,142.4731179,1718.1297051428573,7.555392696430939,mango
9,38,25,34.58561471,50.34035336,5.497946899,100.3060719,72,0.23684210526315788,0.36,1.52,1.2499999479166688,50.49443103599567,17.41052065674214,1,0,0,0,1,1,1.0020531009999996,1,0,1,0,1.0041104172237154,49.481522091,208.921982162,1718.1297051428573,7.555392696430939,mango
26,24,34,31.27180992,52.23810152,6.811291098,89.74409017,84,1.0833333333333333,0.7647058823529411,0.7058823529411765,0.4285714132653067,46.88060893120495,16.33579981315103,1,0,0,0,1,0,0.3112910979999999,0,0,0,0,0.09690214769404552,177.093568548,163.470986352,1718.1297051428573,7.555392696430939,mango
31,36,29,33.93679864,52.72170281,6.460542749,97.4611918,96,0.8611111111111112,1.0689655172413792,1.2413793103448276,0.24999999218750027,51.38319989588008,17.89205812220892,1,0,0,0,1,1,0.03945725099999997,1,0,0,0,0.0015568746564769986,200.276825219,232.579538964,1718.1297051428573,7.555392696430939,mango
14,18,35,31.09154239,47.02058367,4.791146778,91.46664318,67,0.7777777777777778,0.4,0.5142857142857142,1.1343283074181354,43.00814948659225,14.619424703783467,1,0,0,0,1,0,1.7088532220000001,1,0,1,0,2.9201793343397817,67.076054892,86.240642004,1718.1297051428573,7.555392696430939,mango
40,16,35,31.89356292,49.02450149,6.4841522000000005,89.59371481,91,2.5,1.1428571428571428,0.45714285714285713,0.9450549138992886,43.9228720519748,15.635660228929488,1,0,0,0,1,0,0.015847799999999523,1,0,0,0,0.0002511527648399849,259.366088,103.74643520000001,1718.1297051428573,7.555392696430939,mango
28,27,34,32.45465292,50.69693751,6.526654345,95.04871605,89,1.037037037037037,0.8235294117647058,0.7941176470588235,0.292134821613433,48.186788179925834,16.45351510993979,1,0,0,0,1,1,0.026654344999999857,0,0,0,0,0.0007104541073790174,182.74632166,176.219667315,1718.1297051428573,7.555392696430939,mango
0,17,30,35.47478322,47.97230503,6.279133738,97.79072474,47,0.0,0.0,0.5666666666666667,1.999999872340434,46.91246476332048,17.018071215029657,1,0,0,0,1,1,0.22086626200000037,1,0,0,0,0.04878190568985281,0.0,106.74527354599999,1718.1297051428573,7.555392696430939,mango
1,29,29,27.32961444,49.30347234,6.052026047000001,93.53197359,59,0.034482758620689655,0.034482758620689655,1.0,1.8983049882217797,46.114510728001754,13.474448896054046,1,0,0,0,0,0,0.4479739529999991,1,0,0,0,0.2006806625664454,6.052026047000001,175.50875536300003,1718.1297051428573,7.555392696430939,mango
2,36,31,30.90225239,49.95955487,5.73171945,91.77522598,69,0.05555555555555555,0.06451612903225806,1.1612903225806452,1.8260868771266574,45.850494380544596,15.438627738847938,1,0,0,0,1,0,0.7682805500000001,1,0,0,0,0.5902550035083026,11.4634389,206.3419002,1718.1297051428573,7.555392696430939,mango
12,27,26,29.09382275,45.5661059,5.32307197,96.23520043,65,0.4444444444444444,0.46153846153846156,1.0384615384615385,0.8923076511242621,43.850633341011054,13.256922084623293,1,0,0,0,1,0,1.17692803,1,0,1,0,1.385159587799681,63.876863639999996,143.72294319,1718.1297051428573,7.555392696430939,mango
7,28,35,30.02086169,46.78393776,4.66910839,96.63721027,70,0.25,0.2,0.8,1.3999999400000027,45.210692305717124,14.044941248065284,1,0,0,0,1,0,1.8308916100000001,1,0,1,0,3.3521640875683927,32.68375873,130.73503492,1718.1297051428573,7.555392696430939,mango
0,36,26,34.13072188,51.25786185,5.101206389,96.38808001,62,0.0,0.0,1.3846153846153846,1.9999999032258107,49.40646889139326,17.494678269658124,1,0,0,0,1,1,1.3987936110000003,1,0,1,0,1.9566235661744202,0.0,183.64343000399998,1718.1297051428573,7.555392696430939,mango
26,35,31,33.44619894,53.05980465,5.339556562,98.05089394,92,0.7428571428571429,0.8387096774193549,1.1290322580645162,0.30434781616257117,52.02561278214268,17.74648782041437,1,0,0,0,1,1,1.1604434379999997,1,0,1,0,1.3466289727972591,138.82847061200002,186.88447967000002,1718.1297051428573,7.555392696430939,mango
27,21,30,35.3915464,52.48823147,5.061081874,91.22881052,78,1.2857142857142858,0.9,0.7,0.3846153698224858,47.88438923306531,18.576396795244456,1,0,0,0,1,1,1.438918126,1,0,1,0,2.0704853733313517,136.649210598,106.28271935400001,1718.1297051428573,7.555392696430939,mango
22,38,31,31.53356352,53.06009323,5.8211060360000015,98.57025046,91,0.5789473684210527,0.7096774193548387,1.2258064516129032,0.5494505313367957,52.301466791120504,16.731738202453272,1,0,0,0,1,0,0.6788939639999985,1,0,0,0,0.4608970143556312,128.06433279200004,221.20202936800007,1718.1297051428573,7.555392696430939,mango
22,18,31,30.764551500000003,47.93791463,5.956027059,90.38503469,71,1.2222222222222223,0.7096774193548387,0.5806451612903226,0.6197182836738754,43.32870076798808,14.747884434372386,1,0,0,0,1,0,0.5439729409999998,1,0,0,0,0.29590656054018927,131.032595298,107.208487062,1718.1297051428573,7.555392696430939,mango
28,23,28,30.01821337,50.09831810000001,5.676032581,96.08745082,79,1.2173913043478262,1.0,0.8214285714285714,0.2531645473481818,48.13819676598467,15.038620022039332,1,0,0,0,1,0,0.8239674189999997,1,0,0,0,0.6789223075735211,158.928912268,130.548749363,1718.1297051428573,7.555392696430939,mango
7,31,27,31.32863689,47.59319575,6.524114355,94.67344737,65,0.22580645161290322,0.25925925925925924,1.1481481481481481,1.3538460913609494,45.05811913007733,14.910299480864412,1,0,0,0,1,0,0.024114355000000032,0,0,0,0,0.0005815021170660265,45.668800485,202.247545005,1718.1297051428573,7.555392696430939,mango
29,34,26,33.88004781,54.39416048,6.2739536760000005,89.29147581,89,0.8529411764705882,1.1153846153846154,1.3076923076923077,0.292134821613433,48.569348647051775,18.428767576472126,1,0,0,0,1,1,0.22604632399999947,1,0,0,0,0.05109694059391273,181.94465660400002,213.31442498400003,1718.1297051428573,7.555392696430939,mango
8,37,33,28.07802689,54.9640534,6.128167757000001,97.45373619,78,0.21621621621621623,0.24242424242424243,1.121212121212121,1.3846153313609488,53.56452359976673,15.432821693485959,1,0,0,0,1,0,0.3718322429999992,1,0,0,0,0.13825921693441043,49.02534205600001,226.74220700900003,1718.1297051428573,7.555392696430939,mango
39,16,27,35.53845018,52.94641947,4.934964765,91.54560427,82,2.4375,1.4444444444444444,0.5925925925925926,0.853658505353957,48.470119643140436,18.816336905439773,1,0,0,0,1,1,1.5650352349999999,1,0,1,0,2.449335286791505,192.46362583500002,78.95943624,1718.1297051428573,7.555392696430939,mango
40,24,25,28.70595247,50.44030129,5.445008416,95.8946444,89,1.6666666666666667,1.6,0.96,0.6966291900012632,48.36954755633411,14.479368914032197,1,0,0,0,1,0,1.0549915839999997,1,0,1,0,1.1130072423108284,217.80033664,130.680201984,1718.1297051428573,7.555392696430939,mango
19,38,26,31.48451729,48.77926304,4.525722333,93.17221967,83,0.5,0.7307692307692307,1.4615384615384615,0.7469879248076654,45.44872211303592,15.357915505763378,1,0,0,0,1,0,1.974277667,1,0,1,0,3.8977723064149625,85.988724327,171.977448654,1718.1297051428573,7.555392696430939,mango
21,21,30,27.69819273,51.41593238,5.403908327999999,100.7720705,72,1.0,0.7,0.7,0.4999999791666675,51.812899626205926,14.241284044538874,1,0,0,0,0,0,1.096091672000001,1,0,1,0,1.2014169534277577,113.48207488799999,113.48207488799999,1718.1297051428573,7.555392696430939,mango
22,18,33,30.41235793,52.48100602,6.621623545,93.92375879,73,1.2222222222222223,0.6666666666666666,0.5454545454545454,0.7123287378495039,49.29213350479017,15.960711396067246,1,0,0,0,1,0,0.12162354500000028,0,0,0,0,0.014792286698367092,145.67571799,119.18922381,1718.1297051428573,7.555392696430939,mango
31,20,30,32.17752026,54.01352682,6.207495815,91.88766069,81,1.55,1.0333333333333334,0.6666666666666666,0.5185184993141296,49.63176625106375,17.380213535646035,1,0,0,0,1,1,0.2925041850000003,1,0,0,0,0.0855586982425144,192.432370265,124.1499163,1718.1297051428573,7.555392696430939,mango
18,26,31,32.611261400000004,47.74916499,5.418475257000001,91.10190759,75,0.6923076923076923,0.5806451612903226,0.8387096774193549,0.5599999776000009,43.50040016418643,15.571605011206184,1,0,0,0,1,1,1.0815247429999992,1,0,1,0,1.1696957697212145,97.532554626,140.880356682,1718.1297051428573,7.555392696430939,mango
24,130,195,29.99677232,81.54156612,6.112305667,67.12534492,349,0.18461538461538463,0.12307692307692308,0.6666666666666666,1.5873925364980588,54.735057511219864,24.45983793517866,1,0,0,0,1,0,0.3876943329999998,1,0,0,0,0.15030689584031473,146.695336008,794.59973671,1718.1297051428573,7.555392696430939,grapes
36,125,196,37.46566825,80.65968681,6.15526103,66.83872293,357,0.288,0.1836734693877551,0.6377551020408163,1.3949579714709415,53.911904583141656,30.21969067172361,1,0,0,0,1,1,0.34473896999999987,1,0,0,0,0.1188449574366608,221.58939708,769.4076287500001,1718.1297051428573,7.555392696430939,grapes
24,131,196,22.03296178,83.74372787,5.732453638,65.34440794,351,0.183206106870229,0.12244897959183673,0.6683673469387755,1.589743576156038,54.72184316353626,18.451223554744306,1,0,0,0,0,0,0.767546362,1,0,0,0,0.5891274178194351,137.578887312,750.951426578,1718.1297051428573,7.555392696430939,grapes
2,123,198,39.64851881,82.21079946,6.253034534,70.39906054,323,0.016260162601626018,0.010101010101010102,0.6212121212121212,1.9628482789828332,57.87563048226339,32.59536428774948,1,0,0,0,1,1,0.2469654659999998,1,0,0,0,0.060991941396597055,12.506069068,769.123247682,1718.1297051428573,7.555392696430939,grapes
35,140,197,16.77557314,82.75241875,6.106190557000001,66.76285469,372,0.25,0.17766497461928935,0.7106598984771574,1.4354838593912593,55.24787708252281,13.882192532525323,1,0,0,1,0,0,0.3938094429999994,1,0,0,0,0.1550858773959698,213.71666949500002,854.8666779800001,1718.1297051428573,7.555392696430939,grapes
11,122,195,12.14190714,83.56812483,5.647202395,69.63122027,328,0.09016393442622951,0.05641025641025641,0.6256410256410256,1.7987804713526179,58.18950507588586,10.146764115497884,1,0,0,1,0,0,0.8527976050000001,1,0,0,0,0.7272637550937362,62.119226345,688.95869219,1718.1297051428573,7.555392696430939,grapes
25,130,197,39.70772192,82.68593454,5.554831977,74.91506217,352,0.19230769230769232,0.12690355329949238,0.6598984771573604,1.5738636229500262,61.944219266486506,32.83270095409643,1,0,0,0,1,1,0.9451680229999999,1,0,0,0,0.8933425917017284,138.870799425,722.12815701,1718.1297051428573,7.555392696430939,grapes
22,138,195,27.83487131,83.51444973,6.208196881,73.02882766,355,0.15942028985507245,0.11282051282051282,0.7076923076923077,1.6281690003253326,60.989623564519036,23.246139607600142,1,0,0,0,0,0,0.2918031189999999,1,0,0,0,0.0851490602581281,136.580331382,856.731169578,1718.1297051428573,7.555392696430939,grapes
28,122,197,19.89363946,82.73366439,5.856575335,69.66256816,347,0.22950819672131148,0.14213197969543148,0.6192893401015228,1.5158501309868864,57.63439534694941,16.45873690579301,1,0,0,0,0,0,0.6434246650000004,1,0,0,0,0.41399529953036274,163.98410937999998,714.5021908699999,1718.1297051428573,7.555392696430939,grapes
38,132,197,20.42094753,81.54185044,5.931101816,66.93065667,367,0.2878787878787879,0.19289340101522842,0.6700507614213198,1.3787465827350418,54.57649596036129,16.651618493343474,1,0,0,0,0,0,0.568898184,1,0,0,0,0.3236451437584979,225.381869008,782.905439712,1718.1297051428573,7.555392696430939,grapes
36,133,198,25.51939719,83.98351748,6.2286454,69.17281221,367,0.2706766917293233,0.18181818181818182,0.6717171717171717,1.4114441301516831,58.09376083379293,21.43208739985428,1,0,0,0,0,0,0.27135459999999956,1,0,0,0,0.07363331894115976,224.2312344,828.4098382000001,1718.1297051428573,7.555392696430939,grapes
15,125,199,18.426993600000007,80.55625868,5.569230319,69.75734306,339,0.12,0.07537688442211055,0.628140703517588,1.7345132589866084,56.193905723708625,14.844096631363051,1,0,0,0,0,0,0.9307696810000001,1,0,0,0,0.866332199068842,83.538454785,696.153789875,1718.1297051428573,7.555392696430939,grapes
5,126,197,12.80000387,81.20876367,6.417500829,67.10439401,328,0.03968253968253968,0.025380710659898477,0.6395939086294417,1.9085365679097268,54.494648743766525,10.394724892539152,1,0,0,1,0,0,0.08249917100000026,1,0,0,0,0.006806113215687284,32.087504145,808.605104454,1718.1297051428573,7.555392696430939,grapes
30,120,200,38.06099482,82.24729637,6.234904253,65.70148216,350,0.25,0.15,0.6,1.4857142729795918,54.037692751617875,31.304139210975745,1,0,0,0,1,1,0.26509574700000016,1,0,0,0,0.0702757550774881,187.04712759,748.18851036,1718.1297051428573,7.555392696430939,grapes
23,142,197,39.06555518,82.03812973,6.000573725,69.30772897,362,0.1619718309859155,0.116751269035533,0.7208121827411168,1.6187845169713988,56.85876460532539,32.04865083831313,1,0,0,0,1,1,0.49942627500000025,1,0,0,0,0.24942660416037588,138.013195675,852.0814689499999,1718.1297051428573,7.555392696430939,grapes
32,139,198,35.89307536,82.66850729,6.358186848,66.53946559,369,0.2302158273381295,0.16161616161616163,0.702020202020202,1.479674784718091,55.00718296199619,29.67226962058679,1,0,0,0,1,1,0.1418131520000001,1,0,0,0,0.020110970080175136,203.461979136,883.787971872,1718.1297051428573,7.555392696430939,grapes
20,142,196,10.89875873,80.01639435,6.207600782999999,68.69420397,358,0.14084507042253522,0.10204081632653061,0.7244897959183674,1.664804455322868,54.96662514422856,8.720793764651852,1,0,0,1,0,0,0.2923992170000007,1,0,0,0,0.0854973021022135,124.15201565999999,881.4793111859999,1718.1297051428573,7.555392696430939,grapes
3,134,199,20.28370163,81.32235739,5.81717753,71.06611222,336,0.022388059701492536,0.01507537688442211,0.6733668341708543,1.946428554049745,57.79263776272685,16.495184331469854,1,0,0,0,0,0,0.6828224699999996,1,0,0,0,0.4662465255369004,17.45153259,779.50178902,1718.1297051428573,7.555392696430939,grapes
14,131,198,33.4641162,83.86742974,5.562790949,67.92204319,343,0.10687022900763359,0.0707070707070707,0.6616161616161617,1.7551020254655803,56.96447185034571,28.06549414214696,1,0,0,0,1,1,0.937209051,1,0,0,0,0.8783608052763205,77.879073286,728.725614319,1718.1297051428573,7.555392696430939,grapes
11,132,197,15.99050693,81.23966573,5.7343170070000005,74.40198861,340,0.08333333333333333,0.05583756345177665,0.6700507614213198,1.8058823370069208,60.443926843236675,12.990634378464485,1,0,0,1,0,0,0.7656829929999995,1,0,0,0,0.5862704457694373,63.07748707700001,756.929844924,1718.1297051428573,7.555392696430939,grapes
0,137,195,22.4359017,80.18612085,6.329499832000001,65.3973168,332,0.0,0.0,0.7025641025641025,1.9999999819277108,52.439571481905354,17.990479250949203,1,0,0,0,0,0,0.17050016799999934,1,0,0,0,0.029070307288028,0.0,867.1414769840001,1718.1297051428573,7.555392696430939,grapes
19,123,200,34.76086052,81.03544763,6.167013532,65.70430027,342,0.15447154471544716,0.095,0.615,1.6666666520467839,53.243773835953796,28.168618922421942,1,0,0,0,1,1,0.33298646799999965,1,0,0,0,0.11087998787111479,117.173257108,758.542664436,1718.1297051428573,7.555392696430939,grapes
31,136,197,31.11047251,83.34010951,5.653776057999999,71.43001582,364,0.22794117647058823,0.15736040609137056,0.6903553299492385,1.4890109767389208,59.52985340739832,25.927501858912446,1,0,0,0,1,0,0.8462239420000008,1,0,0,0,0.7160949600140207,175.26705779799997,768.9135438879999,1718.1297051428573,7.555392696430939,grapes
4,134,200,28.57828803,80.95628959,5.840256272,73.34232097,338,0.029850746268656716,0.02,0.67,1.9289940657189875,59.375221756500494,23.135921617431105,1,0,0,0,1,0,0.6597437279999996,1,0,0,0,0.43526178663533743,23.361025088,782.594340448,1718.1297051428573,7.555392696430939,grapes
8,127,196,27.02766138,83.17093908,5.833302165,70.95666003,331,0.06299212598425197,0.04081632653061224,0.6479591836734694,1.8549848774472673,59.015320486754,22.479159781108486,1,0,0,0,0,0,0.6666978349999999,1,0,0,0,0.4444860031936871,46.66641732,740.829374955,1718.1297051428573,7.555392696430939,grapes
8,133,195,20.46657776,80.97598029,6.456079585,71.29813872,336,0.06015037593984962,0.041025641025641026,0.6820512820512821,1.8571428405612247,57.73436675704405,16.573011972975124,1,0,0,0,0,0,0.04392041499999966,1,0,0,0,0.0019290028537721948,51.64863668,858.658584805,1718.1297051428573,7.555392696430939,grapes
8,139,199,29.36947679,81.53996362,6.3364266670000005,66.13442813,346,0.05755395683453238,0.04020100502512563,0.6984924623115578,1.8612716601623847,53.92598863749705,23.947860689950343,1,0,0,0,1,0,0.16357333299999954,1,0,0,0,0.02675623526872874,50.691413336000004,880.763306713,1718.1297051428573,7.555392696430939,grapes
40,140,195,14.97846952,80.49979873,6.2943956760000015,71.63437433,375,0.2857142857142857,0.20512820512820512,0.717948717948718,1.35999998912,57.66552715714478,12.057637816434397,1,0,0,1,0,0,0.2056043239999985,1,0,0,0,0.04227313804749636,251.77582704000005,881.2153946400002,1718.1297051428573,7.555392696430939,grapes
19,120,195,18.73932187,81.12109244,5.931538447,73.55807954,334,0.15833333333333333,0.09743589743589744,0.6153846153846154,1.6586826198321922,59.67111770073212,15.201542616791837,1,0,0,0,0,0,0.5684615529999997,1,0,0,0,0.3231485372391714,112.699230493,711.7846136400001,1718.1297051428573,7.555392696430939,grapes
17,136,195,41.20733624,81.61051026,6.389783283,65.90227462,348,0.125,0.08717948717948718,0.6974358974358974,1.7068965370095126,53.78318259032848,33.62951737001789,1,0,0,0,1,1,0.11021671700000013,1,0,0,0,0.012147724706258118,108.626315811,869.010526488,1718.1297051428573,7.555392696430939,grapes
32,130,196,40.66012294,81.24995984,6.372959542,74.03030056,358,0.24615384615384617,0.16326530612244897,0.6632653061224489,1.4636871385724544,60.1495894744313,33.03633355964463,1,0,0,0,1,1,0.12704045799999975,1,0,0,0,0.0161392779688497,203.934705344,828.48474046,1718.1297051428573,7.555392696430939,grapes
15,140,195,13.28504331,83.54193816,5.69945282,65.80006004,350,0.10714285714285714,0.07692307692307693,0.717948717948718,1.7428571279183673,54.970645467859676,11.098582666569417,1,0,0,1,0,0,0.8005471799999997,1,0,0,0,0.6408757874059519,85.4917923,797.9233948000001,1718.1297051428573,7.555392696430939,grapes
39,132,196,35.83089092,83.32560104,5.778594403,73.67984885,367,0.29545454545454547,0.1989795918367347,0.673469387755102,1.3623978090267213,61.394176899626025,29.856305217076788,1,0,0,0,1,1,0.7214055970000004,1,0,0,0,0.520426035382927,225.36518171699998,762.774461196,1718.1297051428573,7.555392696430939,grapes
40,121,199,26.18159716,81.03886263,6.315586313,66.05911698,360,0.3305785123966942,0.20100502512562815,0.6080402010050251,1.3333333222222223,53.5335570640132,21.21726855683238,1,0,0,0,0,0,0.18441368700000016,1,0,0,0,0.03400840795293403,252.62345252,764.1859438729999,1718.1297051428573,7.555392696430939,grapes
32,121,199,39.37102553,81.25353895,6.129812716,74.08101744,352,0.2644628099173554,0.16080402010050251,0.6080402010050251,1.4545454421487607,60.19344836016669,31.99035156403299,1,0,0,0,1,1,0.370187284,1,0,0,0,0.13703862523529667,196.154006912,741.707338636,1718.1297051428573,7.555392696430939,grapes
8,120,196,24.06679352,82.66396666,6.053662544,69.81855775,324,0.06666666666666667,0.04081632653061224,0.6122448979591837,1.8518518347050756,57.714789300952845,19.89456617150384,1,0,0,0,0,0,0.4463374560000002,1,0,0,0,0.1992171246285521,48.429300352,726.4395052799999,1718.1297051428573,7.555392696430939,grapes
35,135,199,21.77466746,80.54942557,6.400719746,69.39630398,369,0.25925925925925924,0.17587939698492464,0.678391959798995,1.4308942973098024,55.89832422270105,17.53936955880771,1,0,0,0,0,0,0.09928025399999996,1,0,0,0,0.009856568834304507,224.02519111,864.09716571,1718.1297051428573,7.555392696430939,grapes
16,145,199,26.91624843,80.76838926,5.953966361,69.30927185,360,0.1103448275862069,0.08040201005025126,0.7286432160804021,1.733333318888889,55.97998248107961,21.73982030613104,1,0,0,0,0,0,0.546033639,1,0,0,0,0.29815273491958233,95.263461776,863.325122345,1718.1297051428573,7.555392696430939,grapes
25,129,195,17.98667801,81.17712085,5.777271492000001,72.37127689,349,0.1937984496124031,0.1282051282051282,0.6615384615384615,1.570200559568477,58.748918901683425,14.601067345078073,1,0,0,1,0,0,0.7227285079999994,1,0,0,0,0.5223364962759053,144.43178730000002,745.268022468,1718.1297051428573,7.555392696430939,grapes
1,132,200,16.27852801,82.94270065,5.620745638,66.57462809,333,0.007575757575757576,0.005,0.66,1.9819819641262886,55.21879448553952,13.501850757560701,1,0,0,1,0,0,0.8792543620000002,1,0,0,0,0.7730882330960274,5.620745638,741.9384242159999,1718.1297051428573,7.555392696430939,grapes
6,128,200,25.96308415,82.57813624,5.838748311,70.31782647,334,0.046875,0.03,0.64,1.8922155518663277,58.06715054340339,21.43983100149285,1,0,0,0,0,0,0.6612516890000002,1,0,0,0,0.437253796205353,35.032489866,747.359783808,1718.1297051428573,7.555392696430939,grapes
6,139,199,25.67385024,81.6212135,6.29099842,74.10919422,344,0.04316546762589928,0.03015075376884422,0.6984924623115578,1.8953488206800972,60.488823637435864,20.955308118060664,1,0,0,0,0,0,0.2090015799999998,1,0,0,0,0.043681660442496315,37.74599052,874.44878038,1718.1297051428573,7.555392696430939,grapes
29,122,196,41.94865736,81.15595212,5.638328481,73.06862952,347,0.23770491803278687,0.14795918367346939,0.6224489795918368,1.498559064853956,59.29954198799138,34.04383228206445,1,0,0,0,1,1,0.8616715189999997,1,0,0,0,0.7424778066557669,163.511525949,687.8760746820001,1718.1297051428573,7.555392696430939,grapes
37,144,197,11.18994268,80.8084305,6.415555956,66.34234944,378,0.2569444444444444,0.18781725888324874,0.7309644670050761,1.4126984014865207,53.61021133928954,9.042417053557637,1,0,0,1,0,0,0.08444404399999961,1,0,0,0,0.00713079656707387,237.37557037200003,923.840057664,1718.1297051428573,7.555392696430939,grapes
38,120,197,17.5438296,82.94703302,6.323722572,73.77063744,355,0.31666666666666665,0.19289340101522842,0.6091370558375635,1.3577464673993258,61.19055499642129,14.552086131284534,1,0,0,1,0,0,0.17627742799999968,1,0,0,0,0.03107373162229507,240.301457736,758.8467086400001,1718.1297051428573,7.555392696430939,grapes
38,141,198,13.05809741,80.28297993,5.757009965,70.75633584,377,0.2695035460992908,0.1919191919191919,0.7121212121212122,1.3952254530883914,56.8052949016306,10.48342972291015,1,0,0,1,0,0,0.742990035,1,0,0,0,0.5520341921093013,218.76637867,811.7384050649999,1718.1297051428573,7.555392696430939,grapes
32,138,197,9.535585543,80.73112694,5.908724337000001,69.44115171,367,0.2318840579710145,0.16243654822335024,0.700507614213198,1.4768392249849658,56.06062433559808,7.698185669191618,1,0,0,1,0,0,0.5912756629999993,1,0,0,0,0.3496069096560888,189.07917878400002,815.4039585060001,1718.1297051428573,7.555392696430939,grapes
23,138,200,9.851242629,80.22631717,5.96537863,68.42802444,361,0.16666666666666666,0.115,0.69,1.6177285184122285,54.89728392039952,7.903289156727786,1,0,0,1,0,0,0.53462137,1,0,0,0,0.2858200092606769,137.20370849,823.22225094,1718.1297051428573,7.555392696430939,grapes
37,124,195,18.70679077,83.4795292,6.209928251,66.5964488,356,0.29838709677419356,0.18974358974358974,0.6358974358974359,1.3764044827831081,55.59440192215906,15.616340863225057,1,0,0,0,0,0,0.290071749,1,0,0,0,0.08414161956791899,229.767345287,770.031103124,1718.1297051428573,7.555392696430939,grapes
119,25,51,26.47330219,80.92254421,6.283818329,53.65742581,195,4.76,2.3333333333333335,0.49019607843137253,1.6615384359763319,43.4209541230452,21.422869668549648,1,0,0,0,0,0,0.2161816710000002,1,0,0,0,0.04673451487635232,747.774381151,157.095458225,1718.1297051428573,7.555392696430939,watermelon
119,19,55,25.18780042,83.44621709,6.818261382999999,46.87420883,193,6.2631578947368425,2.1636363636363636,0.34545454545454546,1.699481838868158,39.114754059501756,21.018266618669134,1,0,0,0,0,0,0.3182613829999994,0,0,0,0,0.1012903079090723,811.3731045769999,129.546966277,1718.1297051428573,7.555392696430939,watermelon
105,30,50,25.29954705,81.77527562,6.37620108,57.04147057,185,3.5,2.1,0.6,1.4054053826150479,46.64581977631869,20.68877433074908,1,0,0,0,0,0,0.12379891999999959,1,0,0,0,0.015326172593166298,669.5011134,191.2860324,1718.1297051428573,7.555392696430939,watermelon
114,8,50,24.74631269,88.30866319,6.581587932000001,57.95826144,172,14.25,2.28,0.16,1.976744151568416,51.18216588582925,21.85313792535633,1,0,0,0,0,0,0.08158793200000058,0,0,0,0,0.006656590648036719,750.3010242480001,52.652703456000005,1718.1297051428573,7.555392696430939,watermelon
93,22,52,26.58740671,81.32563243,6.932739726,41.87540028,167,4.2272727272727275,1.7884615384615385,0.4230769230769231,1.3413173411739399,34.05543411030399,21.622376653643755,1,0,0,0,0,0,0.4327397260000003,0,0,0,0,0.18726367045855535,644.744794518,152.520273972,1718.1297051428573,7.555392696430939,watermelon
80,26,55,24.53442564,88.989272,6.140099215,49.11618732,161,3.076923076923077,1.4545454545454546,0.4727272727272727,1.0310558814088968,43.70813753022431,21.833006766417338,1,0,0,0,0,0,0.3599007849999998,1,0,0,0,0.12952857504361606,491.2079372,159.64257959,1718.1297051428573,7.555392696430939,watermelon
85,27,45,26.0713757,88.7285657,6.467095849,57.79652846,157,3.1481481481481484,1.8888888888888888,0.6,1.2484076194571794,51.282030726950296,23.132757716868337,1,0,0,0,0,0,0.032904151000000326,1,0,0,0,0.0010826831530308225,549.703147165,174.611587923,1718.1297051428573,7.555392696430939,watermelon
85,22,53,25.96534238,89.77076659,6.849471704,59.46338556,160,3.8636363636363638,1.6037735849056605,0.41509433962264153,1.1874999777343755,53.38073705757936,23.30928690224415,1,0,0,0,0,0,0.34947170399999994,0,0,0,0,0.12213047189666357,582.20509484,150.688377488,1718.1297051428573,7.555392696430939,watermelon
82,22,45,26.22338015,85.34866045,6.512196212,54.60159289,149,3.727272727272727,1.8222222222222222,0.4888888888888889,1.302013396603757,46.601728115977444,22.381303682736203,1,0,0,0,0,0,0.012196212000000095,0,0,0,0,0.00014874758714894632,534.000089384,143.268316664,1718.1297051428573,7.555392696430939,watermelon
118,13,54,24.41311871,89.81574032,6.039584629,44.07843475,185,9.076923076923077,2.185185185185185,0.24074074074074073,1.827026997399562,39.589372492180644,21.926823304586932,1,0,0,0,0,0,0.46041537099999985,1,0,0,0,0.2119823138530675,712.670986222,78.514600177,1718.1297051428573,7.555392696430939,watermelon
83,25,53,26.49195283,80.04678201,6.057697106,57.72799157,161,3.32,1.5660377358490567,0.4716981132075472,1.0931676814937699,46.20939957078908,21.205955732022126,1,0,0,0,0,0,0.442302894,1,0,0,0,0.19563185004077524,502.788859798,151.44242765,1718.1297051428573,7.555392696430939,watermelon
86,15,47,24.04355803,84.18406764,6.423898762,53.78929956,148,5.733333333333333,1.8297872340425532,0.3191489361702128,1.4864864563550044,45.28202032467262,20.24084515503785,1,0,0,0,0,0,0.07610123799999968,1,0,0,0,0.0057913984251325955,552.455293532,96.35848143000001,1718.1297051428573,7.555392696430939,watermelon
101,10,47,25.5421695,83.31883376,6.936997681,57.57343233,158,10.1,2.148936170212766,0.2127659574468085,1.8354430031245,47.969512372958796,21.281437744402425,1,0,0,0,0,0,0.43699768100000025,0,0,0,0,0.19096697319937797,700.636765781,69.36997681,1718.1297051428573,7.555392696430939,watermelon
119,9,50,26.74550678,83.9195902,6.251286661,40.794305,178,13.222222222222221,2.38,0.18,2.0112359211589452,34.23441358093811,22.444719686689215,1,0,0,0,0,0,0.24871333900000003,1,0,0,0,0.061858324996528935,743.903112659,56.261579949,1718.1297051428573,7.555392696430939,watermelon
104,17,46,25.7131428,80.22972777,6.190015912000001,43.08961827,167,6.117647058823529,2.260869565217391,0.3695652173913043,1.73652691491269,34.570683435153185,20.629584469551354,1,0,0,0,0,0,0.3099840879999993,1,0,0,0,0.09609013481319133,643.761654848,105.23027050400002,1718.1297051428573,7.555392696430939,watermelon
95,12,51,25.76484262,84.17269959999999,6.681606702000001,44.22066914,158,7.916666666666667,1.8627450980392157,0.23529411764705882,1.6075949061849069,37.221730996322094,21.686963580945367,1,0,0,0,0,0,0.18160670200000073,0,0,0,0,0.03298099421131707,634.75263669,80.17928042400001,1718.1297051428573,7.555392696430939,watermelon
102,14,52,26.79489868,89.64815231,6.51075991,57.74091817,168,7.285714285714286,1.9615384615384615,0.2692307692307692,1.6428571135204089,51.76366626623406,24.021131579956577,1,0,0,0,0,0,0.010759909999999984,0,0,0,0,0.00011577566320809965,664.09751082,91.15063874,1718.1297051428573,7.555392696430939,watermelon
109,21,55,24.9004602,89.73524177,6.770278088,57.44942094,185,5.190476190476191,1.981818181818182,0.38181818181818183,1.5351351102410522,51.55237677597401,22.34448816231263,1,0,0,0,0,0,0.2702780880000004,0,0,0,0,0.07305024485293597,737.960311592,142.175839848,1718.1297051428573,7.555392696430939,watermelon
81,18,50,26.80750629,88.22874955,6.429788072999999,58.79889057,149,4.5,1.62,0.36,1.2751677595603808,51.87752589918387,23.651927585204596,1,0,0,0,0,0,0.07021192700000078,1,0,0,0,0.004929714693053439,520.812833913,115.73618531399998,1718.1297051428573,7.555392696430939,watermelon
103,17,51,25.11189154,80.02621335,6.209888345,44.20656987,171,6.0588235294117645,2.019607843137255,0.3333333333333333,1.6140350594028938,35.376843918883026,20.096095900021,1,0,0,0,0,0,0.2901116549999996,1,0,0,0,0.08416477236683878,639.6184995350001,105.568101865,1718.1297051428573,7.555392696430939,watermelon
105,14,50,26.2148837,87.68839820000002,6.419052193,59.65590798,169,7.5,2.1,0.28,1.7278106202163797,52.31131013932799,22.9874116065229,1,0,0,0,0,0,0.08094780700000026,1,0,0,0,0.0065525474581092915,674.000480265,89.866730702,1718.1297051428573,7.555392696430939,watermelon
97,8,52,24.9103226,86.97190046,6.237861736,49.48575692,157,12.125,1.8653846153846154,0.15384615384615385,1.7070063368087962,43.03870325033996,21.664980975936885,1,0,0,0,0,0,0.26213826399999984,1,0,0,0,0.06871646945293361,605.0725883920001,49.902893888,1718.1297051428573,7.555392696430939,watermelon
120,19,49,25.79448878,84.26830701,6.762471628999998,56.45229202,188,6.315789473684211,2.4489795918367347,0.3877551020408163,1.8297872048438213,47.57139075359533,21.736578996790403,1,0,0,0,0,0,0.26247162899999843,0,0,0,0,0.06889135602991282,811.4965954799998,128.48696095099996,1718.1297051428573,7.555392696430939,watermelon
95,16,55,25.26931156,87.55055105,6.612847999,40.12650421,166,5.9375,1.7272727272727273,0.2909090909090909,1.4337349138481643,35.13097555295644,22.123421517321347,1,0,0,0,0,0,0.11284799900000042,0,0,0,0,0.012734670878304096,628.2205599050001,105.805567984,1718.1297051428573,7.555392696430939,watermelon
83,29,52,25.76402693,87.5931128,6.704688865,46.05122728,164,2.8620689655172415,1.5961538461538463,0.5576923076923077,1.0365853468917314,40.33770345715477,22.567513170617275,1,0,0,0,0,0,0.2046888649999996,0,0,0,0,0.04189753145498806,556.4891757949999,194.435977085,1718.1297051428573,7.555392696430939,watermelon
83,9,45,25.85483596,89.13163965,6.049609892,46.85176955,137,9.222222222222221,1.8444444444444446,0.2,1.6350364605466468,41.759750404954424,23.044839219965816,1,0,0,0,0,0,0.4503901079999997,1,0,0,0,0.20285124938425136,502.117621036,54.446489028,1718.1297051428573,7.555392696430939,watermelon
91,21,50,24.33528185,81.44030363,6.762030215,48.32113628,162,4.333333333333333,1.82,0.42,1.370370344993142,39.35288010389809,19.81872742785628,1,0,0,0,0,0,0.26203021500000023,0,0,0,0,0.06865983357294635,615.344749565,142.002634515,1718.1297051428573,7.555392696430939,watermelon
116,5,54,25.37601283,80.99313508,6.65398725,57.23028471,175,23.2,2.1481481481481484,0.09259259259259259,1.9771428232489803,46.35260180183889,20.55282834932003,1,0,0,0,0,0,0.15398725000000013,0,0,0,0,0.02371207316256254,771.862521,33.26993625,1718.1297051428573,7.555392696430939,watermelon
112,28,54,24.86094646,85.05318563,6.738030547,55.29563514,194,4.0,2.074074074074074,0.5185185185185185,1.4639175031352964,47.03069920091171,21.145026941998715,1,0,0,0,0,0,0.23803054700000015,0,0,0,0,0.05665854130511928,754.659421264,188.664855316,1718.1297051428573,7.555392696430939,watermelon
88,29,51,24.71885473,88.94568335,6.095689937,48.45978627,168,3.0344827586206895,1.7254901960784315,0.5686274509803921,1.14285712244898,43.102888047800974,21.986354255892294,1,0,0,0,0,0,0.4043100629999996,1,0,0,0,0.16346662704306364,536.420714456,176.775008173,1718.1297051428573,7.555392696430939,watermelon
118,15,45,24.21495706,84.20576992,6.538006356,48.01138482,178,7.866666666666666,2.6222222222222222,0.3333333333333333,1.977528056558516,40.42835623693501,20.390391028170395,1,0,0,0,0,0,0.03800635600000035,0,0,0,0,0.0014444830963987628,771.484750008,98.07009534000001,1718.1297051428573,7.555392696430939,watermelon
92,21,48,25.81692236,82.043255,6.377427122,54.82963379,161,4.380952380952381,1.9166666666666667,0.4375,1.4285714019520857,44.98401626589587,21.181043444966818,1,0,0,0,0,0,0.12257287799999972,1,0,0,0,0.015024110421202814,586.723295224,133.925969562,1718.1297051428573,7.555392696430939,watermelon
106,14,45,24.47018505,84.16390229,6.417011754,57.26773002,165,7.571428571428571,2.3555555555555556,0.3111111111111111,1.854545420826447,48.1987563377338,20.59506263566419,1,0,0,0,0,0,0.08298824600000021,1,0,0,0,0.006887048974156551,680.2032459239999,89.838164556,1718.1297051428573,7.555392696430939,watermelon
99,5,47,24.13078816,84.84494575,6.649086972,51.19470197,151,19.8,2.106382978723404,0.10638297872340426,1.9337747960177194,43.43611711332068,20.473754123399424,1,0,0,0,0,0,0.1490869720000001,0,0,0,0,0.022226925220128813,658.259610228,33.24543486,1718.1297051428573,7.555392696430939,watermelon
98,8,51,26.1793464,86.52258079,6.25933595,49.43050977,157,12.25,1.9215686274509804,0.1568627450980392,1.7452228965880976,42.76855275065709,22.65104613923396,1,0,0,0,0,0,0.24066405000000035,1,0,0,0,0.05791918496240267,613.4149231,50.0746876,1718.1297051428573,7.555392696430939,watermelon
108,22,46,26.17668721,86.72952049999998,6.121168559,53.33484977,176,4.909090909090909,2.347826086956522,0.4782608695652174,1.681818153150827,46.25705946491634,22.702915300017825,1,0,0,0,0,0,0.378831441,1,0,0,0,0.14351326069013648,661.086204372,134.665708298,1718.1297051428573,7.555392696430939,watermelon
119,7,55,26.03867719,84.6378378,6.031424482,44.3993381,181,17.0,2.1636363636363636,0.12727272727272726,1.944751348982022,37.5786397653516,22.0385733653378,1,0,0,0,0,0,0.46857551799999975,1,0,0,0,0.21956301606896808,717.7395133580001,42.219971374,1718.1297051428573,7.555392696430939,watermelon
117,27,48,26.53259325,82.39053979,6.835268183999999,54.30660782,192,4.333333333333333,2.4375,0.5625,1.6562499741210943,44.74350732453636,21.86034679896011,1,0,0,0,0,0,0.33526818399999936,0,0,0,0,0.11240475520265743,799.726377528,184.55224096799998,1718.1297051428573,7.555392696430939,watermelon
109,10,53,26.81938687,87.8274604,6.5517503060000015,46.06193778,172,10.9,2.056603773584906,0.18867924528301888,1.8023255499594382,40.45503016320214,23.55478638277205,1,0,0,0,0,0,0.05175030600000152,0,0,0,0,0.0026780941710937934,714.1407833540002,65.51750306000001,1718.1297051428573,7.555392696430939,watermelon
80,16,46,25.50405534,81.40297428,6.940236218,48.47833278,142,5.0,1.7391304347826086,0.34782608695652173,1.380281660979965,39.46280476427621,20.761059608777167,1,0,0,0,0,0,0.4402362179999999,0,0,0,0,0.19380792763894344,555.21889744,111.043779488,1718.1297051428573,7.555392696430939,watermelon
100,18,52,26.20234499,80.38266489,6.87606733,56.47941847,170,5.555555555555555,1.9230769230769231,0.34615384615384615,1.5294117377162635,45.39966168056086,21.062143166633405,1,0,0,0,0,0,0.3760673299999997,0,0,0,0,0.14142663669332867,687.606733,123.76921193999999,1718.1297051428573,7.555392696430939,watermelon
91,7,53,25.13735887,89.28272716,6.457216535,43.52897517,151,13.0,1.7169811320754718,0.1320754716981132,1.721854270426736,38.863856136575244,22.443319535132158,1,0,0,0,0,0,0.0427834650000003,1,0,0,0,0.0018304248774062505,587.606704685,45.200515745,1718.1297051428573,7.555392696430939,watermelon
86,6,53,25.92030221,83.47202566,6.921847887999999,42.10681516,145,14.333333333333334,1.6226415094339623,0.11320754716981132,1.7517241016884666,35.147411554963966,21.636201311880747,1,0,0,0,0,0,0.4218478879999994,0,0,0,0,0.17795564061006003,595.278918368,41.531087328,1718.1297051428573,7.555392696430939,watermelon
107,5,52,26.6634609,89.98405233,6.8814257460000015,57.40847165,164,21.4,2.0576923076923075,0.09615384615384616,1.9146341113176686,51.658469171389214,23.992862609245087,1,0,0,0,0,0,0.38142574600000145,0,0,0,0,0.14548559971165761,736.3125548220002,34.40712873000001,1718.1297051428573,7.555392696430939,watermelon
103,16,49,24.06731461,81.64075303,6.915717008,51.75212401,168,6.4375,2.1020408163265305,0.32653061224489793,1.6785713985969395,42.25082375078343,19.648736881703208,1,0,0,0,0,0,0.41571700799999967,0,0,0,0,0.1728206307404718,712.3188518239999,110.651472128,1718.1297051428573,7.555392696430939,watermelon
101,20,48,24.6774157,82.75411437,6.206247493999999,57.05709413,169,5.05,2.1041666666666665,0.4166666666666667,1.585798788417773,47.217092932538755,20.421576811938337,1,0,0,0,0,0,0.2937525060000006,1,0,0,0,0.08629053478128038,626.8309968939999,124.12494987999999,1718.1297051428573,7.555392696430939,watermelon
85,25,47,26.11440416,87.64081095,6.29542477,58.48160844,157,3.4,1.8085106382978724,0.5319148936170213,1.2484076194571794,51.25375589341965,22.886875580584537,1,0,0,0,0,0,0.20457522999999966,1,0,0,0,0.04185102472955276,535.1111054500001,157.38561925000002,1718.1297051428573,7.555392696430939,watermelon
84,7,51,26.81530456,87.65694462,6.399669044,55.74073582,142,12.0,1.6470588235294117,0.13725490196078433,1.7042253161079157,48.8606259285179,23.505476667843535,1,0,0,0,0,0,0.10033095599999964,1,0,0,0,0.010066300731873864,537.572199696,44.797683308,1718.1297051428573,7.555392696430939,watermelon
102,28,54,25.15623099,80.27525115,6.862157042000001,55.49541453,184,3.642857142857143,1.8888888888888888,0.5185185185185185,1.3260869349007567,44.549083390691095,20.194227607096632,1,0,0,0,0,0,0.36215704200000065,0,0,0,0,0.13115772307019025,699.9400182840001,192.14039717600002,1718.1297051428573,7.555392696430939,watermelon
98,25,52,25.2801372,83.15393658,6.224066378,49.29456609,175,3.92,1.8846153846153846,0.4807692307692308,1.359999976685715,40.99037222386479,21.02142925462499,1,0,0,0,0,0,0.27593362200000016,1,0,0,0,0.07613936375003898,609.9585050439999,155.60165945,1718.1297051428573,7.555392696430939,watermelon
97,25,50,26.22005978,80.90127035,6.093814669,49.08553937,172,3.88,1.94,0.5,1.3837209060978914,39.71082490847939,21.212361448549416,1,0,0,0,0,0,0.40618533099999965,1,0,0,0,0.1649865231195793,591.1000228930001,152.34536672500002,1718.1297051428573,7.555392696430939,watermelon
90,16,45,24.92093261,80.61750795,6.291540277999999,50.55710813,151,5.625,2.0,0.35555555555555557,1.5761589090829358,40.75788066599285,20.090634828080894,1,0,0,0,0,0,0.20845972200000062,1,0,0,0,0.04345545569631754,566.23862502,100.66464444799999,1718.1297051428573,7.555392696430939,watermelon
95,12,46,26.21667586,81.01009354,6.32281728,54.65423596,153,7.916666666666667,2.0652173913043477,0.2608695652173913,1.725490162245291,44.275447674768316,21.238153637264595,1,0,0,0,0,0,0.17718272000000024,1,0,0,0,0.03139371626659848,600.6676416,75.87380736,1718.1297051428573,7.555392696430939,watermelon
82,23,49,26.81383586,87.21986949,6.873283991,51.70497792,154,3.5652173913043477,1.6734693877551021,0.46938775510204084,1.1948051715297694,45.09701426165731,23.386992642354816,1,0,0,0,0,0,0.3732839910000001,0,0,0,0,0.13934093793688815,563.609287262,158.085531793,1718.1297051428573,7.555392696430939,watermelon
82,25,51,24.31334971,87.47409052,6.074209622000001,48.11248366,158,3.28,1.607843137254902,0.49019607843137253,1.1139240294824553,42.08595750816861,21.267881533769557,1,0,0,0,0,0,0.4257903779999994,1,0,0,0,0.18129744599738237,498.08518900400003,151.85524055000002,1718.1297051428573,7.555392696430939,watermelon
110,28,46,24.29105004,88.04541346,6.49889585,51.26046418,184,3.9285714285714284,2.391304347826087,0.6086956521739131,1.5869564958648399,45.132487628796206,21.387155441493498,1,0,0,0,0,0,0.0011041499999997484,1,0,0,0,1.2191472224994444e-06,714.8785435,181.96908380000002,1718.1297051428573,7.555392696430939,watermelon
118,21,51,24.42998931,86.33904774,6.678805092,48.58241822,190,5.619047619047619,2.3137254901960786,0.4117647058823529,1.726315762216067,41.94559726021226,21.092620133237794,1,0,0,0,0,0,0.17880509200000017,0,0,0,0,0.031971260925128524,788.099000856,140.254906932,1718.1297051428573,7.555392696430939,watermelon
120,20,45,25.66576039,88.6984228,6.114128685,54.22722466,185,6.0,2.6666666666666665,0.4444444444444444,1.8918918612125644,48.09869300163266,22.765124665557128,1,0,0,0,0,0,0.38587131500000016,1,0,0,0,0.14889667173982934,733.6954422,122.2825737,1718.1297051428573,7.555392696430939,watermelon
91,7,52,25.07803672,83.46230461,6.405054243,56.39962921,150,13.0,1.75,0.1346153846153846,1.7199999656000007,47.07243033016074,20.930707397454054,1,0,0,0,0,0,0.09494575699999963,1,0,0,0,0.00901469677230298,582.859936113,44.835379701,1718.1297051428573,7.555392696430939,watermelon
81,6,55,24.88910524,85.87059083,6.110142735,51.70699144,142,13.5,1.4727272727272727,0.10909090909090909,1.7464788363419963,44.40109904994552,21.372421721888486,1,0,0,0,0,0,0.38985726499999984,1,0,0,0,0.15198868707328012,494.921561535,36.66085641,1718.1297051428573,7.555392696430939,watermelon
101,13,54,25.42900869,82.91481799,6.828982708,56.34144589,168,7.769230769230769,1.8703703703703705,0.24074074074074073,1.6071428284438782,46.71540731262784,21.084416271974785,1,0,0,0,0,0,0.32898270799999985,0,0,0,0,0.10822962216301316,689.727253508,88.776775204,1718.1297051428573,7.555392696430939,watermelon
101,17,55,24.37118217,87.1269128,6.451499763999999,44.63907691,173,5.9411764705882355,1.8363636363636364,0.3090909090909091,1.5028901473487257,38.892649614100634,21.233858637585048,1,0,0,0,0,0,0.04850023600000064,1,0,0,0,0.002352272892055758,651.6014761639999,109.675495988,1718.1297051428573,7.555392696430939,watermelon
111,6,53,26.493064500000006,88.59143088,6.313512998999999,46.06382209,170,18.5,2.0943396226415096,0.11320754716981132,1.9176470249826996,40.808599107548524,23.47058492451132,1,0,0,0,0,0,0.1864870010000006,1,0,0,0,0.03477740154197422,700.7999428889999,37.881077993999995,1718.1297051428573,7.555392696430939,watermelon
107,10,49,25.83202912,89.00481725,6.755192025,45.24690619,166,10.7,2.183673469387755,0.20408163265306123,1.8674698457686174,40.271926165688434,22.991750310222784,1,0,0,0,0,0,0.2551920250000004,0,0,0,0,0.06512296962360081,722.8055466750001,67.55192025000001,1718.1297051428573,7.555392696430939,watermelon
115,11,46,24.41592661,89.39655519,6.623167177000001,40.32161859,172,10.454545454545455,2.5,0.2391304347826087,2.011627871890212,36.04613801631065,21.826997307058548,1,0,0,0,0,0,0.1231671770000009,0,0,0,0,0.015170153490149552,761.6642253550001,72.854838947,1718.1297051428573,7.555392696430939,watermelon
84,25,52,24.37190239,81.2514818,6.12532356,44.20899581,161,3.36,1.6153846153846154,0.4807692307692308,1.130434761544694,35.92046418452491,19.80253183472461,1,0,0,0,0,0,0.37467644,1,0,0,0,0.1403824346910736,514.52717904,153.133089,1718.1297051428573,7.555392696430939,watermelon
120,7,47,24.24782473,83.03687902,6.653867608,54.76576239999999,174,17.142857142857142,2.5531914893617023,0.14893617021276595,2.1379309976218797,45.47577986846864,20.134636886031743,1,0,0,0,0,0,0.15386760799999966,0,0,0,0,0.023675240791641558,798.46411296,46.577073256,1718.1297051428573,7.555392696430939,watermelon
91,12,46,24.64458469,85.49938185,6.343942518,48.31219031,149,7.583333333333333,1.9782608695652173,0.2608695652173913,1.664429496689339,41.3066240732456,21.070967569449742,1,0,0,0,0,0,0.15605748199999958,1,0,0,0,0.024353937688180193,577.298769138,76.12731021600001,1718.1297051428573,7.555392696430939,watermelon
89,22,52,24.89681131,86.10782926,6.217300786,53.14626213,163,4.045454545454546,1.7115384615384615,0.4230769230769231,1.276073596145885,45.76309265297244,21.43810377399917,1,0,0,0,0,0,0.282699214,1,0,0,0,0.07991884559621779,553.339769954,136.780617292,1718.1297051428573,7.555392696430939,watermelon
113,19,46,25.41864024,81.12122989,6.286387658,49.52320689,178,5.947368421052632,2.4565217391304346,0.41304347826086957,1.80898873355637,40.17383451013721,20.619913584002443,1,0,0,0,0,0,0.21361234200000023,1,0,0,0,0.045630232654725066,710.361805354,119.441365502,1718.1297051428573,7.555392696430939,watermelon
97,22,50,26.26028739,86.14585891,6.769893799999998,58.97878791,169,4.409090909090909,1.94,0.44,1.4437869566191666,50.80778341977674,22.622150124349922,1,0,0,0,0,0,0.2698937999999984,0,0,0,0,0.07284266327843913,656.6796985999998,148.93766359999995,1718.1297051428573,7.555392696430939,watermelon
117,30,50,24.90123934,87.20772913,6.744966312000001,46.59207341,197,3.9,2.34,0.6,1.5634517528408363,40.631889175443554,21.7158053536402,1,0,0,0,0,0,0.24496631200000074,0,0,0,0,0.06000849401488171,789.161058504,202.34898936000002,1718.1297051428573,7.555392696430939,watermelon
90,14,52,24.84740848,89.20454622,6.391858432,59.67927244,156,6.428571428571429,1.7307692307692308,0.2692307692307692,1.4615384334319532,53.23662416749952,22.165017982013797,1,0,0,0,0,0,0.10814156799999974,1,0,0,0,0.011694598729498568,575.26725888,89.486018048,1718.1297051428573,7.555392696430939,watermelon
104,23,47,26.98212846,86.70068316,6.770434148,42.91292205,174,4.521739130434782,2.2127659574468086,0.48936170212765956,1.58620686920333,37.205796581268274,23.393689705928782,1,0,0,0,0,0,0.27043414799999965,0,0,0,0,0.07313462840448572,704.1251513919999,155.719985404,1718.1297051428573,7.555392696430939,watermelon
81,16,45,26.90435747,86.25426228,6.727468157000001,59.75980023,142,5.0625,1.8,0.35555555555555557,1.4225351812140457,51.54537482838825,23.206155056922576,1,0,0,0,0,0,0.22746815700000056,0,0,0,0,0.0517417624489769,544.9249207170001,107.63949051200001,1718.1297051428573,7.555392696430939,watermelon
88,5,47,25.86475496,86.67468041,6.662244646,41.16554802,140,17.6,1.872340425531915,0.10638297872340426,1.7857142474489809,35.680107185360086,22.41819370040962,1,0,0,0,0,0,0.16224464600000044,0,0,0,0,0.026323325155665458,586.2775288480001,33.31122323,1718.1297051428573,7.555392696430939,watermelon
92,7,45,26.70607759,81.14149505,6.944640222,51.51033554,144,13.142857142857142,2.0444444444444443,0.15555555555555556,1.8333332951388899,41.79625636242749,21.669710625739008,1,0,0,0,0,0,0.4446402220000003,0,0,0,0,0.19770492702020956,638.906900424,48.612481554,1718.1297051428573,7.555392696430939,watermelon
81,18,50,26.44019475,80.91934337,6.507110986,47.81847573,149,4.5,1.62,0.36,1.2751677595603808,38.69439657025882,21.395231977449214,1,0,0,0,0,0,0.007110985999999819,0,0,0,0,5.056612189219343e-05,527.075989866,117.127997748,1718.1297051428573,7.555392696430939,watermelon
111,5,55,26.283443,84.42478917,6.520663422,50.78669728,171,22.2,2.018181818181818,0.09090909090909091,1.8947368088642667,42.87656210504612,22.18974133936712,1,0,0,0,0,0,0.020663422000000153,0,0,0,0,0.0004269770087500903,723.7936398420001,32.60331711,1718.1297051428573,7.555392696430939,watermelon
108,23,51,26.84366082,83.85039964,6.106500787000001,40.228644,182,4.695652173913044,2.1176470588235294,0.45098039215686275,1.5604395347180295,33.73187876375289,22.508516875576102,1,0,0,0,0,0,0.39349921299999924,1,0,0,0,0.15484163063161877,659.5020849960001,140.44951810100002,1718.1297051428573,7.555392696430939,watermelon
113,30,50,26.03967219,83.9862443,6.277484042999999,43.87712348,193,3.7666666666666666,2.26,0.6,1.5129533443582384,36.85074811772546,21.86974270041256,1,0,0,0,0,0,0.2225159570000006,1,0,0,0,0.04951335111962611,709.355696859,188.32452128999998,1718.1297051428573,7.555392696430939,watermelon
83,10,53,24.92994759,85.00802358,6.195142279,48.75859458,146,8.3,1.5660377358490567,0.18867924528301888,1.5890410632388827,41.448717577843006,21.192455725788843,1,0,0,0,0,0,0.3048577210000003,1,0,0,0,0.09293823005331403,514.196809157,61.951422789999995,1718.1297051428573,7.555392696430939,watermelon
101,11,51,25.50736962,84.24340241,6.792035575,44.2068997,163,9.181818181818182,1.9803921568627452,0.21568627450980393,1.7177913794271527,37.24139640725608,21.488276033182686,1,0,0,0,0,0,0.2920355749999999,0,0,0,0,0.08528477706558056,685.995593075,74.712391325,1718.1297051428573,7.555392696430939,watermelon
114,21,55,25.4438391,87.93923120000002,6.472756256,57.51549686,190,5.428571428571429,2.0727272727272728,0.38181818181818183,1.5999999747368427,50.57868575954415,22.375116492305008,1,0,0,0,0,0,0.027243743999999737,1,0,0,0,0.0007422215871375217,737.894213184,135.92788137600002,1718.1297051428573,7.555392696430939,watermelon
99,6,45,26.12588914,86.5507939,6.000975617000001,40.71210074,150,16.5,2.2,0.13333333333333333,1.959999960800001,35.236646403837774,22.612164464103884,1,0,0,0,0,0,0.4990243829999992,1,0,0,0,0.24902533482852987,594.096586083,36.005853702,1718.1297051428573,7.555392696430939,watermelon
92,20,55,25.10474753,87.52676159999999,6.5877912620000005,59.26519444,167,4.6,1.6727272727272726,0.36363636363636365,1.305389198106781,51.87290544927525,21.973372520864988,1,0,0,0,0,0,0.08779126200000054,0,0,0,0,0.007707305683552738,606.0767961040001,131.75582524,1718.1297051428573,7.555392696430939,watermelon
92,7,48,26.27520631,86.63249555,6.956508826,54.38748495,147,13.142857142857142,1.9166666666666667,0.14583333333333334,1.7551020049979185,47.11723547906567,22.76286693726407,1,0,0,0,0,0,0.4565088260000003,0,0,0,0,0.20840030821589856,639.998811992,48.695561782,1718.1297051428573,7.555392696430939,watermelon
91,24,55,26.27061608,83.09194521,6.259086582999999,46.76837499,170,3.7916666666666665,1.6545454545454545,0.43636363636363634,1.2117646844982701,38.86075252229814,21.82876591952305,1,0,0,0,0,0,0.24091341700000068,1,0,0,0,0.058039274490616216,569.576879053,150.218077992,1718.1297051428573,7.555392696430939,watermelon
110,21,54,26.73690828,87.82430156,6.747537642,47.46447019,185,5.238095238095238,2.037037037037037,0.3888888888888889,1.5675675421475534,41.685339433521904,23.48150295564781,1,0,0,0,0,0,0.24753764200000017,0,0,0,0,0.061274884206920247,742.2291406200001,141.698290482,1718.1297051428573,7.555392696430939,watermelon
112,25,51,25.04746944,85.5667282,6.932537231,56.72496677,188,4.48,2.196078431372549,0.49019607843137253,1.5744680599818925,48.53769813762622,21.43230009670286,1,0,0,0,0,0,0.4325372310000004,0,0,0,0,0.18708845620114772,776.4441698720001,173.313430775,1718.1297051428573,7.555392696430939,watermelon
89,25,54,24.69368934,85.56967628,6.353107392999999,48.99390828,168,3.56,1.6481481481481481,0.46296296296296297,1.1785714075255107,41.923928712116115,21.130310029826866,1,0,0,0,0,0,0.14689260700000073,1,0,0,0,0.021577437991256665,565.4265579769999,158.82768482499998,1718.1297051428573,7.555392696430939,watermelon
100,10,53,24.54356968,84.60808277,6.211748957,42.00660251,163,10.0,1.8867924528301887,0.18867924528301888,1.6809815641537138,35.54098102052569,20.765843749567022,1,0,0,0,0,0,0.2882510429999998,1,0,0,0,0.08308866379058774,621.1748957,62.117489570000004,1718.1297051428573,7.555392696430939,watermelon
83,22,54,25.89762315,81.96664832,6.277245253999999,54.49960057,159,3.772727272727273,1.537037037037037,0.4074074074074074,1.1698112986828058,44.671495935016615,21.22741369059941,1,0,0,0,0,0,0.22275474600000056,1,0,0,0,0.049619676865524764,521.0113560819999,138.099395588,1718.1297051428573,7.555392696430939,watermelon
95,14,50,26.6333118,84.31756844,6.560443519,56.31866159,159,6.785714285714286,1.9,0.28,1.5849056304734788,47.48652603064024,22.4565609048036,1,0,0,0,0,0,0.06044351899999967,0,0,0,0,0.003653418989103321,623.2421343049999,91.84620926599999,1718.1297051428573,7.555392696430939,watermelon
119,30,49,25.35794749,80.45846265,6.903020221,47.72078245,198,3.966666666666667,2.4285714285714284,0.6122448979591837,1.606060581726355,38.39540792382101,20.402614710048265,1,0,0,0,0,0,0.40302022100000023,0,0,0,0,0.16242529853488902,821.4594062990001,207.09060663,1718.1297051428573,7.555392696430939,watermelon
97,12,47,25.28784623,89.63667876,6.765094963999998,58.28697664,156,8.083333333333334,2.0638297872340425,0.2553191489361702,1.7307691974852077,52.24651000971304,22.66718549050787,1,0,0,0,0,0,0.26509496399999843,0,0,0,0,0.07027533993816047,656.2142115079998,81.18113956799998,1718.1297051428573,7.555392696430939,watermelon
110,7,45,26.63838589,84.69546874,6.189213927000001,48.32428609,162,15.714285714285714,2.4444444444444446,0.15555555555555556,2.0740740356652956,40.928480619184114,22.561505794305518,1,0,0,0,0,0,0.31078607299999916,1,0,0,0,0.09658798317076081,680.8135319700001,43.32449748900001,1718.1297051428573,7.555392696430939,watermelon
96,18,50,25.3310446,84.30533791,6.904241707000001,41.53218699,164,5.333333333333333,1.92,0.36,1.512195094289114,35.01385058333256,21.35542274616281,1,0,0,0,0,0,0.4042417070000006,0,0,0,0,0.16341135767827436,662.8072038720001,124.276350726,1718.1297051428573,7.555392696430939,watermelon
83,23,55,26.89750174,83.89241484,6.463271076,43.97193745,161,3.608695652173913,1.509090909090909,0.41818181818181815,1.1428571215616687,36.88912017873931,22.564963741317015,1,0,0,0,0,0,0.03672892400000016,1,0,0,0,0.001349013858197788,536.4514993079999,148.655234748,1718.1297051428573,7.555392696430939,watermelon
120,24,47,26.98603693,89.4138489,6.260838965,58.54876687,191,5.0,2.5531914893617023,0.5106382978723404,1.7696334800581128,52.35070594195506,24.1292542846884,1,0,0,0,0,0,0.2391610350000004,1,0,0,0,0.057198000662271424,751.3006757999999,150.26013516,1718.1297051428573,7.555392696430939,watermelon
115,17,55,27.57826922,94.11878202,6.776533055,28.08253201,187,6.764705882352941,2.090909090909091,0.3090909090909091,1.689839545082788,26.430937088188628,25.956331092060555,1,0,0,0,0,0,0.2765330549999998,0,0,0,0,0.07647053050763292,779.3013013249999,115.201061935,1718.1297051428573,7.555392696430939,muskmelon
114,27,48,27.82054812,93.03555162,6.528404377999999,26.32405487,189,4.222222222222222,2.375,0.5625,1.619047593348451,24.49072965705598,25.883000407149545,1,0,0,0,0,0,0.028404377999999397,0,0,0,0,0.0008068086895668498,744.238099092,176.26691820599999,1718.1297051428573,7.555392696430939,muskmelon
101,25,52,29.09910406,94.22237826,6.750145572,22.52497327,178,4.04,1.9423076923076923,0.4807692307692308,1.4044943583512188,21.22356551742329,27.417867897684214,1,0,0,0,1,0,0.2501455720000001,0,0,0,0,0.06257280719120722,681.764702772,168.7536393,1718.1297051428573,7.555392696430939,muskmelon
118,18,52,28.04943594,90.83130708,6.562832807,20.76223014,188,6.555555555555555,2.269230769230769,0.34615384615384615,1.765957418628339,18.858605015119714,25.477669292869283,1,0,0,0,1,0,0.06283280700000038,0,0,0,0,0.003947961635499296,774.4142712260001,118.130990526,1718.1297051428573,7.555392696430939,muskmelon
95,26,45,29.91690582,94.55695552,6.117530021,28.16057247,166,3.6538461538461537,2.111111111111111,0.5777777777777777,1.4337349138481643,26.627779984635268,28.288515329177695,1,0,0,0,1,0,0.3824699789999997,1,0,0,0,0.14628328483626019,581.165351995,159.055780546,1718.1297051428573,7.555392696430939,muskmelon
81,25,49,29.86895762,93.25103208,6.076459669,26.26243014,155,3.24,1.653061224489796,0.5102040816326531,1.1354838489906351,24.48998715483899,27.853111252187805,1,0,0,0,1,0,0.4235403309999999,1,0,0,0,0.17938641198358946,492.193233189,151.911491725,1718.1297051428573,7.555392696430939,muskmelon
117,24,53,29.17220859,92.21405224,6.293486295,21.30290472,194,4.875,2.207547169811321,0.4528301886792453,1.618556676001701,19.644271687138225,26.90087566874437,1,0,0,0,1,0,0.20651370499999988,1,0,0,0,0.04264791035282697,736.337896515,151.04367108,1718.1297051428573,7.555392696430939,muskmelon
114,30,51,29.24908541,90.06998135,6.069171847000001,25.93496537,195,3.8,2.235294117647059,0.5882352941176471,1.5076922844970417,23.35961847188796,26.34464577383257,1,0,0,0,1,0,0.4308281529999993,1,0,0,0,0.18561289741739082,691.8855905580001,182.07515541,1718.1297051428573,7.555392696430939,muskmelon
113,6,52,27.76317235,90.35567642,6.740983646,25.21609113,171,18.833333333333332,2.173076923076923,0.11538461538461539,1.9649122462296098,22.78416970719512,25.085602172492912,1,0,0,0,0,0,0.2409836460000001,0,0,0,0,0.058073117639453366,761.731151998,40.445901876,1718.1297051428573,7.555392696430939,muskmelon
108,26,52,28.82629037,94.26765349,6.201797639,26.23838511,186,4.153846153846154,2.076923076923077,0.5,1.4838709438085331,24.734309956866557,27.173867520012838,1,0,0,0,1,0,0.2982023610000004,1,0,0,0,0.08892464810597457,669.794145012,161.24673861399998,1718.1297051428573,7.555392696430939,muskmelon
81,30,48,28.52379742,92.09688432,6.041027474,29.86681385,159,2.7,1.6875,0.625,1.0566037536489858,27.50640500150424,26.269528713568548,1,0,0,0,1,0,0.45897252600000016,1,0,0,0,0.2106557796228208,489.32322539399996,181.23082422,1718.1297051428573,7.555392696430939,muskmelon
115,9,52,29.06785065,90.97685539,6.019372459,29.1194739,176,12.777777777777779,2.2115384615384617,0.17307692307692307,1.9204545127195254,26.491981660331792,26.445016450831677,1,0,0,0,1,0,0.4806275409999996,1,0,0,0,0.2310028331677063,692.227832785,54.174352131000006,1718.1297051428573,7.555392696430939,muskmelon
83,7,45,29.08417927,90.73891887,6.704104127000001,25.33014238,135,11.857142857142858,1.8444444444444446,0.15555555555555556,1.6888888513580256,22.98429734384369,26.39066983181066,1,0,0,0,1,0,0.2041041270000008,0,0,0,0,0.04165849465843246,556.4406425410001,46.928728889000006,1718.1297051428573,7.555392696430939,muskmelon
84,21,55,28.47090661,94.79453182,6.494251024,21.08484101,160,4.0,1.5272727272727273,0.38181818181818183,1.2124999772656253,19.98727632042086,26.988862625858935,1,0,0,0,1,0,0.005748975999999573,1,0,0,0,3.3050725048571085e-05,545.517086016,136.379271504,1718.1297051428573,7.555392696430939,muskmelon
109,26,45,28.27973674,90.38971208,6.224535448999998,21.58992507,180,4.1923076923076925,2.422222222222222,0.5777777777777777,1.6333333061111117,19.515071109060738,25.561972616267976,1,0,0,0,1,0,0.27546455100000156,1,0,0,0,0.07588071885763246,678.4743639409999,161.83792167399997,1718.1297051428573,7.555392696430939,muskmelon
95,27,55,28.47212559,91.21322065,6.160414414,20.88620369,177,3.5185185185185186,1.7272727272727273,0.4909090909090909,1.2203389623671363,19.05097905716814,25.970342738151814,1,0,0,0,1,0,0.3395855860000001,1,0,0,0,0.11531837021896346,585.23936933,166.331189178,1718.1297051428573,7.555392696430939,muskmelon
119,5,55,29.68846716,94.30111601,6.168757984,26.83924845,179,23.8,2.1636363636363636,0.09090909090909091,1.9888267823101657,25.309710817046625,27.99655585814235,1,0,0,0,1,0,0.33124201600000003,1,0,0,0,0.10972127316374428,734.082200096,30.84378992,1718.1297051428573,7.555392696430939,muskmelon
110,14,51,27.02415146,91.66737633,6.085444691,21.26034986,175,7.857142857142857,2.156862745098039,0.27450980392156865,1.7714285410612252,19.488804915240827,24.772330618827386,1,0,0,0,0,0,0.4145553089999998,1,0,0,0,0.17185610422008532,669.39891601,85.196225674,1718.1297051428573,7.555392696430939,muskmelon
82,18,48,29.09588297,94.16748386,6.1590508160000015,26.70581328,148,4.555555555555555,1.7083333333333333,0.375,1.324324297479913,25.148192410125738,27.39886089969924,1,0,0,0,1,0,0.3409491839999985,1,0,0,0,0.11624634607026485,505.04216691200014,110.86291468800003,1718.1297051428573,7.555392696430939,muskmelon
87,14,48,29.69238699,92.58862544,6.606033244,29.1102594,149,6.214285714285714,1.8125,0.2916666666666667,1.5033556744290804,26.952789040478393,27.49177297436639,1,0,0,0,1,0,0.1060332439999998,0,0,0,0,0.011243048833163495,574.7248922279999,92.48446541599999,1718.1297051428573,7.555392696430939,muskmelon
85,9,53,28.20619412,92.86798698,6.447662945,28.78654515,147,9.444444444444445,1.6037735849056605,0.16981132075471697,1.6326530279050404,26.73348500189382,26.194524682915123,1,0,0,0,1,0,0.052337054999999744,1,0,0,0,0.0027391673260729983,548.051350325,58.028966505,1718.1297051428573,7.555392696430939,muskmelon
100,6,53,29.05248036,93.92217834,6.105909623,23.66620626,159,16.666666666666668,1.8867924528301887,0.11320754716981132,1.773584872196512,22.227816449829444,27.286722415912678,1,0,0,0,1,0,0.3940903770000004,1,0,0,0,0.15530722524400242,610.5909623,36.635457738,1718.1297051428573,7.555392696430939,muskmelon
107,12,46,29.57240298,93.61870344,6.559763394,27.56918621,165,8.916666666666666,2.3260869565217392,0.2608695652173913,1.8909090565289264,25.809914678761277,27.685300245927923,1,0,0,0,1,0,0.05976339399999997,0,0,0,0,0.003571663262399232,701.894683158,78.717160728,1718.1297051428573,7.555392696430939,muskmelon
91,13,47,29.10968327,92.43510994,6.14410903,27.95602304,151,7.0,1.9361702127659575,0.2765957446808511,1.6158940076312451,25.841180631875734,26.90756773381029,1,0,0,0,1,0,0.3558909699999999,1,0,0,0,0.12665838252754083,559.11392173,79.87341739,1718.1297051428573,7.555392696430939,muskmelon
102,25,50,28.20480805,92.91440379,6.099662369,20.36001144,177,4.08,2.04,0.5,1.4576270939385239,18.917383241051795,26.206329239771424,1,0,0,0,1,0,0.4003376310000002,1,0,0,0,0.1602702187946923,622.165561638,152.491559225,1718.1297051428573,7.555392696430939,muskmelon
117,25,53,29.11858526,92.12543021,6.413927319,24.52020164,195,4.68,2.207547169811321,0.4716981132075472,1.599999975384616,22.589341249209475,26.825621941840648,1,0,0,0,1,0,0.0860726810000001,1,0,0,0,0.007408506414527777,750.429496323,160.348182975,1718.1297051428573,7.555392696430939,muskmelon
85,21,52,29.62800691,90.10051615,6.0751441160000015,23.69586761,158,4.0476190476190474,1.6346153846153846,0.40384615384615385,1.2278480779522516,21.350099022830673,26.694987150867668,1,0,0,0,1,0,0.4248558839999985,1,0,0,0,0.1805025221694202,516.3872498600001,127.57802643600003,1718.1297051428573,7.555392696430939,muskmelon
104,25,55,29.81196601,90.36881284,6.123802502,22.68766503,184,4.16,1.8909090909090909,0.45454545454545453,1.3913043251417774,20.502573548726833,26.940719767501314,1,0,0,0,1,0,0.3761974979999998,1,0,0,0,0.14152455750145984,636.875460208,153.09506255,1718.1297051428573,7.555392696430939,muskmelon
102,24,54,27.72338349,90.93897939,6.698468621,22.81863447,180,4.25,1.8888888888888888,0.4444444444444444,1.399999976666667,20.751033297752734,25.21136199818176,1,0,0,0,0,0,0.19846862099999996,0,0,0,0,0.039389793521641625,683.243799342,160.763246904,1718.1297051428573,7.555392696430939,muskmelon
116,25,50,29.26092798,92.92367701,6.088885814,28.70627683,191,4.64,2.32,0.5,1.6439790317699627,26.67492796310567,27.19033020626392,1,0,0,0,1,0,0.4111141859999998,1,0,0,0,0.16901487393044246,706.310754424,152.22214535,1718.1297051428573,7.555392696430939,muskmelon
100,17,48,29.72791119,94.29753295,6.367800632000001,26.52364146,165,5.882352941176471,2.0833333333333335,0.3541666666666667,1.6363636066115708,25.011139545283363,28.03268684973699,1,0,0,0,1,0,0.13219936799999932,1,0,0,0,0.017476672899599244,636.7800632000001,108.25261074400001,1718.1297051428573,7.555392696430939,muskmelon
110,25,54,28.91105641,90.78413842,6.425930938,23.44398467,189,4.4,2.037037037037037,0.46296296296296297,1.492063468379945,21.283419493976382,26.246653469938686,1,0,0,0,1,0,0.07406906200000041,1,0,0,0,0.005486225945559905,706.85240318,160.64827344999998,1718.1297051428573,7.555392696430939,muskmelon
104,25,51,28.96361426,93.88482153,6.469983276000002,23.56130173,180,4.16,2.0392156862745097,0.49019607843137253,1.4666666422222228,22.120486079355302,27.19243755663863,1,0,0,0,1,0,0.03001672399999844,1,0,0,0,0.0009010037196920823,672.8782607040001,161.74958190000004,1718.1297051428573,7.555392696430939,muskmelon
107,11,54,28.59052369,91.33617236,6.094016337999999,29.44008034,172,9.727272727272727,1.9814814814814814,0.2037037037037037,1.732558109315847,26.889442522264876,26.113489996125033,1,0,0,0,1,0,0.4059836620000006,1,0,0,0,0.1648227338109307,652.059748166,67.03417971799999,1718.1297051428573,7.555392696430939,muskmelon
98,26,52,27.33897716,90.69759008,6.150090898999999,28.69113835,176,3.769230769230769,1.8846153846153846,0.5,1.3409090680526863,26.022171049968676,24.795793436641624,1,0,0,0,0,0,0.3499091010000006,1,0,0,0,0.12243637896262863,602.7089081019999,159.90236337399998,1718.1297051428573,7.555392696430939,muskmelon
88,17,52,29.90415889,90.75284363,6.646962425,25.37828397,157,5.176470588235294,1.6923076923076923,0.3269230769230769,1.3630572987950837,23.031514367271456,27.138874556308444,1,0,0,0,1,0,0.1469624249999999,0,0,0,0,0.021597954361880594,584.9326934,112.998361225,1718.1297051428573,7.555392696430939,muskmelon
87,25,46,27.42711692,90.02696201,6.379690748,21.7508774,158,3.48,1.891304347826087,0.5434782608695652,1.3037974435987827,19.581654133739676,24.691800130006683,1,0,0,0,0,0,0.1203092520000002,1,0,0,0,0.014474316116799552,555.033095076,159.49226869999998,1718.1297051428573,7.555392696430939,muskmelon
120,8,46,29.55657523,90.70937262,6.732834334,28.36535596,174,15.0,2.608695652173913,0.17391304347826086,2.1379309976218797,25.730036432745777,26.81058395909132,1,0,0,0,1,0,0.23283433399999964,0,0,0,0,0.05421182708922339,807.9401200799999,53.862674672,1718.1297051428573,7.555392696430939,muskmelon
95,13,46,29.84070774,93.76312893,6.126019932,23.28207838,154,7.3076923076923075,2.0652173913043477,0.2826086956521739,1.7012986681565196,21.830005169023057,27.979581271880686,1,0,0,0,1,0,0.37398006799999983,1,0,0,0,0.1398610912612845,581.97189354,79.638259116,1718.1297051428573,7.555392696430939,muskmelon
108,22,47,28.53545677,91.72742702,6.161123579,25.1290048,177,4.909090909090909,2.297872340425532,0.46808510638297873,1.6610169209997132,23.050189538772297,26.1748402835254,1,0,0,0,1,0,0.33887642100000015,1,0,0,0,0.11483722870976934,665.4013465319999,135.544718738,1718.1297051428573,7.555392696430939,muskmelon
82,13,52,27.11535046,94.86907886,6.442810053,26.51924782,147,6.3076923076923075,1.5769230769230769,0.25,1.4693877251145362,25.158566127434632,25.724083211062773,1,0,0,0,0,0,0.05718994700000035,1,0,0,0,0.0032706900378628493,528.310424346,83.756530689,1718.1297051428573,7.555392696430939,muskmelon
120,23,55,27.84492803,91.60666594,6.732049075,26.47844429,198,5.217391304347826,2.1818181818181817,0.41818181818181815,1.6363636115702485,24.256020006849305,25.50781020167552,1,0,0,0,0,0,0.23204907499999994,0,0,0,0,0.0538467732083556,807.8458889999999,154.83712872499999,1718.1297051428573,7.555392696430939,muskmelon
110,22,47,29.03157242,91.82172592,6.243673725,24.93861254,179,5.0,2.3404255319148937,0.46808510638297873,1.6871508097125563,22.899064454729555,26.657290857758714,1,0,0,0,1,0,0.25632627500000016,1,0,0,0,0.0657031592553757,686.80410975,137.36082195,1718.1297051428573,7.555392696430939,muskmelon
95,23,45,27.82424457,90.56698742,6.266208727,21.19014526,163,4.130434782608695,2.111111111111111,0.5111111111111111,1.4969324877865189,19.191276191903928,25.199580079421935,1,0,0,0,0,0,0.23379127299999958,1,0,0,0,0.05465835933096033,595.289829065,144.122800721,1718.1297051428573,7.555392696430939,muskmelon
106,10,49,27.72653142,92.00687531,6.350623739,20.21126747,165,10.6,2.163265306122449,0.20408163265306123,1.854545420826447,18.59575565969349,25.510315191387374,1,0,0,0,0,0,0.14937626099999957,1,0,0,0,0.02231326735033999,673.1661163340001,63.50623739,1718.1297051428573,7.555392696430939,muskmelon
99,12,52,28.69708334,94.30759855,6.002927293,22.21807088,163,8.25,1.9038461538461537,0.23076923076923078,1.6441717488802747,20.953329091064848,27.06353015184613,1,0,0,0,1,0,0.49707270700000006,1,0,0,0,0.2470812760443079,594.289802007,72.035127516,1718.1297051428573,7.555392696430939,muskmelon
106,20,51,29.73019662,90.97015715,6.342573112,20.49035619,177,5.3,2.0784313725490198,0.39215686274509803,1.593220311979317,18.640109226637755,27.045606586217993,1,0,0,0,1,0,0.15742688799999982,1,0,0,0,0.024783225065364487,672.312749872,126.85146224,1718.1297051428573,7.555392696430939,muskmelon
83,11,53,29.54097171,92.91778307,6.163921247999999,21.9653077,147,7.545454545454546,1.5660377358490567,0.20754716981132076,1.5510203765097883,20.409676959344008,27.448816010267873,1,0,0,0,1,0,0.3360787520000006,1,0,0,0,0.1129489275458779,511.60546358399995,67.80313372799999,1718.1297051428573,7.555392696430939,muskmelon
117,19,55,28.80311922,91.78336933,6.121745389,25.16359891,191,6.157894736842105,2.1272727272727274,0.34545454545454546,1.6753926438420004,23.095998924285155,26.436473292252813,1,0,0,0,1,0,0.378254611,1,0,0,0,0.14307655074276132,716.244210513,116.313162391,1718.1297051428573,7.555392696430939,muskmelon
98,26,49,27.29035669,90.53330091,6.130160472999999,23.49535234,173,3.769230769230769,2.0,0.5306122448979592,1.3988439063784293,21.271118033836924,24.70686074157001,1,0,0,0,0,0,0.3698395270000008,1,0,0,0,0.1367812757315843,600.7557263539999,159.38417229799998,1718.1297051428573,7.555392696430939,muskmelon
113,20,48,27.46583649,94.87679041,6.440584681,27.27899847,181,5.65,2.3541666666666665,0.4166666666666667,1.7458563246543153,25.881438204329008,26.058704120970603,1,0,0,0,0,0,0.05941531900000019,1,0,0,0,0.0035301801318717834,727.7860689529999,128.81169362,1718.1297051428573,7.555392696430939,muskmelon
101,17,47,29.49401389,94.72981338,6.185053234,26.30820876,165,5.9411764705882355,2.148936170212766,0.3617021276595745,1.6727272423140502,24.92171706196881,27.93962431626828,1,0,0,0,1,0,0.31494676600000027,1,0,0,0,0.09919146541385893,624.690376634,105.14590497799999,1718.1297051428573,7.555392696430939,muskmelon
98,7,45,27.79161808,92.51054946,6.157724816,26.85422624,150,14.0,2.1777777777777776,0.15555555555555556,1.919999961600001,24.842992247855495,25.7101785896327,1,0,0,0,0,0,0.342275184,1,0,0,0,0.11715230158223386,603.457031968,43.104073712,1718.1297051428573,7.555392696430939,muskmelon
93,22,48,29.12533739,91.52291141,6.776987974,21.90440445,163,4.2272727272727275,1.9375,0.4583333333333333,1.4233128572396407,20.0475486796616,26.656356737313306,1,0,0,0,1,0,0.27698797399999986,0,0,0,0,0.0767223377406246,630.2598815819999,149.093735428,1718.1297051428573,7.555392696430939,muskmelon
95,21,47,27.93114233,93.56161439,6.431970877,20.66127836,163,4.523809523809524,2.021276595744681,0.44680851063829785,1.4969324877865189,19.331025587227717,26.132827681516662,1,0,0,0,0,0,0.06802912299999964,1,0,0,0,0.00462796157614908,611.037233315,135.071388417,1718.1297051428573,7.555392696430939,muskmelon
109,12,48,29.45771748,92.12534736,6.708743843,20.76212031,169,9.083333333333334,2.2708333333333335,0.25,1.8698224520149862,19.12717545488861,27.13802455277744,1,0,0,0,1,0,0.2087438429999997,0,0,0,0,0.043573991990408525,731.253078887,80.504926116,1718.1297051428573,7.555392696430939,muskmelon
118,12,47,27.96872279,92.17444796,6.010739645,28.94766949,177,9.833333333333334,2.5106382978723403,0.2553191489361702,1.9999999661016956,26.682354549692846,25.78001583314521,1,0,0,0,0,0,0.48926035499999987,1,0,0,0,0.23937569497472588,709.26727811,72.12887574,1718.1297051428573,7.555392696430939,muskmelon
100,14,49,29.48882958,91.07574233,6.365956657999999,26.01909355,163,7.142857142857143,2.0408163265306123,0.2857142857142857,1.6809815641537138,23.69708259819965,26.857170444413622,1,0,0,0,1,0,0.1340433420000009,1,0,0,0,0.017967617534529204,636.5956657999999,89.12339321199998,1718.1297051428573,7.555392696430939,muskmelon
89,9,47,29.47156259,90.77069618,6.6683827660000015,28.75226067,145,9.88888888888889,1.8936170212765957,0.19148936170212766,1.6827585858739604,26.09862717764733,26.75154253806744,1,0,0,0,1,0,0.16838276600000146,0,0,0,0,0.028352755885811248,593.4860661740001,60.01544489400001,1718.1297051428573,7.555392696430939,muskmelon
95,16,46,27.076726500000003,90.14362622,6.74669542,24.4514648,157,5.9375,2.0652173913043477,0.34782608695652173,1.6305732172501934,22.04143703462687,24.40794312877169,1,0,0,0,0,0,0.24669542,0,0,0,0,0.0608586302489764,640.9360649,107.94712672,1718.1297051428573,7.555392696430939,muskmelon
95,7,45,27.30008597,90.80015308,6.031665834,25.09484511,147,13.571428571428571,2.111111111111111,0.15555555555555556,1.8775509820907963,22.786157775068897,24.788519851731603,1,0,0,0,0,0,0.468334166,1,0,0,0,0.21933689104291557,573.00825423,42.221660838,1718.1297051428573,7.555392696430939,muskmelon
87,6,45,29.82729394,90.79007335,6.40077205,22.84203589,138,14.5,1.9333333333333333,0.13333333333333333,1.7826086568998118,20.738301139164324,27.080222046446107,1,0,0,0,1,0,0.0992279500000004,1,0,0,0,0.00984618606120258,556.8671683499999,38.404632299999996,1718.1297051428573,7.555392696430939,muskmelon
93,20,50,29.93061247,93.22980899,6.448792688999999,24.34814338,163,4.65,1.86,0.4,1.4233128572396407,22.699727565785327,27.90425283531812,1,0,0,0,1,0,0.051207311000000644,1,0,0,0,0.002622188699850787,599.737720077,128.97585378,1718.1297051428573,7.555392696430939,muskmelon
84,29,49,29.94349168,93.90741192,6.251420275,20.39020503,162,2.896551724137931,1.7142857142857142,0.5918367346938775,1.11111109053498,19.147913828854662,28.11915807516853,1,0,0,0,1,0,0.24857972499999992,1,0,0,0,0.061791879681075586,525.1193031,181.291187975,1718.1297051428573,7.555392696430939,muskmelon
111,5,47,28.03306461,91.47355778,6.2744528110000015,21.17924769,163,22.2,2.3617021276595747,0.10638297872340426,2.0858895321615427,19.373411373081463,25.64284155353308,1,0,0,0,1,0,0.22554718899999848,1,0,0,0,0.05087153446580104,696.4642620210002,31.37226405500001,1718.1297051428573,7.555392696430939,muskmelon
111,5,52,29.8843055,94.0371147,6.135996372,21.0000988,168,22.2,2.1346153846153846,0.09615384615384616,1.9642856792091843,19.747886995669322,28.10233864033341,1,0,0,0,1,0,0.36400362799999986,1,0,0,0,0.1324986411971623,681.095597292,30.67998186,1718.1297051428573,7.555392696430939,muskmelon
111,15,54,27.7058373,92.91185695,6.194090172,22.06207161,180,7.4,2.0555555555555554,0.2777777777777778,1.6999999716666672,20.498280414489763,25.74200791897574,1,0,0,0,0,0,0.3059098279999999,1,0,0,0,0.09358082286698952,687.544009092,92.91135258,1718.1297051428573,7.555392696430939,muskmelon
89,11,47,29.78714005,94.65343534,6.327822962000001,27.8659442,147,8.090909090909092,1.8936170212765957,0.23404255319148937,1.6326530279050404,26.376073475227482,28.194551346861996,1,0,0,0,1,0,0.17217703799999917,1,0,0,0,0.029644932414453158,563.1762436180001,69.606052582,1718.1297051428573,7.555392696430939,muskmelon
110,15,48,28.57819995,92.86597437,6.2125672110000005,27.598717800000006,173,7.333333333333333,2.2916666666666665,0.3125,1.815028870259615,25.629818198596634,26.53942384097435,1,0,0,0,1,0,0.28743278899999947,1,0,0,0,0.08261760819231821,683.38239321,93.188508165,1718.1297051428573,7.555392696430939,muskmelon
95,30,52,29.48069921,90.33698678,6.640470862999999,26.0365768,177,3.1666666666666665,1.8269230769230769,0.5769230769230769,1.2203389623671363,23.520658941780546,26.63197534798927,1,0,0,0,1,0,0.1404708629999991,0,0,0,0,0.01973206335196452,630.844731985,199.21412588999996,1718.1297051428573,7.555392696430939,muskmelon
115,12,52,27.51492243,94.96218673,6.685553129,21.01796432,179,9.583333333333334,2.2115384615384617,0.23076923076923078,1.8547485722667838,19.959118524403173,26.128772016591252,1,0,0,0,0,0,0.18555312899999965,0,0,0,0,0.03442996368169051,768.8386098349999,80.226637548,1718.1297051428573,7.555392696430939,muskmelon
120,25,50,28.05457761,94.81637388,6.327210469,21.84869328,195,4.8,2.4,0.5,1.6923076662721899,20.716138708259237,26.60033319715237,1,0,0,0,1,0,0.17278953100000027,1,0,0,0,0.029856222023200055,759.26525628,158.18026172499998,1718.1297051428573,7.555392696430939,muskmelon
102,11,45,29.03167341,93.12603235,6.35544263,24.15591199,158,9.272727272727273,2.2666666666666666,0.24444444444444444,1.8734176859477654,22.495442414244927,27.036045571542946,1,0,0,0,1,0,0.14455737000000024,1,0,0,0,0.02089683322131697,648.2551482599999,69.90986893,1718.1297051428573,7.555392696430939,muskmelon
94,5,55,28.5854649,91.89216849,6.085682343999999,26.88372572,154,18.8,1.709090909090909,0.09090909090909091,1.8051947700286732,24.70403853501187,26.267803569557813,1,0,0,0,1,0,0.4143176560000006,1,0,0,0,0.17165912007333484,572.0541403359999,30.428411719999996,1718.1297051428573,7.555392696430939,muskmelon
84,18,46,27.08808014,93.42402083,6.781050372999999,25.32159689,148,4.666666666666667,1.826086956521739,0.391304347826087,1.4054053769174588,23.65645395300223,25.30677363244069,1,0,0,0,0,0,0.28105037299999935,0,0,0,0,0.07898931216343877,569.608231332,122.05890671399999,1718.1297051428573,7.555392696430939,muskmelon
107,22,54,27.99611732,90.84660317,6.630301421,21.61893763,183,4.863636363636363,1.9814814814814814,0.4074074074074074,1.5081966965869396,19.640070478295904,25.433521604708037,1,0,0,0,0,0,0.13030142100000042,0,0,0,0,0.01697846031461935,709.442252047,145.866631262,1718.1297051428573,7.555392696430939,muskmelon
80,18,52,27.87317436,91.14849627,6.484799661,24.05207925,150,4.444444444444445,1.5384615384615385,0.34615384615384615,1.2799999744000006,21.92310855804369,25.405979291855193,1,0,0,0,0,0,0.01520033899999973,1,0,0,0,0.00023105030571491278,518.78397288,116.726393898,1718.1297051428573,7.555392696430939,muskmelon
86,18,45,28.96586565,90.71832938,6.566759102000001,22.25838137,149,4.777777777777778,1.9111111111111112,0.4,1.4630872188640156,20.192431725893154,26.27734940813528,1,0,0,0,1,0,0.06675910200000068,0,0,0,0,0.004456777699846495,564.7412827720001,118.20166383600001,1718.1297051428573,7.555392696430939,muskmelon
113,28,48,28.87726019,92.48839665,6.170520517999999,24.44267592,189,4.035714285714286,2.3541666666666665,0.5833333333333334,1.5873015621063244,22.606639056763633,26.708114946179744,1,0,0,0,1,0,0.3294794820000009,1,0,0,0,0.1085567290589889,697.2688185339999,172.774574504,1718.1297051428573,7.555392696430939,muskmelon
115,18,53,29.17052093,94.19790371,6.0124803510000016,22.06994464,186,6.388888888888889,2.169811320754717,0.33962264150943394,1.709677391779397,20.789425200837506,27.478019217346798,1,0,0,0,1,0,0.48751964899999845,1,0,0,0,0.23767540816108168,691.4352403650001,108.22464631800003,1718.1297051428573,7.555392696430939,muskmelon
82,20,54,29.34033587,90.01506395,6.541150335,21.44532907,156,4.1,1.5185185185185186,0.37037037037037035,1.2307692071005922,19.30402667664844,26.410722096525287,1,0,0,0,1,0,0.041150335000000204,0,0,0,0,0.001693350070612242,536.37432747,130.8230067,1718.1297051428573,7.555392696430939,muskmelon
98,22,47,29.07265321,91.91533173,6.341400922,28.83568362,167,4.454545454545454,2.0851063829787235,0.46808510638297873,1.5209580565097354,26.504414255936275,26.722225640683995,1,0,0,0,1,0,0.15859907799999995,1,0,0,0,0.02515366754245007,621.457290356,139.510820284,1718.1297051428573,7.555392696430939,muskmelon
117,25,54,28.68275966,92.50969311,6.150686363999999,29.11187663,196,4.68,2.1666666666666665,0.46296296296296297,1.581632628852562,26.93130772897481,26.534332936944878,1,0,0,0,1,0,0.34931363600000065,1,0,0,0,0.12202001629554095,719.630304588,153.7671591,1718.1297051428573,7.555392696430939,muskmelon
83,15,49,28.92705913,91.39356832,6.438008152999999,23.20076686,147,5.533333333333333,1.6938775510204083,0.30612244897959184,1.3877550737192843,21.204008710958018,26.437471548943346,1,0,0,0,1,0,0.06199184700000071,1,0,0,0,0.0038429890944714972,534.3546766989999,96.57012229499999,1718.1297051428573,7.555392696430939,muskmelon
120,16,51,27.99901833,91.64193051,6.547041902999999,23.28618248,187,7.5,2.3529411764705883,0.3137254901960784,1.8502673499957112,21.33990716675339,25.658840921460758,1,0,0,0,0,0,0.04704190299999933,0,0,0,0,0.002212940637861346,785.64502836,104.75267044799999,1718.1297051428573,7.555392696430939,muskmelon
111,5,50,27.59350075,91.79742953,6.399891457000001,24.84266123,166,22.2,2.22,0.1,2.012048156408768,22.804924435985885,25.330124405841275,1,0,0,0,0,0,0.10010854299999927,1,0,0,0,0.010021720381582703,710.3879517270001,31.999457285000005,1718.1297051428573,7.555392696430939,muskmelon
85,21,47,29.87331077,90.60932469,6.186770318,24.69720481,153,4.0476190476190474,1.8085106382978724,0.44680851063829785,1.333333307189543,22.377970495647194,27.068005151242037,1,0,0,0,1,0,0.31322968200000023,1,0,0,0,0.09811283368582127,525.87547703,129.922176678,1718.1297051428573,7.555392696430939,muskmelon
90,23,54,28.55852465,90.45773041,6.159020864,27.26588346,167,3.9130434782608696,1.6666666666666667,0.42592592592592593,1.2335329119724625,24.664099354151578,25.833393236970394,1,0,0,0,1,0,0.3409791359999996,1,0,0,0,0.11626677118730624,554.31187776,141.657479872,1718.1297051428573,7.555392696430939,muskmelon
99,29,55,29.19378695,91.46241065,6.660954816,26.48240255,183,3.413793103448276,1.8,0.5272727272727272,1.2459016189196457,24.22144377026707,26.70134130449511,1,0,0,0,1,0,0.16095481600000028,0,0,0,0,0.025906452793593944,659.434526784,193.16768966400002,1718.1297051428573,7.555392696430939,muskmelon
102,11,47,27.98780984,92.78226196,6.504906978999999,27.14509034,160,9.272727272727273,2.1702127659574466,0.23404255319148937,1.8249999657812508,25.185828828537453,25.967723042615457,1,0,0,0,0,0,0.004906978999999367,0,0,0,0,2.407844290643479e-05,663.500511858,71.55397676899999,1718.1297051428573,7.555392696430939,muskmelon
80,18,51,28.05380704,91.81758779,6.706053225,20.76582087,149,4.444444444444445,1.5686274509803921,0.35294117647058826,1.2751677595603808,19.06667580762639,25.7583289073892,1,0,0,0,1,0,0.20605322499999978,0,0,0,0,0.042457931532900534,536.484258,120.70895804999999,1718.1297051428573,7.555392696430939,muskmelon
87,21,52,27.350629600000005,94.29119509999998,6.067665497999999,27.21244021,160,4.142857142857143,1.6730769230769231,0.40384615384615385,1.2624999763281257,25.658935089881943,25.789235517214347,1,0,0,0,0,0,0.4323345020000007,1,0,0,0,0.1869131216195886,527.8868983259999,127.42097545799999,1718.1297051428573,7.555392696430939,muskmelon
114,8,52,29.34081108,94.5513539,6.419083092,28.22908103,174,14.25,2.1923076923076925,0.15384615384615385,1.9310344494649234,26.690978307393063,27.74213412138121,1,0,0,0,1,0,0.08091690799999984,1,0,0,0,0.0065475460002804384,731.775472488,51.352664736,1718.1297051428573,7.555392696430939,muskmelon
99,6,46,28.61475136,94.22253035,6.39637861,28.98574189,151,16.5,2.152173913043478,0.13043478260869565,1.9337747960177194,27.311099449477915,26.96154278475304,1,0,0,0,1,0,0.10362138999999981,1,0,0,0,0.010737392465532061,633.24148239,38.37827166,1718.1297051428573,7.555392696430939,muskmelon
89,25,50,27.04863538,91.34685096,6.375923383,25.08146686,164,3.56,1.78,0.5,1.2560975379982158,22.91113015118599,24.70807664728243,1,0,0,0,0,0,0.12407661700000006,1,0,0,0,0.015395006886164703,567.457181087,159.39808457499998,1718.1297051428573,7.555392696430939,muskmelon
96,13,55,29.5275305,94.57459443,6.700337732,21.13545688,164,7.384615384615385,1.7454545454545454,0.23636363636363636,1.5243902160172524,19.988772625187533,27.925542215569553,1,0,0,0,1,0,0.20033773200000038,0,0,0,0,0.04013520686290398,643.232422272,87.10439051600001,1718.1297051428573,7.555392696430939,muskmelon
82,26,47,28.50416396,93.46806467,6.565312652999999,24.20007242,155,3.1538461538461537,1.7446808510638299,0.5531914893617021,1.1741935256607705,22.619339339712436,26.642290403775636,1,0,0,0,1,0,0.06531265299999944,0,0,0,0,0.004265742641898336,538.3556375459999,170.698128978,1718.1297051428573,7.555392696430939,muskmelon
106,21,52,28.89578588,94.78993038,6.286515359,23.0362503,179,5.0476190476190474,2.0384615384615383,0.40384615384615385,1.5530725996691743,21.83604562153254,27.39029531840587,1,0,0,0,1,0,0.21348464099999998,1,0,0,0,0.04557569194289887,666.370628054,132.016822539,1718.1297051428573,7.555392696430939,muskmelon
90,15,52,27.04927452,91.3821731,6.448061578,23.65747461,157,6.0,1.7307692307692308,0.28846153846153844,1.4394904183536865,21.618714399198755,24.718214864160597,1,0,0,0,0,0,0.051938422000000095,1,0,0,0,0.002697599679850094,580.32554202,96.72092367,1718.1297051428573,7.555392696430939,muskmelon
106,16,54,28.96017885,91.69532178,6.585872508,24.7458198,176,6.625,1.962962962962963,0.2962962962962963,1.6136363361311987,22.690759092708955,26.555129184571005,1,0,0,0,1,0,0.08587250799999957,0,0,0,0,0.00737408763020999,698.1024858479999,105.373960128,1718.1297051428573,7.555392696430939,muskmelon
24,128,196,22.75088787,90.69489172,5.521466996,110.4317855,348,0.1875,0.12244897959183673,0.6530612244897959,1.5862068828775269,100.15598828368766,20.633893119035115,1,0,0,0,0,0,0.978533004,1,0,0,0,0.957526839917264,132.515207904,706.747775488,1718.1297051428573,7.555392696430939,apple
7,144,197,23.8494014,94.34814995,6.133220586,114.0512495,348,0.04861111111111111,0.03553299492385787,0.7309644670050761,1.879310328626635,107.60524389810863,22.5014689950494,1,0,0,0,0,0,0.3667794139999998,1,0,0,0,0.13452713853418324,42.932544102,883.183764384,1718.1297051428573,7.555392696430939,apple
22,144,196,21.91191314,91.68748063,6.4992268210000015,117.0761277,362,0.1527777777777778,0.11224489795918367,0.7346938775510204,1.6353591024693994,107.34415190729156,20.090481115899923,1,0,0,0,0,0,0.0007731789999985139,1,0,0,0,5.97805766038702e-07,142.98299006200003,935.8886622240002,1718.1297051428573,7.555392696430939,apple
1,124,199,23.71059131,93.27392415,5.658473817000001,112.66765890000002,324,0.008064516129032258,0.005025125628140704,0.6231155778894473,1.9814814631344309,105.08954670396675,22.115798954005893,1,0,0,0,0,0,0.8415261829999992,1,0,0,0,0.7081663166745481,5.658473817000001,701.650753308,1718.1297051428573,7.555392696430939,apple
30,122,197,21.37784654,92.72043743,5.573241391,106.1417017,349,0.2459016393442623,0.15228426395939088,0.6192893401015228,1.4842406749205674,98.41505011188575,19.82163282500212,1,0,0,0,0,0,0.9267586090000002,1,0,0,0,0.8588815193556152,167.19724173,679.935449702,1718.1297051428573,7.555392696430939,apple
29,121,196,22.84852833,94.32130209,6.079497202000001,123.5977843,346,0.2396694214876033,0.14795918367346939,0.6173469387755102,1.4971098136088747,116.5790395061496,21.551029429258534,1,0,0,0,0,0,0.42050279799999934,1,0,0,0,0.17682260312582826,176.30541885800002,735.6191614420001,1718.1297051428573,7.555392696430939,apple
9,139,199,23.25230817,94.54128292,5.867420996,105.3558408,347,0.06474820143884892,0.04522613065326633,0.6984924623115578,1.8443803875125613,99.60476352347278,21.983030452429976,1,0,0,0,0,0,0.6325790040000001,1,0,0,0,0.4001561963016322,52.806788964,815.5715184439999,1718.1297051428573,7.555392696430939,apple
0,133,200,23.67287749,90.4935574,5.708418722,104.2298028,333,0.0,0.0,0.665,1.9999999819819823,94.32125642472481,21.42242897964483,1,0,0,0,0,0,0.7915812779999998,1,0,0,0,0.6266009196801129,0.0,759.2196900260001,1718.1297051428573,7.555392696430939,apple
30,143,199,23.76881552,90.59810302,5.7983508000000015,102.2648546,372,0.2097902097902098,0.1507537688442211,0.7185929648241206,1.5161290200312176,92.65001832376122,21.53409597144335,1,0,0,0,0,0,0.7016491999999985,1,0,0,0,0.49231159986063794,173.95052400000003,829.1641644000002,1718.1297051428573,7.555392696430939,apple
36,140,198,23.34386401,91.47684705,6.28188384,104.4267991,374,0.2571428571428571,0.18181818181818182,0.7070707070707071,1.422459881638022,95.52634329191777,21.3542307759877,1,0,0,0,0,0,0.21811616000000011,1,0,0,0,0.04757465925314565,226.14781824,879.4637376,1718.1297051428573,7.555392696430939,apple
37,137,199,22.63946441,90.18451645,5.697945522,108.3405879,373,0.27007299270072993,0.18592964824120603,0.6884422110552764,1.4048257259665493,97.70643531670223,20.417291505028345,1,0,0,0,0,0,0.8020544779999996,1,0,0,0,0.6432913856798519,210.823984314,780.6185365140001,1718.1297051428573,7.555392696430939,apple
7,144,195,22.96388477,93.58065995,5.85648105,104.64729859999998,346,0.04861111111111111,0.035897435897435895,0.7384615384615385,1.8786127004744566,97.9296326497271,21.48975491792354,1,0,0,0,0,0,0.6435189499999998,1,0,0,0,0.4141166390091023,40.99536735,843.3332712,1718.1297051428573,7.555392696430939,apple
29,128,198,22.44075021,92.70785115,5.685062404,121.4977331,355,0.2265625,0.14646464646464646,0.6464646464646465,1.5098591421702048,112.63793755297229,20.804337301630113,1,0,0,0,0,0,0.814937596,1,0,0,0,0.6641232853742592,164.866809716,727.687987712,1718.1297051428573,7.555392696430939,apple
2,143,196,22.71271308,90.45261746,5.669489065,109.8852597,341,0.013986013986013986,0.01020408163265306,0.7295918367346939,1.9648093668785098,99.39409360136854,20.54424347703978,1,0,0,0,0,0,0.8305109350000004,1,0,0,0,0.6897484131545749,11.33897813,810.736936295,1718.1297051428573,7.555392696430939,apple
34,140,198,21.70416965,93.44006288,5.751707342,115.1781396,372,0.24285714285714285,0.1717171717171717,0.7070707070707071,1.451612891519251,107.62252606625417,20.280389768541877,1,0,0,0,0,0,0.7482926580000004,1,0,0,0,0.5599419020167056,195.558049628,805.23902788,1718.1297051428573,7.555392696430939,apple
13,144,197,22.9215706,94.89613443,6.28022267,105.6941544,354,0.09027777777777778,0.06598984771573604,0.7309644670050761,1.7796610018672796,100.29966684407576,21.751684450043356,1,0,0,0,0,0,0.21977733000000033,1,0,0,0,0.04830207478192904,81.64289471,904.35206448,1718.1297051428573,7.555392696430939,apple
25,143,198,22.81212536,91.51861705,6.027314401,107.855225,366,0.17482517482517482,0.12626262626262627,0.7222222222222222,1.590163921392099,98.70761033616587,20.877341649184334,1,0,0,0,0,0,0.47268559900000007,1,0,0,0,0.22343167550198886,150.682860025,861.905959343,1718.1297051428573,7.555392696430939,apple
9,137,200,21.12152071,90.6878768,5.636687393,102.8017203,346,0.06569343065693431,0.045,0.685,1.843930619850313,93.22869745394459,19.154658679771284,1,0,0,0,0,0,0.8633126070000001,1,0,0,0,0.7453086574051366,50.730186537,772.226172841,1718.1297051428573,7.555392696430939,apple
6,144,198,21.11478672,90.31528693,5.559363609,104.5086618,348,0.041666666666666664,0.030303030303030304,0.7272727272727273,1.8965517077883474,94.3872977713733,19.069880210825534,1,0,0,0,0,0,0.940636391,1,0,0,0,0.8847968200735048,33.356181654,800.548359696,1718.1297051428573,7.555392696430939,apple
37,126,196,23.59997268,90.97597665,5.596449493,107.17281909999998,359,0.29365079365079366,0.18877551020408162,0.6428571428571429,1.3816155873402596,97.50151887956274,21.470305634763182,1,0,0,0,0,0,0.9035505070000003,1,0,0,0,0.8164035186999575,207.068631241,705.1526361179999,1718.1297051428573,7.555392696430939,apple
11,143,197,22.98458907,93.3204487,5.875718516,122.1952483,351,0.07692307692307693,0.05583756345177665,0.7258883248730964,1.8119657964789249,114.03315400363913,21.449321651975158,1,0,0,0,0,0,0.6242814839999999,1,0,0,0,0.3897273712652422,64.632903676,840.227747788,1718.1297051428573,7.555392696430939,apple
23,138,195,22.49095104,91.70292746,5.7959857160000015,124.3915101,356,0.16666666666666666,0.11794871794871795,0.7076923076923077,1.612359536974498,114.07065627340157,20.624860517275312,1,0,0,0,0,0,0.7040142839999985,1,0,0,0,0.4956361120760306,133.30767146800002,799.8460288080003,1718.1297051428573,7.555392696430939,apple
13,121,196,22.20700989,93.50574163,6.443382913,120.1593771,330,0.10743801652892562,0.0663265306122449,0.6173469387755102,1.763636347603306,112.3559166953434,20.764829291491946,1,0,0,0,0,0,0.05661708700000023,1,0,0,0,0.0032054945403655953,83.763977869,779.649332473,1718.1297051428573,7.555392696430939,apple
21,137,196,23.6119202,91.70293849,5.812781806,123.5900822,354,0.15328467153284672,0.10714285714285714,0.6989795918367347,1.6440677826773917,113.33573705960643,21.652824657313886,1,0,0,0,0,0,0.6872181939999997,1,0,0,0,0.4722688461646213,122.06841792600001,796.351107422,1718.1297051428573,7.555392696430939,apple
21,135,198,23.86087054,94.92048112,5.7650151260000015,105.0241329,354,0.15555555555555556,0.10606060606060606,0.6818181818181818,1.6440677826773917,99.6894122407882,22.64885311598834,1,0,0,0,0,0,0.7349848739999985,1,0,0,0,0.5402027650087936,121.06531764600004,778.2770420100002,1718.1297051428573,7.555392696430939,apple
15,133,199,23.99686172,91.61001707,5.8247786360000005,117.6102915,347,0.11278195488721804,0.07537688442211055,0.6683417085427136,1.7406339907149797,107.74280811922675,21.98352911795629,1,0,0,0,0,0,0.6752213639999995,1,0,0,0,0.45592389040201986,87.37167954,774.695558588,1718.1297051428573,7.555392696430939,apple
31,130,198,21.80129837,92.73446667,5.554823557000001,120.05866709999998,359,0.23846153846153847,0.15656565656565657,0.6565656565656566,1.4818941380343107,111.33576462629574,20.217317770554907,1,0,0,0,0,0,0.9451764429999994,1,0,0,0,0.893358508402131,172.19953026700003,722.1270624100001,1718.1297051428573,7.555392696430939,apple
25,143,200,23.80436344,92.80441624,6.024248787,100.6192543,368,0.17482517482517482,0.125,0.715,1.5923912913663751,93.37911157815608,22.09150053013998,1,0,0,0,0,0,0.4757512129999997,1,0,0,0,0.22633921667097107,150.606219675,861.4675765410001,1718.1297051428573,7.555392696430939,apple
10,125,196,22.31253665,90.03577124,5.730557448,113.0688155,331,0.08,0.05102040816326531,0.6377551020408163,1.818731101340806,101.80238006735767,20.08926445603516,1,0,0,0,0,0,0.7694425520000001,1,0,0,0,0.5920418408282728,57.30557448,716.319681,1718.1297051428573,7.555392696430939,apple
28,123,198,23.46260321,91.45665004,5.682751473,111.7763395,349,0.22764227642276422,0.1414141414141414,0.6212121212121212,1.5186246287797311,102.22689564403728,21.45811090804351,1,0,0,0,0,0,0.8172485270000003,1,0,0,0,0.6678951548836702,159.117041244,698.9784311789999,1718.1297051428573,7.555392696430939,apple
28,136,200,23.06204373,92.39544055,6.245858905,114.7399101,364,0.20588235294117646,0.14,0.68,1.5384615257819108,106.01444542356896,21.308276904167155,1,0,0,0,0,0,0.2541410949999996,1,0,0,0,0.06458769616779882,174.88404934000002,849.4368110800001,1718.1297051428573,7.555392696430939,apple
2,131,199,22.47420512,91.22759742,6.017370134,124.2179699,332,0.015267175572519083,0.010050251256281407,0.6582914572864321,1.9638554039410654,113.32106950366877,20.502677370218628,1,0,0,0,0,0,0.4826298659999999,1,0,0,0,0.23293158755517787,12.034740268,788.275487554,1718.1297051428573,7.555392696430939,apple
2,140,197,22.69780133,92.82223419,5.53456749,105.0508234,339,0.014285714285714285,0.01015228426395939,0.7106598984771574,1.9646017525256483,97.51052131487133,21.068606306513537,1,0,0,0,0,0,0.9654325100000003,1,0,0,0,0.9320599313649007,11.06913498,774.8394486,1718.1297051428573,7.555392696430939,apple
26,126,195,21.41363812,92.99124545,5.878568981,118.3979065,347,0.20634920634920634,0.13333333333333333,0.6461538461538462,1.5504322632527467,110.0996878410765,19.912808783943966,1,0,0,0,0,0,0.6214310190000001,1,0,0,0,0.38617651137537845,152.842793506,740.699691606,1718.1297051428573,7.555392696430939,apple
6,124,200,22.98208095,93.84505029,5.971332179,109.5852253,330,0.04838709677419355,0.03,0.62,1.8909090737190084,102.8403097931948,21.56754542521601,1,0,0,0,0,0,0.528667821,1,0,0,0,0.279489664960888,35.827993074,740.445190196,1718.1297051428573,7.555392696430939,apple
35,138,200,21.19909519,90.80819418,5.67130617,103.6838922,373,0.2536231884057971,0.175,0.69,1.4369973074772338,94.15347016235788,19.25051552453824,1,0,0,0,0,0,0.8286938299999997,1,0,0,0,0.6867334638800685,198.49571595,782.6402514600001,1718.1297051428573,7.555392696430939,apple
17,136,196,23.87192332,90.49939035,5.882155987999999,103.0548094,349,0.125,0.08673469387755102,0.6938775510204082,1.7077363750051318,93.26397423335449,21.60394506941948,1,0,0,0,0,0,0.6178440120000008,1,0,0,0,0.38173122316425717,99.99665179599998,799.9732143679998,1718.1297051428573,7.555392696430939,apple
16,143,197,22.61711614,93.51978375,5.90402645,116.9256766,356,0.11188811188811189,0.08121827411167512,0.7258883248730964,1.7303370640701932,109.34863990454437,21.15147810461435,1,0,0,0,0,0,0.5959735500000001,1,0,0,0,0.3551844722996026,94.4644232,844.27578235,1718.1297051428573,7.555392696430939,apple
27,120,200,21.45278675,90.74531921,6.1102188260000005,116.7036582,347,0.225,0.135,0.6,1.5331411971198166,105.90310716333735,19.467399815728086,1,0,0,0,0,0,0.38978117399999945,1,0,0,0,0.15192936360481785,164.97590830200002,733.2262591200001,1718.1297051428573,7.555392696430939,apple
3,141,197,21.98141856,91.12719303,6.142803397000001,115.4789148,341,0.02127659574468085,0.015228426395939087,0.7157360406091371,1.9472140591154186,105.23269359874523,20.031049721903447,1,0,0,0,0,0,0.35719660299999934,1,0,0,0,0.12758941319473913,18.428410191,866.1352789770001,1718.1297051428573,7.555392696430939,apple
5,136,195,22.35628673,91.92360477,6.264202804,107.7697413,336,0.03676470588235294,0.02564102564102564,0.6974358974358974,1.910714268654337,99.06583105426347,20.550704654933156,1,0,0,0,0,0,0.23579719600000004,1,0,0,0,0.055600317641462435,31.32101402,851.931581344,1718.1297051428573,7.555392696430939,apple
7,141,195,23.8812458,93.45067555,5.514253142,104.9116663,343,0.04964539007092199,0.035897435897435895,0.7230769230769231,1.8775510039864347,98.04066088811167,22.317185529856,1,0,0,0,0,0,0.9857468579999997,1,0,0,0,0.9716968680568716,38.599771994,777.5096930220001,1718.1297051428573,7.555392696430939,apple
29,138,197,22.19055385,92.43764169,5.830892252000001,121.6622761,364,0.21014492753623187,0.14720812182741116,0.700507614213198,1.5219780094342474,112.46173885321652,20.5124246568895,1,0,0,0,0,0,0.6691077479999992,1,0,0,0,0.4477051784336304,169.09587530800002,804.6631307760001,1718.1297051428573,7.555392696430939,apple
30,137,200,22.91430043,90.70475565,5.603413172000001,118.6044645,367,0.21897810218978103,0.15,0.685,1.509536772401607,107.57988971471599,20.7843602139384,1,0,0,0,0,0,0.8965868279999993,1,0,0,0,0.8038679401431004,168.10239516000001,767.667604564,1718.1297051428573,7.555392696430939,apple
14,139,197,21.72484506,92.83975602,6.056529526,121.6961761,350,0.10071942446043165,0.07106598984771574,0.7055837563451777,1.7599999849142856,112.98243297690955,20.169293149427023,1,0,0,0,0,0,0.4434704739999997,1,0,0,0,0.19666606130978442,84.79141336400001,841.8576041140001,1718.1297051428573,7.555392696430939,apple
40,144,196,22.71750705,92.25479855,5.987262638,107.0289866,380,0.2777777777777778,0.20408163265306123,0.7346938775510204,1.3684210418282547,98.73937597793649,20.957990364559546,1,0,0,0,0,0,0.5127373620000002,1,0,0,0,0.26289960239071924,239.49050552,862.1658198719999,1718.1297051428573,7.555392696430939,apple
9,143,197,23.75033085,92.88160462,5.570020684,117.6602827,349,0.06293706293706294,0.04568527918781726,0.7258883248730964,1.8452721904417866,109.28475857218827,22.059688396038887,1,0,0,0,0,0,0.9299793159999998,1,0,0,0,0.8648615281878276,50.130186156,796.512957812,1718.1297051428573,7.555392696430939,apple
28,130,196,22.13450646,94.67695747,6.062356467000001,112.9203223,354,0.2153846153846154,0.14285714285714285,0.6632653061224489,1.5254237158862398,106.90952551895792,20.956277267328602,1,0,0,0,0,0,0.43764353299999925,1,0,0,0,0.19153186197672142,169.74598107600002,788.10634071,1718.1297051428573,7.555392696430939,apple
29,140,195,23.64082979,90.95257927,5.560521058,116.7431319,364,0.20714285714285716,0.14871794871794872,0.717948717948718,1.5219780094342474,106.18088958362816,21.501944454835527,1,0,0,0,0,0,0.939478942,1,0,0,0,0.8826206824614394,161.255110682,778.47294812,1718.1297051428573,7.555392696430939,apple
33,138,198,22.29423493,90.69033986,6.222390797999999,122.7418744,369,0.2391304347826087,0.16666666666666666,0.696969696969697,1.4634146222486617,111.31502304389433,20.21871742720383,1,0,0,0,0,0,0.2776092020000007,1,0,0,0,0.0770668690350772,205.33889633399997,858.6899301239999,1718.1297051428573,7.555392696430939,apple
14,140,197,23.35225078,90.90054697,6.071255131,113.0381382,351,0.1,0.07106598984771574,0.7106598984771574,1.7606837456351816,102.75228590850452,21.22732368882609,1,0,0,0,0,0,0.428744869,1,0,0,0,0.18382216269382715,84.997571834,849.97571834,1718.1297051428573,7.555392696430939,apple
35,145,195,22.03911546,94.58075845,6.231950009,110.9804014,375,0.2413793103448276,0.1794871794871795,0.7435897435897436,1.43999998848,104.96610537497442,20.84476255773921,1,0,0,0,0,0,0.2680499909999998,1,0,0,0,0.07185079767509998,218.118250315,903.632751305,1718.1297051428573,7.555392696430939,apple
40,120,197,23.80593812,92.48879468,5.889480679,119.6335548,357,0.3333333333333333,0.20304568527918782,0.6091370558375635,1.3277310812795708,110.64763286735727,22.01782522945465,1,0,0,0,0,0,0.610519321,1,0,0,0,0.372733841314301,235.57922716000002,706.73768148,1718.1297051428573,7.555392696430939,apple
25,132,198,22.31944084,90.85174383,5.732757516,100.1173443,355,0.1893939393939394,0.12626262626262627,0.6666666666666666,1.5774647754017064,90.95835317283512,20.277601216245202,1,0,0,0,0,0,0.7672424839999996,1,0,0,0,0.5886610292544897,143.3189379,756.723992112,1718.1297051428573,7.555392696430939,apple
31,137,196,22.14464104,93.82567435,6.400321212000001,120.6310784,364,0.22627737226277372,0.15816326530612246,0.6989795918367347,1.4890109767389208,113.1829227844772,20.777358788166854,1,0,0,0,0,0,0.09967878799999941,1,0,0,0,0.009935860777148826,198.40995757200002,876.844006044,1718.1297051428573,7.555392696430939,apple
36,144,196,23.65167552,94.50528753,6.496934492,115.3611268,376,0.25,0.1836734693877551,0.7346938775510204,1.4255319035196925,109.02236458018788,22.352083955838626,1,0,0,0,0,0,0.003065507999999717,1,0,0,0,9.397339298062265e-06,233.889641712,935.558566848,1718.1297051428573,7.555392696430939,apple
10,140,197,22.16939473,90.27185592,6.229498836,124.4683112,347,0.07142857142857142,0.050761421319796954,0.7106598984771574,1.827089321379631,112.35985455252121,20.01272406900167,1,0,0,0,0,0,0.2705011639999997,1,0,0,0,0.07317087972535473,62.294988360000005,872.1298370400001,1718.1297051428573,7.555392696430939,apple
22,30,12,15.78144173,92.51077745,6.354006743999999,119.035002,64,0.7333333333333333,1.8333333333333333,2.5,0.874999958984377,110.12020578782305,14.59953443724173,1,0,0,1,0,0,0.14599325600000057,1,0,0,0,0.021314030797481703,139.78814836799998,190.62020231999998,1718.1297051428573,7.555392696430939,orange
37,6,13,26.03097313,91.50819306,7.511755067999999,101.2847738,56,6.166666666666667,2.8461538461538463,0.46153846153846156,1.964285609056128,92.6838663492883,23.820473147197124,1,0,0,0,0,0,1.0117550679999994,0,1,0,0,1.0236483176236832,277.934937516,45.070530407999996,1718.1297051428573,7.555392696430939,orange
27,13,6,13.36050601,91.35608208,7.335158382,111.2266885,46,2.076923076923077,4.5,2.1666666666666665,1.521739031190933,101.6123448409259,12.205634836798932,1,0,0,1,0,0,0.8351583820000004,0,0,0,0,0.6974895230248586,198.049276314,95.35705896600001,1718.1297051428573,7.555392696430939,orange
7,16,9,18.87957654,92.04304496,7.813916602999999,114.6659511,32,0.4375,0.7777777777777778,1.7777777777777777,0.9999999062500089,105.5420329247846,17.37733712296981,1,0,0,0,0,0,1.3139166029999991,0,1,0,0,1.7263768396390573,54.697416221,125.02266564799999,1718.1297051428573,7.555392696430939,orange
20,7,9,29.47741671,91.57802915,7.1291369410000005,111.1727497,36,2.857142857142857,2.2222222222222223,0.7777777777777778,1.3333332222222316,101.80981312712254,26.99483726735077,1,0,0,0,1,0,0.6291369410000005,0,0,0,0,0.39581329053083814,142.58273882,49.903958587000005,1718.1297051428573,7.555392696430939,orange
26,27,10,28.06903173,92.91487288,6.079998496,114.1339416,63,0.9629629629629629,2.6,2.7,1.0476189977324286,106.04740675057344,26.080305150576365,1,0,0,0,1,0,0.420001504,1,0,0,0,0.17640126336226203,158.079960896,164.159959392,1718.1297051428573,7.555392696430939,orange
5,23,15,25.66901098,92.04670813,7.408939392000001,112.5424199,43,0.21739130434782608,0.3333333333333333,1.5333333333333334,1.3023254905354307,103.59159276779204,23.627479616618253,1,0,0,0,0,0,0.9089393920000006,0,0,0,0,0.8261708183293308,37.04469696,170.405606016,1718.1297051428573,7.555392696430939,orange
0,18,14,29.77149434,92.00719952,7.207991261,114.41617859999998,32,0.0,0.0,1.2857142857142858,1.999999812500018,105.27112172766154,27.391918197489307,1,0,0,0,1,0,0.7079912610000001,0,0,0,0,0.5012516256523702,0.0,129.743842698,1718.1297051428573,7.555392696430939,orange
39,24,14,30.55472573,90.90343769,7.189259647,106.0711985,77,1.625,2.7857142857142856,1.7142857142857142,1.038960998482039,96.4223658354837,27.775296065320948,1,0,0,0,1,0,0.6892596470000001,0,0,0,0,0.47507886098256474,280.38112623300003,172.542231528,1718.1297051428573,7.555392696430939,orange
13,23,6,23.96147583,90.26408017,7.365338111,102.6958703,42,0.5652173913043478,2.1666666666666665,3.8333333333333335,1.2857141938775576,92.69748269887123,21.628605753106374,1,0,0,0,0,0,0.8653381109999998,0,0,0,0,0.748810046349048,95.749395443,169.402776553,1718.1297051428573,7.555392696430939,orange
21,17,15,23.98289638,91.5473145,7.455991072000001,118.4901697,53,1.2352941176470589,1.4,1.1333333333333333,0.3773584692061244,108.4745683068427,21.955697575207715,1,0,0,0,0,0,0.9559910720000007,0,0,0,0,0.9139189297437105,156.57581251200003,126.75184822400001,1718.1297051428573,7.555392696430939,orange
33,12,8,25.26052689,90.31153735,6.822282114,117.36952959999998,53,2.75,4.125,1.5,1.735848958348172,105.99822656222328,22.813170177069143,1,0,0,0,0,0,0.32228211400000006,0,0,0,0,0.10386576100430904,225.135309762,81.867385368,1718.1297051428573,7.555392696430939,orange
6,9,12,31.08368929,90.14362642,7.028746406000002,109.6894658,27,0.6666666666666666,0.5,0.75,0.6666665925926009,98.87806227284565,28.01996475113115,1,0,0,0,1,0,0.5287464060000016,0,0,0,0,0.27957276185791846,42.172478436000006,63.258717654000016,1718.1297051428573,7.555392696430939,orange
19,7,10,14.78003032,91.22062116,6.118430299,100.1961762,36,2.7142857142857144,1.9,0.7,1.1666665694444527,91.39957430820807,13.482435465540334,1,0,0,1,0,0,0.3815697010000001,1,0,0,0,0.14559543672122946,116.250175681,42.829012093,1718.1297051428573,7.555392696430939,orange
24,18,6,26.56608303,94.45239715,6.285312759,116.3796525,48,1.3333333333333333,4.0,3.0,1.2499999218750049,109.92337158108991,25.092302250694356,1,0,0,0,0,0,0.21468724100000003,1,0,0,0,0.04609061144819209,150.847506216,113.135629662,1718.1297051428573,7.555392696430939,orange
9,11,8,24.85903405,94.39000473,6.559236744,111.78037340000002,28,0.8181818181818182,1.125,1.375,0.35714281887755517,105.50949973947168,23.46444341562731,1,0,0,0,0,0,0.059236743999999675,0,0,0,0,0.0035089918397214976,59.033130696,72.15160418399999,1718.1297051428573,7.555392696430939,orange
31,8,7,34.51465139,93.63812684,7.163245982,103.5684926,46,3.875,4.428571428571429,1.1428571428571428,2.043478127599253,96.97959646706401,32.31887304695202,1,0,0,0,1,1,0.6632459820000003,0,0,0,0,0.4398952326391447,222.060625442,57.305967856,1718.1297051428573,7.555392696430939,orange
22,17,5,24.12188673,90.72351622,6.945562889,102.835632,44,1.2941176470588236,4.4,3.4,1.3181817283057915,93.2961012774595,21.884223820061575,1,0,0,0,0,0,0.44556288899999963,0,0,0,0,0.198526288054026,152.802383558,118.074569113,1718.1297051428573,7.555392696430939,orange
13,5,8,23.85340379,90.10522549,7.474710503,103.923226,26,2.6,1.625,0.625,0.999999884615398,93.6402571237823,21.493163272019707,1,0,0,0,0,0,0.9747105029999998,0,0,0,0,0.9500605646585127,97.17123653899999,37.373552515,1718.1297051428573,7.555392696430939,orange
16,8,9,24.60297538,91.28408653,7.601189842999999,111.2948115,33,2.0,1.7777777777777777,0.8888888888888888,0.9090908264462886,101.59445203306038,22.458601334833794,1,0,0,0,0,0,1.1011898429999993,0,1,0,0,1.2126190703263633,121.61903748799999,60.809518743999995,1718.1297051428573,7.555392696430939,orange
4,13,6,15.63211033,94.25966183,7.5611432239999985,101.4705704,23,0.3076923076923077,0.6666666666666666,2.1666666666666665,1.3913041663516306,95.64581651601208,14.734774333950496,1,0,0,1,0,0,1.0611432239999985,0,1,0,0,1.126024941841111,30.244572895999994,98.29486191199999,1718.1297051428573,7.555392696430939,orange
0,25,14,19.33516809,91.97978938,6.361671475,116.450422,39,0.0,0.0,1.7857142857142858,1.9999998461538582,107.11085288772118,17.78444688545097,1,0,0,0,0,0,0.13832852500000037,1,0,0,0,0.019134780828675726,0.0,159.04178687499999,1718.1297051428573,7.555392696430939,orange
8,7,10,28.2620488,91.98317355,6.929216014,105.2132259,25,1.1428571428571428,0.8,0.7,0.3999999520000058,96.77846417715055,25.996329396489692,1,0,0,0,1,0,0.42921601399999965,0,0,0,0,0.1842263866740479,55.433728112,48.504512098,1718.1297051428573,7.555392696430939,orange
4,23,5,22.67594476,93.36348717,7.477935216,110.3332655,32,0.17391304347826086,0.8,4.6,2.3124997832031453,103.01098417933454,21.171052776678888,1,0,0,0,0,0,0.9779352159999997,0,0,0,0,0.956357286692966,29.911740864,171.99250996799998,1718.1297051428573,7.555392696430939,orange
33,14,8,21.03200078,92.9641969,7.684420446,110.6823944,55,2.357142857142857,4.125,1.75,1.5999999127272775,102.89499906365059,19.55223061712874,1,0,0,0,0,0,1.1844204459999998,0,1,0,0,1.4028517929028386,253.58587471799999,107.581886244,1718.1297051428573,7.555392696430939,orange
30,7,15,33.23453301,91.06053924,7.825531916,115.7659902,52,4.285714285714286,2.0,0.4666666666666667,1.4615383772189396,105.41713493264555,30.2635449728018,1,0,0,0,1,1,1.325531916,0,1,0,0,1.7570348603346313,234.76595748,54.778723412,1718.1297051428573,7.555392696430939,orange
21,29,12,22.30318989,92.15987039,6.438668989,117.3688104,62,0.7241379310344828,1.75,2.4166666666666665,0.8387096368366304,108.16694354292484,20.554590895459583,1,0,0,0,0,0,0.061331011000000046,1,0,0,0,0.0037614929102821265,135.212048769,186.721400681,1718.1297051428573,7.555392696430939,orange
11,14,5,11.50322938,94.8933184,6.946354724,115.56837759999998,30,0.7857142857142857,2.2,2.8,0.99999990000001,109.66666852568225,10.915796081845746,1,0,0,1,0,0,0.44635472399999987,0,0,0,0,0.19923253963711607,76.409901964,97.24896613599999,1718.1297051428573,7.555392696430939,orange
9,8,15,14.34320488,94.35734702,7.994465371,110.22231229999998,32,1.125,0.6,0.5333333333333333,0.8124999238281322,104.00284971037914,13.533867602411176,1,0,0,1,0,0,1.4944653710000004,0,1,0,0,2.233426745118169,71.95018833900001,63.955722968,1718.1297051428573,7.555392696430939,orange
5,18,14,33.105698100000005,93.48447453,7.434118807000001,119.1709113,37,0.2777777777777778,0.35714285714285715,1.2857142857142858,1.1891890927684519,111.40630022141738,30.948687908273197,1,0,0,0,1,1,0.9341188070000008,0,0,0,0,0.8725779455911048,37.17059403500001,133.81413852600002,1718.1297051428573,7.555392696430939,orange
29,25,14,30.49183837,90.4582865,7.781988584,113.3302105,68,1.16,2.0714285714285716,1.7857142857142858,0.7647058486159183,102.51656650514309,27.58239451185153,1,0,0,0,1,0,1.2819885839999996,0,1,0,0,1.643494729506324,225.67766893599998,194.5497146,1718.1297051428573,7.555392696430939,orange
33,12,15,30.25578031,92.03272799,6.052318465,116.7173125,60,2.75,2.2,0.8,1.299999935000003,107.41812673036327,27.845219993954277,1,0,0,0,1,0,0.4476815350000001,1,0,0,0,0.2004187567799563,199.726509345,72.62782158,1718.1297051428573,7.555392696430939,orange
8,16,6,12.22816189,90.26457428,7.106650373,108.4161706,30,0.5,1.3333333333333333,2.6666666666666665,1.199999880000012,97.86139484276853,11.037698272277703,1,0,0,1,0,0,0.6066503729999999,0,0,0,0,0.36802467506103903,56.853202984,113.706405968,1718.1297051428573,7.555392696430939,orange
15,14,8,10.01081312,90.22399223,6.22094286,119.3941064,37,1.0714285714285714,1.875,1.75,0.7027026457268125,107.72212928141393,9.03215525154862,1,0,0,1,0,0,0.2790571399999999,1,0,0,0,0.07787288738497956,93.31414290000001,87.09320004,1718.1297051428573,7.555392696430939,orange
16,7,8,22.79196751,90.60901895,6.420457311,116.5084074,31,2.2857142857142856,2.0,0.875,1.0967740874089593,105.56712493940921,20.651578160213745,1,0,0,0,0,0,0.07954268900000017,1,0,0,0,0.0063270393733507475,102.727316976,44.943201177,1718.1297051428573,7.555392696430939,orange
0,12,7,20.18432263,90.65458473,6.969249676,116.8130969,19,0.0,0.0,1.7142857142857142,1.9999996842105765,105.8964279049475,18.298013860789915,1,0,0,0,0,0,0.46924967599999956,0,0,0,0,0.22019525842610457,0.0,83.63099611199999,1718.1297051428573,7.555392696430939,orange
5,25,6,30.72119881,94.01331956,6.0113021810000005,106.8118019,36,0.2,0.8333333333333334,4.166666666666667,2.166666486111126,100.41732064804116,28.882018809908217,1,0,0,0,1,0,0.48869781899999953,1,0,0,0,0.23882555829535632,30.056510905000003,150.28255452500002,1718.1297051428573,7.555392696430939,orange
6,8,11,24.35590861,92.39651663,6.600948787999999,119.6946577,25,0.75,0.5454545454545454,0.7272727272727273,0.6399999232000093,110.59369430700205,22.50401114922625,1,0,0,0,0,0,0.10094878799999929,0,0,0,0,0.0101906577986688,39.605692727999994,52.807590303999994,1718.1297051428573,7.555392696430939,orange
10,5,5,21.21306973,91.35349216,7.817846496,112.9834361,20,2.0,2.0,1.0,0.9999998500000224,103.21431443971213,19.378879992690884,1,0,0,0,0,0,1.3178464959999996,0,1,0,0,1.736719387019477,78.17846496,39.08923248,1718.1297051428573,7.555392696430939,orange
1,17,6,10.78689755,91.38411917,6.8198271,117.5293447,24,0.058823529411764705,0.16666666666666666,2.8333333333333335,2.2499997187500353,107.40315642036808,9.857511311837811,1,0,0,1,0,0,0.31982710000000036,0,0,0,0,0.10228937389441023,6.8198271,115.9370607,1718.1297051428573,7.555392696430939,orange
1,30,10,11.89925671,91.34663797,7.291405641,103.5771468,41,0.03333333333333333,0.1,3.0,2.390243727543142,94.61424130705143,10.869570948004633,1,0,0,1,0,0,0.7914056409999999,0,0,0,0,0.6263228886066207,7.291405641,218.74216923,1718.1297051428573,7.555392696430939,orange
0,23,15,22.56664172,93.37488907,7.598729065,109.8585753,38,0.0,0.0,1.5333333333333334,1.999999842105276,102.58032282025742,21.07157667287434,1,0,0,0,0,0,1.0987290649999997,0,1,0,0,1.2072055582757735,0.0,174.770768495,1718.1297051428573,7.555392696430939,orange
24,27,9,18.86883219,93.24688124,6.157135092000001,119.3936976,60,0.8888888888888888,2.6666666666666665,3.0,1.0999999450000026,111.33089940911671,17.59459754358419,1,0,0,0,0,0,0.34286490799999925,1,0,0,0,0.11755634513784795,147.77124220800002,166.24264748400003,1718.1297051428573,7.555392696430939,orange
36,11,13,17.34083741,93.04897191,7.1917274,112.7194284,60,3.272727272727273,2.769230769230769,0.8461538461538461,1.599999920000004,104.88426926902858,16.135470930589673,1,0,0,1,0,0,0.6917274000000004,0,0,0,0,0.4784867959107606,258.9021864,79.10900140000001,1718.1297051428573,7.555392696430939,orange
40,21,8,34.90665289,92.87820148,7.418761774,102.1906333,69,1.9047619047619047,5.0,2.625,1.4782608052930084,94.91282229006197,32.42067140109844,1,0,0,0,1,1,0.918761774,0,0,0,0,0.8441231973636272,296.75047096000003,155.793997254,1718.1297051428573,7.555392696430939,orange
40,22,6,24.53610067,91.90997228,6.488221135,115.9787989,68,1.8181818181818181,6.666666666666667,3.6666666666666665,1.529411697231837,106.59608191966696,22.551123324389895,1,0,0,0,0,0,0.011778865000000138,1,0,0,0,0.00013874166068822825,259.5288454,142.74086497,1718.1297051428573,7.555392696430939,orange
32,18,13,13.8377282,91.74780462,6.044167236,107.9873218,63,1.7777777777777777,2.4615384615384617,1.3846153846153846,1.0476189977324286,99.07599701943467,12.695811832782644,1,0,0,1,0,0,0.45583276400000017,1,0,0,0,0.20778350873587986,193.413351552,108.795010248,1718.1297051428573,7.555392696430939,orange
9,10,10,22.3551049,93.52211892,6.010391864,101.5164589,29,0.9,0.9,1.0,0.13793102021403247,94.94034341583092,20.906967789268748,1,0,0,0,0,0,0.4896081360000002,1,0,0,0,0.23971612683739468,54.093526776,60.103918639999996,1718.1297051428573,7.555392696430939,orange
13,16,8,34.74004942,93.12316972,6.949838549,100.1967854,37,0.8125,1.625,2.0,0.7027026457268125,93.30642252202618,32.35103518219848,1,0,0,0,1,1,0.44983854899999987,0,0,0,0,0.20235472016642528,90.347901137,111.197416784,1718.1297051428573,7.555392696430939,orange
15,9,11,11.54785707,94.14861001,7.907956251,108.82891709999998,35,1.6666666666666667,1.3636363636363635,0.8181818181818182,0.5714285224489838,102.4609127385852,10.872146917346512,1,0,0,1,0,0,1.4079562509999999,0,1,0,0,1.9823408047299746,118.619343765,71.171606259,1718.1297051428573,7.555392696430939,orange
29,11,5,23.13338811,91.94670335,7.639788459,104.4224145,45,2.6363636363636362,5.8,2.2,1.8666665422222306,96.01296769122239,21.27038774030587,1,0,0,0,0,0,1.139788459,0,1,0,0,1.2991177312695947,221.553865311,84.037673049,1718.1297051428573,7.555392696430939,orange
1,15,9,29.98364695,94.55239717,7.53350946,115.3560318,25,0.06666666666666667,0.1111111111111111,1.6666666666666667,1.7599997888000254,109.0718933470875,28.350256950214593,1,0,0,0,1,0,1.0335094600000003,0,1,0,0,1.0681418039094923,7.53350946,113.0026419,1718.1297051428573,7.555392696430939,orange
18,5,11,20.87947369,90.93756231,6.251586885,102.4550786,34,3.6,1.6363636363636365,0.45454545454545453,1.176470484429075,93.17015094163447,18.98728439684381,1,0,0,0,0,0,0.24841311499999996,1,0,0,0,0.061709075704003205,112.52856393,31.257934425000002,1718.1297051428573,7.555392696430939,orange
14,22,9,17.24944623,91.13772765,6.543191814,112.50905159999998,45,0.6363636363636364,1.5555555555555556,2.4444444444444446,0.9333332711111153,102.53819302880595,15.720753326230593,1,0,0,1,0,0,0.04319181400000005,0,0,0,0,0.0018655327966106004,91.60468539600001,143.950219908,1718.1297051428573,7.555392696430939,orange
33,15,7,15.83388699,91.68293851,7.651225301,109.7571416,55,2.2,4.714285714285714,2.142857142857143,1.5999999127272775,100.62857264346162,14.51697287278459,1,0,0,1,0,0,1.1512253010000002,0,1,0,0,1.325319693662541,252.49043493300002,114.768379515,1718.1297051428573,7.555392696430939,orange
4,6,7,23.01014302,91.11764246,6.708889665,112.6738296,17,0.6666666666666666,0.5714285714285714,0.8571428571428571,0.5882351903114369,102.66573720091766,20.96629984649825,1,0,0,0,0,0,0.20888966500000006,0,0,0,0,0.04363489214381225,26.83555866,40.25333799,1718.1297051428573,7.555392696430939,orange
17,16,14,16.39624284,92.18151927,6.625538653,102.944161,47,1.0625,1.2142857142857142,1.1428571428571428,0.21276594386600364,94.89549160955482,15.114305753110594,1,0,0,1,0,0,0.12553865299999956,0,0,0,0,0.015759953397054296,112.634157101,106.008618448,1718.1297051428573,7.555392696430939,orange
12,20,10,24.45132792,93.10527686,6.528354932,109.4711098,42,0.6,1.2,2.0,0.8571427959183717,101.92337986100459,22.76547655586248,1,0,0,0,0,0,0.028354932000000055,0,0,0,0,0.0008040021687246271,78.340259184,130.56709864,1718.1297051428573,7.555392696430939,orange
34,29,8,31.87859192,91.15248149,6.450640306,105.3437825,71,1.1724137931034482,4.25,3.625,1.3239436060305516,96.02347184417836,29.058127599150637,1,0,0,0,1,0,0.04935969399999962,1,0,0,0,0.0024363793917735986,219.321770404,187.06856887400002,1718.1297051428573,7.555392696430939,orange
39,28,10,31.34920143,91.48247612,7.181907673,109.1549823,77,1.3928571428571428,3.9,2.8,1.2207791732163957,99.85768061638773,28.67902571201045,1,0,0,0,1,0,0.6819076730000004,0,0,0,0,0.4649980744962755,280.094399247,201.09341484400002,1718.1297051428573,7.555392696430939,orange
31,25,12,18.05142392,90.03969587,7.016482298,111.7793889,68,1.24,2.5833333333333335,2.0833333333333335,0.9411764290657456,100.64582181090454,16.253447197772434,1,0,0,0,0,0,0.5164822979999997,0,0,0,0,0.26675396414736047,217.510951238,175.41205745,1718.1297051428573,7.555392696430939,orange
12,6,8,30.84835031,92.86773675,6.388617138,107.4142681,26,2.0,1.5,0.75,0.769230680473383,99.75319973104723,28.648164757608612,1,0,0,0,1,0,0.11138286200000014,1,0,0,0,0.012406141947311074,76.663405656,38.331702828,1718.1297051428573,7.555392696430939,orange
12,29,13,22.45616931,91.52781832,7.57125447,118.0069295,54,0.41379310344827586,0.9230769230769231,2.230769230769231,1.2222221543209915,108.00916803777048,20.553641847688397,1,0,0,0,0,0,1.0712544700000004,0,1,0,0,1.1475861394949818,90.85505364000001,219.56637963,1718.1297051428573,7.555392696430939,orange
26,11,11,13.70319166,90.95589386,7.609348255,106.2944879,48,2.3636363636363638,2.3636363636363638,1.0,1.2499999218750049,96.68110159335454,12.463860461701973,1,0,0,1,0,0,1.1093482549999996,0,1,0,0,1.2306535508715442,197.84305462999998,83.70283080499999,1718.1297051428573,7.555392696430939,orange
19,24,15,20.48954522,93.72485075,7.137136973,111.83919509999998,58,0.7916666666666666,1.2666666666666666,1.6,0.4827585957193829,104.8211186874763,19.20379567679876,1,0,0,0,0,0,0.6371369729999996,0,0,0,0,0.4059435223636022,135.605602487,171.29128735199998,1718.1297051428573,7.555392696430939,orange
39,21,9,13.20844373,94.02769434,6.354022554,106.2696156,69,1.8571428571428572,4.333333333333333,2.3333333333333335,1.3913042873345962,99.92286933266095,12.419595097515296,1,0,0,1,0,0,0.14597744599999984,1,0,0,0,0.02130941474068287,247.806879606,133.434473634,1718.1297051428573,7.555392696430939,orange
16,29,13,32.31944397,93.67804556,6.196907944,117.6236473,58,0.5517241379310345,1.2307692307692308,2.230769230769231,0.9999999482758647,110.18753390702771,30.276223446955274,1,0,0,0,1,1,0.30309205599999967,1,0,0,0,0.09186479441030693,99.150527104,179.710330376,1718.1297051428573,7.555392696430939,orange
36,29,13,20.68185224,90.91510525,7.829507245,109.7513927,78,1.2413793103448276,2.769230769230769,2.230769230769231,0.9999999615384629,99.78059418654581,18.802927731645482,1,0,0,0,0,0,1.3295072450000003,0,1,0,0,1.7675895145074907,281.86226082,227.055710105,1718.1297051428573,7.555392696430939,orange
37,23,12,31.52675982,90.50621806,6.395258356,113.1169398,72,1.608695652173913,3.0833333333333335,1.9166666666666667,1.0833332881944462,102.37786419818693,28.533677989941662,1,0,0,0,1,0,0.10474164399999975,1,0,0,0,0.010970811987822682,236.624559172,147.090942188,1718.1297051428573,7.555392696430939,orange
39,9,15,25.35467646,91.81183218,7.992041984,116.7555937,63,4.333333333333333,2.6,0.6,1.714285632653065,107.19544974860665,23.278593001237166,1,0,0,0,0,0,1.492041984,0,1,0,0,2.2261892820186566,311.689637376,71.928377856,1718.1297051428573,7.555392696430939,orange
31,5,14,17.66545409,91.69865887,6.583411671,110.6857506,50,6.2,2.2142857142857144,0.35714285714285715,1.719999896800006,101.49734886039299,16.198984483825566,1,0,0,1,0,0,0.08341167100000035,0,0,0,0,0.0069575068590123,204.08576180100002,32.917058355,1718.1297051428573,7.555392696430939,orange
18,12,8,12.59093977,91.81668769,6.206053072,119.39167179999998,38,1.5,2.25,1.5,0.8421051966759056,109.62147842447578,11.560583845856904,1,0,0,1,0,0,0.29394692800000044,1,0,0,0,0.08640479648063744,111.708955296,74.472636864,1718.1297051428573,7.555392696430939,orange
20,20,10,11.86631922,93.68394562,6.976997772000001,106.060149,50,1.0,2.0,2.0,0.7999999520000027,99.36133231365096,11.116836045160408,1,0,0,1,0,0,0.4769977720000007,0,0,0,0,0.22752687449296466,139.53995544000003,139.53995544000003,1718.1297051428573,7.555392696430939,orange
5,8,5,11.03367937,92.22706805,6.562594972,112.7715925,18,0.625,1.0,1.6,0.6666665555555741,104.0059333560437,10.17603898098871,1,0,0,1,0,0,0.0625949720000003,0,0,0,0,0.003918130519680822,32.812974860000004,52.500759776,1718.1297051428573,7.555392696430939,orange
20,8,12,25.2990432,94.96419851,7.260416405,117.9733424,40,2.5,1.6666666666666667,0.6666666666666666,0.9999999250000057,112.03243906561801,24.025033605578656,1,0,0,0,0,0,0.760416405,0,0,0,0,0.578233108993124,145.2083281,58.08333124,1718.1297051428573,7.555392696430939,orange
25,21,11,32.23797837,90.15406807,6.460044777999999,104.7052254,57,1.1904761904761905,2.272727272727273,1.9090909090909092,0.8421052188365674,94.39602017996293,29.063848964081675,1,0,0,0,1,1,0.03995522200000057,1,0,0,0,0.0015964197650693292,161.50111944999998,135.660940338,1718.1297051428573,7.555392696430939,orange
14,19,14,17.68408797,94.35815354,6.699164936,108.0638166,47,0.7368421052631579,1.0,1.3571428571428572,0.4255318877320072,101.967021988612,16.686378878881268,1,0,0,1,0,0,0.19916493599999985,0,0,0,0,0.03966667173188403,93.78830910399999,127.28413378399999,1718.1297051428573,7.555392696430939,orange
37,18,12,10.2708877,90.19147747,7.401121811,106.69552040000002,67,2.0555555555555554,3.0833333333333335,1.5,1.3134327770104726,96.23026624306526,9.2634653659145,1,0,0,1,0,0,0.9011218110000003,0,0,0,0,0.8120205182599203,273.841507007,133.220192598,1718.1297051428573,7.555392696430939,orange
26,15,6,17.22034507,94.78797376,6.912033409,108.0054343,47,1.7333333333333334,4.333333333333333,2.5,1.3191488519692223,102.37616272365804,16.322816166333055,1,0,0,1,0,0,0.4120334090000002,0,0,0,0,0.16977153013216142,179.71286863400002,103.680501135,1718.1297051428573,7.555392696430939,orange
13,22,5,19.667056,90.50096668,7.764040111,100.1737964,40,0.5909090909090909,2.6,4.4,1.2999999025000075,90.65825410205504,17.79887579749694,1,0,0,0,0,0,1.264040111,0,1,0,0,1.5977974022168921,100.932521443,170.808882442,1718.1297051428573,7.555392696430939,orange
32,25,9,10.35609594,93.75652041,7.796034006,101.1456947,66,1.28,3.5555555555555554,2.7777777777777777,1.181818128099176,94.83068389524178,9.70951520366528,1,0,0,1,0,0,1.2960340060000002,0,1,0,0,1.6797041447084085,249.473088192,194.90085015,1718.1297051428573,7.555392696430939,orange
19,7,9,27.255435,91.71369387,6.969883482999999,101.139435,35,2.7142857142857144,2.111111111111111,0.7777777777777778,1.2571427493877645,92.75871179774764,24.996966218836832,1,0,0,0,0,0,0.4698834829999994,0,0,0,0,0.2207904875962107,132.427786177,48.789184381,1718.1297051428573,7.555392696430939,orange
28,7,9,34.591784600000004,92.13229786,6.730757538,115.5650287,44,4.0,3.111111111111111,0.7777777777777778,1.8181816942148845,106.47271646387847,31.87020602276161,1,0,0,0,1,1,0.23075753799999976,0,0,0,0,0.053249041343821336,188.461211064,47.115302766,1718.1297051428573,7.555392696430939,orange
24,30,11,32.39523995,94.51768464,6.601395755,113.25373,65,0.8,2.1818181818181817,2.727272727272727,0.9846153391715996,107.04480336443707,30.61923073431229,1,0,0,0,1,1,0.10139575500000042,0,0,0,0,0.01028109913202011,158.43349812000002,198.04187265000002,1718.1297051428573,7.555392696430939,orange
7,17,10,10.16431299,91.22320999,6.465913274,106.362551,34,0.4117647058823529,0.7,1.7,0.9999999117647137,97.02733324945083,9.272212582908548,1,0,0,1,0,0,0.034086725999999956,1,0,0,0,0.0011619048893990731,45.261392918,109.920525658,1718.1297051428573,7.555392696430939,orange
18,23,8,21.49118657,93.43949693,6.41354791,101.4819888,49,0.782608695652174,2.25,2.875,1.0204081007913408,94.82425980927894,20.08125661529572,1,0,0,0,0,0,0.08645208999999987,1,0,0,0,0.007473963865368078,115.44386238,147.51160193,1718.1297051428573,7.555392696430939,orange
7,20,12,16.53460397,94.76759975,6.475275337,110.0447896,39,0.35,0.5833333333333334,1.6666666666666667,1.0769229940828466,104.28680575385762,15.669447310537208,1,0,0,1,0,0,0.024724662999999758,1,0,0,0,0.0006113089604635571,45.326927359,129.50550674000002,1718.1297051428573,7.555392696430939,orange
20,23,11,31.852069399999998,90.12220323,6.407715561,109.9455062,54,0.8695652173913043,1.8181818181818181,2.090909090909091,0.7777777345679036,99.08531253981624,28.705786717628637,1,0,0,0,1,0,0.09228443900000016,1,0,0,0,0.008516417681544751,128.15431122,147.377457903,1718.1297051428573,7.555392696430939,orange
18,14,11,28.04799508,90.00621688,6.550814117000001,117.1311498,43,1.2857142857142858,1.6363636363636365,1.2727272727272727,0.5116278712817764,105.42531672302569,25.24493928219653,1,0,0,0,1,0,0.050814117000000714,0,0,0,0,0.0025820744864897614,117.91465410600001,91.71139763800001,1718.1297051428573,7.555392696430939,orange
34,11,10,31.75048899,94.59551226,7.36220835,115.1989301,55,3.090909090909091,3.4,1.1,1.7090908158677736,108.97301804613433,30.034537705145404,1,0,0,0,1,0,0.8622083500000004,0,0,0,0,0.7434032388097231,250.31508390000002,80.98429185,1718.1297051428573,7.555392696430939,orange
20,29,10,29.07412717,93.27189064,7.36549204,100.7896871,59,0.6896551724137931,2.0,2.9,0.9830507974719932,94.00844672831018,27.117988098536927,1,0,0,0,1,0,0.8654920400000004,0,0,0,0,0.7490764713033622,147.30984080000002,213.59926916,1718.1297051428573,7.555392696430939,orange
37,24,13,19.14381903,90.71037456,7.8546243,108.0230792,74,1.5416666666666667,2.8461538461538463,1.8461538461538463,0.9999999594594611,97.98813975356546,17.36542994720156,1,0,0,0,0,0,1.3546243000000002,0,1,0,0,1.8350069941504905,290.6210991,188.5109832,1718.1297051428573,7.555392696430939,orange
12,8,10,16.14820285,91.4448027,7.995848977,107.4287664,30,1.5,1.2,0.8,0.39999996000000404,98.23802347752388,14.766692235778276,1,0,0,1,0,0,1.4958489769999996,0,1,0,0,2.2375641619919455,95.95018772399999,63.966791816,1718.1297051428573,7.555392696430939,orange
34,10,14,34.05296914,92.05811721,6.725600855,116.8020848,58,3.4,2.4285714285714284,0.7142857142857143,1.5172413008323464,107.5258001289076,31.34852224438633,1,0,0,0,1,1,0.2256008549999997,0,0,0,0,0.050895745776730894,228.67042906999998,67.25600854999999,1718.1297051428573,7.555392696430939,orange
6,13,9,34.51423957,90.56151463,7.786725333,118.32719679999998,28,0.46153846153846156,0.6666666666666666,1.4444444444444444,0.7857142015306213,107.15890164130089,31.256618117618803,1,0,0,0,1,1,1.2867253329999997,0,1,0,0,1.65566208258396,46.720351998,101.22742932899999,1718.1297051428573,7.555392696430939,orange
27,30,5,32.71748548,90.54608254,7.656978112000001,113.328978,62,0.9,5.4,6.0,1.5161289588969857,102.61494996161845,29.624401407733316,1,0,0,0,1,1,1.156978112000001,0,1,0,0,1.3385983516470865,206.73840902400002,229.70934336000002,1718.1297051428573,7.555392696430939,orange
13,8,12,25.16296632,92.54736032,7.105904818,114.3117197,33,1.625,1.0833333333333333,0.6666666666666666,0.5454544958677732,105.79247911874741,23.287661107370642,1,0,0,0,0,0,0.605904818,0,0,0,0,0.3671206484756131,92.376762634,56.847238544,1718.1297051428573,7.555392696430939,orange
6,7,7,27.68167318,94.47316879,7.199106204,113.9995146,20,0.8571428571428571,0.8571428571428571,1.0,0.19999997000000444,107.6989538478387,26.151753827237563,1,0,0,0,0,0,0.6991062039999996,0,0,0,0,0.488749484471289,43.194637224,50.39374342799999,1718.1297051428573,7.555392696430939,orange
40,17,15,21.35093384,90.9492967,7.871063004,107.0862095,72,2.3529411764705883,2.6666666666666665,1.1333333333333333,1.33333327777778,97.39415440293858,19.418524166362303,1,0,0,0,0,0,1.3710630039999998,0,1,0,0,1.8798137609375034,314.84252016,133.808071068,1718.1297051428573,7.555392696430939,orange
31,26,9,11.69894639,93.25638873,7.566165721,103.2005992,66,1.1923076923076923,3.4444444444444446,2.888888888888889,1.181818128099176,96.24115196164126,10.910014922772701,1,0,0,1,0,0,1.066165721,0,1,0,0,1.1367093446354497,234.551137351,196.720308746,1718.1297051428573,7.555392696430939,orange
61,68,50,35.21462816,91.49725058,6.7932454170000005,243.0745066,179,0.8970588235294118,1.22,1.36,0.3240223409381731,222.40649039990063,32.22041656837044,1,0,0,0,1,1,0.2932454170000005,0,0,0,0,0.08599287459150419,414.38797043700004,461.940688356,1718.1297051428573,7.555392696430939,papaya
58,46,45,42.39413392,90.79028064,6.576261427,88.46607497,149,1.2608695652173914,1.288888888888889,1.0222222222222221,0.33557046304220545,80.3185977364558,38.48975316086544,1,0,0,0,1,1,0.07626142700000038,0,0,0,0,0.005815805248076387,381.423162766,302.508025642,1718.1297051428573,7.555392696430939,papaya
45,47,55,38.4191628,91.14220381,6.751452932,119.2653877,147,0.9574468085106383,0.8181818181818182,0.8545454545454545,0.24489795418575605,108.70110273232068,35.0160716612717,1,0,0,0,1,1,0.2514529320000003,0,0,0,0,0.06322857701139677,303.81538194,317.318287804,1718.1297051428573,7.555392696430939,papaya
39,65,53,35.33294932,92.11508608,6.560743092999999,235.6133585,157,0.6,0.7358490566037735,1.2264150943396226,0.5095541303906853,217.035447998254,32.54697668072077,1,0,0,0,1,1,0.06074309299999925,0,0,0,0,0.0036897233472065576,255.86898062699998,426.44830104499994,1718.1297051428573,7.555392696430939,papaya
31,68,45,42.92325255,90.07600528,6.938313356,196.2408242,144,0.45588235294117646,0.6888888888888889,1.511111111111111,0.8333333159722226,176.76589516790753,38.66355123328574,1,0,0,0,1,1,0.4383133560000001,0,0,0,0,0.1921185980479828,215.087714036,471.805308208,1718.1297051428573,7.555392696430939,papaya
70,68,45,33.83508569,92.85470152,6.991626158,203.4044028,183,1.0294117647058822,1.5555555555555556,1.511111111111111,0.5245901553345876,188.87055109847856,31.417467826485733,1,0,0,0,1,1,0.49162615799999987,0,0,0,0,0.24169627922984083,489.41383106,475.430578744,1718.1297051428573,7.555392696430939,papaya
68,62,50,33.20258348,92.76437927,6.977700268,197.5282582,180,1.096774193548387,1.36,1.24,0.3333333277777779,183.2358626020729,30.80017046682557,1,0,0,0,1,1,0.4777002680000004,0,0,0,0,0.22819754604727224,474.48361822400005,432.617416616,1718.1297051428573,7.555392696430939,papaya
34,65,47,23.48546973,93.71043692,6.833768535,191.7760562,146,0.5230769230769231,0.723404255319149,1.3829787234042554,0.6712328629198727,179.71418017296477,22.008336296697344,1,0,0,0,0,0,0.3337685349999999,0,0,0,0,0.11140143495604617,232.34813019,444.194954775,1718.1297051428573,7.555392696430939,papaya
38,68,54,29.33710543,90.81781439,6.739170045,202.0572747,160,0.5588235294117647,0.7037037037037037,1.2592592592592593,0.5749999892187502,183.50400069853842,26.643317956816013,1,0,0,0,1,0,0.23917004499999983,0,0,0,0,0.057202310425301946,256.08846171,458.26356305999997,1718.1297051428573,7.555392696430939,papaya
69,64,47,40.21199348,94.50766912,6.993473247000001,186.6762324,180,1.078125,1.4680851063829787,1.3617021276595744,0.43333332611111125,176.42335604227424,38.00341774463437,1,0,0,0,1,1,0.4934732470000007,0,0,0,0,0.24351584550472372,482.54965404300003,447.58228780800005,1718.1297051428573,7.555392696430939,papaya
58,51,47,42.13473976,91.70445386,6.757470637000001,197.402901,156,1.1372549019607843,1.2340425531914894,1.0851063829787233,0.23076922633136104,181.0272522658465,38.63943298224028,1,0,0,0,1,1,0.25747063700000083,0,0,0,0,0.06629112891718619,391.93329694600004,344.63100248700005,1718.1297051428573,7.555392696430939,papaya
59,47,53,32.86316618,91.4618874,6.8506632320000005,47.271547,159,1.2553191489361701,1.1132075471698113,0.8867924528301887,0.22641509006763982,43.23544908937807,30.05727204762648,1,0,0,0,1,1,0.3506632320000005,0,0,0,0,0.12296470227668617,404.18913068800003,321.981171904,1718.1297051428573,7.555392696430939,papaya
44,64,54,29.80744318,91.38048469,6.74274935,232.7046126,162,0.6875,0.8148148148148148,1.1851851851851851,0.37037036351166,212.6466028898668,27.238186051580353,1,0,0,0,1,0,0.24274935000000042,0,0,0,0,0.058927246925422706,296.68097140000003,431.5359584,1718.1297051428573,7.555392696430939,papaya
56,57,48,31.56213762,93.0484859,6.506120752,63.62250788,161,0.9824561403508771,1.1666666666666667,1.1875,0.21118012028856925,59.19978027394819,29.3680911730843,1,0,0,0,1,0,0.006120752000000174,0,0,0,0,3.7463605045506125e-05,364.342762112,370.848882864,1718.1297051428573,7.555392696430939,papaya
69,60,54,36.32268069,93.06134398,6.98992719,141.1736926,183,1.15,1.2777777777777777,1.1111111111111112,0.2622950776672938,131.37813567975383,33.80237481967794,1,0,0,0,1,1,0.4899271900000004,0,0,0,0,0.24002865150129649,482.30497611000004,419.3956314,1718.1297051428573,7.555392696430939,papaya
56,58,49,37.13165026,94.60761797,6.69215564,172.47880619999995,163,0.9655172413793104,1.1428571428571428,1.183673469387755,0.19631901479167452,163.17809004891262,35.12936982393731,1,0,0,0,1,1,0.19215564000000018,0,0,0,0,0.03692378998380967,374.76071584,388.14502712,1718.1297051428573,7.555392696430939,papaya
49,55,53,38.4418717,93.63739039,6.544029776,77.71566883,157,0.8909090909090909,0.9245283018867925,1.0377358490566038,0.1273885325976713,72.77092421654665,35.99596547695193,1,0,0,0,1,1,0.044029776000000354,0,0,0,0,0.0019386211746102071,320.657459024,359.92163768,1718.1297051428573,7.555392696430939,papaya
38,51,52,32.66160599,90.78931681,6.927803911,78.85085502,141,0.7450980392156863,0.7307692307692307,0.9807692307692307,0.38297871525577204,71.58815257150158,29.653248937495036,1,0,0,0,1,1,0.4278039109999998,0,0,0,0,0.18301618626689575,263.256548618,353.317999461,1718.1297051428573,7.555392696430939,papaya
54,65,47,27.92765919,91.55594211,6.721835879,149.91075569999995,166,0.8307692307692308,1.148936170212766,1.3829787234042554,0.34939758404703164,137.25220470535547,25.569431480674496,1,0,0,0,0,0,0.22183587900000035,0,0,0,0,0.04921115721170279,362.979137466,436.91933213500005,1718.1297051428573,7.555392696430939,papaya
57,57,51,39.01793345,91.48815629,6.99223441,105.8841531,165,1.0,1.1176470588235294,1.1176470588235294,0.1454545428099174,96.8714594744709,35.696787935864194,1,0,0,0,1,1,0.49223441,0,0,0,0,0.24229471438804812,398.55736137,398.55736137,1718.1297051428573,7.555392696430939,papaya
39,52,53,32.51247398,94.65904123,6.704204398,51.07048113,144,0.75,0.7358490566037735,0.9811320754716981,0.3749999921875002,48.34282778920606,30.775996149621225,1,0,0,0,1,1,0.2042043979999999,0,0,0,0,0.04169943616254236,261.463971522,348.618628696,1718.1297051428573,7.555392696430939,papaya
58,67,45,38.72382798,91.72514851,6.702424548,62.62377075,170,0.8656716417910447,1.288888888888889,1.488888888888889,0.41176469861591714,57.44174672299944,35.51948872341193,1,0,0,0,1,1,0.20242454799999976,0,0,0,0,0.04097569763300421,388.740623784,449.06244471599996,1718.1297051428573,7.555392696430939,papaya
61,64,52,43.30204933,92.83405443,6.641098708,110.562229,177,0.953125,1.1730769230769231,1.2307692307692308,0.23728813157138762,102.63939984888124,40.19904804431765,1,0,0,0,1,1,0.14109870800000035,0,0,0,0,0.019908845399269362,405.10702118800003,425.030317312,1718.1297051428573,7.555392696430939,papaya
34,62,55,27.58548913,90.72526502,6.585346229,238.5008779,151,0.5483870967741935,0.6181818181818182,1.1272727272727272,0.6490066096223852,216.3805535498016,25.02700812025579,1,0,0,0,0,0,0.08534622899999977,0,0,0,0,0.0072839788045204025,223.90177178599998,408.29146619799997,1718.1297051428573,7.555392696430939,papaya
31,48,45,40.78881819,92.90951393,6.563134737,132.7923586,124,0.6458333333333334,0.6888888888888889,1.0666666666666667,0.49999998790322603,123.37673491144255,37.89669271812043,1,0,0,0,1,1,0.06313473700000038,0,0,0,0,0.003985995016059217,203.457176847,315.03046737600005,1718.1297051428573,7.555392696430939,papaya
47,46,52,23.19451074,91.40301608,6.502289472999999,206.3999208,145,1.0217391304347827,0.9038461538461539,0.8846153846153846,0.1517241347919145,188.65575279793126,21.200482381359524,1,0,0,0,0,0,0.0022894729999993757,0,0,0,0,5.241686617726141e-06,305.607605231,299.10531575799996,1718.1297051428573,7.555392696430939,papaya
32,68,52,32.68067385,92.61715632,6.800321319,248.8592986,152,0.47058823529411764,0.6153846153846154,1.3076923076923077,0.736842090720222,230.48640560121757,30.267910786083863,1,0,0,0,1,1,0.30032131900000003,0,0,0,0,0.09019289464589977,217.610282208,462.421849692,1718.1297051428573,7.555392696430939,papaya
36,59,46,34.28879307,93.61082872,6.721130542999999,127.2509777,141,0.6101694915254238,0.782608695652174,1.2826086956521738,0.5106382870076961,119.12069477927241,32.09802335091293,1,0,0,0,1,1,0.22113054299999924,0,0,0,0,0.04889871704747451,241.96069954799998,396.54670203699993,1718.1297051428573,7.555392696430939,papaya
61,51,51,39.30050027,94.16193416,6.574677594,120.9512466,163,1.196078431372549,1.196078431372549,1.0,0.24539876848959327,113.89003318919124,37.006111188788026,1,0,0,0,1,1,0.07467759399999974,0,0,0,0,0.005576743045628796,401.055333234,335.30855729399997,1718.1297051428573,7.555392696430939,papaya
70,54,46,39.73149053,91.12220596,6.919342407,122.7628653,170,1.2962962962962963,1.5217391304347827,1.173913043478261,0.4705882269896195,111.86423096106337,36.2042106317245,1,0,0,0,1,1,0.41934240700000025,0,0,0,0,0.17584805430855385,484.35396849,373.644489978,1718.1297051428573,7.555392696430939,papaya
44,56,49,39.23342464,91.25589286,6.519779582999999,64.4478499,149,0.7857142857142857,0.8979591836734694,1.1428571428571428,0.2550335519120761,58.81246085531761,35.802811954787245,1,0,0,0,1,1,0.019779582999999157,0,0,0,0,0.00039123190365385565,286.87030165199997,365.10765664799993,1718.1297051428573,7.555392696430939,papaya
34,68,51,27.34734861,94.17756725,6.687088097999999,40.35153141,153,0.5,0.6666666666666666,1.3333333333333333,0.6666666535947715,38.00209063005762,25.755067628274688,1,0,0,0,0,0,0.18708809799999937,0,0,0,0,0.03500195641325737,227.360995332,454.721990664,1718.1297051428573,7.555392696430939,papaya
50,59,47,40.76998685,92.09278584,6.747975732,209.8678411,156,0.847457627118644,1.0638297872340425,1.2553191489361701,0.2692307640532545,193.2731414512545,37.54621667676666,1,0,0,0,1,1,0.24797573199999956,0,0,0,0,0.06149196366093561,337.3987866,398.130568188,1718.1297051428573,7.555392696430939,papaya
39,70,52,26.26559543,90.79668055,6.65149129,59.49373381,161,0.5571428571428572,0.75,1.3461538461538463,0.6086956408317583,54.01833543473305,23.848288777132503,1,0,0,0,0,0,0.15149129000000006,0,0,0,0,0.02294961094586412,259.40816031,465.6043903,1718.1297051428573,7.555392696430939,papaya
34,61,49,28.12971499,93.3210737,6.502675132,117.8201907,144,0.5573770491803278,0.6938775510204082,1.2448979591836735,0.5833333211805558,109.95106699662755,26.250952057417848,1,0,0,0,1,0,0.0026751320000002465,0,0,0,0,7.1563312174253194e-06,221.09095448800002,396.663183052,1718.1297051428573,7.555392696430939,papaya
44,60,55,34.2804607,90.55561637,6.825371185,98.54047745,159,0.7333333333333333,0.8,1.0909090909090908,0.33962263510145974,89.23393672878835,31.042882481360614,1,0,0,0,1,1,0.32537118499999984,0,0,0,0,0.10586640802830412,300.31633214,409.5222711,1718.1297051428573,7.555392696430939,papaya
31,62,52,33.7960155,93.00754254,6.99104104,182.026807,145,0.5,0.5961538461538461,1.1923076923076923,0.7172413644708683,169.2986599547287,31.432843492987494,1,0,0,0,1,1,0.4910410399999998,0,0,0,0,0.24112130296428141,216.72227224,433.44454448,1718.1297051428573,7.555392696430939,papaya
65,62,51,31.53243779,90.87394933,6.5116248410000015,207.0735119,178,1.0483870967741935,1.2745098039215685,1.2156862745098038,0.2808988716702437,188.17587827985753,28.65477153979837,1,0,0,0,1,0,0.011624841000001496,0,0,0,0,0.00013513692827531577,423.2556146650001,403.72074014200007,1718.1297051428573,7.555392696430939,papaya
44,57,53,42.30495821,90.51431779,6.93172108,74.876786,154,0.7719298245614035,0.8301886792452831,1.0754716981132075,0.2857142801484231,67.77421203097823,38.2920443151261,1,0,0,0,1,1,0.43172108,0,0,0,0,0.18638309091636637,304.99572752,395.10810156,1718.1297051428573,7.555392696430939,papaya
50,47,48,24.63676897,90.61964344,6.712772332999999,218.2299187,145,1.0638297872340425,1.0416666666666667,0.9791666666666666,0.06896551581450662,197.7591742053419,22.32575219575056,1,0,0,0,0,0,0.21277233299999931,0,0,0,0,0.0452720656902626,335.63861664999996,315.500299651,1718.1297051428573,7.555392696430939,papaya
43,50,48,28.28222883,91.37059792,6.63016515,179.27208069999998,141,0.86,0.8958333333333334,1.0416666666666667,0.1702127623358987,163.8019720392149,25.84164158707362,1,0,0,0,1,0,0.13016514999999984,0,0,0,0,0.016942966274522457,285.09710144999997,331.5082575,1718.1297051428573,7.555392696430939,papaya
60,46,53,24.48620746,92.98254537,6.761953186,183.49095,159,1.3043478260869565,1.1320754716981132,0.8679245283018868,0.26415093841224646,170.614555833594,22.76789896088682,1,0,0,0,0,0,0.2619531860000004,0,0,0,0,0.0686194716555508,405.71719116,311.04984655600003,1718.1297051428573,7.555392696430939,papaya
70,68,55,42.84609252,94.63548176,6.691202286,78.80996390000001,193,1.0294117647058822,1.2727272727272727,1.2363636363636363,0.29015543590431975,74.5821890116471,40.547606071637325,1,0,0,0,1,1,0.19120228600000022,0,0,0,0,0.03655831417162588,468.38416002,455.00175544800004,1718.1297051428573,7.555392696430939,papaya
59,62,52,43.67549305,93.10887229,6.608667683999999,103.8235658,173,0.9516129032258065,1.1346153846153846,1.1923076923076923,0.1965317884994488,96.66895128764611,40.66575904595232,1,0,0,0,1,1,0.10866768399999938,0,0,0,0,0.01180866554592372,389.91139335599996,409.73739640799994,1718.1297051428573,7.555392696430939,papaya
60,58,51,42.07213781,92.92203105,6.840802254,165.7412972,169,1.0344827586206897,1.1764705882352942,1.1372549019607843,0.18934910906480867,154.01017964685676,39.09428495920699,1,0,0,0,1,1,0.34080225399999975,0,0,0,0,0.11614617633148035,410.44813524,396.766530732,1718.1297051428573,7.555392696430939,papaya
42,60,47,33.46873719,92.12746225,6.834808347999999,136.8277041,149,0.7,0.8936170212765957,1.2765957446808511,0.41610737417233473,126.0558914422692,30.833898220268956,1,0,0,0,1,1,0.33480834799999926,0,0,0,0,0.1120966298904886,287.061950616,410.08850087999997,1718.1297051428573,7.555392696430939,papaya
35,66,47,31.7018373,91.66232213,6.953439161,48.83810592,148,0.5303030303030303,0.7446808510638298,1.4042553191489362,0.6756756619795474,44.766141970581,29.058640227054497,1,0,0,0,1,0,0.45343916100000037,0,0,0,0,0.20560707272838424,243.370370635,458.92698462600003,1718.1297051428573,7.555392696430939,papaya
34,65,48,41.41968393,90.03863107,6.665024507999999,199.3096432,147,0.5230769230769231,0.7083333333333334,1.3541666666666667,0.6530612111620161,179.45567432778134,37.29371640409278,1,0,0,0,1,1,0.16502450799999924,0,0,0,0,0.02723308824064181,226.61083327199998,433.22659301999994,1718.1297051428573,7.555392696430939,papaya
36,54,46,42.54744013,94.94482086,6.662875839,214.41038480000003,136,0.6666666666666666,0.782608695652174,1.173913043478261,0.4117646967993081,203.57155575359667,40.39659081194424,1,0,0,0,1,1,0.1628758389999998,0,0,0,0,0.026528538929953854,239.863530204,359.795295306,1718.1297051428573,7.555392696430939,papaya
39,64,52,28.91842453,94.63676767,6.678695788,63.68794608,155,0.609375,0.75,1.2307692307692308,0.4903225711550471,60.272213565524474,27.36746223628039,1,0,0,0,1,0,0.17869578799999974,0,0,0,0,0.031932184648940855,260.469135732,427.436530432,1718.1297051428573,7.555392696430939,papaya
37,52,47,43.08022702,93.90305729,6.54277684,211.8529059,136,0.7115384615384616,0.7872340425531915,1.1063829787234043,0.36764705071366793,198.9363555978068,40.45365025925266,1,0,0,0,1,1,0.04277684000000015,0,0,0,0,0.0018298580403856128,242.08274308,340.22439568,1718.1297051428573,7.555392696430939,papaya
33,47,46,29.20300896,93.96834049,6.839443833,209.4083305,126,0.7021276595744681,0.717391304347826,1.0217391304347827,0.4285714183673472,196.77753301866454,27.44158289285801,1,0,0,0,1,0,0.3394438329999998,0,0,0,0,0.11522211576173176,225.70164648899998,321.453860151,1718.1297051428573,7.555392696430939,papaya
34,48,48,41.04224355,91.37258067,6.805277038,181.527598,130,0.7083333333333334,0.7083333333333334,1.0,0.4307692208284025,165.86645092086331,37.50135709650162,1,0,0,0,1,1,0.30527703799999983,0,0,0,0,0.09319406993005334,231.379419292,326.653297824,1718.1297051428573,7.555392696430939,papaya
49,54,50,25.62446619,93.18240298,6.762522087000001,97.26336657,153,0.9074074074074074,0.98,1.08,0.11764705651672439,90.63234218917201,23.877493346639653,1,0,0,0,0,0,0.2625220870000007,0,0,0,0,0.06891784616283593,331.363582263,365.176192698,1718.1297051428573,7.555392696430939,papaya
40,65,49,35.32876402,91.06138506,6.678449317999999,163.9069365,154,0.6153846153846154,0.8163265306122449,1.3265306122448979,0.5324675220947885,149.2559265863147,32.17086184119094,1,0,0,0,1,1,0.1784493179999993,0,0,0,0,0.03184415909466488,267.13797272,434.09920566999995,1718.1297051428573,7.555392696430939,papaya
68,52,49,24.42561272,92.27749066,6.577192175,63.35298768,169,1.3076923076923077,1.3877551020408163,1.0612244897959184,0.4142011760792691,58.460547289242946,22.53934249634577,1,0,0,0,0,0,0.07719217500000042,0,0,0,0,0.00595863188123069,447.2490679,342.0139931,1718.1297051428573,7.555392696430939,papaya
50,46,52,31.18298415,90.21646909,6.734005647999999,54.01872359,148,1.0869565217391304,0.9615384615384616,0.8846153846153846,0.13513513239590944,48.73378507038489,28.132187257024352,1,0,0,0,1,0,0.23400564799999923,0,0,0,0,0.054758643295899544,336.70028239999994,309.76425980799996,1718.1297051428573,7.555392696430939,papaya
65,63,50,31.88342554,91.3256535,6.524459342,79.27201575,178,1.0317460317460319,1.3,1.26,0.3146067362706729,72.39568642631042,29.117746732590906,1,0,0,0,1,0,0.024459342000000106,0,0,0,0,0.0005982594110729691,424.08985723,411.040938546,1718.1297051428573,7.555392696430939,papaya
40,49,47,42.93368602,91.1756748,6.501521192,246.36132680000003,136,0.8163265306122449,0.851063829787234,1.0425531914893618,0.23529411245674747,224.62160215613326,39.14507794524826,1,0,0,0,1,1,0.0015211920000002266,0,0,0,0,2.3140251008646895e-06,260.06084768,318.574538408,1718.1297051428573,7.555392696430939,papaya
42,53,48,23.11407669,94.31994776,6.758479569,231.5153161,143,0.7924528301886793,0.875,1.1041666666666667,0.23776223277421896,218.3651252019189,21.801185059214337,1,0,0,0,0,0,0.25847956900000035,0,0,0,0,0.06681168759042594,283.85614189800003,358.199417157,1718.1297051428573,7.555392696430939,papaya
49,55,51,24.87212063,93.90560147,6.676578778,135.16945249999998,155,0.8909090909090909,0.9607843137254902,1.0784313725490196,0.1290322555671176,126.93168737383091,23.356314475945453,1,0,0,0,0,0,0.17657877799999966,0,0,0,0,0.031180064839973164,327.152360122,367.21183278999996,1718.1297051428573,7.555392696430939,papaya
59,62,49,43.36051537,93.35191636,6.941496806,114.778071,170,0.9516129032258065,1.2040816326530612,1.2653061224489797,0.2705882305190313,107.14752883954142,40.47787204146735,1,0,0,0,1,1,0.44149680599999996,0,0,0,0,0.1949194297082016,409.548311554,430.372801972,1718.1297051428573,7.555392696430939,papaya
63,58,47,26.83054058,90.75379971,6.864143752,144.66564440000005,168,1.0862068965517242,1.3404255319148937,1.2340425531914894,0.32142856568877565,131.28956916795687,24.34973505908347,1,0,0,0,0,0,0.3641437520000004,0,0,0,0,0.13260067212063778,432.441056376,398.12033761600003,1718.1297051428573,7.555392696430939,papaya
70,65,52,30.42012134,93.12659793,6.583528529,75.95295,187,1.0769230769230769,1.3461538461538463,1.25,0.3315507968200407,70.73239836247393,28.32922409011993,1,0,0,0,1,0,0.08352852899999963,0,0,0,0,0.0069770151569037795,460.84699702999995,427.92935438499995,1718.1297051428573,7.555392696430939,papaya
63,50,52,28.64555584,93.22642604,6.751747609,115.8163936,165,1.26,1.2115384615384615,0.9615384615384616,0.2909090856198348,107.97148452169931,26.705227928924504,1,0,0,0,1,0,0.2517476089999997,0,0,0,0,0.06337685863721673,425.360099367,337.58738045,1718.1297051428573,7.555392696430939,papaya
40,64,47,32.50037548,93.47888842,6.893509446,71.73759526,151,0.625,0.851063829787234,1.3617021276595744,0.5430463468268938,67.05950662828661,30.380989731030244,1,0,0,0,1,1,0.3935094460000004,0,0,0,0,0.1548496840912272,275.74037784,441.184604544,1718.1297051428573,7.555392696430939,papaya
63,58,50,43.03714283,94.6428898,6.720744449,41.5856585,171,1.0862068965517242,1.26,1.16,0.24561403077870123,39.35786894675934,40.7315956616655,1,0,0,0,1,1,0.22074444899999968,0,0,0,0,0.04872811176431346,423.406900287,389.80317804199996,1718.1297051428573,7.555392696430939,papaya
45,58,49,30.10773379,90.34546355,6.827812549,75.24521981,152,0.7758620689655172,0.9183673469387755,1.183673469387755,0.28947367849723,67.98064263656093,27.200971656975486,1,0,0,0,1,0,0.3278125489999999,0,0,0,0,0.10746106728187733,307.251564705,396.013127842,1718.1297051428573,7.555392696430939,papaya
66,69,47,23.69212243,93.61055571,6.912299695,87.53393983,182,0.9565217391304348,1.4042553191489362,1.4680851063829787,0.4505494431228115,81.94100750972002,22.178327466216558,1,0,0,0,0,0,0.41229969499999974,0,0,0,0,0.16999103849709282,456.21177987,476.948678955,1718.1297051428573,7.555392696430939,papaya
54,67,52,35.67667332,93.30641944,6.586107335,141.3381168,173,0.8059701492537313,1.0384615384615385,1.2884615384615385,0.32369941635203325,131.8775360900051,33.288626450197775,1,0,0,0,1,1,0.08610733500000034,0,0,0,0,0.0074144731408022834,355.64979609,441.26919144500005,1718.1297051428573,7.555392696430939,papaya
69,67,52,27.71948962,94.43877142,6.827305908,82.83061083,188,1.0298507462686568,1.3269230769230769,1.2884615384615385,0.34042552648257146,78.22421122753346,26.177945441022423,1,0,0,0,0,0,0.3273059079999996,0,0,0,0,0.1071291574117042,471.08410765199994,457.429495836,1718.1297051428573,7.555392696430939,papaya
67,68,49,35.26824831,92.38282957,6.821774589,149.8488208,184,0.9852941176470589,1.3673469387755102,1.3877551020408163,0.402173906486295,138.43458073231872,32.5818057285517,1,0,0,0,1,1,0.32177458900000033,0,0,0,0,0.10353888612611914,457.058897463,463.880672052,1718.1297051428573,7.555392696430939,papaya
45,57,47,23.16855863,90.78821158,6.656458831,161.68920930000004,149,0.7894736842105263,0.9574468085106383,1.2127659574468086,0.29530200747714075,146.79474144131308,21.03432002904075,1,0,0,0,0,0,0.15645883100000013,0,0,0,0,0.024479365797886603,299.540647395,379.418153367,1718.1297051428573,7.555392696430939,papaya
56,50,52,33.08706051,92.25197542,6.770384816,88.1300769,158,1.12,1.0769230769230769,0.9615384615384616,0.12658227607755168,81.3017368794151,30.52346692888573,1,0,0,0,1,1,0.270384816,0,0,0,0,0.07310794872335384,379.14154969599997,338.5192408,1718.1297051428573,7.555392696430939,papaya
70,50,53,37.4620912,90.44967809,6.933809742999999,172.3458448,173,1.4,1.320754716981132,0.9433962264150944,0.42774565732232966,155.88626182309102,33.88434089618222,1,0,0,0,1,1,0.4338097429999994,0,0,0,0,0.18819089312172554,485.36668201,346.69048714999997,1718.1297051428573,7.555392696430939,papaya
44,47,45,38.73218907,94.73613484,6.579441304,218.142147,136,0.9361702127659575,0.9777777777777777,1.0444444444444445,0.07352941014273365,206.65943852479103,36.693378863838944,1,0,0,0,1,1,0.07944130400000038,0,0,0,0,0.006310920781220477,289.49541737600003,309.23374128800003,1718.1297051428573,7.555392696430939,papaya
50,60,47,32.57720726,92.74889453,6.92791761,93.7942847,157,0.8333333333333334,1.0638297872340425,1.2765957446808511,0.29299362497464415,86.99316219157093,30.214999602396905,1,0,0,0,1,1,0.4279176099999997,0,0,0,0,0.18311348094811186,346.3958805,415.6750566,1718.1297051428573,7.555392696430939,papaya
52,51,53,38.38231475,93.10378595,6.985804083,210.2735346,156,1.0196078431372548,0.9811320754716981,0.9622641509433962,0.03846153772189351,195.7726215634832,35.73538816749528,1,0,0,0,1,1,0.48580408299999966,0,0,0,0,0.23600560705947057,363.261812316,356.27600823299997,1718.1297051428573,7.555392696430939,papaya
35,68,45,42.93605359,90.09448142,6.612429546,234.8466111,148,0.5147058823529411,0.7777777777777778,1.511111111111111,0.7567567414170931,211.58383640298914,38.68301482412379,1,0,0,0,1,1,0.11242954600000044,0,0,0,0,0.012640402813766214,231.43503411,449.64520912800003,1718.1297051428573,7.555392696430939,papaya
68,69,52,25.65492304,92.74501561,6.813383387000001,52.95477913,189,0.9855072463768116,1.3076923076923077,1.3269230769230769,0.34920634366339137,49.112918170359514,23.793662378181484,1,0,0,0,0,0,0.3133833870000009,0,0,0,0,0.09820914724759233,463.31007031600006,470.12345370300005,1718.1297051428573,7.555392696430939,papaya
32,55,52,37.58899717,91.99740365,6.967759599999999,159.6577388,139,0.5818181818181818,0.6153846153846154,1.0576923076923077,0.6187050226178772,146.88097442229866,34.58090145447198,1,0,0,0,1,1,0.46775959999999905,0,0,0,0,0.2187990433921591,222.96830719999997,383.22677799999997,1718.1297051428573,7.555392696430939,papaya
32,55,51,29.60718808,93.15642801,6.57398033,62.68710535,138,0.5818181818181818,0.6274509803921569,1.0784313725490196,0.6086956389413992,58.397068166925614,27.580998849530502,1,0,0,0,1,0,0.07398033000000037,0,0,0,0,0.005473089226908955,210.36737056,361.56891815,1718.1297051428573,7.555392696430939,papaya
48,62,47,25.34756111,93.02871078,6.803094965,174.40123369999995,157,0.7741935483870968,1.0212765957446808,1.3191489361702127,0.369426744533247,162.24321929552485,23.58050931480566,1,0,0,0,0,0,0.30309496499999966,0,0,0,0,0.09186655780835101,326.54855832,421.79188782999995,1718.1297051428573,7.555392696430939,papaya
39,69,53,25.9300384,93.02357765,6.964955435,241.8202079,161,0.5652173913043478,0.7358490566037735,1.3018867924528301,0.5714285607808343,224.94980886924793,24.121049405698816,1,0,0,0,0,0,0.46495543500000025,0,0,0,0,0.21618355653603946,271.63326196500003,480.581925015,1718.1297051428573,7.555392696430939,papaya
49,61,45,32.76795887,94.57377401,6.764213299,240.4795923,155,0.8032786885245902,1.0888888888888888,1.3555555555555556,0.36129031558792934,227.43062616197133,30.98989536940355,1,0,0,0,1,1,0.2642132989999997,0,0,0,0,0.06980866736846324,331.44645165099996,412.61701123899996,1718.1297051428573,7.555392696430939,papaya
48,57,54,29.02328049,90.20396783,6.617703177999999,126.8069869,159,0.8421052631578947,0.8888888888888888,1.0555555555555556,0.1886792417230332,114.38493366946831,26.180150596410268,1,0,0,0,1,0,0.1177031779999993,0,0,0,0,0.013854038111299519,317.64975254399997,377.20908114599996,1718.1297051428573,7.555392696430939,papaya
69,66,49,40.00439101,90.17015833,6.52711001,92.11877372,184,1.0454545454545454,1.4081632653061225,1.346938775510204,0.402173906486295,83.06364411497843,36.07202271266929,1,0,0,0,1,1,0.02711001000000035,0,0,0,0,0.000734952642200119,450.37059069000003,430.78926066,1718.1297051428573,7.555392696430939,papaya
53,55,55,33.32315744,91.25271223,6.709668804,234.496633,163,0.9636363636363636,0.9636363636363636,1.0,0.0490797536979186,213.98453770052922,30.408284964673037,1,0,0,0,1,1,0.20966880399999965,0,0,0,0,0.04396100737079027,355.612446612,369.03178421999996,1718.1297051428573,7.555392696430939,papaya
38,61,52,31.22790131,94.94021378,6.620729882000001,46.44279118,151,0.6229508196721312,0.7307692307692307,1.1730769230769231,0.49006621542914797,44.092885231690985,29.64783626272142,1,0,0,0,1,0,0.1207298820000009,0,0,0,0,0.014575704407734142,251.58773551600004,403.86452280200007,1718.1297051428573,7.555392696430939,papaya
57,64,55,26.68386496,92.9585411,6.583760498999999,62.50689682,176,0.890625,1.0363636363636364,1.1636363636363636,0.1818181787190083,58.105499370754295,24.8049315759101,1,0,0,0,0,0,0.08376049899999938,0,0,0,0,0.007015821192728896,375.27434844299995,421.36067193599996,1718.1297051428573,7.555392696430939,papaya
51,57,55,24.70528368,90.14732171,6.6764073370000006,108.4103158,163,0.8947368421052632,0.9272727272727272,1.0363636363636364,0.12269938424479657,97.72899615105295,22.271151558377728,1,0,0,0,0,0,0.17640733700000055,0,0,0,0,0.031119548547431763,340.496774187,380.55521820900003,1718.1297051428573,7.555392696430939,papaya
56,65,45,38.2016825,93.97379963,6.751298936,218.09088140000003,166,0.8615384615384616,1.2444444444444445,1.4444444444444444,0.3734939691537234,204.94828789813695,35.899572567838774,1,0,0,0,1,1,0.2512989360000004,0,0,0,0,0.0631511552347323,378.07274041600004,438.83443084000004,1718.1297051428573,7.555392696430939,papaya
54,66,52,36.56769731,93.79503425,6.867554147000001,104.4218596,172,0.8181818181818182,1.0384615384615385,1.2692307692307692,0.3023255761222284,97.94251897630691,34.29868421635083,1,0,0,0,1,1,0.3675541470000008,0,0,0,0,0.13509605097689817,370.84792393800006,453.25857370200004,1718.1297051428573,7.555392696430939,papaya
58,55,47,26.05375792,93.69111672,6.7424900270000006,240.6863901,160,1.0545454545454545,1.2340425531914894,1.1702127659574468,0.23749999554687504,225.50176667774554,24.410056742773442,1,0,0,0,0,0,0.24249002700000055,0,0,0,0,0.058801413194461,391.064421566,370.83695148500004,1718.1297051428573,7.555392696430939,papaya
68,70,54,31.29986342,92.76039164,6.986228647000001,54.77830202,192,0.9714285714285714,1.2592592592592593,1.2962962962962963,0.31249999511718757,50.81256748749403,29.033875891177097,1,0,0,0,1,0,0.4862286470000008,0,0,0,0,0.2364182971634514,475.06354799600007,489.03600529000005,1718.1297051428573,7.555392696430939,papaya
42,59,55,40.10207731,94.35110201,6.979102243,149.1199989,156,0.711864406779661,0.7636363636363637,1.0727272727272728,0.3846153772189351,140.69636227944991,37.83675187088717,1,0,0,0,1,1,0.4791022429999998,0,0,0,0,0.22953895924763087,293.122294206,411.767032337,1718.1297051428573,7.555392696430939,papaya
43,64,47,38.58954491,91.58076549,6.8256647820000005,102.2708231,154,0.671875,0.9148936170212766,1.3617021276595744,0.4935064838927309,93.66040266790375,35.34060062768533,1,0,0,0,1,1,0.3256647820000005,0,0,0,0,0.10605755023510784,293.503585626,436.84254604800003,1718.1297051428573,7.555392696430939,papaya
35,67,49,41.31330062,91.1508798,6.617066674,239.7427554,151,0.5223880597014925,0.7142857142857143,1.3673469387755102,0.6622516424718217,218.527630803862,37.657436989548856,1,0,0,0,1,1,0.11706667400000015,0,0,0,0,0.01370460616142231,231.59733359,443.343467158,1718.1297051428573,7.555392696430939,papaya
56,59,55,37.03551903,91.79430166,6.551892637999999,188.5181422,170,0.9491525423728814,1.018181818181818,1.0727272727272728,0.08235293972318339,173.04891213489577,33.996496059744906,1,0,0,0,1,1,0.0518926379999991,0,0,0,0,0.0026928458785989507,366.90598772799996,386.5616656419999,1718.1297051428573,7.555392696430939,papaya
39,64,53,23.012401800000006,91.07355541,6.598860305,208.3357976,156,0.609375,0.7358490566037735,1.2075471698113207,0.49999999038461557,189.73881806610146,20.958212504494842,1,0,0,0,0,0,0.09886030499999965,0,0,0,0,0.009773359904692955,257.35555189499996,422.32705952,1718.1297051428573,7.555392696430939,papaya
18,30,29,26.762749300000007,92.86056895,6.4200187170000005,224.5903664,77,0.6,0.6206896551724138,1.0344827586206897,0.5974025741271723,208.55589204592962,24.85204126664215,1,0,0,0,0,0,0.07998128299999951,1,0,0,0,0.006397005630326012,115.560336906,192.60056151,1793.2412790697674,8652.000198744186,coconut
37,23,28,25.61294367,94.3138837,5.7400545670000005,224.3206759,88,1.608695652173913,1.3214285714285714,0.8214285714285714,0.5227272549070253,211.56554138337992,24.156561905070312,1,0,0,0,0,0,0.7599454329999995,1,0,0,0,0.5775170611375567,212.382018979,132.02125504100002,1793.2412790697674,8652.000198744186,coconut
13,28,33,28.130115000000004,95.64807631,5.686972967000001,151.0761899,74,0.4642857142857143,0.3939393939393939,0.8484848484848485,0.9459459075967874,144.50146940179252,26.90591386129076,1,0,0,0,1,0,0.8130270329999991,1,0,0,0,0.6610129563887817,73.930648571,159.23524307600002,1793.2412790697674,8652.000198744186,coconut
2,21,35,25.02887163,91.53720922,6.293662362999999,179.8248944,58,0.09523809523809523,0.05714285714285714,0.6,1.7931033555291371,164.60668981657204,22.910730589358323,1,0,0,0,0,0,0.20633763700000074,1,0,0,0,0.042575220442744074,12.587324725999999,132.16690962299998,1793.2412790697674,8652.000198744186,coconut
10,18,35,27.79797651,99.64573002,6.381975465,181.6942283,63,0.5555555555555556,0.2857142857142857,0.5142857142857142,1.3333332698412728,181.05054019374043,27.69949662417762,1,0,0,0,0,0,0.11802453499999999,1,0,0,0,0.013929790861966222,63.81975465,114.87555837,1793.2412790697674,8652.000198744186,coconut
7,11,32,29.25902906,95.11294697,5.542169138999999,184.7624496,50,0.6363636363636364,0.21875,0.34375,1.8399998896000065,175.73301070852096,27.82912479377469,1,0,0,0,1,0,0.9578308610000006,1,0,0,0,0.9174399582840025,38.79518397299999,60.963860528999994,1793.2412790697674,8652.000198744186,coconut
39,5,31,27.10134661,93.69979946,5.551963184,150.9502632,75,7.8,1.2580645161290323,0.16129032258064516,1.5999999360000026,141.44009390274218,25.39390742452951,1,0,0,0,0,0,0.9480368160000001,1,0,0,0,0.8987738044914181,216.526564176,27.75981592,1793.2412790697674,8652.000198744186,coconut
34,6,27,25.84726298,90.92669463,5.8607404810000014,147.8888994,67,5.666666666666667,1.2592592592592593,0.2222222222222222,1.462686501670754,134.47048794910592,23.50206188003764,1,0,0,0,0,0,0.6392595189999986,1,0,0,0,0.4086527326321095,199.26517635400006,35.16444288600001,1793.2412790697674,8652.000198744186,coconut
31,30,29,26.58580443,90.98617591,5.558807063,178.8116076,90,1.0333333333333334,1.0689655172413792,1.0344827586206897,0.06666666444444451,162.69384383843493,24.189406785768373,1,0,0,0,0,0,0.9411929370000003,1,0,0,0,0.8858441446586865,172.323018953,166.76421188999998,1793.2412790697674,8652.000198744186,coconut
25,7,35,28.38503882,99.18843684,5.55771171,189.67113490000003,67,3.5714285714285716,0.7142857142857143,0.2,1.3731342668745852,188.13183384399773,28.154676301985177,1,0,0,0,1,0,0.9422882899999996,1,0,0,0,0.8879072214711233,138.94279275000002,38.903981970000004,1793.2412790697674,8652.000198744186,coconut
16,18,26,28.43647052,91.81320717,5.568365926,145.54144130000003,60,0.8888888888888888,0.6153846153846154,0.6923076923076923,0.5999999700000015,133.62626501897296,26.108435590363577,1,0,0,0,1,0,0.9316340739999998,1,0,0,0,0.867942047837837,89.093854816,100.230586668,1793.2412790697674,8652.000198744186,coconut
26,10,33,28.27298134,96.93649473,6.07071786,198.8234862,69,2.6,0.7878787878787878,0.30303030303030304,1.1304347334593594,192.7325182222653,27.406837066662987,1,0,0,0,1,0,0.42928213999999976,1,0,0,0,0.1842831557229794,157.83866436,60.707178600000006,1793.2412790697674,8652.000198744186,coconut
27,8,32,27.00648436,96.46168931,5.627860548999998,144.3331315,67,3.375,0.84375,0.25,1.2835820320784166,139.22617687892375,26.05091103689694,1,0,0,0,0,0,0.8721394510000016,1,0,0,0,0.7606272219905841,151.95223482299997,45.02288439199999,1793.2412790697674,8652.000198744186,coconut
37,18,30,27.63551259,99.34854917,6.38488418,157.91715369999997,85,2.0555555555555554,1.2333333333333334,0.6,0.7294117389619387,156.88840109150894,27.45548081385769,1,0,0,0,0,0,0.11511581999999976,1,0,0,0,0.013251652014272345,236.24071466,114.92791524,1793.2412790697674,8652.000198744186,coconut
19,15,34,26.29644905,99.65809151,5.6858890660000005,215.9195049,68,1.2666666666666666,0.5588235294117647,0.4411764705882353,0.9999999558823548,215.18125778118093,26.206539258129524,1,0,0,0,0,0,0.8141109339999995,1,0,0,0,0.6627766128583514,108.03189225400001,85.28833599000001,1793.2412790697674,8652.000198744186,coconut
0,19,33,27.1326009,95.23797989,6.234458417000001,204.7206567,52,0.0,0.0,0.5757575757575758,1.9999998846153915,194.97181785862196,25.84054098877596,1,0,0,0,0,0,0.2655415829999992,1,0,0,0,0.07051233230214546,0.0,118.45470992300001,1793.2412790697674,8652.000198744186,coconut
31,20,26,25.56567803,97.61361544,6.443168642000001,199.7936345,77,1.55,1.1923076923076923,0.7692307692307693,0.4415584243548665,195.02579005442917,24.95558263683277,1,0,0,0,0,0,0.05683135799999928,1,0,0,0,0.003229803252124082,199.73822790200003,128.86337284,1793.2412790697674,8652.000198744186,coconut
9,17,32,25.94951662,93.40548703,5.842317989,172.0540491,58,0.5294117647058824,0.28125,0.53125,1.3103447598097537,160.70792251669033,24.238272380841796,1,0,0,0,0,0,0.6576820110000003,1,0,0,0,0.4325456275930046,52.580861901,99.31940581299999,1793.2412790697674,8652.000198744186,coconut
22,11,29,28.03380598,95.01630593,5.955742971,218.0055713,62,2.0,0.7586206896551724,0.3793103448275862,0.9354838257023954,207.1408405708523,26.636686853779434,1,0,0,0,1,0,0.5442570289999997,1,0,0,0,0.29621571361590654,131.026345362,65.513172681,1793.2412790697674,8652.000198744186,coconut
31,6,26,29.12859129,91.30924833,5.741367375,157.2388553,63,5.166666666666667,1.1923076923076923,0.23076923076923078,1.428571360544221,143.57361685712638,26.59709775601685,1,0,0,0,1,0,0.7586326249999997,1,0,0,0,0.5755234597143902,177.982388625,34.44820425,1793.2412790697674,8652.000198744186,coconut
34,6,30,27.0828252,97.00155491,5.948342571,171.7575545,70,5.666666666666667,1.1333333333333333,0.2,1.4857142220408193,166.60749854039068,26.270761557557314,1,0,0,0,0,0,0.5516574289999996,1,0,0,0,0.30432591897088956,202.243647414,35.690055426,1793.2412790697674,8652.000198744186,coconut
24,6,32,28.11321494,90.01734526,6.387067562,172.48136409999995,62,4.0,0.75,0.1875,1.4193547700312206,155.26314503105465,25.3067697562257,1,0,0,0,1,0,0.11293243799999964,1,0,0,0,0.012753735552623761,153.28962148800002,38.322405372000006,1793.2412790697674,8652.000198744186,coconut
1,8,26,27.5136304,94.18955816,5.562911913,156.6732553,35,0.125,0.038461538461538464,0.3076923076923077,2.4571426465306305,147.5698469219588,25.914966907535444,1,0,0,0,0,0,0.9370880870000002,1,0,0,0,0.87813408279732,5.562911913,44.503295304,1793.2412790697674,8652.000198744186,coconut
31,13,33,27.63834933,95.48763389,5.85971872,205.5463111,77,2.3846153846153846,0.9393939393939394,0.3939393939393939,0.987012948557937,196.27130901756843,26.39120582146967,1,0,0,0,0,0,0.64028128,1,0,0,0,0.40996011751843836,181.65128032,76.17634336,1793.2412790697674,8652.000198744186,coconut
10,9,28,29.01256899,94.01014388,6.282955072999999,150.05003119999995,47,1.1111111111111112,0.35714285714285715,0.32142857142857145,1.5744679846084264,141.06225022310483,27.27475785078326,1,0,0,0,1,0,0.21704492700000078,1,0,0,0,0.04710850033643567,62.829550729999994,56.54659565699999,1793.2412790697674,8652.000198744186,coconut
36,27,26,26.58413917,95.78923137,6.25449571,171.6262299,89,1.3333333333333333,1.3846153846153846,1.0384615384615385,0.42696627774270973,164.39944645051912,25.464742577274098,1,0,0,0,0,0,0.2455042900000004,1,0,0,0,0.060272356408404296,225.16184556,168.87138417,1793.2412790697674,8652.000198744186,coconut
38,24,33,28.28905147,97.00396405,5.973853124,142.9403233,95,1.5833333333333333,1.1515151515151516,0.7272727272727273,0.4842105110249312,138.65777982688576,27.441501318044793,1,0,0,0,1,0,0.5261468760000003,1,0,0,0,0.2768305351245597,227.006418712,143.37247497599998,1793.2412790697674,8652.000198744186,coconut
11,6,25,28.69164799,96.65248672,6.081568052000001,178.9635457,42,1.8333333333333333,0.44,0.24,1.5714284591836816,172.9727172413336,27.731191263283897,1,0,0,0,1,0,0.4184319479999994,1,0,0,0,0.17508529510707418,66.89724857200001,36.489408312,1793.2412790697674,8652.000198744186,coconut
16,14,30,29.70931288,96.30484325,6.37466756,209.84539930000005,60,1.1428571428571428,0.5333333333333333,0.4666666666666667,0.9999999500000024,202.09128286320166,28.61150719973606,1,0,0,0,1,0,0.1253324400000002,1,0,0,0,0.015708220516353653,101.99468096,89.24534584,1793.2412790697674,8652.000198744186,coconut
33,14,35,27.14865285,96.66355213,6.027707171,149.2433497,82,2.357142857142857,0.9428571428571428,0.4,0.9756097204045224,144.2639231378177,26.242852200252482,1,0,0,0,0,0,0.4722928289999997,1,0,0,0,0.22306051632482296,198.914336643,84.387900394,1793.2412790697674,8652.000198744186,coconut
16,6,29,29.28725038,91.95614918,5.868285082000001,132.1491176,51,2.6666666666666665,0.5517241379310345,0.20689655172413793,1.411764622837375,121.51923972030964,26.931427650152916,1,0,0,0,1,0,0.6317149179999992,1,0,0,0,0.39906373762374575,93.89256131200001,35.209710492000006,1793.2412790697674,8652.000198744186,coconut
32,11,31,25.06871967,93.31410447,6.205931637999999,134.84190690000003,74,2.909090909090909,1.032258064516129,0.3548387096774194,1.1081080631848081,125.82651787400617,23.39265126215524,1,0,0,0,0,0,0.29406836200000086,1,0,0,0,0.08647620152936356,198.58981241599997,68.265248018,1793.2412790697674,8652.000198744186,coconut
38,14,30,26.92449525,91.20106019,5.5707453860000005,194.9022136,82,2.7142857142857144,1.2666666666666666,0.4666666666666667,0.9756097204045224,177.7528851369784,24.55542511880619,1,0,0,0,0,0,0.9292546139999995,1,0,0,0,0.8635141376402882,211.688324668,77.99043540400001,1793.2412790697674,8652.000198744186,coconut
8,6,33,28.27804288,93.64761266,6.095261012999999,171.9457959,47,1.3333333333333333,0.24242424242424243,0.18181818181818182,2.2127658162064376,161.02313292958615,26.481712064091106,1,0,0,0,1,0,0.4047389870000009,1,0,0,0,0.16381364759778688,48.76208810399999,36.571566078,1793.2412790697674,8652.000198744186,coconut
23,6,33,29.18032562,92.73041222,6.025789594,204.9603677,62,3.8333333333333335,0.696969696969697,0.18181818181818182,1.4193547700312206,190.06059385583774,27.059036234564275,1,0,0,0,1,0,0.4742104060000001,1,0,0,0,0.22487550915868493,138.593160662,36.154737564,1793.2412790697674,8652.000198744186,coconut
29,25,35,28.3575072,91.64509299,5.542873799,160.73069909999995,89,1.16,0.8285714285714286,0.7142857142857143,0.3595505496780714,147.30179865367205,25.988263843085946,1,0,0,0,1,0,0.9571262010000003,1,0,0,0,0.916090564640693,160.743340171,138.571844975,1793.2412790697674,8652.000198744186,coconut
24,14,33,29.38072512,93.27565685,6.366219551,218.5241851,71,1.7142857142857142,0.7272727272727273,0.42424242424242425,0.8169013739337446,203.82986902813485,27.405064342972953,1,0,0,0,1,0,0.13378044899999963,1,0,0,0,0.017897208534641502,152.789269224,89.127073714,1793.2412790697674,8652.000198744186,coconut
32,12,30,25.39241091,98.08951196,5.579845008,218.080385,74,2.6666666666666665,1.0666666666666667,0.4,1.0270269853907978,213.91398532698904,24.907291936496794,1,0,0,0,0,0,0.9201549919999996,1,0,0,0,0.8466852093025193,178.555040256,66.95814009600001,1793.2412790697674,8652.000198744186,coconut
30,25,31,26.31270635,98.62048026,5.804965067,208.1181381,86,1.2,0.967741935483871,0.8064516129032258,0.2558139445646298,205.24710730239005,25.949717371773517,1,0,0,0,0,0,0.6950349329999996,1,0,0,0,0.483073558090314,174.14895201000002,145.124126675,1793.2412790697674,8652.000198744186,coconut
14,21,35,29.52501367,91.91185319,6.121005506,194.3100272,70,0.6666666666666666,0.4,0.6,0.9999999571428589,178.59394693351308,27.136987218697833,1,0,0,0,1,0,0.3789944939999996,1,0,0,0,0.14363682648231577,85.694077084,128.54111562600002,1793.2412790697674,8652.000198744186,coconut
27,22,29,28.83214859,92.17170353,6.000248647,145.41723869999996,78,1.2272727272727273,0.9310344827586207,0.7586206896551724,0.30769229585798863,134.03354613607638,26.575082519703876,1,0,0,0,1,0,0.49975135299999973,1,0,0,0,0.24975141482533034,162.006713469,132.005470234,1793.2412790697674,8652.000198744186,coconut
40,5,29,28.48444906,97.76865458,5.820978791,160.389421,74,8.0,1.3793103448275863,0.1724137931034483,1.59459452994887,156.810579000352,27.84886261048746,1,0,0,0,1,0,0.6790212090000001,1,0,0,0,0.46106980227182176,232.83915164,29.104893955,1793.2412790697674,8652.000198744186,coconut
17,11,32,28.74013335,93.39676499,5.620733794,156.76508230000005,60,1.5454545454545454,0.53125,0.34375,1.199999940000003,146.41351550211112,26.842354802712112,1,0,0,0,1,0,0.8792662059999996,1,0,0,0,0.7731090610136337,95.55247449800001,61.828071734000005,1793.2412790697674,8652.000198744186,coconut
30,30,35,25.00872392,95.59224018,6.001936419,165.8092179,95,1.0,0.8571428571428571,0.8571428571428571,0.21052630914127446,158.50074581554756,23.906399435559514,1,0,0,0,0,0,0.49806358100000026,1,0,0,0,0.2480673307185438,180.05809256999999,180.05809256999999,1793.2412790697674,8652.000198744186,coconut
28,10,30,29.8690834,91.14723422,6.305740522000001,192.7678575,68,2.8,0.9333333333333333,0.3333333333333333,1.117647009515573,175.70257057640083,27.224843405965142,1,0,0,0,1,0,0.19425947799999932,1,0,0,0,0.03773674479283222,176.56073461600002,63.05740522000001,1793.2412790697674,8652.000198744186,coconut
39,7,29,27.54273211,94.59086121,6.362544111,150.2012138,75,5.571428571428571,1.3448275862068966,0.2413793103448276,1.4399999424000023,142.07662168129337,26.052907503612204,1,0,0,0,0,0,0.13745588899999994,1,0,0,0,0.018894121420780306,248.139220329,44.537808777,1793.2412790697674,8652.000198744186,coconut
32,20,35,26.52166434,98.38227669,5.588655387,144.6261698,87,1.6,0.9142857142857143,0.5714285714285714,0.620689633769323,142.28651853878523,26.09261719377186,1,0,0,0,0,0,0.9113446129999998,1,0,0,0,0.8305490036441194,178.836972384,111.77310774,1793.2412790697674,8652.000198744186,coconut
7,15,32,25.03512351,95.89739958,6.182232762000001,174.796583,54,0.4666666666666667,0.21875,0.46875,1.5555554691358071,167.62537765169634,24.00803242773122,1,0,0,0,0,0,0.3177672379999992,1,0,0,0,0.10097601754614811,43.27562933400001,92.73349143000002,1793.2412790697674,8652.000198744186,coconut
29,17,29,29.20394909,95.66997327,5.959493188,211.2506267,75,1.7058823529411764,1.0,0.5862068965517241,0.639999974400001,202.10341809659747,27.939410288187407,1,0,0,0,1,0,0.5405068120000003,1,0,0,0,0.29214761381840365,172.825302452,101.31138419599999,1793.2412790697674,8652.000198744186,coconut
34,15,34,27.05826457,91.10510371,5.677282677999999,224.70069530000004,83,2.2666666666666666,1.0,0.4411764705882353,0.9156626175061703,204.7138014901561,24.65145999862468,1,0,0,0,0,0,0.8227173220000008,1,0,0,0,0.676863791918853,193.02761105199997,85.15924016999999,1793.2412790697674,8652.000198744186,coconut
14,23,25,26.18552389,96.96637916,5.6121227970000005,135.4186222,62,0.6086956521739131,0.56,0.92,0.6451612591051002,131.31053465569994,25.39115438020978,1,0,0,0,0,0,0.8878772029999995,1,0,0,0,0.7883259276071023,78.56971915800001,129.07882433100002,1793.2412790697674,8652.000198744186,coconut
18,19,29,27.59376845,92.48519606,6.206077742000001,162.8432736,66,0.9473684210526315,0.6206896551724138,0.6551724137931034,0.6363636074380178,150.60592085948224,25.520150851324924,1,0,0,0,0,0,0.2939222579999994,1,0,0,0,0.0863902937478182,111.709399356,117.91547709800001,1793.2412790697674,8652.000198744186,coconut
7,21,35,25.76011662,94.65830608,5.764812076,131.24514140000002,63,0.3333333333333333,0.2,0.6,1.3333332698412728,124.23442766154082,24.38409003672455,1,0,0,0,0,0,0.7351879239999999,1,0,0,0,0.5405012835954296,40.353684532,121.06105359600001,1793.2412790697674,8652.000198744186,coconut
24,27,34,28.87862994,95.11320315,6.203376525,145.0583117,85,0.8888888888888888,0.7058823529411765,0.7941176470588235,0.3999999858823534,137.96960669318122,27.467389961768923,1,0,0,0,1,0,0.29662347499999964,1,0,0,0,0.08798548592107541,148.88103660000002,167.49116617500002,1793.2412790697674,8652.000198744186,coconut
39,29,29,26.50908611,94.48414544,6.143662699,199.8778403,97,1.3448275862068966,1.3448275862068966,1.0,0.4123711212668726,188.85286933138295,25.04688347498724,1,0,0,0,0,0,0.35633730099999994,1,0,0,0,0.12697627208396456,239.602845261,178.166218271,1793.2412790697674,8652.000198744186,coconut
29,8,28,26.87037587,91.72546257,6.100429497,214.4128874,65,3.625,1.0357142857142858,0.2857142857142857,1.261538403313612,196.67121277734324,24.646976561055162,1,0,0,0,0,0,0.39957050299999963,1,0,0,0,0.15965658686767273,176.912455413,48.803435976,1793.2412790697674,8652.000198744186,coconut
10,24,27,27.57283516,94.90485697,5.7084096010000005,145.9298935,61,0.4166666666666667,0.37037037037037035,0.8888888888888888,1.0163933926363906,138.4945567026483,26.16795977117187,1,0,0,0,0,0,0.7915903989999995,1,0,0,0,0.6266153597889784,57.08409601,137.00183042400002,1793.2412790697674,8652.000198744186,coconut
0,29,32,28.05912437,98.3670985,5.868255858,171.65163959999995,61,0.0,0.0,0.90625,1.9999999016393493,168.84873740219695,27.600946507275403,1,0,0,0,1,0,0.6317441419999996,1,0,0,0,0.3991006609513157,0.0,170.17941988200002,1793.2412790697674,8652.000198744186,coconut
32,11,31,29.51611558,92.56492864,6.461225827000001,131.2116167,74,2.909090909090909,1.032258064516129,0.3548387096774194,1.1081080631848081,121.45593936574534,27.321571323926925,1,0,0,0,1,0,0.0387741729999993,1,0,0,0,0.0015034364918338748,206.75922646400002,71.073484097,1793.2412790697674,8652.000198744186,coconut
37,10,32,28.96318258,95.16333673,6.165084855,222.803013,79,3.7,1.15625,0.3125,1.2405062820060908,212.02678150577566,27.5623309663301,1,0,0,0,1,0,0.3349151450000001,1,0,0,0,0.11216815435037109,228.108139635,61.65084855,1793.2412790697674,8652.000198744186,coconut
20,29,27,25.09897688,92.36099489,6.047044342,157.7592626,76,0.6896551724137931,0.7407407407407407,1.0740740740740742,0.4210526149584495,145.70802446848768,23.18166475357908,1,0,0,0,0,0,0.4529556579999996,1,0,0,0,0.2051688281142126,120.94088684,175.364285918,1793.2412790697674,8652.000198744186,coconut
31,29,35,27.1872282,92.19906776,6.137102505,141.3220576,95,1.0689655172413792,0.8857142857142857,0.8285714285714286,0.21052630914127446,130.29761964645024,25.06637095018383,1,0,0,0,0,0,0.36289749500000035,1,0,0,0,0.13169459187727528,190.250177655,177.97597264499998,1793.2412790697674,8652.000198744186,coconut
17,30,27,29.03065024,90.79093862,5.894027065,205.5720367,74,0.5666666666666667,0.6296296296296297,1.1111111111111112,0.621621596420746,186.6407816601809,26.357199840385285,1,0,0,0,1,0,0.6059729349999996,1,0,0,0,0.3672031979525137,100.19846010500001,176.82081195,1793.2412790697674,8652.000198744186,coconut
1,12,30,27.754298,95.94643831,5.56222383,131.09000759999998,43,0.08333333333333333,0.03333333333333333,0.4,2.186046359113045,125.7761932725083,26.629260408943562,1,0,0,0,0,0,0.9377761700000002,1,0,0,0,0.8794241450198693,5.56222383,66.74668596,1793.2412790697674,8652.000198744186,coconut
6,13,29,27.31155708,99.96906006,5.832608027999999,201.8258633,48,0.46153846153846156,0.20689655172413793,0.4482758620689655,1.6249998984375063,201.76341849899052,27.303106900626382,1,0,0,0,0,0,0.6673919720000008,1,0,0,0,0.4454120442900498,34.995648167999995,75.82390436399999,1793.2412790697674,8652.000198744186,coconut
15,28,32,28.84270971,99.64328526,6.2185718739999984,224.4016682,75,0.5357142857142857,0.46875,0.875,0.7999999680000013,223.6011943727247,28.73982351304902,1,0,0,0,1,0,0.28142812600000155,1,0,0,0,0.07920179010387275,93.27857810999998,174.12001247199996,1793.2412790697674,8652.000198744186,coconut
27,24,29,26.61423461,96.97300803,6.142010637,191.006688,80,1.125,0.9310344827586207,0.8275862068965517,0.19999999250000022,185.22493089207705,25.808623865478342,1,0,0,0,0,0,0.3579893629999997,1,0,0,0,0.12815638402114557,165.83428719900002,147.40825528800002,1793.2412790697674,8652.000198744186,coconut
3,23,30,29.70143197,95.65754365,6.078807239,215.1968037,56,0.13043478260869565,0.1,0.7666666666666667,1.6785713386479637,205.85197643273233,28.411660251377807,1,0,0,0,1,0,0.42119276100000036,1,0,0,0,0.17740334191880341,18.236421717,139.81256649699998,1793.2412790697674,8652.000198744186,coconut
8,26,26,25.54759871,91.64194826,5.702484758,212.867626,60,0.3076923076923077,0.3076923076923077,1.0,1.199999940000003,195.07603968121032,23.41231719149063,1,0,0,0,0,0,0.7975152420000002,1,0,0,0,0.6360305612223189,45.619878064,148.26460370799998,1793.2412790697674,8652.000198744186,coconut
20,28,26,26.37978453,91.49882979,5.547594847,167.0470997,74,0.7142857142857143,0.7692307692307693,1.0769230769230769,0.3783783630387149,152.8461414236346,24.13719414607345,1,0,0,0,0,0,0.952405153,1,0,0,0,0.9070755754609533,110.95189694,155.332655716,1793.2412790697674,8652.000198744186,coconut
26,18,27,27.45907759,92.90736493,5.836075368,142.1430003,71,1.4444444444444444,0.9629629629629629,0.6666666666666666,0.47887321920253995,132.061316011172,25.51150542295315,1,0,0,0,0,0,0.6639246319999996,1,0,0,0,0.4407959169763349,151.737959568,105.04935662400001,1793.2412790697674,8652.000198744186,coconut
1,6,35,27.02269204,95.71935435,6.231662767,147.16824590000004,42,0.16666666666666666,0.02857142857142857,0.17142857142857143,2.999999785714301,140.8684947837004,25.865946348676847,1,0,0,0,0,0,0.26833723299999956,1,0,0,0,0.07200487061409605,6.231662767,37.389976602000004,1793.2412790697674,8652.000198744186,coconut
27,30,31,28.98545306,90.73966792,5.718120393,148.8398374,88,0.9,0.8709677419354839,0.967741935483871,0.1590909036673556,135.05677418942795,26.30130385175148,1,0,0,0,1,0,0.7818796069999996,1,0,0,0,0.6113357198424738,154.38925061100002,171.54361179,1793.2412790697674,8652.000198744186,coconut
23,7,34,26.1055118,91.52421214,5.852038202,134.1279669,64,3.2857142857142856,0.6764705882352942,0.20588235294117646,1.3437499370117219,122.75956496462499,23.892864000064733,1,0,0,0,0,0,0.6479617979999999,1,0,0,0,0.41985449166739264,134.596878646,40.964267414,1793.2412790697674,8652.000198744186,coconut
0,26,31,25.0707247,95.02156793,5.547933273,192.9036306,57,0.0,0.0,0.8387096774193549,1.9999998947368476,183.3000543900153,23.82259570135379,1,0,0,0,0,0,0.9520667270000001,1,0,0,0,0.9064310526604926,0.0,144.246265098,1793.2412790697674,8652.000198744186,coconut
38,6,25,25.54963273,96.92786777,6.156259104,191.2996157,69,6.333333333333333,1.52,0.24,1.4782608052930084,185.42263855021417,24.76471422825504,1,0,0,0,0,0,0.3437408959999999,1,0,0,0,0.11815780358288275,233.937845952,36.937554624,1793.2412790697674,8652.000198744186,coconut
25,12,26,28.56973521,95.67906668,6.436314406,134.83703480000003,63,2.0833333333333335,0.9615384615384616,0.46153846153846156,0.8571428163265326,129.01081643562682,27.33525600187534,1,0,0,0,1,0,0.06368559399999985,1,0,0,0,0.004055854883132816,160.90786015,77.235772872,1793.2412790697674,8652.000198744186,coconut
40,5,32,26.07010807,96.7036223,5.981169595,143.533473,77,8.0,1.25,0.15625,1.6103895476471601,138.80206760399247,25.21073884121462,1,0,0,0,0,0,0.5188304050000001,1,0,0,0,0.26918498915246414,239.2467838,29.905847975,1793.2412790697674,8652.000198744186,coconut
0,19,31,25.51791333,94.38420565,6.271952832999999,178.7297725,50,0.0,0.0,0.6129032258064516,1.9999998800000067,168.69267603417714,24.08487979497596,1,0,0,0,0,0,0.2280471670000006,1,0,0,0,0.05200551037672616,0.0,119.16710382699999,1793.2412790697674,8652.000198744186,coconut
26,9,32,25.9490364,94.73860514,6.470465614,144.15711090000005,67,2.888888888888889,0.8125,0.28125,1.194029797282248,136.57243607678296,24.583755132630873,1,0,0,0,0,0,0.029534385999999913,1,0,0,0,0.0008722799563969908,168.232105964,58.234190526,1793.2412790697674,8652.000198744186,coconut
35,30,34,28.2974764,95.41122824,6.141502001,182.4482352,99,1.1666666666666667,1.0294117647058822,0.8823529411764706,0.18181817630854014,174.07610210652402,26.998969794164136,1,0,0,0,1,0,0.3584979989999999,1,0,0,0,0.12852081528700393,214.952570035,184.24506003,1793.2412790697674,8652.000198744186,coconut
19,30,30,29.56549169,91.40896307,5.826381164,224.83157290000003,79,0.6333333333333333,0.6333333333333333,1.0,0.5569620041659998,205.51620944186115,27.02550938037602,1,0,0,0,1,0,0.6736188360000002,1,0,0,0,0.45376233621399514,110.701242116,174.79143492,1793.2412790697674,8652.000198744186,coconut
31,13,33,29.69952329,95.21224392,6.342463714,148.30036919999995,77,2.3846153846153846,0.9393939393939394,0.3939393939393939,0.987012948557937,141.2001092569645,28.27758255795201,1,0,0,0,1,0,0.15753628600000003,1,0,0,0,0.024817681406673803,196.616375134,82.452028282,1793.2412790697674,8652.000198744186,coconut
17,29,26,26.14162144,93.28415295,6.071897347,195.4115025,72,0.5862068965517241,0.6538461538461539,1.1153846153846154,0.5833333090277788,182.2879648739931,24.385990127699596,1,0,0,0,0,0,0.42810265299999983,1,0,0,0,0.18327188150563828,103.222254899,176.085023063,1793.2412790697674,8652.000198744186,coconut
2,30,30,26.00175125,94.79998418,6.331051715,209.540094,62,0.06666666666666667,0.06666666666666667,1.0,1.8064515254942806,198.64397596275714,24.64965607152295,1,0,0,0,0,0,0.16894828499999992,1,0,0,0,0.0285435230044412,12.66210343,189.93155145,1793.2412790697674,8652.000198744186,coconut
30,13,25,27.15116142,91.48889469,6.413184638,164.9182225,68,2.3076923076923075,1.2,0.52,0.852941138840832,150.8818589076449,24.84029747865571,1,0,0,0,0,0,0.08681536200000028,1,0,0,0,0.007536907079191094,192.39553913999998,83.371400294,1793.2412790697674,8652.000198744186,coconut
8,15,33,28.97318719,98.09861043,5.50158009,213.9011021,56,0.5333333333333333,0.24242424242424243,0.45454545454545453,1.5357142034438818,209.83400885455552,28.422294030672763,1,0,0,0,1,0,0.99841991,1,0,0,0,0.996842316684408,44.01264072,82.52370135,1793.2412790697674,8652.000198744186,coconut
18,12,35,26.13958446,96.38580769,6.338720873,131.3387935,65,1.5,0.5142857142857142,0.34285714285714286,1.2307691739644997,126.59195692527622,25.19484960858072,1,0,0,0,0,0,0.16127912700000024,1,0,0,0,0.026010956805882206,114.096975714,76.064650476,1793.2412790697674,8652.000198744186,coconut
8,28,30,25.51618488,94.33465411,6.015672239,135.1272491,66,0.2857142857142857,0.26666666666666666,0.9333333333333333,1.2727272148760356,127.4718230468431,24.07060474861612,1,0,0,0,0,0,0.4843277610000003,1,0,0,0,0.23457338007527342,48.125377912,168.438822692,1793.2412790697674,8652.000198744186,coconut
40,22,29,27.55821802,99.98187601,5.735364307,174.62564809999995,91,1.8181818181818181,1.3793103448275863,0.7586206896551724,0.6373626163506829,174.59399896500085,27.553223371321877,1,0,0,0,0,0,0.7646356929999998,1,0,0,0,0.5846677430095899,229.41457228000002,126.178014754,1793.2412790697674,8652.000198744186,coconut
27,10,33,27.81132822,97.48410555,6.465906333,154.06212209999995,70,2.7,0.8181818181818182,0.30303030303030304,1.142857093877553,150.18608172053382,27.111624556841736,1,0,0,0,0,0,0.034093666999999606,1,0,0,0,0.0011623781295068622,174.57947099100002,64.65906333000001,1793.2412790697674,8652.000198744186,coconut
21,20,31,25.60033702,99.7240104,5.855457599,165.82487319999996,72,1.05,0.6774193548387096,0.6451612903225806,0.5833333090277788,165.36721379575476,25.529682752259852,1,0,0,0,0,0,0.6445424009999998,1,0,0,0,0.4154349066868446,122.964609579,117.10915198000001,1793.2412790697674,8652.000198744186,coconut
3,9,35,26.91641934,99.84671638,6.318552972999999,225.6323656,47,0.3333333333333333,0.08571428571428572,0.2571428571428571,2.4680849488456422,225.2865081421167,26.87516087806127,1,0,0,0,0,0,0.18144702700000082,1,0,0,0,0.03292302360713902,18.955658918999998,56.86697675699999,1793.2412790697674,8652.000198744186,coconut
22,16,27,29.1797902,90.27214288,6.006784979,188.9252083,65,1.375,0.8148148148148148,0.5925925925925926,0.5230768989349123,170.54683397291365,26.341221901428238,1,0,0,0,1,0,0.49321502100000014,1,0,0,0,0.24326105694003058,132.149269538,96.108559664,1793.2412790697674,8652.000198744186,coconut
27,8,30,26.44600063,98.29937782,6.008386282999999,221.2258168,65,3.375,0.9,0.26666666666666666,1.261538403313612,217.46360149161302,25.99625407756328,1,0,0,0,0,0,0.4916137170000008,1,0,0,0,0.24168404674255686,162.22642964099998,48.067090263999994,1793.2412790697674,8652.000198744186,coconut
22,8,33,28.43572863,95.8840407,5.665785202,203.9283708,63,2.75,0.6666666666666666,0.24242424242424243,1.2380951791383248,195.5347620567189,27.265325612930752,1,0,0,0,1,0,0.8342147979999996,1,0,0,0,0.6959143292021802,124.647274444,45.326281616,1793.2412790697674,8652.000198744186,coconut
28,27,32,28.94099669,93.00109012,5.764615485,191.7723087,87,1.037037037037037,0.875,0.84375,0.20689654458977433,178.35033763929158,26.915442413293114,1,0,0,0,1,0,0.7353845149999998,1,0,0,0,0.5407903849017849,161.40923358,155.644618095,1793.2412790697674,8652.000198744186,coconut
23,21,26,26.45488737,93.45042636,5.901495543999999,149.2220255,70,1.0952380952380953,0.8846153846153846,0.8076923076923077,0.22857141877551057,139.4486190527779,24.72220504032279,1,0,0,0,0,0,0.5985044560000006,1,0,0,0,0.35820758385185664,135.734397512,123.93140642399999,1793.2412790697674,8652.000198744186,coconut
37,5,34,25.79490531,93.84150618,5.779032666,152.42387119999995,76,7.4,1.088235294117647,0.14705882352941177,1.6052630945290887,143.0368565119432,24.2063276606088,1,0,0,0,0,0,0.720967334,1,0,0,0,0.5197938966950676,213.824208642,28.89516333,1793.2412790697674,8652.000198744186,coconut
19,26,29,26.93141945,98.80313612,5.67154928,166.5712879,74,0.7307692307692307,0.6551724137931034,0.896551724137931,0.4594594408327253,164.57765632067407,26.609087018231655,1,0,0,0,0,0,0.8284507200000002,1,0,0,0,0.6863305954685187,107.75943631999999,147.46028128,1793.2412790697674,8652.000198744186,coconut
133,47,24,24.40228894,79.19732001,7.231324765,90.8022356,204,2.8297872340425534,5.541666666666667,1.9583333333333333,1.9117646777681665,71.91293710436614,19.325958861576634,1,0,0,0,0,0,0.7313247650000001,0,0,0,0,0.5348359119023054,961.766193745,339.872263955,1718.1297051428573,7.555392696430939,cotton
136,36,20,23.09595631,84.86275707,6.925412377000001,71.29581071,192,3.7777777777777777,6.8,1.8,2.2499999648437505,60.50359064391434,19.599865296348636,1,0,0,0,0,0,0.4254123770000007,0,0,0,0,0.1809756905047907,941.8560832720001,249.31484557200002,1718.1297051428573,7.555392696430939,cotton
104,47,18,23.9656349,76.97696717,7.633437412,90.75616738,169,2.2127659574468086,5.777777777777778,2.611111111111111,1.6923076622667281,69.86134516885285,18.44801890905506,1,0,0,0,0,0,1.1334374120000001,0,1,0,0,1.284680366921258,793.877490848,358.771558364,1718.1297051428573,7.555392696430939,cotton
133,47,23,24.88738107,75.62137159,6.827354668,89.76050416,203,2.8297872340425534,5.782608695652174,2.0434782608695654,1.931034454221166,67.878124391891,18.820178917964018,1,0,0,0,0,0,0.3273546679999999,0,0,0,0,0.10716107866139016,908.038170844,320.88566939599997,1718.1297051428573,7.555392696430939,cotton
126,38,23,25.36243778,83.63276077,6.176716425,88.43618918,187,3.3157894736842106,5.478260869565218,1.6521739130434783,2.042780715891219,73.96162653101403,21.2113069139875,1,0,0,0,0,0,0.3232835749999996,1,0,0,0,0.10451226986478036,778.2662695500001,234.71522415,1718.1297051428573,7.555392696430939,cotton
126,50,19,24.69457084,81.7358876,6.6287228360000015,78.58494391,195,2.52,6.631578947368421,2.6315789473684212,1.8769230480473378,64.23210142480065,20.184326665084775,1,0,0,0,0,0,0.12872283600000145,0,0,0,0,0.01656956850788327,835.2190773360002,331.4361418000001,1718.1297051428573,7.555392696430939,cotton
113,41,20,25.0017188,80.53965818,7.256877571,96.32600992,174,2.7560975609756095,5.65,2.05,1.8965516914387641,77.5806391280009,20.1362988606448,1,0,0,0,0,0,0.7568775710000004,0,0,0,0,0.5728636574828607,820.027165523,297.531980411,1718.1297051428573,7.555392696430939,cotton
121,45,22,22.45942937,81.30681027,6.443785385,64.23026638,188,2.688888888888889,5.5,2.0454545454545454,1.8617020979515622,52.223580821502196,18.261045625590555,1,0,0,0,0,0,0.05621461500000002,1,0,0,0,0.0031600829395982276,779.698031585,289.970342325,1718.1297051428573,7.555392696430939,cotton
121,47,16,23.60564038,79.29573149,7.7232401510000015,72.49800885,184,2.574468085106383,7.5625,2.9375,1.9456521421904545,57.48782643329244,18.718265212219816,1,0,0,0,0,0,1.2232401510000015,0,1,0,0,1.4963164670185065,934.5120582710002,362.9922870970001,1718.1297051428573,7.555392696430939,cotton
129,60,22,24.58453146,79.12404171,5.947448589,71.94608134,211,2.15,5.863636363636363,2.727272727272727,1.668246421778487,56.92664740817214,19.452274926618475,1,0,0,0,0,0,0.5525514109999996,1,0,0,0,0.3053130617980905,767.2208679810001,356.84691534,1718.1297051428573,7.555392696430939,cotton
107,45,25,23.0865933,83.55546146,7.2277455160000015,71.84080724,177,2.3777777777777778,4.28,1.8,1.627118616489515,60.0269180059711,19.290109567208443,1,0,0,0,0,0,0.7277455160000015,0,0,0,0,0.5296135360581085,773.3687702120002,325.2485482200001,1718.1297051428573,7.555392696430939,cotton
122,59,18,23.5000992,83.63488952,6.219469084,79.81328183,199,2.0677966101694913,6.777777777777778,3.2777777777777777,1.678391934496604,66.75175008080673,19.654282003010405,1,0,0,0,0,0,0.280530916,1,0,0,0,0.07869759483179907,758.775228248,366.948675956,1718.1297051428573,7.555392696430939,cotton
140,38,15,24.1472953,75.88298598,6.021439523,69.91563467,193,3.6842105263157894,9.333333333333334,2.533333333333333,2.3523315696528773,53.05407125446413,18.323688707048202,1,0,0,0,0,0,0.47856047700000026,1,0,0,0,0.22902013014646777,843.0015332199999,228.81470187399998,1718.1297051428573,7.555392696430939,cotton
102,49,21,24.69315538,84.84422454,6.253343655,89.799462,172,2.0816326530612246,4.857142857142857,2.3333333333333335,1.5581395077068692,76.18965717499198,20.95071619661829,1,0,0,0,0,0,0.2466563449999999,1,0,0,0,0.060839352528758966,637.8410528100001,306.413839095,1718.1297051428573,7.555392696430939,cotton
111,40,25,24.48469200000001,84.44932014,6.187455798999999,90.94342484,176,2.775,4.44,1.6,1.7840908786802692,76.80110398941189,20.677155932372976,1,0,0,0,0,0,0.3125442010000006,1,0,0,0,0.09768387757872876,686.807593689,247.49823195999997,1718.1297051428573,7.555392696430939,cotton
131,35,18,24.49112609,82.24415809,7.0576933660000005,64.02949379,184,3.742857142857143,7.277777777777778,1.9444444444444444,2.2717390933955586,52.660518096874334,20.142520459480835,1,0,0,0,0,0,0.5576933660000005,0,0,0,0,0.3110218904804105,924.5578309460001,247.01926781000003,1718.1297051428573,7.555392696430939,cotton
135,43,16,23.47986888,81.73049149,6.720449769,86.76287924,194,3.13953488372093,8.4375,2.6875,2.1752576983207574,70.91172763372718,19.19021223683156,1,0,0,0,0,0,0.22044976900000002,0,0,0,0,0.04859810065215337,907.260718815,288.979340067,1718.1297051428573,7.555392696430939,cotton
100,46,18,24.18586246,76.04203958,6.4316895060000006,69.08056728,164,2.1739130434782608,5.555555555555555,2.5555555555555554,1.6585365550267703,52.53027231314613,18.39142310459756,1,0,0,0,0,0,0.06831049399999944,1,0,0,0,0.0046663235905239605,643.1689506,295.857717276,1718.1297051428573,7.555392696430939,cotton
123,39,24,25.00755095,78.17952126,7.453106264,86.06411872,186,3.1538461538461537,5.125,1.625,1.9677419037460984,67.28451599193404,19.550783611560583,1,0,0,0,0,0,0.9531062639999996,0,0,0,0,0.908411550476037,916.7320704719999,290.67114429599997,1718.1297051428573,7.555392696430939,cotton
117,56,15,25.99237426,77.0543546,7.368258226,89.1188212,188,2.0892857142857144,7.8,3.7333333333333334,1.734042525520598,68.66993250278797,20.028256231259522,1,0,0,0,0,0,0.868258226,0,0,0,0,0.7538723470166672,862.086212442,412.622460656,1718.1297051428573,7.555392696430939,cotton
121,36,24,23.66457347,81.69105088,7.352401887,99.36898373,181,3.361111111111111,5.041666666666667,1.5,2.011049690424591,81.17556705781323,19.331838753912685,1,0,0,0,0,0,0.8524018870000001,0,0,0,0,0.7265889769611609,889.6406283270001,264.686467932,1718.1297051428573,7.555392696430939,cotton
101,58,18,25.66891439,81.38103349,6.652143699,78.59595817,177,1.7413793103448276,5.611111111111111,3.2222222222222223,1.4237287894283257,63.96220304011408,20.889627816245326,1,0,0,0,0,0,0.1521436989999998,0,0,0,0,0.02314770514540254,671.866513599,385.824334542,1718.1297051428573,7.555392696430939,cotton
107,42,24,22.04612876,84.62978302,6.144631795,86.00758678,173,2.5476190476190474,4.458333333333333,1.75,1.7109826292893187,72.78803407265221,18.657590933897815,1,0,0,0,0,0,0.35536820500000044,1,0,0,0,0.12628656112492234,657.475602065,258.07453539,1718.1297051428573,7.555392696430939,cotton
100,41,22,22.4204752,84.55794703,7.318802162000001,93.46595573,163,2.4390243902439024,4.545454545454546,1.8636363636363635,1.6809815641537138,79.03289333725665,18.958293543490285,1,0,0,0,0,0,0.8188021620000008,0,0,0,0,0.6704369804958755,731.8802162000001,300.07088864200006,1718.1297051428573,7.555392696430939,cotton
125,39,21,25.03149561,82.21276599,7.954629324,95.0191318,185,3.2051282051282053,5.9523809523809526,1.8571428571428572,2.05405402074507,78.11785647246366,20.579084909646422,1,0,0,0,0,0,1.454629324,0,1,0,0,2.1159464702406967,994.3286654999999,310.230543636,1718.1297051428573,7.555392696430939,cotton
105,60,23,23.53371386,77.21705554,6.207652157,87.54004943,188,1.75,4.565217391304348,2.608695652173913,1.351063808227705,67.59584858810655,18.17204090190088,1,0,0,0,0,0,0.29234784299999994,1,0,0,0,0.08546726130675261,651.803476485,372.45912942,1718.1297051428573,7.555392696430939,cotton
102,46,19,22.77076388,82.5993307,6.631005298,81.49543437,167,2.217391304347826,5.368421052631579,2.4210526315789473,1.664670628778372,67.31468334067776,18.80849856015735,1,0,0,0,0,0,0.13100529799999983,0,0,0,0,0.017162388104068758,676.362540396,305.026243708,1718.1297051428573,7.555392696430939,cotton
131,49,22,25.49848236,79.9751579,7.306918817000001,67.05961949,202,2.673469387755102,5.954545454545454,2.227272727272727,1.8910890808254097,53.63103657426668,20.392451529513647,1,0,0,0,0,0,0.8069188170000006,0,0,0,0,0.6511179772286804,957.2063650270001,358.03902203300004,1718.1297051428573,7.555392696430939,cotton
139,35,15,25.248679,83.4630147,5.898293044,86.55517751,189,3.9714285714285715,9.266666666666667,2.3333333333333335,2.412698374401613,72.24156052878239,21.073308665325815,1,0,0,0,0,0,0.6017069560000001,1,0,0,0,0.3620512608987861,819.862733116,206.44025654,1718.1297051428573,7.555392696430939,cotton
108,36,19,22.78249615,77.51235009,7.238566893,64.61444234,163,3.0,5.684210526315789,1.894736842105263,1.9754600863412255,50.08417275528198,17.659248175028768,1,0,0,0,0,0,0.7385668929999998,0,0,0,0,0.5454810554356732,781.765224444,260.588408148,1718.1297051428573,7.555392696430939,cotton
118,45,23,23.37044424,77.43198948,7.977651226,71.67870701,186,2.6222222222222222,5.130434782608695,1.9565217391304348,1.80645158376691,55.502248871383216,18.096199925346067,1,0,0,0,0,0,1.4776512259999999,0,1,0,0,2.1834531456993025,941.362844668,358.99430517,1718.1297051428573,7.555392696430939,cotton
107,51,22,24.86560781,78.22080815,5.983075895,79.56866268,180,2.0980392156862746,4.863636363636363,2.3181818181818183,1.566666640555556,62.23925098244345,19.450079380391518,1,0,0,0,0,0,0.5169241050000002,1,0,0,0,0.2672105303300512,640.189120765,305.136870645,1718.1297051428573,7.555392696430939,cotton
125,60,17,24.14386157,84.51591287,6.785723961,80.36146974,202,2.0833333333333335,7.352941176470588,3.5294117647058822,1.7128712616900308,67.91822974650982,20.405405007954613,1,0,0,0,0,0,0.2857239610000004,0,0,0,0,0.08163818188952976,848.2154951250001,407.14343766,1718.1297051428573,7.555392696430939,cotton
113,37,20,25.03300222,79.04368718,7.393441155,97.10087029,170,3.054054054054054,5.65,1.85,1.9882352590311425,76.75210816108518,19.787007966539257,1,0,0,0,0,0,0.8934411549999997,0,0,0,0,0.7982370974477334,835.458850515,273.557322735,1718.1297051428573,7.555392696430939,cotton
131,52,16,23.65724079,84.47601498,6.486068274,88.54479121,199,2.519230769230769,8.1875,3.25,1.9497487143253962,74.79911108656933,19.98469427361507,1,0,0,0,0,0,0.013931726000000033,1,0,0,0,0.00019409298933907693,849.674943894,337.275550248,1718.1297051428573,7.555392696430939,cotton
115,48,16,25.54359718,84.09229796,7.175934962,88.94245493,179,2.3958333333333335,7.1875,3.0,1.8547485722667838,74.7937542126743,21.480197850307757,1,0,0,0,0,0,0.6759349620000004,0,0,0,0,0.45688807285394195,825.2325206300001,344.44487817600003,1718.1297051428573,7.555392696430939,cotton
113,38,25,22.00085141,79.47270984,7.388265887999999,90.42224164,176,2.973684210526316,4.52,1.52,1.8522726956998972,71.86100572938085,17.484672803398844,1,0,0,0,0,0,0.8882658879999994,0,0,0,0,0.7890162877844275,834.8740453439999,280.75410374399996,1718.1297051428573,7.555392696430939,cotton
111,41,18,23.64328417,78.1258666,6.10539819,80.96157332,170,2.707317073170732,6.166666666666667,2.2777777777777777,1.9176470249826996,63.25193076924439,18.471520650513117,1,0,0,0,0,0,0.39460181000000016,1,0,0,0,0.15571058845527622,677.69919909,250.32132579,1718.1297051428573,7.555392696430939,cotton
111,53,19,23.96436009,78.02763149,6.419536555,84.63148859,183,2.0943396226415096,5.842105263157895,2.789473684210526,1.6393442354205863,66.0359460415066,18.698822579961835,1,0,0,0,0,0,0.08046344500000036,1,0,0,0,0.006474365981268083,712.5685576049999,340.235437415,1718.1297051428573,7.555392696430939,cotton
122,48,16,24.65425757,75.6350708,6.307585854,61.82980133,186,2.5416666666666665,7.625,3.0,1.9354838397502607,46.76501401144484,18.647265168283855,1,0,0,0,0,0,0.19241414599999995,1,0,0,0,0.0370232035809093,769.525474188,302.764120992,1718.1297051428573,7.555392696430939,cotton
108,46,17,24.3017998,84.87668973,6.93221485,65.0247867,171,2.347826086956522,6.352941176470588,2.7058823529411766,1.7894736528162518,55.19088645495331,20.62656321505176,1,0,0,0,0,0,0.43221485000000026,0,0,0,0,0.18680967656052272,748.6792038,318.88188310000004,1718.1297051428573,7.555392696430939,cotton
132,41,22,24.29144926,81.02453404,7.810865753,90.41694635,195,3.2195121951219514,6.0,1.8636363636363635,2.0615384298224857,73.2599094732843,19.68203357447803,1,0,0,0,0,0,1.3108657529999999,0,1,0,0,1.7183690223882566,1031.0342793959999,320.245495873,1718.1297051428573,7.555392696430939,cotton
103,42,17,24.29470232,84.61527627,6.527541661,81.05902285,162,2.4523809523809526,6.0588235294117645,2.4705882352941178,1.8148147812071338,68.58831612628993,20.557029487042097,1,0,0,0,0,0,0.027541660999999884,0,0,0,0,0.0007585430906389146,672.336791083,274.156749762,1718.1297051428573,7.555392696430939,cotton
133,50,25,25.72180042,81.19666206,7.569454601,99.93100821,208,2.66,5.32,2.0,1.8365384350499265,81.14064302942455,20.88524336277506,1,0,0,0,0,0,1.0694546010000003,0,1,0,0,1.14373314360007,1006.7374619330001,378.47273005,1718.1297051428573,7.555392696430939,cotton
127,37,18,24.87663664,76.30050373,7.041065585,91.9223468,182,3.4324324324324325,7.055555555555555,2.0555555555555554,2.1868131507668163,70.13721364883753,18.980999067401747,1,0,0,0,0,0,0.5410655850000001,0,0,0,0,0.29275196727139235,894.2153292950001,260.519426645,1718.1297051428573,7.555392696430939,cotton
110,39,25,22.60612115,77.34264002,7.208795456,75.13617229,174,2.8205128205128207,4.4,1.56,1.793103417360286,58.1122992590617,17.484170903529588,1,0,0,0,0,0,0.7087954559999998,0,0,0,0,0.5023909984462477,792.96750016,281.143022784,1718.1297051428573,7.555392696430939,cotton
131,38,19,23.86814008,75.68339729,6.814341946,90.4547185,188,3.4473684210526314,6.894736842105263,2.0,2.180851029028973,68.45920396990613,18.064219282480124,1,0,0,0,0,0,0.31434194599999987,0,0,0,0,0.09881085901506684,892.678794926,258.944993948,1718.1297051428573,7.555392696430939,cotton
108,38,24,23.41022496,76.43836957,7.442217061,78.82199603,170,2.8421052631578947,4.5,1.5833333333333333,1.8117646739100353,60.25024862786213,17.894394272093187,1,0,0,0,0,0,0.942217061,0,0,0,0,0.8877729900394777,803.759442588,282.804248318,1718.1297051428573,7.555392696430939,cotton
122,40,17,24.96440768,81.31677618,6.854558957,80.03995829,179,3.05,7.176470588235294,2.3529411764705883,2.0893854398427023,65.08591373724467,20.300251517808334,1,0,0,0,0,0,0.35455895700000006,0,0,0,0,0.1257120539889279,836.256192754,274.18235828,1718.1297051428573,7.555392696430939,cotton
111,50,15,25.16820129,80.30351815,7.884550475,84.62419032,176,2.22,7.4,3.3333333333333335,1.7840908786802692,67.95620203291173,20.210951090943684,1,0,0,0,0,0,1.3845504750000002,0,1,0,0,1.916980017822726,875.185102725,394.22752375,1718.1297051428573,7.555392696430939,cotton
140,40,17,22.72767171,77.07598065,6.006085786,77.55176318,197,3.5,8.235294117647058,2.3529411764705883,2.263959356386406,59.77378198235063,17.517575849395126,1,0,0,0,0,0,0.49391421400000013,1,0,0,0,0.24395125079123792,840.85201004,240.24343144,1718.1297051428573,7.555392696430939,cotton
100,40,20,22.45145981,76.25674874,7.432043735,86.84998693,160,2.5,5.0,2.0,1.7499999671875008,66.22897631393295,17.12075329577378,1,0,0,0,0,0,0.9320437349999997,0,0,0,0,0.8687055239527497,743.2043735,297.28174939999997,1718.1297051428573,7.555392696430939,cotton
123,50,16,23.04920461,75.53835214,6.498052108,70.65644296,189,2.46,7.6875,3.125,1.9047618745275894,53.37271269272304,17.410989343770915,1,0,0,0,0,0,0.0019478919999995625,1,0,0,0,3.7942832436622956e-06,799.260409284,324.9026054,1718.1297051428573,7.555392696430939,cotton
107,36,21,25.29250148,75.66653335,6.205263534,62.64174227,164,2.9722222222222223,5.095238095238095,1.7142857142857142,1.9146341113176686,47.398834805750596,19.13795906741344,1,0,0,0,0,0,0.2947364659999998,1,0,0,0,0.08686958439016905,663.963198138,223.389487224,1718.1297051428573,7.555392696430939,cotton
118,50,19,22.95604064,82.33733678,6.360812227,66.48339303,187,2.36,6.2105263157894735,2.6315789473684212,1.786096228030542,54.74065522188215,18.901392493110468,1,0,0,0,0,0,0.13918777299999974,1,0,0,0,0.019373236152699456,750.5758427860001,318.04061135,1718.1297051428573,7.555392696430939,cotton
103,51,20,22.80213132,84.14668447,7.0466074339999984,91.6389565,174,2.019607843137255,5.15,2.55,1.5517241111771705,77.11114357765555,19.187237494275447,1,0,0,0,0,0,0.5466074339999984,0,0,0,0,0.29877968690406265,725.8005657019999,359.3769791339999,1718.1297051428573,7.555392696430939,cotton
133,57,19,23.54234715,75.98203329,7.947011366,84.12536744,209,2.3333333333333335,7.0,3.0,1.818181792083515,63.92016469359563,17.887954048760367,1,0,0,0,0,0,1.447011366,0,1,0,0,2.0938418933331855,1056.952511678,452.979647862,1718.1297051428573,7.555392696430939,cotton
129,47,20,24.41212325,80.80343786,6.281913857999999,98.60457373,196,2.74468085106383,6.45,2.35,1.9489795620054151,79.67588546103843,19.725834840620365,1,0,0,0,0,0,0.21808614200000065,1,0,0,0,0.04756156533244445,810.366887682,295.249951326,1718.1297051428573,7.555392696430939,cotton
116,52,19,22.94276687,75.37170612,6.114525877,67.08022574,187,2.230769230769231,6.105263157894737,2.736842105263158,1.7219251060653729,50.5595106093854,17.292354821053124,1,0,0,0,0,0,0.38547412299999984,1,0,0,0,0.148590299502619,709.2850017320001,317.955345604,1718.1297051428573,7.555392696430939,cotton
114,40,23,25.53676123,81.13668716,6.7539780610000015,95.4262599,177,2.85,4.956521739130435,1.7391304347826086,1.8644067480609026,77.42570596355154,20.719682069981268,1,0,0,0,0,0,0.25397806100000153,0,0,0,0,0.0645048554693205,769.9534989540002,270.15912244000003,1718.1297051428573,7.555392696430939,cotton
131,60,17,25.32023717,81.79475917,7.4250413160000015,83.46532547,208,2.183333333333333,7.705882352941177,3.5294117647058822,1.7788461281897194,68.27026195864318,20.710627014474326,1,0,0,0,0,0,0.9250413160000015,0,0,0,0,0.8557014363070147,972.6804123960002,445.5024789600001,1718.1297051428573,7.555392696430939,cotton
107,43,18,22.426733,81.53480799,6.745104394,65.54475812,168,2.488372093023256,5.944444444444445,2.388888888888889,1.8214285389030618,53.441792680651936,18.285593689979965,1,0,0,0,0,0,0.24510439400000017,0,0,0,0,0.06007616395810732,721.7261701580001,290.039488942,1718.1297051428573,7.555392696430939,cotton
123,44,21,25.78544484,75.00539324,7.6411165689999985,91.39578861,188,2.7954545454545454,5.857142857142857,2.0952380952380953,1.9255318841670443,68.55177065172964,19.34047430092529,1,0,0,0,0,0,1.1411165689999985,0,1,0,0,1.3021470240463282,939.8573379869998,336.2091290359999,1718.1297051428573,7.555392696430939,cotton
112,49,25,25.68959532,77.90621048,6.470135478,66.19426787,186,2.2857142857142856,4.48,1.96,1.612903199791884,51.56944565249721,20.013790201459425,1,0,0,0,0,0,0.02986452199999956,1,0,0,0,0.0008918896742884577,724.655173536,317.036638422,1718.1297051428573,7.555392696430939,cotton
119,44,15,22.14593688,82.85975490000001,7.091992365,60.65381719,178,2.7045454545454546,7.933333333333334,2.933333333333333,2.0112359211589452,50.25760426112807,18.35006901907671,1,0,0,0,0,0,0.5919923650000003,0,0,0,0,0.3504549602182936,843.9470914350001,312.04766406,1718.1297051428573,7.555392696430939,cotton
130,59,19,25.07278712,82.50257909,6.520403794,93.51042684,208,2.2033898305084745,6.842105263157895,3.1052631578947367,1.7499999747596158,77.14851386106757,20.685696023745333,1,0,0,0,0,0,0.02040379399999992,0,0,0,0,0.0004163148095944327,847.65249322,384.703823846,1718.1297051428573,7.555392696430939,cotton
127,53,24,22.21506982,76.17851932,6.127939627999999,70.40557612,204,2.3962264150943398,5.291666666666667,2.2083333333333335,1.7352940921280282,53.63392540693152,16.92311125478019,1,0,0,0,0,0,0.37206037200000086,1,0,0,0,0.13842892041277902,778.2483327559999,324.78080028399995,1718.1297051428573,7.555392696430939,cotton
134,52,18,23.9643129,76.59175937,7.994679507000001,76.13090645,204,2.576923076923077,7.444444444444445,2.888888888888889,1.941176442041523,58.31000067438381,18.35468887104187,1,0,0,0,0,0,1.4946795070000007,0,1,0,0,2.2340668286457652,1071.287053938,415.72333436400004,1718.1297051428573,7.555392696430939,cotton
109,36,18,25.40059227,76.53237965,7.524707577,62.51388670000001,163,3.0277777777777777,6.055555555555555,2.0,2.0122699016146646,47.84336510321486,19.439677709424952,1,0,0,0,0,0,1.024707577,0,1,0,0,1.050025618361211,820.193125893,270.889472772,1718.1297051428573,7.555392696430939,cotton
100,48,17,23.7805123,83.03878838,7.827877817999999,66.26555904,165,2.0833333333333335,5.882352941176471,2.823529411764706,1.6363636066115708,55.02611734004955,19.74704928447687,1,0,0,0,0,0,1.3278778179999993,0,1,0,0,1.7632594995364392,782.7877818,375.738135264,1718.1297051428573,7.555392696430939,cotton
132,52,19,24.16402322,76.7433897,6.436691764,61.94626051,203,2.5384615384615383,6.947368421052632,2.736842105263158,1.9014778044116583,47.53966010776651,18.544290506923087,1,0,0,0,0,0,0.06330823600000013,1,0,0,0,0.0040079327454317125,849.6433128479999,334.707971728,1718.1297051428573,7.555392696430939,cotton
102,37,25,25.31468463,77.91757121,5.907930899,72.82902109,164,2.7567567567567566,4.08,1.48,1.7317072853955984,56.74660436934667,19.724587423167176,1,0,0,0,0,0,0.5920691009999999,1,0,0,0,0.35054582035894805,602.608951698,218.593443263,1718.1297051428573,7.555392696430939,cotton
111,39,22,22.60361557,80.35090459999998,6.135025006,88.57395505,172,2.8461538461538463,5.045454545454546,1.7727272727272727,1.8720929906030295,71.16997412267236,18.16220958280144,1,0,0,0,0,0,0.3649749939999998,1,0,0,0,0.13320674624529988,680.9877756660001,239.265975234,1718.1297051428573,7.555392696430939,cotton
117,51,15,22.9535715,78.71555832,6.044556594,99.75336197,183,2.2941176470588234,7.8,3.4,1.8360655436710567,78.52141581765605,18.0680319606054,1,0,0,0,0,0,0.45544340599999966,1,0,0,0,0.20742869606888054,707.2131214980001,308.272386294,1718.1297051428573,7.555392696430939,cotton
136,36,24,22.74446976,80.41198458,7.59781958,90.07326633,196,3.7777777777777777,5.666666666666667,1.5,2.1632652730112456,72.42970103198192,18.289279516213963,1,0,0,0,0,0,1.0978195800000004,0,1,0,0,1.2052078302313771,1033.30346288,273.52150488,1718.1297051428573,7.555392696430939,cotton
134,56,18,23.80834611,83.91902605,6.691268104,70.97358303,208,2.392857142857143,7.444444444444445,3.111111111111111,1.86538458848003,59.560339631564084,19.97973217412506,1,0,0,0,0,0,0.19126810399999972,0,0,0,0,0.036583487607754706,896.629925936,374.71101382399996,1718.1297051428573,7.555392696430939,cotton
112,54,15,25.46228792,81.56641891,6.1754923060000015,76.88582484,181,2.074074074074074,7.466666666666667,3.6,1.7127071539330307,62.71301397140323,20.768676428897525,1,0,0,0,0,0,0.32450769399999846,1,0,0,0,0.10530524346519664,691.6551382720002,333.4765845240001,1718.1297051428573,7.555392696430939,cotton
105,56,15,25.96779712,81.97904282,7.272316208999999,74.14169043,176,1.875,7.0,3.7333333333333334,1.5795454276213847,60.78064814508154,21.28815152041553,1,0,0,0,0,0,0.7723162089999986,0,0,0,0,0.5964723266841296,763.5932019449998,407.24970770399995,1718.1297051428573,7.555392696430939,cotton
140,45,15,25.5308271,80.04662756,5.801047545,99.39557151,200,3.111111111111111,9.333333333333334,3.0,2.1999999670000006,79.56280293774317,20.43656608172455,1,0,0,0,0,0,0.6989524549999997,1,0,0,0,0.4885345343505266,812.1466563,261.04713952500003,1718.1297051428573,7.555392696430939,cotton
126,46,25,24.43847399,81.69801729,6.757457943,60.79645852,197,2.739130434782609,5.04,1.84,1.8375634237934504,49.66950119337727,19.96574870576235,1,0,0,0,0,0,0.25745794300000036,0,0,0,0,0.06628459241379143,851.439700818,310.843065378,1718.1297051428573,7.555392696430939,cotton
106,49,24,23.03887865,76.47039772,6.983395572999999,90.64770699,179,2.163265306122449,4.416666666666667,2.0416666666666665,1.5530725996691743,69.31866205931324,17.617922133883166,1,0,0,0,0,0,0.48339557299999925,0,0,0,0,0.2336712799959976,740.2399307379999,342.18638307699996,1718.1297051428573,7.555392696430939,cotton
121,53,19,23.51308653,76.72621429,7.976889497999999,80.11272117,193,2.2830188679245285,6.368421052631579,2.789473684210526,1.761658003704798,61.4674581184444,18.040701157200925,1,0,0,0,0,0,1.4768894979999994,0,1,0,0,2.18120258930269,965.203629258,422.77514339399994,1718.1297051428573,7.555392696430939,cotton
108,60,17,22.75805656,76.75768356,6.558902588,97.76600619,185,1.8,6.352941176470588,3.5294117647058822,1.5027026783345512,75.04292166057022,17.468557038730623,1,0,0,0,0,0,0.05890258799999959,0,0,0,0,0.0034695148730976956,708.3614795039999,393.53415528,1718.1297051428573,7.555392696430939,cotton
116,56,17,24.71252544,77.7293114,7.979090365,85.24963302,189,2.0714285714285716,6.823529411764706,3.2941176470588234,1.682539655832704,66.26395271747303,19.20887585406182,1,0,0,0,0,0,1.4790903650000002,0,1,0,0,2.187708307835834,925.57448234,446.82906044000003,1718.1297051428573,7.555392696430939,cotton
100,52,19,23.45969093,82.44777468,7.903528672999999,93.50153555,171,1.9230769230769231,5.2631578947368425,2.736842105263158,1.508771903354879,77.0899353526041,19.341993118590796,1,0,0,0,0,0,1.4035286729999994,0,1,0,0,1.9698927359331393,790.3528673,410.98349099599994,1718.1297051428573,7.555392696430939,cotton
129,43,16,25.5503704,77.85055621,6.73210948,78.58488484,188,3.0,8.0625,2.6875,2.117021242813491,61.17876994492796,19.891105470115196,1,0,0,0,0,0,0.2321094800000001,0,0,0,0,0.05387481070587044,868.44212292,289.48070764,1718.1297051428573,7.555392696430939,cotton
118,44,23,22.08458267,82.82904143,6.6916904760000016,67.06459777,185,2.6818181818181817,5.130434782608695,1.9130434782608696,1.827026997399562,55.54896347177616,18.2924481293769,1,0,0,0,0,0,0.19169047600000155,0,0,0,0,0.03674523858910717,789.6194761680002,294.43438094400005,1718.1297051428573,7.555392696430939,cotton
117,43,25,24.68854799,78.51206972,7.839849298,69.31153566,185,2.7209302325581395,4.68,1.72,1.794594565493061,54.417921201381866,19.383490010764458,1,0,0,0,0,0,1.3398492979999999,0,1,0,0,1.7951961413510924,917.262367866,337.11351981399997,1718.1297051428573,7.555392696430939,cotton
126,37,21,25.84997269,84.16855231,6.61448588,77.03421249,184,3.4054054054054053,6.0,1.7619047619047619,2.1086956177930065,64.83858143624221,21.757547785703366,1,0,0,0,0,0,0.11448588000000015,0,0,0,0,0.013107016719374434,833.42522088,244.73597756,1718.1297051428573,7.555392696430939,cotton
120,48,16,22.46054478,75.40989245,7.456971816,71.85436078,184,2.5,7.5,3.0,1.913043447069944,54.18529618483298,16.93747266228209,1,0,0,0,0,0,0.9569718160000003,0,0,0,0,0.9157950566183384,894.83661792,357.934647168,1718.1297051428573,7.555392696430939,cotton
102,45,16,23.65629976,77.52425987,7.2942193,74.8984994,163,2.2666666666666666,6.375,2.8125,1.7546011947005917,58.06450731358639,18.339371301568583,1,0,0,0,0,0,0.7942193,0,0,0,0,0.6307842964924899,744.0103686,328.2398685,1718.1297051428573,7.555392696430939,cotton
131,56,20,22.00817088,81.83896111,7.762647875,92.23645249,207,2.3392857142857144,6.55,2.8,1.7971014232304143,75.48535448253473,18.011258407505544,1,0,0,0,0,0,1.2626478749999999,0,1,0,0,1.5942796562420152,1016.906871625,434.708281,1718.1297051428573,7.555392696430939,cotton
114,40,17,24.32630461,80.13456404,6.363406102000001,69.45072055,171,2.85,6.705882352941177,2.3529411764705883,1.9999999649122815,55.65403213538119,19.493778146265925,1,0,0,0,0,0,0.13659389799999921,1,0,0,0,0.01865789297083419,725.4282956280001,254.53624408000002,1718.1297051428573,7.555392696430939,cotton
101,37,18,22.92360984,82.68738535,7.63737841,92.91915074,156,2.72972972972973,5.611111111111111,2.0555555555555554,1.8846153483727819,76.83241623633118,18.95493360453132,1,0,0,0,0,0,1.1373784100000002,0,1,0,0,1.2936296475341285,771.37521941,282.58300117,1718.1297051428573,7.555392696430939,cotton
106,46,20,23.43821725,78.63388824,6.2006719760000015,81.15072105,172,2.3043478260869565,5.3,2.3,1.6976743889940515,63.81196729641116,18.430381557813405,1,0,0,0,0,0,0.29932802399999847,1,0,0,0,0.08959726595174367,657.2712294560001,285.23091089600007,1718.1297051428573,7.555392696430939,cotton
113,38,20,22.10718988,78.58320116,6.364729934,74.94136567,171,2.973684210526316,5.65,1.9,1.9649122462296098,58.89132413650728,17.372537494223565,1,0,0,0,0,0,0.13527006600000036,1,0,0,0,0.018297990755644453,719.2144825419999,241.859737492,1718.1297051428573,7.555392696430939,cotton
102,53,21,23.03814028,76.11021529,6.913678684,91.49697481,176,1.9245283018867925,4.857142857142857,2.5238095238095237,1.4772727020919425,69.63854451172806,17.53437816592021,1,0,0,0,0,0,0.41367868399999974,0,0,0,0,0.17113005359597164,705.195225768,366.424970252,1718.1297051428573,7.555392696430939,cotton
110,39,18,24.54795322,75.39752705,7.766259768999999,63.88079866,167,2.8205128205128207,6.111111111111111,2.1666666666666665,1.9520957733156448,48.16454244942953,18.508549669270845,1,0,0,0,0,0,1.2662597689999986,0,1,0,0,1.6034138025879299,854.2885745899998,302.88413099099995,1718.1297051428573,7.555392696430939,cotton
107,58,15,23.73868041,75.77503808,7.55606399,76.63669195,180,1.8448275862068966,7.133333333333334,3.8666666666666667,1.566666640555556,58.071482508364795,17.987994120367002,1,0,0,0,0,0,1.0560639900000002,0,1,0,0,1.1152711509747204,808.49884693,438.25171142,1718.1297051428573,7.555392696430939,cotton
120,60,15,22.31871914,83.86129998,7.288377241,65.35747011,195,2.0,8.0,4.0,1.6923076662721899,54.809624068285935,18.716768009689076,1,0,0,0,0,0,0.7883772410000001,0,0,0,0,0.6215386741267722,874.60526892,437.30263446,1718.1297051428573,7.555392696430939,cotton
89,47,38,25.52468965,72.24850829,6.002524871,151.8869972,174,1.8936170212765957,2.3421052631578947,1.236842105263158,1.0689654988109398,109.73608976347407,18.441207517777023,1,0,0,0,0,0,0.4974751289999997,1,0,0,0,0.24748150397356633,534.224713519,282.118668937,1918.231341028177,7.555392696430939,jute
60,37,39,26.59104992,82.94164078,6.033485257000001,161.2469997,136,1.6216216216216217,1.5384615384615385,0.9487179487179487,0.6470588092560557,133.7409072597017,22.05505310427688,1,0,0,0,0,0,0.4665147429999994,1,0,0,0,0.2176360054363555,362.00911542000006,223.23895450900002,1918.231341028177,7.555392696430939,jute
63,41,45,25.29781791,86.88705350000002,7.121933578999999,196.6249511,149,1.5365853658536586,1.4,0.9111111111111111,0.5369127408675287,170.8416264566059,21.980528581794285,1,0,0,0,0,0,0.6219335789999993,0,0,0,0,0.38680137668774844,448.681815477,291.999276739,1918.231341028177,7.555392696430939,jute
86,40,39,25.72100868,88.16513579,6.207459637,175.60866969999995,165,2.15,2.2051282051282053,1.0256410256410255,1.12727270677686,154.82562210001754,22.676962229279685,1,0,0,0,0,0,0.29254036299999964,1,0,0,0,0.08557986398417156,533.8415287820001,248.29838548,1918.231341028177,7.555392696430939,jute
96,41,40,23.58419277,72.00460848,6.090060478,190.4242157,177,2.341463414634146,2.4,1.025,1.2542372668773345,137.1142109658957,16.981705667206967,1,0,0,0,0,0,0.40993952200000017,1,0,0,0,0.1680504116975886,584.645805888,249.692479598,1918.231341028177,7.555392696430939,jute
100,35,36,25.31042337,72.01364411,6.346715209,190.5577618,171,2.857142857142857,2.7777777777777777,0.9722222222222222,1.508771903354879,137.22758840663354,18.226958208406067,1,0,0,0,0,0,0.15328479099999992,1,0,0,0,0.023496227151913657,634.6715209,222.135032315,1918.231341028177,7.555392696430939,jute
63,37,43,23.41798979,85.08640476,6.661957897000001,185.7446728,143,1.7027027027027026,1.4651162790697674,0.8604651162790697,0.6433566298596511,158.0434641187456,19.92552557937487,1,0,0,0,0,0,0.16195789700000063,0,0,0,0,0.026230360400662813,419.70334751100006,246.49244218900003,1918.231341028177,7.555392696430939,jute
70,43,40,24.35564134,88.80391021,6.176860192,169.11680280000004,153,1.627906976744186,1.75,1.075,0.7450980246059211,150.1823337085348,21.62876186664324,1,0,0,0,0,0,0.32313980799999964,1,0,0,0,0.10441933551427664,432.38021344000003,265.604988256,1918.231341028177,7.555392696430939,jute
67,55,44,26.284017,75.14640198,7.251847296,182.2685447,166,1.2181818181818183,1.5227272727272727,1.25,0.42168673936710716,136.96825328335797,19.751493071311533,1,0,0,0,0,0,0.7518472960000002,0,0,0,0,0.5652743565025119,485.873768832,398.85160128,1918.231341028177,7.555392696430939,jute
74,40,40,25.13842773,83.12053888,6.386259977999999,169.33884650000005,154,1.85,1.85,1.0,0.8831168659133078,140.75536174397604,20.89519659513535,1,0,0,0,0,0,0.11374002200000088,1,0,0,0,0.012936792604560685,472.5832383719999,255.45039911999996,1918.231341028177,7.555392696430939,jute
89,53,44,24.88692811,71.91711523,7.319735475,150.2498675,186,1.679245283018868,2.022727272727273,1.2045454545454546,0.8709677278876173,108.0553703428973,17.89796076607596,1,0,0,0,0,0,0.8197354749999999,0,0,0,0,0.6719662489734755,651.4564572749999,387.945980175,1918.231341028177,7.555392696430939,jute
74,46,45,25.75734909,88.36668522,6.025028997000001,189.4263485,165,1.608695652173913,1.6444444444444444,1.0222222222222221,0.6909090783471077,167.38978510273517,22.760915591376836,1,0,0,0,0,0,0.4749710029999994,1,0,0,0,0.22559745369082543,445.852145778,277.151333862,1918.231341028177,7.555392696430939,jute
89,41,38,23.12844351,74.68322732,6.344751947000001,199.83629130000003,168,2.1707317073170733,2.3421052631578947,1.0789473684210527,1.1785714075255107,149.2441916994364,17.27306804215109,1,0,0,0,0,0,0.15524805299999933,1,0,0,0,0.0241019579602906,564.682923283,260.13482982700003,1918.231341028177,7.555392696430939,jute
60,55,40,24.9949957,88.95692783,7.02777956,151.4935635,155,1.0909090909090908,1.5,1.375,0.4516128944849118,134.76401994979022,22.234780285960603,1,0,0,0,0,0,0.5277795599999999,0,0,0,0,0.27855126395379354,421.6667736,386.5278758,1918.231341028177,7.555392696430939,jute
67,43,38,25.21622704,70.88259632,7.299304715,195.8645552,148,1.558139534883721,1.763157894736842,1.131578947368421,0.7162162016983202,138.83388199637957,17.873916419897885,1,0,0,0,0,0,0.7993047149999999,0,0,0,0,0.6388880274212311,489.053415905,313.870102745,1918.231341028177,7.555392696430939,jute
70,38,35,24.39736241,79.26861738,7.014063944,164.2697011,143,1.8421052631578947,2.0,1.0857142857142856,0.9370629174042745,130.21432083622864,19.339451859594845,1,0,0,0,0,0,0.5140639440000001,0,0,0,0,0.26426173852083523,490.98447608000004,266.53442987200003,1918.231341028177,7.555392696430939,jute
74,49,38,23.31410442,71.4509053,7.4880144039999985,164.49703730000004,161,1.510204081632653,1.9473684210526316,1.2894736842105263,0.7577639610354542,117.5346223425287,16.658138670677314,1,0,0,0,0,0,0.9880144039999985,0,0,0,0,0.9761724625114723,554.1130658959999,366.91270579599995,1918.231341028177,7.555392696430939,jute
90,40,39,25.72668885,81.86171563,6.626503893,191.9649389,169,2.25,2.3076923076923075,1.0256410256410255,1.1952662509716052,157.14579239162126,21.06030886740192,1,0,0,0,0,0,0.12650389299999976,0,0,0,0,0.016003234944155387,596.38535037,265.06015572,1918.231341028177,7.555392696430939,jute
82,35,44,26.96656378,78.21047693,6.239011,169.8391177,161,2.342857142857143,1.8636363636363635,0.7954545454545454,1.055900601442846,132.83198396687405,21.090678143970635,1,0,0,0,0,0,0.26098900000000036,1,0,0,0,0.0681152581210002,511.59890199999995,218.36538499999997,1918.231341028177,7.555392696430939,jute
73,45,37,23.70467146,74.63745355,6.742688094,181.2783964,155,1.6222222222222222,1.972972972972973,1.2162162162162162,0.8258064356295529,135.30157890923488,17.692563150137605,1,0,0,0,0,0,0.24268809400000002,0,0,0,0,0.05889751096935285,492.216230862,303.42096423,1918.231341028177,7.555392696430939,jute
85,53,38,24.90075709,73.84186449,6.588017308,153.8990984,176,1.6037735849056605,2.236842105263158,1.394736842105263,0.8977272574251036,113.64196369185979,18.387183307381868,1,0,0,0,0,0,0.0880173080000004,0,0,0,0,0.007747046507566935,559.9814711800001,349.16491732400004,1918.231341028177,7.555392696430939,jute
81,56,36,23.39605743,72.60512854,7.097586415,174.78764109999997,173,1.4464285714285714,2.25,1.5555555555555556,0.8092485408800831,126.90479149268884,16.98673757034372,1,0,0,0,0,0,0.5975864150000003,0,0,0,0,0.3571095233925526,574.9044996150001,397.46483924,1918.231341028177,7.555392696430939,jute
84,55,38,26.8748389,79.78725152,6.956682742999999,173.1017097,177,1.5272727272727273,2.210526315789474,1.4473684210526316,0.8474576127549558,138.11309650375924,21.442695308737804,1,0,0,0,0,0,0.4566827429999991,0,0,0,0,0.20855912775400323,584.361350412,382.61755086499994,1918.231341028177,7.555392696430939,jute
80,45,42,23.1426498,74.99739774,7.380396262,151.9035477,167,1.7777777777777777,1.9047619047619047,1.0714285714285714,0.8742514813008716,113.9237078497396,17.356385118081313,1,0,0,0,0,0,0.8803962619999997,0,0,0,0,0.775097578143572,590.43170096,332.11783178999997,1918.231341028177,7.555392696430939,jute
76,54,45,24.29496635,77.62976013,6.176618831,184.9800516,175,1.4074074074074074,1.6888888888888889,1.2,0.6057142753306125,143.5995703454302,18.860124101169212,1,0,0,0,0,0,0.32338116900000013,1,0,0,0,0.10457538046380664,469.423031156,333.537416874,1918.231341028177,7.555392696430939,jute
76,56,39,24.39459498,89.89106506,6.551130445,197.1220049,171,1.3571428571428572,1.9487179487179487,1.435897435897436,0.6666666549707605,177.19506967223538,21.928561244595294,1,0,0,0,0,0,0.05113044500000008,0,0,0,0,0.002614322405898033,497.88591382,366.86330492,1918.231341028177,7.555392696430939,jute
81,40,45,25.7629429,80.76238215,6.427726565,174.5071843,166,2.025,1.8,0.8888888888888888,0.9277108266076357,140.93615906357078,20.806766397984287,1,0,0,0,0,0,0.07227343499999961,1,0,0,0,0.005223449406699168,520.6458517650001,257.1090626,1918.231341028177,7.555392696430939,jute
76,44,45,25.4879684,84.48235878,6.740947635,168.7848886,165,1.7272727272727273,1.6888888888888889,0.9777777777777777,0.7636363497520664,142.5934551534753,21.532836909421025,1,0,0,0,0,0,0.24094763500000038,0,0,0,0,0.05805576281209341,512.31202026,296.60169594,1918.231341028177,7.555392696430939,jute
69,47,40,25.37122686,76.2403666,6.130136384,183.8270791,156,1.4680851063829787,1.725,1.175,0.6538461412721897,140.15043901591196,19.34311636898167,1,0,0,0,0,0,0.36986361599999995,1,0,0,0,0.13679909444059543,422.979410496,288.116410048,1918.231341028177,7.555392696430939,jute
82,40,45,26.21312799,81.70476368,6.667633355,180.1237765,167,2.05,1.8222222222222222,0.8888888888888888,0.9461077674351899,147.16970592081637,21.417374277365436,1,0,0,0,0,0,0.16763335500000043,0,0,0,0,0.02810094170855617,546.74593511,266.70533420000004,1918.231341028177,7.555392696430939,jute
69,57,35,24.30748599,78.54340987,6.1868143920000005,186.2337571,161,1.2105263157894737,1.9714285714285715,1.6285714285714286,0.6956521609505809,146.27434315535322,19.091928350218527,1,0,0,0,0,0,0.3131856079999995,1,0,0,0,0.09808522505832935,426.890193048,352.64842034400004,1918.231341028177,7.555392696430939,jute
81,36,38,23.76554749,87.98329901,6.334837865,150.31661519999997,155,2.25,2.1315789473684212,0.9473684210526315,1.1354838489906351,132.25351701312707,20.909712709490247,1,0,0,0,0,0,0.1651621350000001,1,0,0,0,0.027278530837758257,513.121867065,228.05416313999999,1918.231341028177,7.555392696430939,jute
67,60,38,24.79853023,78.53037059,7.16214284,162.2847429,165,1.1166666666666667,1.763157894736842,1.5789473684210527,0.618181806942149,127.44281001039873,19.474377690492183,1,0,0,0,0,0,0.6621428399999996,0,0,0,0,0.43843314056326504,479.86357028,429.72857039999997,1918.231341028177,7.555392696430939,jute
72,51,40,23.20683504,74.09956958,7.422318499,199.4766779,163,1.411764705882353,1.8,1.275,0.6503067364974221,147.81135973638297,17.19616487778062,1,0,0,0,0,0,0.9223184990000002,0,0,0,0,0.8506714135976133,534.4069319280001,378.538243449,1918.231341028177,7.555392696430939,jute
65,39,45,23.66805429,70.89000744,6.768001309,184.4633281,149,1.6666666666666667,1.4444444444444444,0.8666666666666667,0.617449651997658,130.76606701416162,16.77828544708424,1,0,0,0,0,0,0.26800130899999974,0,0,0,0,0.07182470162571335,439.920085085,263.952051051,1918.231341028177,7.555392696430939,jute
78,50,43,25.12417673,85.72530641,6.348441469,159.5718087,171,1.56,1.813953488372093,1.1627906976744187,0.7368420923361036,136.79342195205405,21.537777484782417,1,0,0,0,0,0,0.15155853100000005,1,0,0,0,0.022969988318877976,495.178434582,317.42207344999997,1918.231341028177,7.555392696430939,jute
77,52,41,23.89069041,83.46409075,6.097294061,167.72306319999996,170,1.4807692307692308,1.8780487804878048,1.2682926829268293,0.7176470461591697,139.9885296779278,19.940147524603947,1,0,0,0,0,0,0.4027059389999996,1,0,0,0,0.1621720733058714,469.49164269700003,317.05929117200003,1918.231341028177,7.555392696430939,jute
89,52,42,23.09433785,81.45139295,6.14132902,196.6587013,183,1.7115384615384615,2.119047619047619,1.2380952380952381,0.9180327718355283,160.18125156622975,18.81065987140408,1,0,0,0,0,0,0.3586709800000003,1,0,0,0,0.12864487189416063,546.57828278,319.34910904,1918.231341028177,7.555392696430939,jute
62,49,37,24.21744605,82.85284045,7.479248124,166.13658859999995,148,1.2653061224489797,1.6756756756756757,1.3243243243243243,0.5135135031044561,137.64888268183086,20.064841936871325,1,0,0,0,0,0,0.9792481239999997,0,0,0,0,0.9589268883575188,463.71338368799996,366.483158076,1918.231341028177,7.555392696430939,jute
90,48,45,24.06475727,71.31342851,6.509174788999999,153.63902119999997,183,1.875,2.0,1.0666666666666667,0.9508196565439401,109.56525354692572,17.161403471846477,1,0,0,0,0,0,0.00917478899999935,0,0,0,0,8.417675319450908e-05,585.8257310099999,312.44038987199997,1918.231341028177,7.555392696430939,jute
66,47,36,24.85441411,74.44070479999998,6.57256106,175.572958,149,1.4042553191489362,1.8333333333333333,1.3055555555555556,0.6577181075627226,130.69774737340794,18.501801037394642,1,0,0,0,0,0,0.07256105999999996,0,0,0,0,0.005265107428323593,433.78902996,308.91036981999997,1918.231341028177,7.555392696430939,jute
80,52,39,26.41915161,76.85691248,7.165696848,197.2101782,171,1.5384615384615385,2.051282051282051,1.3333333333333333,0.8070175297014469,151.56965406082605,20.30494423085621,1,0,0,0,0,0,0.6656968479999996,0,0,0,0,0.4431522934371346,573.2557478399999,372.61623609599997,1918.231341028177,7.555392696430939,jute
89,52,45,24.89326318,77.01222585,7.207457207999999,196.469984,186,1.7115384615384615,1.9777777777777779,1.1555555555555554,0.8709677278876173,151.30590780553885,19.17085606161649,1,0,0,0,0,0,0.7074572079999992,0,0,0,0,0.5004957011511542,641.463691512,374.78777481599997,1918.231341028177,7.555392696430939,jute
77,51,44,23.25583402,82.7015932,7.124333547000001,166.2160846,172,1.5098039215686274,1.75,1.1590909090909092,0.6860464996619797,137.46335011885984,19.23294524648761,1,0,0,0,0,0,0.6243335470000009,0,0,0,0,0.3897923779096023,548.5736831190001,363.34101089700005,1918.231341028177,7.555392696430939,jute
94,37,41,24.7634518,87.06071115,6.4635387070000005,179.1630865,172,2.5405405405405403,2.292682926829268,0.9024390243902439,1.2790697451325046,155.98065722518965,21.559237242367477,1,0,0,0,0,0,0.03646129299999945,1,0,0,0,0.001329425887231809,607.572638458,239.150932159,1918.231341028177,7.555392696430939,jute
75,41,35,24.97042599,78.62697699,6.856833064,166.6415254,151,1.829268292682927,2.142857142857143,1.1714285714285715,0.9801324308582962,131.02519383204302,19.63349109746228,1,0,0,0,0,0,0.3568330639999999,0,0,0,0,0.12732983556362804,514.2624797999999,281.130155624,1918.231341028177,7.555392696430939,jute
60,55,36,26.12797248,80.49172597,7.132389299,150.6326874,151,1.0909090909090908,1.6666666666666667,1.5277777777777777,0.5695364125257666,121.24684996325473,21.030856010118615,1,0,0,0,0,0,0.6323892989999997,0,0,0,0,0.39991622548971106,427.94335794,392.281411445,1918.231341028177,7.555392696430939,jute
62,56,35,25.97825807,81.65769588,6.235357637999999,163.3488091,153,1.1071428571428572,1.7714285714285714,1.6,0.6274509680891968,133.38687375847977,21.213246969722157,1,0,0,0,0,0,0.2646423620000009,1,0,0,0,0.07003557976493953,386.5921735559999,349.18002772799997,1918.231341028177,7.555392696430939,jute
84,40,42,26.2830571,73.35763537,6.704273839,186.6898282,166,2.1,2.0,0.9523809523809523,1.036144559587749,136.9512434438354,19.280629191506897,1,0,0,0,0,0,0.20427383899999985,0,0,0,0,0.041727801299797855,563.159002476,268.17095356,1918.231341028177,7.555392696430939,jute
100,56,40,26.38905406,83.31240346,7.433313409,176.1516409,196,1.7857142857142858,2.5,1.4,1.0612244735526866,146.75616576801835,21.98535518774471,1,0,0,0,0,0,0.9333134090000001,0,0,0,0,0.8710739194192015,743.3313409,416.265550904,1918.231341028177,7.555392696430939,jute
75,56,44,25.2746335,73.7459581,6.109478059,168.0432282,175,1.3392857142857142,1.7045454545454546,1.2727272727272727,0.5714285616326533,123.92508865825937,18.639020630838562,1,0,0,0,0,0,0.39052194100000026,1,0,0,0,0.15250738640240769,458.210854425,342.130771304,1918.231341028177,7.555392696430939,jute
78,46,42,23.09499564,78.45959697,7.095413294,155.3851533,166,1.6956521739130435,1.8571428571428572,1.0952380952380953,0.8192770936275224,121.91456503039669,18.120240499383076,1,0,0,0,0,0,0.5954132940000001,0,0,0,0,0.35451699067193054,553.442236932,326.389011524,1918.231341028177,7.555392696430939,jute
82,48,36,25.79351957,81.76904006,6.352076782999999,193.2418382,166,1.7083333333333333,2.2777777777777777,1.3333333333333333,0.9638554042676735,158.01199609043837,21.09111335007724,1,0,0,0,0,0,0.14792321700000066,1,0,0,0,0.021881278127629286,520.8702962059999,304.89968558399994,1918.231341028177,7.555392696430939,jute
100,58,41,23.17403323,87.88255345,6.6587699910000016,160.6217342,199,1.7241379310344827,2.4390243902439024,1.4146341463414633,1.0150753615817785,141.15848141063194,20.36593213987551,1,0,0,0,0,0,0.15876999100000155,0,0,0,0,0.025207910042140576,665.8769991000001,386.2086594780001,1918.231341028177,7.555392696430939,jute
88,50,40,25.63215038,79.95150917,7.0518224720000005,182.2582277,178,1.76,2.2,1.25,0.9662921185456385,145.71820363264496,20.493291061533885,1,0,0,0,0,0,0.5518224720000005,0,0,0,0,0.3045080406041913,620.560377536,352.5911236,1918.231341028177,7.555392696430939,jute
67,41,40,25.84879500000001,87.81661683,7.333143205,152.6194403,148,1.6341463414634145,1.675,1.025,0.7162162016983202,134.0252290963416,22.69953726032221,1,0,0,0,0,0,0.8331432049999998,0,0,0,0,0.6941276000376717,491.320594735,300.658871405,1918.231341028177,7.555392696430939,jute
72,42,43,26.56767277,80.90424543,6.352771037,181.2915605,157,1.7142857142857142,1.6744186046511629,0.9767441860465116,0.751592342326261,146.67256905079694,21.49437518288008,1,0,0,0,0,0,0.14722896299999988,1,0,0,0,0.021676367546055335,457.399514664,266.816383554,1918.231341028177,7.555392696430939,jute
89,40,43,26.24532085,72.97198375,7.124050134,189.9711184,172,2.225,2.0697674418604652,0.9302325581395349,1.1046511435235267,138.62569364854127,19.151731265797363,1,0,0,0,0,0,0.624050134,0,0,0,0,0.3894385697454179,634.040461926,284.96200536,1918.231341028177,7.555392696430939,jute
89,57,43,26.91515043,73.19897535,6.998787171,177.22330480000005,189,1.5614035087719298,2.0697674418604652,1.3255813953488371,0.8253968122952887,129.7256431950074,19.70161432867112,1,0,0,0,0,0,0.49878717100000003,0,0,0,0,0.24878864195418326,622.892058219,398.930868747,1918.231341028177,7.555392696430939,jute
61,41,44,24.36972377,82.11319791,6.537914957999999,159.92109340000005,146,1.4878048780487805,1.3863636363636365,0.9318181818181818,0.5068493046537814,131.31632392337798,20.010759509380414,1,0,0,0,0,0,0.03791495799999911,0,0,0,0,0.0014375440401416966,398.8128124379999,268.05451327799994,1918.231341028177,7.555392696430939,jute
79,45,43,25.71901283,79.15532398,7.171054239,187.1735424,167,1.7555555555555555,1.8372093023255813,1.0465116279069768,0.8383233382337125,148.15782389156269,20.357967930044268,1,0,0,0,0,0,0.671054239,0,0,0,0,0.4503137916798692,566.513284881,322.697440755,1918.231341028177,7.555392696430939,jute
84,40,43,25.01157559,88.33130229999998,7.228268227999999,169.4168014,167,2.1,1.9534883720930232,0.9302325581395349,1.017964053569508,149.6480669916246,22.093050444395903,1,0,0,0,0,0,0.7282682279999992,0,0,0,0,0.5303746119142588,607.174531152,289.13072911999996,1918.231341028177,7.555392696430939,jute
98,43,35,25.40785911,76.44048625,7.319952206,188.6372826,176,2.2790697674418605,2.8,1.2285714285714286,1.3409090680526863,144.19525606822666,19.421891049398923,1,0,0,0,0,0,0.819952206,0,0,0,0,0.6723216201242663,717.355316188,314.757944858,1918.231341028177,7.555392696430939,jute
75,36,44,23.28081,74.27607475,6.613341342999999,153.7447398,155,2.0833333333333335,1.7045454545454546,0.8181818181818182,0.9032257889698235,114.19555785804101,17.292071838005477,1,0,0,0,0,0,0.1133413429999992,0,0,0,0,0.012846260033043469,496.0006007249999,238.08028834799998,1918.231341028177,7.555392696430939,jute
89,58,35,23.98651719,82.09053379,6.096838784,167.0576456,182,1.5344827586206897,2.5428571428571427,1.6571428571428573,0.9340659186692432,137.13851301004644,19.690659998901108,1,0,0,0,0,0,0.403161216,1,0,0,0,0.16253896608659865,542.618651776,353.616649472,1918.231341028177,7.555392696430939,jute
91,41,37,24.48556447,83.20630007,6.132570522999999,192.2316221,169,2.2195121951219514,2.4594594594594597,1.1081081081081081,1.2307692089212567,159.94882031395443,20.373532246741505,1,0,0,0,0,0,0.36742947700000084,1,0,0,0,0.13500442056849415,558.0639175929999,251.43539144299996,1918.231341028177,7.555392696430939,jute
77,48,36,25.86705009,84.09985284,7.36008498,154.83908469999997,161,1.6041666666666667,2.138888888888889,1.3333333333333333,0.8695652011882261,130.21944237150294,21.754151059739087,1,0,0,0,0,0,0.8600849799999999,0,0,0,0,0.7397461728216002,566.72654346,353.28407904,1918.231341028177,7.555392696430939,jute
66,58,35,23.5643831,79.46283115,7.321619041,185.25947,159,1.1379310344827587,1.8857142857142857,1.6571428571428573,0.6792452702029195,147.2124198354849,18.724925954292136,1,0,0,0,0,0,0.8216190409999999,0,0,0,0,0.6750578485337596,483.226856706,424.653904378,1918.231341028177,7.555392696430939,jute
62,59,41,24.2248758,74.89465426,7.175170657000001,192.4931257,162,1.0508474576271187,1.5121951219512195,1.4390243902439024,0.48148147256515794,144.1670609672822,18.143136975324406,1,0,0,0,0,0,0.6751706570000007,0,0,0,0,0.4558554160738126,444.86058073400005,423.33506876300004,1918.231341028177,7.555392696430939,jute
82,35,35,25.49386782,86.97061481,7.299076163,176.5268267,152,2.342857142857143,2.342857142857143,1.0,1.236842080851801,153.52646648557322,22.172173581902744,1,0,0,0,0,0,0.7990761629999996,0,0,0,0,0.638522714274802,598.524245366,255.46766570499997,1918.231341028177,7.555392696430939,jute
61,41,35,24.97178693,79.47557931,6.842966478999998,195.7571622,137,1.4878048780487805,1.7428571428571429,1.1714285714285715,0.67153283201023,155.57913869926634,19.846472326676363,1,0,0,0,0,0,0.34296647899999844,0,0,0,0,0.11762600571765637,417.4209552189999,280.56162563899994,1918.231341028177,7.555392696430939,jute
99,57,38,24.80624984,82.09281674,6.356295567999999,156.3616174,194,1.736842105263158,2.6052631578947367,1.5,1.0618556536826447,128.36165602388198,20.364149221217744,1,0,0,0,0,0,0.14370443200000071,1,0,0,0,0.020650963776442828,629.273261232,362.30884737599996,1918.231341028177,7.555392696430939,jute
70,42,43,23.16814977,76.66724969,6.508342839,157.1215052,155,1.6666666666666667,1.627906976744186,0.9767441860465116,0.709677405619147,120.46073670837035,17.76238323271906,1,0,0,0,0,0,0.00834283899999999,0,0,0,0,6.960296257992084e-05,455.58399873,273.350399238,1918.231341028177,7.555392696430939,jute
90,59,35,24.25133493,89.86454053,7.098227926,175.1742112,184,1.5254237288135593,2.5714285714285716,1.6857142857142857,0.9347825934546317,157.4195000219318,21.7933507072359,1,0,0,0,0,0,0.5982279259999999,0,0,0,0,0.3578766514462613,638.84051334,418.79544763399997,1918.231341028177,7.555392696430939,jute
73,43,42,26.58361011,78.00774772,6.310699968,154.8238864,158,1.697674418604651,1.7380952380952381,1.0238095238095237,0.7721518840730656,120.77462671321138,20.737275509477215,1,0,0,0,0,0,0.18930003200000023,1,0,0,0,0.03583450211520111,460.681097664,271.360098624,1918.231341028177,7.555392696430939,jute
67,46,44,26.82489244,78.20392774,7.093328631,153.91998069999997,157,1.4565217391304348,1.5227272727272727,1.0454545454545454,0.560509543429754,120.37147048404992,20.978119500110324,1,0,0,0,0,0,0.5933286310000003,0,0,0,0,0.35203886436433457,475.253018277,326.293117026,1918.231341028177,7.555392696430939,jute
84,37,42,25.49674786,81.13449097,6.691074249,169.92882340000003,163,2.27027027027027,2.0,0.8809523809523809,1.09202451977869,137.87088587690027,20.68665659011537,1,0,0,0,0,0,0.1910742489999997,0,0,0,0,0.036509368630913884,562.050236916,247.569747213,1918.231341028177,7.555392696430939,jute
72,41,36,24.09874353,80.57226761,6.187746776,176.8604109,149,1.7560975609756098,2.0,1.1388888888888888,0.8993288409531106,142.5004435664936,19.41690412763916,1,0,0,0,0,0,0.312253224,1,0,0,0,0.09750207589839417,445.517767872,253.697617816,1918.231341028177,7.555392696430939,jute
71,56,37,23.18866654,86.20899734,6.491506245,176.103677,164,1.2678571428571428,1.9189189189189189,1.5135135135135136,0.6463414515913151,151.8172142205722,19.99071692065007,1,0,0,0,0,0,0.008493754999999936,1,0,0,0,7.214387400002391e-05,460.896943395,363.52434972000003,1918.231341028177,7.555392696430939,jute
64,53,38,26.24347471,78.51063754,6.855362875,183.4065252,155,1.2075471698113207,1.6842105263157894,1.394736842105263,0.5290322478251824,143.99363222448076,20.603919307469667,1,0,0,0,0,0,0.35536287499999997,0,0,0,0,0.1262827729282656,438.743224,363.334232375,1918.231341028177,7.555392696430939,jute
65,54,39,23.75091572,71.14782585,7.124571593,160.0889553,158,1.2037037037037037,1.6666666666666667,1.3846153846153846,0.5189873319179621,113.89981112192835,16.89826015424587,1,0,0,0,0,0,0.6245715929999998,0,0,0,0,0.39008967478255735,463.09715354499997,384.72686602199997,1918.231341028177,7.555392696430939,jute
60,58,37,26.13871511,79.1188943,6.067302109,171.4892533,155,1.0344827586206897,1.6216216216216217,1.5675675675675675,0.5677419244953177,135.68040105428625,20.68066237925903,1,0,0,0,0,0,0.4326978910000001,1,0,0,0,0.187227464875848,364.03812654,351.903522322,1918.231341028177,7.555392696430939,jute
86,39,43,26.14576648,71.23690851,6.432051512,193.1007598,168,2.2051282051282053,2.0,0.9069767441860465,1.0714285522959188,137.55901159084087,18.625435746595848,1,0,0,0,0,0,0.06794848799999986,1,0,0,0,0.004616997021486126,553.156430032,250.850008968,1918.231341028177,7.555392696430939,jute
90,50,44,26.91643698,73.48655995,6.253408852000001,171.4716375,184,1.8,2.0454545454545454,1.1363636363636365,0.9347825934546317,126.00860768868418,19.779963597711667,1,0,0,0,0,0,0.24659114799999937,1,0,0,0,0.0608071942719576,562.80679668,312.67044260000006,1918.231341028177,7.555392696430939,jute
91,38,36,26.5232969,77.17331847,7.287318722999999,157.8548562,165,2.3947368421052633,2.5277777777777777,1.0555555555555556,1.3090908852892567,121.82183089558653,20.468908385380637,1,0,0,0,0,0,0.7873187229999994,0,0,0,0,0.6198707715863497,663.146003793,276.918111474,1918.231341028177,7.555392696430939,jute
87,48,38,23.81579631,80.94023552,7.161865733,190.312216,173,1.8125,2.289473684210526,1.263157894736842,1.0173410228206758,154.03915585373113,19.27656162427747,1,0,0,0,0,0,0.661865733,0,0,0,0,0.4380662485196272,623.082318771,343.769555184,1918.231341028177,7.555392696430939,jute
72,41,36,26.50838667,86.84264005,6.065898282999999,152.9801697,149,1.7560975609756098,2.0,1.1388888888888888,0.8993288409531106,132.85201812045017,23.02058281889028,1,0,0,0,0,0,0.4341017170000008,1,0,0,0,0.18844430070234877,436.7446763759999,248.70182960299996,1918.231341028177,7.555392696430939,jute
71,54,35,26.63952463,70.95705996,7.311077075,199.3355744,160,1.3148148148148149,2.0285714285714285,1.542857142857143,0.6874999871093752,141.4426630486184,18.902623464768066,1,0,0,0,0,0,0.811077075,0,0,0,0,0.6578460215905557,519.086472325,394.79816205,1918.231341028177,7.555392696430939,jute
82,46,41,23.325013100000003,79.79609448,6.581693772,187.3096148,169,1.7826086956521738,2.0,1.1219512195121952,0.911242587374392,149.46575719593204,18.61244949074838,1,0,0,0,0,0,0.08169377200000039,0,0,0,0,0.006673872383588047,539.698889304,302.757913512,1918.231341028177,7.555392696430939,jute
71,52,43,26.47549543,73.96164569,6.732826127,180.2513601,166,1.3653846153846154,1.6511627906976745,1.2093023255813953,0.5662650500072581,133.31687230856804,19.581712124608742,1,0,0,0,0,0,0.23282612700000005,0,0,0,0,0.054208005413820155,478.030655017,350.106958604,1918.231341028177,7.555392696430939,jute
80,43,43,23.78756036,74.36794079,6.014572075,172.64426540000005,166,1.8604651162790697,1.8604651162790697,1.0,0.891566248947598,128.3919850700025,17.690318803910312,1,0,0,0,0,0,0.48542792499999976,1,0,0,0,0.2356402703698054,481.165766,258.626599225,1918.231341028177,7.555392696430939,jute
77,55,43,25.49941707,75.99987588,6.663559451,193.71418280000003,175,1.4,1.7906976744186047,1.2790697674418605,0.6399999890285717,147.22253848995632,19.379525323323534,1,0,0,0,0,0,0.16355945100000024,0,0,0,0,0.02675169401142148,513.094077727,366.495769805,1918.231341028177,7.555392696430939,jute
95,57,41,23.24925555,73.65346838,6.434610995,184.7674863,193,1.6666666666666667,2.317073170731707,1.3902439024390243,0.9533678608284789,136.08766209849134,17.123883085104648,1,0,0,0,0,0,0.06538900500000011,1,0,0,0,0.00427572197489004,611.288044525,366.772826715,1918.231341028177,7.555392696430939,jute
63,47,35,26.98582182,89.05587886,7.432768147000001,193.8778713,145,1.3404255319148937,1.8,1.3428571428571427,0.6068965391676578,172.65964220127472,24.03246078939465,1,0,0,0,0,0,0.9327681470000009,0,0,0,0,0.8700564160578153,468.26439326100007,349.34010290900005,1918.231341028177,7.555392696430939,jute
93,43,38,23.61475336,86.14290267,6.987332927000001,150.2355238,174,2.1627906976744184,2.4473684210526314,1.131578947368421,1.206896530915577,129.41724104279868,20.342434002665357,1,0,0,0,0,0,0.48733292700000064,0,0,0,0,0.23749338173838794,649.821962211,300.45531586100003,1918.231341028177,7.555392696430939,jute
87,44,43,23.87484465,86.79261344,6.718725189,177.5147313,174,1.9772727272727273,2.0232558139534884,1.0232558139534884,0.999999982758621,154.06967453626368,20.72160162647502,1,0,0,0,0,0,0.2187251889999997,0,0,0,0,0.047840708303085594,584.529091443,295.623908316,1918.231341028177,7.555392696430939,jute
88,52,39,23.92887902,88.07112278,6.880204617,154.6608736,179,1.6923076923076923,2.2564102564102564,1.3333333333333333,0.9497206544739556,136.2115678808766,21.07443242158186,1,0,0,0,0,0,0.3802046170000004,0,0,0,0,0.144555550788117,605.458006296,357.77064008400004,1918.231341028177,7.555392696430939,jute
90,39,37,24.81441246,81.68688879,6.86106911,190.7886386,166,2.3076923076923075,2.4324324324324325,1.054054054054054,1.2530120255479755,155.84930303713702,20.270121510092103,1,0,0,0,0,0,0.36106910999999986,0,0,0,0,0.130370902196192,617.4962199,267.58169528999997,1918.231341028177,7.555392696430939,jute
90,39,43,24.44743944,82.286484,6.7693455,190.9684885,172,2.3076923076923075,2.0930232558139537,0.9069767441860465,1.1395348638453222,157.14125473459436,20.11693834320529,1,0,0,0,0,0,0.2693455,0,0,0,0,0.07254699837025001,609.241095,264.0044745,1918.231341028177,7.555392696430939,jute
84,38,43,26.57421679,73.81994896,7.26158085,159.3223075,165,2.210526315789474,1.9534883720930232,0.8837209302325582,1.0545454353719013,117.61164607839426,19.61707327089775,1,0,0,0,0,0,0.7615808499999996,0,0,0,0,0.580005391086722,609.9727914,275.9400723,1918.231341028177,7.555392696430939,jute
91,21,26,26.33377983,57.36469955,7.261313694,191.6549412,138,4.333333333333333,3.5,0.8076923076923077,1.9565216965973544,109.94228119210916,15.106293679638,1,0,0,0,0,0,0.761313694,0,0,0,0,0.5795985406719257,660.7795461540001,152.487587574,1718.1297051428573,7.555392696430939,coffee
107,21,26,26.45288458,55.32222678,7.235070264,144.68613359999995,154,5.095238095238095,4.115384615384615,0.8076923076923077,2.168831126581212,80.04359094940575,14.634324797199252,1,0,0,0,0,0,0.735070264,0,0,0,0,0.5403282930170297,774.152518248,151.936475544,1718.1297051428573,7.555392696430939,coffee
83,38,35,25.70822684,52.88667115,7.18915558,136.73250919999998,156,2.1842105263157894,2.3714285714285714,1.0857142857142856,1.1923076693786987,72.31327249574748,13.596225387366836,1,0,0,0,0,0,0.6891555800000004,0,0,0,0,0.474935413445137,596.69991314,273.18791204,1718.1297051428573,7.555392696430939,coffee
108,24,31,24.12832546,56.18107663,6.431899747999999,147.27578180000003,163,4.5,3.4838709677419355,0.7741935483870968,1.9754600863412255,82.74111983048962,13.5555530162184,1,0,0,0,0,0,0.0681002520000007,1,0,0,0,0.004637644322463598,694.6451727839999,154.36559395199998,1718.1297051428573,7.555392696430939,coffee
116,28,34,23.44372334,60.39523266,6.42321105,122.2103248,178,4.142857142857143,3.411764705882353,0.8235294117647058,1.9101123273576575,73.80920999750167,14.158891255359721,1,0,0,0,0,0,0.07678895000000008,1,0,0,0,0.005896542842102512,745.0924818,179.8499094,1718.1297051428573,7.555392696430939,coffee
116,23,25,23.4123707,52.26994674,6.869720196,139.3670753,164,5.043478260869565,4.64,0.92,2.2439023979773953,72.84709603240572,12.237633695461367,1,0,0,0,0,0,0.3697201960000003,0,0,0,0,0.13669302333027863,796.887542736,158.003564508,1718.1297051428573,7.555392696430939,coffee
109,31,27,23.05951896,50.40609436,6.973839707000001,164.4971875,167,3.5161290322580645,4.037037037037037,1.1481481481481481,1.9161676302484856,82.91660755079612,11.62340288593969,1,0,0,0,0,0,0.47383970700000067,0,0,0,0,0.22452406792984647,760.1485280630001,216.18903091700003,1718.1297051428573,7.555392696430939,coffee
89,25,34,23.07895447,63.65861483,7.184801627000001,129.8765443,148,3.56,2.6176470588235294,0.7352941176470589,1.608108075511323,82.67760909045131,14.691742732848367,1,0,0,0,0,0,0.6848016270000006,0,0,0,0,0.4689532683418479,639.4473448030001,179.620040675,1718.1297051428573,7.555392696430939,coffee
118,18,32,27.6496114,51.11044023,6.351823783,122.8392822,168,6.555555555555555,3.6875,0.5625,2.214285674744899,62.783697907792025,14.131838108424267,1,0,0,0,0,0,0.1481762169999996,1,0,0,0,0.021956191284430975,749.5152063940001,114.332828094,1718.1297051428573,7.555392696430939,coffee
111,32,34,25.46743689,69.35161206,6.392048018,171.37644619999998,177,3.46875,3.264705882352941,0.9411764705882353,1.7627118345303079,118.85232813083857,17.662078033578126,1,0,0,0,0,0,0.10795198200000033,1,0,0,0,0.011653630417728397,709.5173299979999,204.545536576,1718.1297051428573,7.555392696430939,coffee
84,36,28,26.7350622,55.55164819,6.119892347,140.63052130000003,148,2.3333333333333335,3.0,1.2857142857142858,1.4054053769174588,78.12257244033903,14.851767696721677,1,0,0,0,0,0,0.3801076529999996,1,0,0,0,0.1444818278691681,514.070957148,220.31612449200003,1718.1297051428573,7.555392696430939,coffee
85,33,25,26.20811417,52.50987966,6.910823945,189.0944824,143,2.5757575757575757,3.4,1.32,1.5664335335713244,99.29328515193988,13.76184921182241,1,0,0,0,0,0,0.41082394499999975,0,0,0,0,0.1687763137853628,587.420035325,228.057190185,1718.1297051428573,7.555392696430939,coffee
99,15,27,27.0424167,57.27927475,6.501157208,165.6872119,141,6.6,3.6666666666666665,0.5555555555555556,2.212765910366683,94.90443332981569,15.489700160632882,1,0,0,0,0,0,0.0011572080000004092,0,0,0,0,1.3391303552649472e-06,643.6145635920001,97.51735812000001,1718.1297051428573,7.555392696430939,coffee
81,30,31,24.65090184,51.93952357,7.027585558999999,135.1386537,142,2.7,2.6129032258064515,0.967741935483871,1.4225351812140457,70.19037289069217,12.803560971404364,1,0,0,0,0,0,0.5275855589999994,0,0,0,0,0.27834652206534183,569.234430279,210.82756676999998,1718.1297051428573,7.555392696430939,coffee
95,39,29,27.35152643,55.99375012,7.13411409,148.98125249999995,163,2.4358974358974357,3.2758620689655173,1.3448275862068966,1.4969324877865189,83.42019025049622,15.315145363219955,1,0,0,0,0,0,0.6341140899999997,0,0,0,0,0.40210067913652775,677.7408385499999,278.23044950999997,1718.1297051428573,7.555392696430939,coffee
81,34,30,25.17787724,62.26244581,6.6477659970000005,135.0119649,145,2.3823529411764706,2.7,1.1333333333333333,1.351724109964329,84.06175148287873,15.676362172663325,1,0,0,0,0,0,0.14776599700000048,0,0,0,0,0.021834789869404153,538.469045757,226.024043898,1718.1297051428573,7.555392696430939,coffee
80,15,28,23.11438731,68.00096043,6.703270635,161.8944624,123,5.333333333333333,2.857142857142857,0.5357142857142857,1.9024389779892934,110.08978931498524,15.718005368310044,1,0,0,0,0,0,0.20327063499999998,0,0,0,0,0.041318951053303216,536.2616508,100.549059525,1718.1297051428573,7.555392696430939,coffee
104,20,26,27.22783677,52.95261751,7.493191968,175.7260273,150,5.2,4.0,0.7692307692307693,2.159999956800001,93.05153110168717,14.417852261065239,1,0,0,0,0,0,0.9931919679999996,0,0,0,0,0.9864302852997123,779.291964672,149.86383936,1718.1297051428573,7.555392696430939,coffee
109,29,28,23.26316991,60.51600210000001,6.724688502999999,194.1755471,166,3.7586206896551726,3.892857142857143,1.0357142857142858,1.939759001088693,117.5072781607225,14.07794039126217,1,0,0,0,0,0,0.22468850299999943,0,0,0,0,0.050484923380380756,732.991046827,195.01596658699998,1718.1297051428573,7.555392696430939,coffee
100,32,26,25.234661,57.53161469,6.043485685,124.2261737,158,3.125,3.8461538461538463,1.2307692307692308,1.7974683203012345,71.46932359721411,14.5179079348477,1,0,0,0,0,0,0.4565143149999997,1,0,0,0,0.20840531979991897,604.3485685,193.39154192,1718.1297051428573,7.555392696430939,coffee
100,24,28,25.59535262,57.72920846,7.101661011,195.7733251,152,4.166666666666667,3.5714285714285716,0.8571428571428571,1.9473683826177293,113.0183909560525,14.775994470071872,1,0,0,0,0,0,0.601661011,0,0,0,0,0.36199597215754215,710.1661011,170.439864264,1718.1297051428573,7.555392696430939,coffee
83,21,28,25.5674832,60.49244602,7.466900682999999,190.2257843,132,3.9523809523809526,2.9642857142857144,0.75,1.7727272324380174,115.07222988379912,15.46639597343257,1,0,0,0,0,0,0.9669006829999987,0,0,0,0,0.9348969307858639,619.7527566889999,156.80491434299998,1718.1297051428573,7.555392696430939,coffee
120,23,28,25.67324193,51.29043632,6.877799264,196.2736367,171,5.217391304347826,4.285714285714286,0.8214285714285714,2.210526277008311,100.66960464456164,13.167917803386189,1,0,0,0,0,0,0.3777992640000001,0,0,0,0,0.14273228387894177,825.33591168,158.189383072,1718.1297051428573,7.555392696430939,coffee
104,26,30,24.40726724,62.65692638,6.410992833,148.6977358,160,4.0,3.466666666666667,0.8666666666666667,1.899999964375001,93.1694308489329,15.292843465936658,1,0,0,0,0,0,0.08900716700000011,1,0,0,0,0.007922275777365909,666.743254632,166.685813658,1718.1297051428573,7.555392696430939,coffee
108,33,31,23.69287069,66.76090123,7.393825704,144.6576424,172,3.272727272727273,3.4838709677419355,1.064516129032258,1.7674418296376426,96.57474576431059,15.81757399990252,1,0,0,0,0,0,0.8938257040000002,0,0,0,0,0.7989243891310959,798.533176032,243.996248232,1718.1297051428573,7.555392696430939,coffee
91,25,26,24.53460016,66.99765375,7.482414225,180.5059257,142,3.64,3.5,0.9615384615384616,1.8450703835548512,120.93473509871826,16.437606464143744,1,0,0,0,0,0,0.9824142250000003,0,0,0,0,0.9651377094823512,680.899694475,187.060355625,1718.1297051428573,7.555392696430939,coffee
86,26,27,27.13140403,52.89368299,6.081172981,192.4280381,139,3.3076923076923075,3.185185185185185,0.9629629629629629,1.71223017887273,101.78227645649042,14.350798838364284,1,0,0,0,0,0,0.4188270190000001,1,0,0,0,0.17541607184442642,522.980876366,158.110497506,1718.1297051428573,7.555392696430939,coffee
98,18,27,27.56088634,68.49299897,6.516312148,167.43580749999995,143,5.444444444444445,3.6296296296296298,0.6666666666666666,2.111888067582768,114.68180590638616,18.877277596979074,1,0,0,0,0,0,0.016312147999999915,0,0,0,0,0.00026608617237390124,638.598590504,117.293618664,1718.1297051428573,7.555392696430939,coffee
111,27,31,23.59302313,55.27564977,6.0433309510000015,191.3980675,169,4.111111111111111,3.5806451612903225,0.8709677419354839,1.9408283679142895,105.79652545784819,13.041196835493892,1,0,0,0,0,0,0.4566690489999985,1,0,0,0,0.20854662031456303,670.8097355610001,163.16993567700004,1718.1297051428573,7.555392696430939,coffee
84,39,35,23.17714381,52.13864034,6.959404135,117.3113562,158,2.1538461538461537,2.4,1.1142857142857143,1.1898733951289862,61.164546087094294,12.084247652180473,1,0,0,0,0,0,0.45940413499999977,0,0,0,0,0.21105215925509802,584.58994734,271.416761265,1718.1297051428573,7.555392696430939,coffee
98,27,27,24.71384065,51.29142534,7.238109556,197.6439711,152,3.6296296296296298,3.6296296296296298,1.0,1.8684210157548484,101.37440987576768,12.676081125641323,1,0,0,0,0,0,0.7381095560000004,0,0,0,0,0.5448057166585177,709.3347364880001,195.428958012,1718.1297051428573,7.555392696430939,coffee
118,21,34,24.38534644,64.72543073,7.234258375,119.6324109,173,5.619047619047619,3.4705882352941178,0.6176470588235294,2.092485512847072,77.43259324770847,15.78352051829272,1,0,0,0,0,0,0.7342583749999996,0,0,0,0,0.5391353612576401,853.6424882499999,151.919425875,1718.1297051428573,7.555392696430939,coffee
103,27,31,27.15998538,51.59100753,6.691541233,126.1752206,161,3.814814814814815,3.3225806451612905,0.8709677419354839,1.8385092825122493,65.0950675607401,14.012110102542698,1,0,0,0,0,0,0.1915412329999997,0,0,0,0,0.03668804393916018,689.228746999,180.671613291,1718.1297051428573,7.555392696430939,coffee
82,24,33,26.53543168,67.09608099,6.809593554,120.6494434,139,3.4166666666666665,2.484848484848485,0.7272727272727273,1.539568312095648,80.95104825764821,17.80423473105892,1,0,0,0,0,0,0.3095935540000001,0,0,0,0,0.09584816867835098,558.386671428,163.430245296,1718.1297051428573,7.555392696430939,coffee
86,31,35,27.01207284,60.76645256,6.485761419,191.4508931,152,2.774193548387097,2.4571428571428573,0.8857142857142857,1.3947368145775627,116.33791613130781,16.414278427791242,1,0,0,0,0,0,0.014238580999999861,1,0,0,0,0.00020273718889355705,557.775482034,201.058603989,1718.1297051428573,7.555392696430939,coffee
88,35,35,27.55906475,58.45742907,6.784460602,117.9389993,158,2.5142857142857142,2.5142857142857142,1.0,1.3417721264220481,68.9441068616653,16.110320728586622,1,0,0,0,0,0,0.28446060200000023,0,0,0,0,0.08091783409020253,597.032532976,237.45612107,1718.1297051428573,7.555392696430939,coffee
84,27,29,23.32293161,53.00366334,7.167092586,168.26442869999997,140,3.111111111111111,2.896551724137931,0.9310344827586207,1.5999999657142865,89.18631130912233,12.362008151582843,1,0,0,0,0,0,0.6670925859999999,0,0,0,0,0.4450125182961672,602.035777224,193.511499822,1718.1297051428573,7.555392696430939,coffee
120,40,33,24.23850608,54.30329632,6.73410539,115.1564012,193,3.0,3.6363636363636362,1.2121212121212122,1.730569921286478,62.53372177508405,13.162307780163617,1,0,0,0,0,0,0.23410538999999986,0,0,0,0,0.05480533362705203,808.0926468,269.36421559999997,1718.1297051428573,7.555392696430939,coffee
106,40,30,23.42611644,64.10651528,6.779984384,122.6847408,176,2.65,3.533333333333333,1.3333333333333333,1.6136363361311987,78.6489121071804,15.017666915119193,1,0,0,0,0,0,0.2799843839999996,0,0,0,0,0.07839125528385922,718.678344704,271.19937536,1718.1297051428573,7.555392696430939,coffee
113,21,33,26.02241444,55.83288958,7.277422737999999,176.90209240000004,167,5.380952380952381,3.4242424242424243,0.6363636363636364,2.0598802025171223,98.7695499144016,14.529065920335174,1,0,0,0,0,0,0.7774227379999994,0,0,0,0,0.6043861135594157,822.348769394,152.82587749799998,1718.1297051428573,7.555392696430939,coffee
117,34,25,24.83846178,56.7685316,7.21270048,124.4135035,176,3.4411764705882355,4.68,1.36,1.9886363297391534,70.62771904906461,14.100430024533223,1,0,0,0,0,0,0.7127004799999996,0,0,0,0,0.5079419741922299,843.88595616,245.23181631999998,1718.1297051428573,7.555392696430939,coffee
80,30,25,26.24092174,65.64381357,7.487266991,148.37712019999995,135,2.6666666666666665,3.2,1.2,1.5555555209876553,97.4004001646228,17.225541746055203,1,0,0,0,0,0,0.9872669910000003,0,0,0,0,0.9746961115181946,598.98135928,224.61800973,1718.1297051428573,7.555392696430939,coffee
88,21,27,24.43011925,66.02411187,7.231166546,181.6368274,136,4.190476190476191,3.259259259259259,0.7777777777777778,1.8823528996539804,119.92410211969481,16.129769263594405,1,0,0,0,0,0,0.7311665459999999,0,0,0,0,0.5346045179895699,636.342656048,151.854497466,1718.1297051428573,7.555392696430939,coffee
113,33,34,26.00373964,62.144510200000006,6.559817161000002,153.477776,180,3.4242424242424243,3.323529411764706,0.9705882352941176,1.7666666372222228,95.37801216105316,16.159896632961242,1,0,0,0,0,0,0.05981716100000156,0,0,0,0,0.003578092750100108,741.2593391930002,216.47396631300006,1718.1297051428573,7.555392696430939,coffee
87,23,28,26.22367404,62.26594559,6.979590627,193.7461968,138,3.782608695652174,3.107142857142857,0.8214285714285714,1.7826086568998118,120.63790148218233,16.328418609445354,1,0,0,0,0,0,0.4795906270000003,0,0,0,0,0.23000716950625344,607.224384549,160.53058442100001,1718.1297051428573,7.555392696430939,coffee
113,15,29,27.09617155,63.55324262,6.779230041,190.2440566,157,7.533333333333333,3.896551724137931,0.5172413793103449,2.318471293277619,120.9062668611281,17.220495645902915,1,0,0,0,0,0,0.27923004099999993,0,0,0,0,0.07796941579686165,766.052994633,101.688450615,1718.1297051428573,7.555392696430939,coffee
98,29,30,25.64004392,61.03273481,6.217974349,199.4735636,157,3.3793103448275863,3.2666666666666666,0.9666666666666667,1.7452228965880976,121.7441710880447,15.648820010861128,1,0,0,0,0,0,0.28202565099999966,1,0,0,0,0.0795384678219736,609.361486202,180.321256121,1718.1297051428573,7.555392696430939,coffee
97,29,27,27.74576987,54.36976075,7.205078785,139.8619431,153,3.3448275862068964,3.5925925925925926,1.0740740740740742,1.8039215332564407,76.04260384377112,15.085308696564585,1,0,0,0,0,0,0.7050787850000004,0,0,0,0,0.49713609305707684,698.8926421450001,208.947284765,1718.1297051428573,7.555392696430939,coffee
85,35,32,26.24928198,54.28617819,6.854011265,133.1120232,152,2.4285714285714284,2.65625,1.09375,1.3552631311461223,72.26143010666614,14.24973198925836,1,0,0,0,0,0,0.3540112649999996,0,0,0,0,0.12532397574689993,582.5909575249999,239.89039427499998,1718.1297051428573,7.555392696430939,coffee
82,29,35,26.67377159,52.24226285,6.246872394,156.15438980000005,146,2.8275862068965516,2.342857142857143,0.8285714285714286,1.3698629855507605,81.57858677112961,13.934981866056425,1,0,0,0,0,0,0.2531276059999996,1,0,0,0,0.06407358491929104,512.243536308,181.15929942600002,1718.1297051428573,7.555392696430939,coffee
103,33,25,27.10210397,55.74973320000001,6.911066044,139.5013171,161,3.121212121212121,4.12,1.32,1.8385092825122493,77.77161209373598,15.109350654861611,1,0,0,0,0,0,0.411066044,0,0,0,0,0.16897529252980995,711.839802532,228.065179452,1718.1297051428573,7.555392696430939,coffee
112,17,28,27.62975458,61.26002598,6.777417989,196.6492664,157,6.588235294117647,4.0,0.6071428571428571,2.2802547334983174,120.4673916861194,16.92599483391824,1,0,0,0,0,0,0.2774179889999999,0,0,0,0,0.07696074062080407,759.070814768,115.216105813,1718.1297051428573,7.555392696430939,coffee
99,19,33,27.536454700000004,55.51673151,6.273741983,130.6377143,151,5.2105263157894735,3.0,0.5757575757575758,1.9337747960177194,72.52578909873186,15.287339623171777,1,0,0,0,0,0,0.22625801700000014,1,0,0,0,0.05119269025677235,621.100456317,119.20109767699999,1718.1297051428573,7.555392696430939,coffee
120,20,34,23.56960509,50.56339727,6.906124587000001,130.3797119,174,6.0,3.5294117647058822,0.5882352941176471,2.1379309976218797,65.92441168747845,11.91759305662684,1,0,0,0,0,0,0.40612458700000076,0,0,0,0,0.16493718016592118,828.7349504400001,138.12249174000002,1718.1297051428573,7.555392696430939,coffee
114,27,28,24.99451759,57.93250202,7.162802357,192.8736822,169,4.222222222222222,4.071428571428571,0.9642857142857143,2.0473372417632443,111.73654983656337,14.479949407716006,1,0,0,0,0,0,0.6628023570000003,0,0,0,0,0.4393069644447559,816.559468698,193.39566363900002,1718.1297051428573,7.555392696430939,coffee
100,40,35,27.56441788,54.41094079,6.9557873510000015,177.816092,175,2.5,2.857142857142857,1.1428571428571428,1.4285714040816333,96.75140853321192,14.998059091794973,1,0,0,0,0,0,0.45578735100000145,0,0,0,0,0.20774210933159853,695.5787351000001,278.23149404000003,1718.1297051428573,7.555392696430939,coffee
108,35,25,23.98143338,61.10935084,6.971963169,161.5279095,168,3.085714285714286,4.32,1.4,1.8571428239795924,98.70865692087268,14.65489826064507,1,0,0,0,0,0,0.47196316900000035,0,0,0,0,0.22274923289252288,752.972022252,244.018710915,1718.1297051428573,7.555392696430939,coffee
115,31,30,24.22984659,67.37768353,6.840927967000001,122.4073418,176,3.7096774193548385,3.8333333333333335,1.0333333333333334,1.9204545127195254,82.4752313754894,16.3255093552147,1,0,0,0,0,0,0.3409279670000007,0,0,0,0,0.11623187868275359,786.7067162050001,212.06876697700002,1718.1297051428573,7.555392696430939,coffee
87,28,30,25.60153969,68.66257977,6.536676653,168.8383605,145,3.107142857142857,2.9,0.9333333333333333,1.5999999668965526,115.92877396067266,17.57867761199446,1,0,0,0,0,0,0.03667665299999978,0,0,0,0,0.001345176875282393,568.690868811,183.026946284,1718.1297051428573,7.555392696430939,coffee
82,24,26,24.31274458,53.57285558,6.089443602999999,184.4103931,132,3.4166666666666665,3.1538461538461537,0.9230769230769231,1.72727268801653,98.79391356997328,13.025031541377677,1,0,0,0,0,0,0.4105563970000006,1,0,0,0,0.16855655511762208,499.33437544599997,146.146646472,1718.1297051428573,7.555392696430939,coffee
94,26,27,26.36629861,52.25738495,7.456460375,177.31761609999995,147,3.6153846153846154,3.4814814814814814,0.9629629629629629,1.8367346563931704,92.66154922954017,13.778338161694203,1,0,0,0,0,0,0.9564603749999998,0,0,0,0,0.9148164489451402,700.90727525,193.86796975,1718.1297051428573,7.555392696430939,coffee
87,28,35,26.5602777,57.1621814,6.759211911,152.0616227,150,3.107142857142857,2.4857142857142858,0.8,1.4799999704000006,86.92174060755757,15.182434119217747,1,0,0,0,0,0,0.2592119110000004,0,0,0,0,0.06719081480427214,588.0514362570001,189.257933508,1718.1297051428573,7.555392696430939,coffee
118,40,35,26.35034208,58.50650238,7.460174812000001,121.5586297,193,2.95,3.3714285714285714,1.1428571428571428,1.6683937564498381,71.11970257852589,15.416663516173342,1,0,0,0,0,0,0.9601748120000009,0,0,0,0,0.921935669599237,880.3006278160001,298.40699248000004,1718.1297051428573,7.555392696430939,coffee
87,38,29,25.20406808,57.88370456,6.652642579,156.1457255,154,2.289473684210526,3.0,1.3103448275862069,1.389610362540058,90.38293043148857,14.589048304528463,1,0,0,0,0,0,0.1526425790000001,0,0,0,0,0.023299756923771276,578.779904373,252.80041800200001,1718.1297051428573,7.555392696430939,coffee
92,40,30,23.35723208,55.18792166,6.026287448,171.6976946,162,2.3,3.066666666666667,1.3333333333333333,1.4074073813443078,94.75638918787406,12.890370942254789,1,0,0,0,0,0,0.4737125520000003,1,0,0,0,0.22440358192235296,554.418445216,241.05149791999997,1718.1297051428573,7.555392696430939,coffee
97,22,26,23.60567546,59.68849145,6.074190142000001,185.1568059,145,4.409090909090909,3.730769230769231,0.8461538461538461,2.013793061783592,110.5173042587146,14.08987157865685,1,0,0,0,0,0,0.42580985799999915,1,0,0,0,0.18131403516997943,589.196443774,133.63218312400002,1718.1297051428573,7.555392696430939,coffee
99,40,32,24.18471151,69.94807345,7.0455430560000005,163.27087319999995,171,2.475,3.09375,1.25,1.4736841846722073,114.20483030839232,16.916739770685403,1,0,0,0,0,0,0.5455430560000005,0,0,0,0,0.2976172259498197,697.5087625440001,281.82172224000004,1718.1297051428573,7.555392696430939,coffee
89,28,33,26.44414097,53.83876189,6.9932360010000005,175.3723314,150,3.1785714285714284,2.696969696969697,0.8484848484848485,1.5599999688000008,94.4182919233877,14.237198090694235,1,0,0,0,0,0,0.49323600100000053,0,0,0,0,0.24328175268247254,622.3980040890001,195.81060802800002,1718.1297051428573,7.555392696430939,coffee
112,39,29,26.12492233,63.37479229,6.726528895,147.8035305,180,2.871794871794872,3.8620689655172415,1.3448275862068966,1.733333304444445,93.6701804516618,16.55661526256133,1,0,0,0,0,0,0.2265288950000004,0,0,0,0,0.051315340269921204,753.37123624,262.334626905,1718.1297051428573,7.555392696430939,coffee
111,28,26,27.77363343,64.47858698,6.937352845,192.7121236,165,3.9642857142857144,4.269230769230769,1.0769230769230769,2.0363635993388436,124.25805423643114,17.90804638866891,1,0,0,0,0,0,0.4373528450000004,0,0,0,0,0.19127751102959437,770.0461657950001,194.24587966,1718.1297051428573,7.555392696430939,coffee
114,20,26,25.55656667,62.67087838,7.27905689,193.5866233,160,5.7,4.384615384615385,0.7692307692307693,2.274999957343751,121.32243724829173,16.016524815859313,1,0,0,0,0,0,0.7790568899999997,0,0,0,0,0.6069296378564716,829.81248546,145.5811378,1718.1297051428573,7.555392696430939,coffee
117,26,30,27.92374437,67.96910852,7.079850922,115.2325531,173,4.5,3.9,0.8666666666666667,2.05780343252364,78.32253906690563,18.979520113692693,1,0,0,0,0,0,0.5798509220000003,0,0,0,0,0.3362270917442505,828.342557874,184.076123972,1718.1297051428573,7.555392696430939,coffee
111,29,31,26.05968403,52.31098539,6.136286518,161.3432535,171,3.8275862068965516,3.5806451612903225,0.9354838709677419,1.8947368088642667,84.40024576613565,13.632077505613463,1,0,0,0,0,0,0.36371348199999964,1,0,0,0,0.13228749698856407,681.127803498,177.952309022,1718.1297051428573,7.555392696430939,coffee
119,30,28,26.35770906,64.57578034,6.5052036960000015,163.62694960000005,177,3.966666666666667,4.25,1.0714285714285714,2.033898270611894,105.66337955073854,17.02069630524188,1,0,0,0,0,0,0.005203696000001479,0,0,0,0,2.707845206043139e-05,774.1192398240001,195.15611088000006,1718.1297051428573,7.555392696430939,coffee
116,40,33,24.91370487,54.15319242,7.042089492000001,129.5481144,189,2.9,3.515151515151515,1.2121212121212122,1.682539655832704,70.15443966751374,13.491566537202013,1,0,0,0,0,0,0.5420894920000006,0,0,0,0,0.2938610173368187,816.882381072,281.68357968000004,1718.1297051428573,7.555392696430939,coffee
95,37,35,27.31317116,68.42333909999999,6.348337518999998,192.4288139,167,2.5675675675675675,2.7142857142857144,1.0571428571428572,1.4131736273082582,131.6662198609049,18.6885837217702,1,0,0,0,0,0,0.15166248100000157,1,0,0,0,0.023001508143075836,603.0920643049999,234.88848820299995,1718.1297051428573,7.555392696430939,coffee
86,40,33,26.1387869,52.26311691,7.432322234,136.3027766,159,2.15,2.606060606060606,1.2121212121212122,1.245282995372019,71.23607948603411,13.660944756402763,1,0,0,0,0,0,0.9323222339999999,0,0,0,0,0.8692247480107506,639.179712124,297.29288936,1718.1297051428573,7.555392696430939,coffee
117,37,32,23.1069385,67.06230539,6.787658922,162.57696059999995,186,3.1621621621621623,3.65625,1.15625,1.7741935197710723,109.02785781135196,15.496045663149486,1,0,0,0,0,0,0.2876589220000003,0,0,0,0,0.08274765540620227,794.156093874,251.14338011400002,1718.1297051428573,7.555392696430939,coffee
105,18,35,23.52648086,68.44030686,6.743417121,171.8839938,158,5.833333333333333,3.0,0.5142857142857142,1.987341734417562,117.6379327999434,16.101595693943167,1,0,0,0,0,0,0.24341712100000024,0,0,0,0,0.05925189479592875,708.0587977050001,121.381508178,1718.1297051428573,7.555392696430939,coffee
109,23,25,25.11711046,68.48030408,7.00733163,194.8773479,157,4.739130434782608,4.36,0.92,2.1656050541604133,133.45260042495948,17.200273619117485,1,0,0,0,0,0,0.5073316300000004,0,0,0,0,0.2573853827984573,763.79914767,161.16862749,1718.1297051428573,7.555392696430939,coffee
80,18,31,24.02952505,58.84880599,7.303033217,134.6803969,129,4.444444444444445,2.5806451612903225,0.5806451612903226,1.7209301925365073,79.25780547824297,14.14108857699295,1,0,0,0,0,0,0.8030332170000003,0,0,0,0,0.6448623476053695,584.2426573600001,131.454597906,1718.1297051428573,7.555392696430939,coffee
101,31,26,26.70897548,69.71184111,6.861235184,158.86088869999998,158,3.2580645161290325,3.8846153846153846,1.1923076923076923,1.8354430031245,110.74485031647792,18.619318548726458,1,0,0,0,0,0,0.3612351839999999,0,0,0,0,0.13049085815951378,692.984753584,212.698290704,1718.1297051428573,7.555392696430939,coffee
103,33,33,26.71717393,50.50148528,7.131435858,126.8073984,169,3.121212121212121,3.121212121212121,1.0,1.6568047043170764,64.03961963692696,13.492569659490949,1,0,0,0,0,0,0.6314358579999997,0,0,0,0,0.39871124276819575,734.537893374,235.337383314,1718.1297051428573,7.555392696430939,coffee
93,26,27,24.59245684,56.46829641,7.288211994,137.70440469999997,146,3.576923076923077,3.4444444444444446,0.9629629629629629,1.8219177707825116,77.75933141562194,13.88694142291252,1,0,0,0,0,0,0.7882119940000001,0,0,0,0,0.6212781474854562,677.803715442,189.493511844,1718.1297051428573,7.555392696430939,coffee
104,35,28,27.51006055,50.66687215,6.983732393,143.9955548,167,2.9714285714285715,3.7142857142857144,1.25,1.73652691491269,72.95804365219921,13.938487207256088,1,0,0,0,0,0,0.48373239300000037,0,0,0,0,0.2339970280375068,726.308168872,244.430633755,1718.1297051428573,7.555392696430939,coffee
116,36,25,27.57847581,58.52534263,6.172090205,156.6810374,177,3.2222222222222223,4.64,1.44,1.932203357081299,91.69811397458845,16.140397459934167,1,0,0,0,0,0,0.32790979500000006,1,0,0,0,0.10752483365694207,715.96246378,222.19524738,1718.1297051428573,7.555392696430939,coffee
107,38,29,26.65069302,57.56695719,6.35118177,145.105065,174,2.8157894736842106,3.689655172413793,1.3103448275862069,1.6896551432818079,83.53257064907167,15.341993041661718,1,0,0,0,0,0,0.14881822999999983,1,0,0,0,0.02214686558033285,679.57644939,241.34490726,1718.1297051428573,7.555392696430939,coffee
101,33,33,26.97251562,62.0183627,6.908671378999999,142.8610793,167,3.0606060606060606,3.0606060606060606,1.0,1.6287424857112127,88.60010231740861,16.727912566525752,1,0,0,0,0,0,0.4086713789999994,0,0,0,0,0.16701229601376114,697.775809279,227.98615550699998,1718.1297051428573,7.555392696430939,coffee
107,31,31,23.17124551,52.97841162,6.766184468,153.12016440000005,169,3.4516129032258065,3.4516129032258065,1.0,1.798816536115683,81.12063096905273,12.275757823768567,1,0,0,0,0,0,0.2661844679999996,0,0,0,0,0.07085417100444281,723.9817380759999,209.75171850799998,1718.1297051428573,7.555392696430939,coffee
99,16,30,23.52652084,65.44340921,6.392791654,186.1728203,145,6.1875,3.3,0.5333333333333333,2.096551680761,121.83784062672696,15.39655730619713,1,0,0,0,0,0,0.10720834600000018,1,0,0,0,0.011493629452055754,632.886373746,102.284666464,1718.1297051428573,7.555392696430939,coffee
103,40,30,27.30901814,55.196224,6.3483162570000005,141.48316440000005,173,2.575,3.433333333333333,1.3333333333333333,1.57225430799559,78.0933643445123,15.073546824755034,1,0,0,0,0,0,0.15168374299999954,1,0,0,0,0.02300795789048991,653.876574471,253.93265028000002,1718.1297051428573,7.555392696430939,coffee
118,31,34,27.54823036,62.88179198,6.123796057000001,181.4170812,183,3.806451612903226,3.4705882352941178,0.9117647058823529,1.8688524283794685,114.07831161637169,17.322820909146408,1,0,0,0,0,0,0.37620394299999926,1,0,0,0,0.1415294067287467,722.607934726,189.83767776700003,1718.1297051428573,7.555392696430939,coffee
106,21,35,25.627355,57.04151119,7.4285236339999985,188.5506536,162,5.0476190476190474,3.0285714285714285,0.6,1.9259258902606318,107.55214217206215,14.618230570026027,1,0,0,0,0,0,0.9285236339999985,0,0,0,0,0.8621561388965632,787.4235052039999,155.99899631399998,1718.1297051428573,7.555392696430939,coffee
116,38,34,23.29250318,50.04557009,6.020947179,183.468585,188,3.0526315789473686,3.411764705882353,1.1176470588235294,1.702127632412857,91.81789929930622,11.65686600466238,1,0,0,0,0,0,0.4790528209999998,1,0,0,0,0.22949160530805784,698.429872764,228.795992802,1718.1297051428573,7.555392696430939,coffee
97,35,26,24.91461008,53.74144743,6.334610249,166.2549307,158,2.7714285714285714,3.730769230769231,1.3461538461538463,1.683544271831438,89.34780618192343,13.38947207853268,1,0,0,0,0,0,0.1653897510000002,1,0,0,0,0.027353769735842064,614.4571941529999,221.711358715,1718.1297051428573,7.555392696430939,coffee
107,34,32,26.77463708,66.4132686,6.78006386,177.7745075,173,3.1470588235294117,3.34375,1.0625,1.7109826292893187,118.06586116830213,17.781911640615597,1,0,0,0,0,0,0.2800638600000003,0,0,0,0,0.07843576567809975,725.4668330200001,230.52217124,1718.1297051428573,7.555392696430939,coffee
99,15,27,27.41711238,56.63636248,6.086922359,127.92461000000002,141,6.6,3.6666666666666665,0.5555555555555556,2.212765910366683,72.45184582072633,15.528055149085755,1,0,0,0,0,0,0.4130776410000001,1,0,0,0,0.17063313749412498,602.605313541,91.303835385,1718.1297051428573,7.555392696430939,coffee
118,33,30,24.13179691,67.22512329,6.362607851,173.32283859999995,181,3.5757575757575757,3.933333333333333,1.1,1.9116021782607375,116.51649193857767,16.22263022483991,1,0,0,0,0,0,0.13739214900000007,1,0,0,0,0.01887660260683822,750.787726418,209.966059083,1718.1297051428573,7.555392696430939,coffee
117,32,34,26.2724184,52.12739421,6.758792552,127.1752928,183,3.65625,3.4411764705882355,0.9411764705882353,1.8360655436710567,66.29316621557774,13.695127107868574,1,0,0,0,0,0,0.25879255200000006,0,0,0,0,0.06697358497067274,790.778728584,216.281361664,1718.1297051428573,7.555392696430939,coffee
104,18,30,23.60301571,60.39647474,6.779832611000002,140.9370415,152,5.777777777777778,3.466666666666667,0.6,2.105263116343491,85.12100466885082,14.255389421168383,1,0,0,0,0,0,0.27983261100000156,0,0,0,0,0.0783062901790782,705.1025915440001,122.03698699800003,1718.1297051428573,7.555392696430939,coffee
